horizon,horizon_num,horizon_minutes,p_05,p_10,p_15,p_20,p_25,p_30,p_35,p_40,p_45,p_50,p_55,p_60,p_65,p_70,p_75,p_80,p_85,p_90,p_95,clear_sky,deterministic
2025-08-30 06:45:00+00:00,0,15,3035.607568359295,3316.709825298124,3718.6779663115344,3948.042409445828,4145.692254189706,4369.461101932014,4576.1885319830235,4839.409466068061,5026.9949230146685,5221.177118202242,5457.740911291784,5747.594167051795,5968.579011708932,6299.585831228225,6801.974166981527,7140.2078761127705,7634.3012823563395,8527.72373112523,10073.987655131623,33492.561415145734,5736.5575975376305
2025-08-30 07:00:00+00:00,1,30,3118.716058926464,3566.6643776153905,3852.608397749863,4122.604380848063,4471.5186791255965,4682.1128210043025,4981.4633027831205,5270.377068985195,5593.045808875077,5947.263731333535,6272.907748015871,6664.573735673018,7065.405899207003,7934.477494842007,8409.615459535886,9580.829940259913,10600.691938846436,11164.730027851168,12850.273014423503,38165.32870959763,7186.672330925562
2025-08-30 07:15:00+00:00,2,45,2974.578889632821,3738.2130919549686,4150.100403460613,4410.677720194351,4715.999300283834,5200.949728660011,5467.821327546092,5772.682390905586,6211.933092894288,6617.295655305263,7091.425710012309,7567.410434369937,8267.9489052154,9293.770076681834,10631.40383763851,11696.192334392232,12521.204361213853,14218.675281862093,18811.654631514677,42763.16240724483,8320.069420751655
2025-08-30 07:30:00+00:00,3,60,4322.393750127413,4917.321408195823,5346.834997169123,5941.6532794773775,6280.99920703883,6767.168356153828,7218.27854381951,7737.358591972231,8287.35492175706,8854.268099915129,9657.968485931455,10347.132726420436,11206.491946706961,11817.332081714589,12727.976062252212,13742.057365068706,14839.356983732983,16232.673991781785,23401.6373076298,47242.49317410046,10432.848483977084
2025-08-30 07:45:00+00:00,4,75,5703.286649612413,6714.767269684204,7968.329794152243,8800.32747986623,9799.138525852577,10335.759867870687,11199.11130801129,11786.792394079557,12418.066580580751,13039.17430162841,13731.070273823405,14220.418911165483,14731.406229841272,15799.689292595804,16499.319761491675,18285.982193822852,20247.250950374295,23931.00626805958,27269.828639049847,51565.4705407234,14332.531412366137
2025-08-30 08:00:00+00:00,5,90,5782.96966983261,7018.239324819616,8364.481973192125,9104.047301750801,10238.536216137129,10992.196049104516,11654.484222870877,12515.91286140762,13278.372864491123,13902.822804371055,14612.221720077609,15165.133119596097,15910.658631375984,17151.933907145754,17863.329432187413,19591.108722165478,21291.584335708605,27057.501005003196,29200.074888369018,55698.748584787296,15246.216864693666
2025-08-30 08:15:00+00:00,6,105,4747.812936987082,5887.985280032537,6659.64730631431,7526.547710171871,8456.7157567262,9130.279849807539,9969.572290178145,11102.468307310168,11735.075955354981,12496.113580963518,13361.845801975369,14695.997608105632,15540.686743404314,16262.750130056225,18097.027803067474,19258.510008921952,21435.90300524029,24346.909358769477,30206.777915628652,59612.640498785026,14501.660124049286
2025-08-30 08:30:00+00:00,7,120,6399.694239960848,7413.93902026758,8836.76631840223,9637.971544303176,10357.912530200343,11883.672640056722,12577.718852968108,13284.972195742916,14118.736118632218,15035.982623550917,16001.048475587966,16712.28208180108,17477.278204228525,19132.293712175506,20002.374177487407,21906.180914390305,23278.229200146576,26097.064799009066,32376.988571322396,63280.54149728183,16281.926931428452
2025-08-30 08:45:00+00:00,8,135,9864.964538090733,12129.231314866323,13912.794524756262,15542.747440952768,16921.10722583939,18514.24812509647,19787.54974343748,21084.70138971175,22838.210435213256,24080.037206002213,25505.397493942328,27518.18824013833,29734.717912545562,31963.92209187058,33761.415055718055,36328.35675629604,40079.57864388155,43184.38961304284,47297.96294213664,66520.20192102903,26189.21315258142
2025-08-30 09:00:00+00:00,9,150,12064.926137219894,14534.669092540813,15854.242248046594,17418.099328614135,18638.595543324274,19849.560383196294,21949.768783617932,24366.340796481272,25662.293901169953,26917.76349339897,28418.78490107235,30479.77030128214,32974.45275094587,34736.6683257081,36506.69136844276,39936.8809972092,42647.493239690884,45783.63730562607,50566.24180229639,69479.0411305356,28626.883492151494
2025-08-30 09:15:00+00:00,10,165,12698.849626741174,15815.90305455057,16945.81251590291,18283.121234061487,19822.658068328907,20882.322989100925,22526.619182596816,24643.228895225802,27538.1940053344,29474.878490699844,30507.14397756277,33276.27316291984,35291.17770598101,36635.19858988216,39024.698005803795,42708.22849278913,45826.792878222186,48052.06155466687,53816.569457953854,72263.17138474365,30536.196156660997
2025-08-30 09:30:00+00:00,11,180,13393.29931923068,16548.988992799863,18103.77492192083,19396.50001000739,21020.230793354982,22475.723886467687,24854.288333881792,28573.68987535712,29868.51051436194,31187.96999939388,34651.884758319124,36765.10212025544,39191.04066553863,41401.66932277285,44849.42555366023,46654.592323312354,48525.57105207717,49980.41150501543,55400.25326238139,74720.30143722708,33094.122992523255
2025-08-30 09:45:00+00:00,12,195,14456.217157182997,18095.02352481387,19423.786737612176,20949.690685675516,22292.103631642924,23868.017731646654,27317.542274304415,30393.588695810195,31780.162001380853,35225.30064803654,37600.147089166174,39756.21550806039,41279.56329378856,45090.62654975783,47168.091368635236,48611.64350225311,50001.30482484605,51819.95202211677,57479.54498160016,76836.08596864673,35068.14426007439
2025-08-30 10:00:00+00:00,13,210,16676.979774385523,18505.580926845407,20177.01138256057,22222.599512289547,24283.215154940754,27529.964906829155,30647.834433995293,32688.49063053335,35905.3673371918,37458.910272755755,39614.61699146711,42447.22230378375,46184.564517566614,48257.41947727166,49783.91415890274,51343.9019321739,52907.261246454815,54621.37966166932,59542.10214297803,78598.3379328414,37784.71066362092
2025-08-30 10:15:00+00:00,14,225,18639.00179764501,20671.67728109813,22728.753545468397,24992.692295121888,27713.967687460517,30411.24979271877,32645.423702435113,34206.365680403636,37914.484648879465,40613.42119443975,42805.271100464226,44986.04306775939,48685.08412804876,50263.40994214231,51617.09678727739,53711.50761391065,55062.99968431596,57012.696416290535,61625.331430355494,79997.02731927116,40149.29243267885
2025-08-30 10:30:00+00:00,15,240,17709.35796797447,20924.64216215111,23940.76558271913,27351.844210968527,31266.476112039123,33439.38512296903,35997.647070929874,38775.40482372267,41438.509622264675,43966.99915352253,46912.95038873574,49772.33690514311,51314.49575634741,52457.26322893787,54710.86850076207,55889.93723231569,57525.60696740415,61255.0005520761,62787.71960382345,81024.29283280205,42474.48870677688
2025-08-30 10:45:00+00:00,16,255,19083.424247310402,22594.36803192415,25430.948288350362,28822.819865004098,32772.07473925843,34074.38849316354,36400.46108584899,39382.41542739068,42964.714092088376,45351.126597064074,47301.204875635995,50054.86283743929,51289.75205559392,52586.478348043696,54578.060945988196,55873.95455752487,56894.93842527055,60639.62922912732,62097.960387134975,81674.45994304394,42841.33343846748
2025-08-30 11:00:00+00:00,17,270,19067.328855083517,21990.758332467827,24160.969040711523,26706.959119116913,29122.60915981098,32911.514012475236,35262.24878832775,37722.53961199888,40371.89609477705,42459.38640071378,44825.61913683886,47068.606020481064,50384.73825157543,51692.35831181005,52525.25326524646,54869.263478439396,56160.19657403868,57710.81910963213,61781.8199732875,81944.05979317254,41397.11857079036
2025-08-30 11:15:00+00:00,18,285,16371.795493851816,20282.187341888737,23688.524009003577,26297.052248476517,27862.766469150534,30591.310614079535,33553.76045485754,35923.99150901429,37999.31444160598,40354.09995009579,42594.89203212886,45011.293629891916,47941.654037959255,50575.201462316465,51956.87577650733,54302.72252068379,55847.90743671892,58142.048434872326,61591.42035569139,81831.84487335525,39858.60775681538
2025-08-30 11:30:00+00:00,19,300,16525.59779879601,19760.503340564737,22531.95552560878,24870.941898305515,27829.48041438936,31627.006046015453,33415.047494967475,35023.47517912253,36536.32800227795,39665.621062341284,42167.99585193467,44436.44761862776,46623.33578647144,50346.17848352508,51280.015069265784,53525.38773374773,55172.80917138307,56790.79867289565,60701.53173877441,81338.79862873236,39200.50252787568
2025-08-30 11:45:00+00:00,20,315,16277.314171976237,19144.627764429402,22168.260502104735,24636.939914481667,26961.774401619386,29521.731442632314,32847.10202696856,33392.58703195614,35657.90040548038,38277.43263121555,41413.05324562288,43646.12596062917,46840.47274186736,49686.582920357985,50577.884971214466,53199.86447110796,54873.252550158126,57103.81276174759,60399.66277103739,80468.1376940364,38647.65808194865
2025-08-30 12:00:00+00:00,21,330,17089.073023603007,20520.35392863391,23319.718624820594,25194.1363223823,26614.216006584375,28797.802579446918,31869.109172574834,32925.8136454957,34623.19458824682,37424.457096638056,39548.92961181543,42604.60860088388,45839.47132647019,49127.60547643133,50320.379745459075,52994.72375577867,54405.99345297158,56183.014125436894,59620.59183727806,79225.3073835971,38224.12789322198
2025-08-30 12:15:00+00:00,22,345,16298.490540520439,21166.582096725102,23775.122036981033,26085.844390496593,28036.938530974163,30861.820207271638,32031.05716888038,34124.29136749107,36200.04895971539,38899.05849630535,40749.71662417727,43215.009518058534,44576.044470342706,48583.55569964548,49208.45303754894,51671.26488121217,52877.90308308027,55104.88872316857,58522.95222918569,77617.97264947333,38675.74917761366
2025-08-30 12:30:00+00:00,23,360,16586.13074809908,21404.298773296206,23934.788255971147,26617.09275708382,28132.921942244124,30965.33630508415,32379.778070117914,34597.96313842503,36793.93293305676,39014.737207851285,42039.85150681754,43896.302892323656,46781.27909716914,48251.68185004571,51240.2723242761,52589.808366834935,55528.869879925864,56744.534586484166,57950.886987602615,75656.00833399476,39156.1766098105
2025-08-30 12:45:00+00:00,24,375,17904.877514478576,20671.713160995547,24374.383859826237,27260.50662590197,29949.693038196216,31313.573270683675,32914.23485915173,34800.7921249919,37812.90949686381,38929.42229636943,41910.37160706382,43305.09548051822,46385.88012238107,48947.861117408545,51085.17858586838,53566.952134188105,54661.9037809912,56291.59741288581,57046.301522830494,73351.49379385433,39308.89578372704
2025-08-30 13:00:00+00:00,25,390,18037.669345899885,21711.50438344144,25158.82496890964,26932.138508402997,29771.075763204608,32014.564135989167,33799.20523538332,36583.58532957452,37774.05311890477,39449.61087233148,41941.75142962565,44244.130037349096,45998.6100251372,47483.285489264075,48658.10232265699,51219.05507648106,53300.6994838264,54815.10950467366,57397.076825819204,70718.7177223549,39116.3564206115
2025-08-30 13:15:00+00:00,26,405,17502.70454946365,22404.468084894925,23718.01996918544,25562.89133177981,27211.47714966692,29321.42394858428,31266.45366973382,33449.232407313604,35533.21173688447,36921.373815501756,38775.797800811735,40573.06688545202,43408.18706832902,44861.113775258484,46434.6466518322,50138.22586483526,51037.805143026446,51732.22326240513,56246.08694105654,67774.20039593134,37072.08583683546
2025-08-30 13:30:00+00:00,27,420,16520.882427272376,20602.646210250085,22858.503099179896,24792.32364162698,27049.382006113796,28790.067039049976,30874.29901518943,33443.588509379144,34552.75239270564,36165.0724664834,37962.35223893737,39335.426664836785,42086.831090083346,43759.687392714775,45710.24865754678,46831.990745624076,48441.91028821394,50046.25393908952,53711.59198736903,64552.497582037126,35845.05840255062
2025-08-30 13:45:00+00:00,28,435,15933.58991282382,18392.836262292498,20974.44850218682,22897.61420267797,24281.935289653426,26401.902337877353,28254.582954375364,30685.814846741192,32597.89063502066,33430.479438257,35642.754188546496,36591.19767201466,37366.742154568296,39648.61349524349,41929.832986486756,43841.07781103838,45388.87608642736,47155.83492999511,53097.0605360107,61254.209129152376,33370.94644570784
2025-08-30 14:00:00+00:00,29,450,13501.537917830847,16422.166960783823,18936.594340302872,19801.36486847335,20551.618405585934,22181.39593769537,24480.56565061149,25227.969816219826,26078.433414652023,27786.929847507392,30207.0700898412,30899.002643740867,31992.111576521624,34062.17436471322,35114.59139886414,36533.261725215554,37687.26144906854,40670.65456111126,43806.6346720981,57478.937534400735,28293.437884413903
2025-08-30 14:15:00+00:00,30,465,7939.349137933039,12053.57419717461,16671.156987614042,19360.07195531476,20673.115621745546,21736.99816254534,23438.481703741618,24570.678736121605,25528.71316661748,26272.987586373685,28401.831741703747,29167.12866248282,29799.000488295696,31538.082971963762,32671.931256237258,34106.74543434602,37875.85185403766,40051.648583611604,43690.895866809195,53482.20601655066,26605.295490346703
2025-08-30 14:30:00+00:00,31,480,5715.296382737878,7372.636605316809,12574.905476080816,16623.756593090133,17633.725699558505,18735.689395606318,19982.830925612652,21594.322466759277,22756.665414241146,23565.775748239957,24481.488290064757,25871.677342018196,26610.633564281437,27485.46634726977,29599.997607047208,33425.98880690516,34883.31687480196,38706.854839584856,41386.140491930804,49293.42059259404,23666.96952454278
2025-08-30 14:45:00+00:00,32,495,4632.446776380805,5069.383743908608,6323.969042893593,11754.347186271058,14978.450544566278,15765.119418041908,16573.655846324295,18262.7827793639,18965.76175103242,19692.522937867732,20734.978280223044,21293.951506722347,22249.881906116556,23759.333536840575,26757.096528603168,31387.64838506566,32834.124825940504,34974.04331211821,37024.6530824823,44945.30061939377,20247.012764168267
2025-08-30 15:00:00+00:00,33,510,3489.6184713260905,3855.0922043941923,4969.168861335679,7026.52558570258,10961.882924289534,12830.411567620402,13768.406417120546,15070.751969399484,15773.436380229909,16346.590433555091,17449.6892324264,19381.425308835547,20896.407317910773,22287.27541044419,26012.89800038139,27352.41956132858,28297.677678277338,30573.534686112514,32509.012078852746,40474.472997791854,17411.09233834917
2025-08-30 15:15:00+00:00,34,525,3375.4819294601516,3959.4544527430908,4890.414894964922,5670.963716868852,7213.38693915424,8503.10301589989,8748.855773573294,9964.031837843382,12138.318800094336,13775.68469418584,14458.257375828089,15153.827777956842,16709.09519965365,18182.363164164628,19378.054698765438,21073.573242064864,24085.86033928142,24915.89535337183,27853.672629921148,35922.30583015337,13875.80471889397
2025-08-30 15:30:00+00:00,35,540,3672.3368175533133,4924.251726483048,6424.643408481518,6845.6695582096845,7297.519988873292,7964.516507334157,8616.573921875788,9593.361492860891,10039.351018217634,11743.808197994143,13103.991920947663,13588.605215949618,14610.487580802052,16222.610029330306,17541.67074076791,18426.772480126212,21847.470577036882,22621.379849553516,23647.152293277893,31336.0530867566,12870.013673313262
2025-08-30 15:45:00+00:00,36,555,3168.825927835961,3485.7549669627883,5025.744684455454,5805.333763095114,6193.334842859736,6731.942937572075,7267.1987382117795,7662.470525800993,8289.27170945413,8765.773002757645,9328.556530473725,10212.866252594255,11251.923420561696,11808.600178104596,12417.208680191712,14706.102566567486,15649.606262145073,18801.064788688716,19600.94305979635,26758.929444809637,10108.599308120485
2025-08-30 16:00:00+00:00,37,570,2060.3544273156053,3603.4955698121544,4167.701954237179,4339.640428751149,4923.977601630269,5495.602840820339,5865.50024831478,6522.813300908203,7632.6268294078245,8486.562536086862,8636.041762574758,8883.453917293344,9354.912693829794,10204.117960426032,10745.872657765178,11497.831033163458,12281.43218889989,14591.163959538002,15297.511162349758,22131.98191083449,8355.437946826602
2025-08-30 16:15:00+00:00,38,585,1508.4716578911102,2476.702311392965,3499.782173910167,5064.23226338462,5517.834851231266,6266.260021757734,6420.65397124727,6572.150066120498,6873.43811886735,7228.5364527049205,7783.021650560478,8199.075863058144,8619.627593992314,9056.47658700442,9307.754369570474,9967.943549312575,10718.560550606335,12844.683863110737,14824.079187780437,17826.661993537757,7677.244428677697
2025-08-30 16:30:00+00:00,39,600,1540.5329081283066,1946.5387336665926,2702.435305376767,3884.4071770238047,4148.305442927438,4738.079578898101,5039.284937042803,5325.778696023703,5599.445311628908,6114.079752735027,6410.3656069198505,6710.779325879347,6903.41442695387,7243.5182233248215,7757.31275710253,8085.296382836734,8830.929947625813,10337.932484732917,11026.064238888644,13746.964964017281,6184.5272882145555
2025-08-30 16:45:00+00:00,40,615,1394.4403536420382,2474.917394403245,2928.4815154754674,3113.2171160165985,3266.637175457638,3536.0853878062344,3610.3255047274915,3797.1067892863302,3889.6484363539143,4115.382748387866,4420.176809099481,4558.977539548175,5025.753992949729,5176.056232913805,5523.2204510301535,5724.922246910886,5938.271167999987,6411.085140308018,7852.369371811892,9985.504462186927,4506.696125696779
2025-08-30 17:00:00+00:00,41,630,879.9229471873984,1398.0458132109895,2030.6223718485585,2181.504609830248,2351.0234763866206,2402.408929117454,2545.2938733851206,2600.5895125908255,2712.6528177942364,2892.573907506659,2971.7442238012254,3071.2491032352027,3314.275675150285,3501.185995211279,3718.272834981856,3841.316755054584,4024.586967605908,4331.900691810238,5235.525090074521,6636.707880996206,3045.1609355843457
2025-08-30 17:15:00+00:00,42,645,485.2728085392765,1099.8384870205941,1236.7707063901137,1338.2181428010595,1364.0268209577443,1392.0205290119325,1454.5685348806794,1491.6403060934329,1552.6821807563158,1587.9041882325448,1670.0152073449271,1742.7506511206946,1860.6533600814132,1955.2677817748313,2091.8191634587397,2181.713878727378,2258.599736018966,2507.2519119155795,3009.3159501558107,3855.0351326554373,1748.9274769241486
2025-08-30 17:30:00+00:00,43,660,258.3252627445076,640.8801322339895,724.0592422685771,752.5162277543805,765.6416513768606,793.9152794714461,838.7222240395814,878.8299976581925,934.9028302665043,970.4053615107258,994.5953746469415,1056.2394837175773,1114.1741588541843,1190.3978219504122,1220.6571879894875,1254.9371156828634,1279.7825896157747,1444.527239640025,1677.2862264505225,2252.152979365295,994.6711660054534
2025-08-30 17:45:00+00:00,44,675,65.53281685749765,103.71680322306284,193.15878900004242,290.19707876930653,311.4672063790182,321.1923389648476,329.6391992321152,340.4740335237744,373.38874324953105,392.01974673160623,411.3408164865055,420.42587534534835,435.27166739179955,493.51064802538934,511.55241520689407,536.491791585959,561.961954275215,598.2706986393196,755.5655495549263,998.427408945656,406.04834937133654
2025-08-30 18:00:00+00:00,45,690,2.9065695407048673,7.608863877536939,9.44554540696006,11.938173431181262,14.349977549842361,15.949211938600136,16.749106845682448,18.11599423773543,19.415836856625237,20.345232791103122,21.090103683321335,22.456799241018206,23.471717858879703,24.739788025284312,26.208114571363296,27.47211074524203,29.30725553308514,31.975297239865736,37.04333019195,49.00160052538615,20.40061617977906
2025-08-30 18:15:00+00:00,46,705,0.0,0.0,0.0,0.0,0.0,0.0,0.0,0.0,0.0,0.0,0.0,0.0,0.0,0.0,0.0,0.0,0.0,0.0,0.0,0.0,0.0
2025-08-30 18:30:00+00:00,47,720,0.0,0.0,0.0,0.0,0.0,0.0,0.0,0.0,0.0,0.0,0.0,0.0,0.0,0.0,0.0,0.0,0.0,0.0,0.0,0.0,0.0
2025-08-30 18:45:00+00:00,48,735,0.0,0.0,0.0,0.0,0.0,0.0,0.0,0.0,0.0,0.0,0.0,0.0,0.0,0.0,0.0,0.0,0.0,0.0,0.0,0.0,0.0
2025-08-30 19:00:00+00:00,49,750,0.0,0.0,0.0,0.0,0.0,0.0,0.0,0.0,0.0,0.0,0.0,0.0,0.0,0.0,0.0,0.0,0.0,0.0,0.0,0.0,0.0
2025-08-30 19:15:00+00:00,50,765,0.0,0.0,0.0,0.0,0.0,0.0,0.0,0.0,0.0,0.0,0.0,0.0,0.0,0.0,0.0,0.0,0.0,0.0,0.0,0.0,0.0
2025-08-30 19:30:00+00:00,51,780,0.0,0.0,0.0,0.0,0.0,0.0,0.0,0.0,0.0,0.0,0.0,0.0,0.0,0.0,0.0,0.0,0.0,0.0,0.0,0.0,0.0
2025-08-30 19:45:00+00:00,52,795,0.0,0.0,0.0,0.0,0.0,0.0,0.0,0.0,0.0,0.0,0.0,0.0,0.0,0.0,0.0,0.0,0.0,0.0,0.0,0.0,0.0
2025-08-30 20:00:00+00:00,53,810,0.0,0.0,0.0,0.0,0.0,0.0,0.0,0.0,0.0,0.0,0.0,0.0,0.0,0.0,0.0,0.0,0.0,0.0,0.0,0.0,0.0
2025-08-30 20:15:00+00:00,54,825,0.0,0.0,0.0,0.0,0.0,0.0,0.0,0.0,0.0,0.0,0.0,0.0,0.0,0.0,0.0,0.0,0.0,0.0,0.0,0.0,0.0
2025-08-30 20:30:00+00:00,55,840,0.0,0.0,0.0,0.0,0.0,0.0,0.0,0.0,0.0,0.0,0.0,0.0,0.0,0.0,0.0,0.0,0.0,0.0,0.0,0.0,0.0
2025-08-30 20:45:00+00:00,56,855,0.0,0.0,0.0,0.0,0.0,0.0,0.0,0.0,0.0,0.0,0.0,0.0,0.0,0.0,0.0,0.0,0.0,0.0,0.0,0.0,0.0
2025-08-30 21:00:00+00:00,57,870,0.0,0.0,0.0,0.0,0.0,0.0,0.0,0.0,0.0,0.0,0.0,0.0,0.0,0.0,0.0,0.0,0.0,0.0,0.0,0.0,0.0
2025-08-30 21:15:00+00:00,58,885,0.0,0.0,0.0,0.0,0.0,0.0,0.0,0.0,0.0,0.0,0.0,0.0,0.0,0.0,0.0,0.0,0.0,0.0,0.0,0.0,0.0
2025-08-30 21:30:00+00:00,59,900,0.0,0.0,0.0,0.0,0.0,0.0,0.0,0.0,0.0,0.0,0.0,0.0,0.0,0.0,0.0,0.0,0.0,0.0,0.0,0.0,0.0
2025-08-30 21:45:00+00:00,60,915,0.0,0.0,0.0,0.0,0.0,0.0,0.0,0.0,0.0,0.0,0.0,0.0,0.0,0.0,0.0,0.0,0.0,0.0,0.0,0.0,0.0
2025-08-30 22:00:00+00:00,61,930,0.0,0.0,0.0,0.0,0.0,0.0,0.0,0.0,0.0,0.0,0.0,0.0,0.0,0.0,0.0,0.0,0.0,0.0,0.0,0.0,0.0
2025-08-30 22:15:00+00:00,62,945,0.0,0.0,0.0,0.0,0.0,0.0,0.0,0.0,0.0,0.0,0.0,0.0,0.0,0.0,0.0,0.0,0.0,0.0,0.0,0.0,0.0
2025-08-30 22:30:00+00:00,63,960,0.0,0.0,0.0,0.0,0.0,0.0,0.0,0.0,0.0,0.0,0.0,0.0,0.0,0.0,0.0,0.0,0.0,0.0,0.0,0.0,0.0
2025-08-30 22:45:00+00:00,64,975,0.0,0.0,0.0,0.0,0.0,0.0,0.0,0.0,0.0,0.0,0.0,0.0,0.0,0.0,0.0,0.0,0.0,0.0,0.0,0.0,0.0
2025-08-30 23:00:00+00:00,65,990,0.0,0.0,0.0,0.0,0.0,0.0,0.0,0.0,0.0,0.0,0.0,0.0,0.0,0.0,0.0,0.0,0.0,0.0,0.0,0.0,0.0
2025-08-30 23:15:00+00:00,66,1005,0.0,0.0,0.0,0.0,0.0,0.0,0.0,0.0,0.0,0.0,0.0,0.0,0.0,0.0,0.0,0.0,0.0,0.0,0.0,0.0,0.0
2025-08-30 23:30:00+00:00,67,1020,0.0,0.0,0.0,0.0,0.0,0.0,0.0,0.0,0.0,0.0,0.0,0.0,0.0,0.0,0.0,0.0,0.0,0.0,0.0,0.0,0.0
2025-08-30 23:45:00+00:00,68,1035,0.0,0.0,0.0,0.0,0.0,0.0,0.0,0.0,0.0,0.0,0.0,0.0,0.0,0.0,0.0,0.0,0.0,0.0,0.0,0.0,0.0
2025-08-31 00:00:00+00:00,69,1050,0.0,0.0,0.0,0.0,0.0,0.0,0.0,0.0,0.0,0.0,0.0,0.0,0.0,0.0,0.0,0.0,0.0,0.0,0.0,0.0,0.0
2025-08-31 00:15:00+00:00,70,1065,0.0,0.0,0.0,0.0,0.0,0.0,0.0,0.0,0.0,0.0,0.0,0.0,0.0,0.0,0.0,0.0,0.0,0.0,0.0,0.0,0.0
2025-08-31 00:30:00+00:00,71,1080,0.0,0.0,0.0,0.0,0.0,0.0,0.0,0.0,0.0,0.0,0.0,0.0,0.0,0.0,0.0,0.0,0.0,0.0,0.0,0.0,0.0
2025-08-31 00:45:00+00:00,72,1095,0.0,0.0,0.0,0.0,0.0,0.0,0.0,0.0,0.0,0.0,0.0,0.0,0.0,0.0,0.0,0.0,0.0,0.0,0.0,0.0,0.0
2025-08-31 01:00:00+00:00,73,1110,0.0,0.0,0.0,0.0,0.0,0.0,0.0,0.0,0.0,0.0,0.0,0.0,0.0,0.0,0.0,0.0,0.0,0.0,0.0,0.0,0.0
2025-08-31 01:15:00+00:00,74,1125,0.0,0.0,0.0,0.0,0.0,0.0,0.0,0.0,0.0,0.0,0.0,0.0,0.0,0.0,0.0,0.0,0.0,0.0,0.0,0.0,0.0
2025-08-31 01:30:00+00:00,75,1140,0.0,0.0,0.0,0.0,0.0,0.0,0.0,0.0,0.0,0.0,0.0,0.0,0.0,0.0,0.0,0.0,0.0,0.0,0.0,0.0,0.0
2025-08-31 01:45:00+00:00,76,1155,0.0,0.0,0.0,0.0,0.0,0.0,0.0,0.0,0.0,0.0,0.0,0.0,0.0,0.0,0.0,0.0,0.0,0.0,0.0,0.0,0.0
2025-08-31 02:00:00+00:00,77,1170,0.0,0.0,0.0,0.0,0.0,0.0,0.0,0.0,0.0,0.0,0.0,0.0,0.0,0.0,0.0,0.0,0.0,0.0,0.0,0.0,0.0
2025-08-31 02:15:00+00:00,78,1185,0.0,0.0,0.0,0.0,0.0,0.0,0.0,0.0,0.0,0.0,0.0,0.0,0.0,0.0,0.0,0.0,0.0,0.0,0.0,0.0,0.0
2025-08-31 02:30:00+00:00,79,1200,0.0,0.0,0.0,0.0,0.0,0.0,0.0,0.0,0.0,0.0,0.0,0.0,0.0,0.0,0.0,0.0,0.0,0.0,0.0,0.0,0.0
2025-08-31 02:45:00+00:00,80,1215,0.0,0.0,0.0,0.0,0.0,0.0,0.0,0.0,0.0,0.0,0.0,0.0,0.0,0.0,0.0,0.0,0.0,0.0,0.0,0.0,0.0
2025-08-31 03:00:00+00:00,81,1230,0.0,0.0,0.0,0.0,0.0,0.0,0.0,0.0,0.0,0.0,0.0,0.0,0.0,0.0,0.0,0.0,0.0,0.0,0.0,0.0,0.0
2025-08-31 03:15:00+00:00,82,1245,0.0,0.0,0.0,0.0,0.0,0.0,0.0,0.0,0.0,0.0,0.0,0.0,0.0,0.0,0.0,0.0,0.0,0.0,0.0,0.0,0.0
2025-08-31 03:30:00+00:00,83,1260,0.0,0.0,0.0,0.0,0.0,0.0,0.0,0.0,0.0,0.0,0.0,0.0,0.0,0.0,0.0,0.0,0.0,0.0,0.0,0.0,0.0
2025-08-31 03:45:00+00:00,84,1275,0.0,0.0,0.0,0.0,0.0,0.0,0.0,0.0,0.0,0.0,0.0,0.0,0.0,0.0,0.0,0.0,0.0,0.0,0.0,0.0,0.0
2025-08-31 04:00:00+00:00,85,1290,0.0,0.0,0.0,0.0,0.0,0.0,0.0,0.0,0.0,0.0,0.0,0.0,0.0,0.0,0.0,0.0,0.0,0.0,0.0,0.0,0.0
2025-08-31 04:15:00+00:00,86,1305,1.1906793478910104e-05,3.7445769986678e-05,7.407783593925952e-05,0.0001216632047416736,0.00015333791389568255,0.00019261659872431953,0.00022017975796714438,0.00024222386645464432,0.0002618236934792222,0.00028679634048055014,0.0003084660884272533,0.00033294638670901966,0.00035394311588574686,0.0003783674140726159,0.00041529482209627004,0.00045533542296047515,0.0005297311706774701,0.0006566045185540183,0.000931752865748548,0.002693470812596265,0.00034569303019835505
2025-08-31 04:30:00+00:00,87,1320,28.36812357060373,35.46388259401155,42.205063587804005,48.15661012944763,52.31372301280321,58.0632276711725,62.75644127604611,65.88380432875068,69.01181563086338,73.47485516250943,76.652721262956,80.74656940723119,83.78284732570344,89.16144170104899,94.45590251209595,104.2300415499931,117.10059150322117,143.73008331850988,206.08506580012983,406.8937946924313,85.10052113504797
2025-08-31 04:45:00+00:00,88,1335,203.93652825368017,274.3844661470313,307.5930806453656,348.8936474118019,388.24148261161207,438.26877834494695,482.82272090567,529.5207795022117,609.1994154949161,664.1822410796962,744.5949140219645,797.0923441139718,875.5289066507913,931.0929251015658,1001.4443504366827,1046.651986365761,1093.2977950761403,1181.746319970256,1335.5161618251277,1841.0874837418717,720.5360096164721
2025-08-31 05:00:00+00:00,89,1350,545.8998917095813,664.7445876277112,806.4240469658172,1022.4745443413267,1250.2327855261865,1487.7323368107516,1621.5929518269852,1809.4877931150297,1900.1246431853767,2039.7154922345035,2156.923458292046,2268.960925652744,2353.085982094563,2462.3565500534764,2584.7118623091433,2690.5656215487047,2822.114430725474,2939.34448913829,3115.1149193947545,4099.335640553535,1951.1298084376695
2025-08-31 05:15:00+00:00,90,1365,1065.5554253836722,1568.8596130893925,1974.7231638619814,2458.501234750103,2826.1971051902956,3193.8211408321963,3383.5201767371495,3622.2380572798997,3832.9936430476787,4004.1345841527127,4192.465731821009,4333.376958779321,4510.209781151982,4661.8451749841715,4840.4935455191735,5024.943393406745,5147.642712932119,5335.444319846832,5572.16988690001,7188.526717124506,3803.658528016404
2025-08-31 05:30:00+00:00,91,1380,1876.210830632872,2774.9090882827277,4092.225316710085,4623.969330295176,5046.999945213629,5448.677071705549,5783.055992577054,6068.506310705949,6325.796358437762,6579.890342711655,6775.123766174235,6988.286336463254,7188.062320481135,7369.6398838696205,7602.009545386547,7812.484996733863,7946.127181238787,8177.611718250872,8559.202495980344,10901.736774088473,6233.756215215377
2025-08-31 05:45:00+00:00,92,1395,2487.083152203382,3707.2416186816718,5654.688915917683,6492.508621160949,7097.291142855962,7740.270674300707,8226.147924199682,8609.865547127969,9075.648539288484,9330.94996550847,9614.152225543801,9834.762370577686,10065.234558869714,10329.461997233262,10581.323269983097,10832.182200048517,11040.115083909377,11345.496857812455,11784.900620113796,14935.663991594376,8722.373384393562
2025-08-31 06:00:00+00:00,93,1410,3267.38145301695,4681.79730317371,7002.724843989301,8013.393687919044,9247.926665824427,10274.26013298132,11050.557678055857,11597.025142363646,12056.551077116997,12443.436061793074,12723.087819439434,13021.996546905639,13303.119612759792,13697.227754225258,14018.574376218696,14314.03506502089,14594.637144914417,15027.341581531435,16175.328395589233,19252.929946649318,11519.810537339536
2025-08-31 06:15:00+00:00,94,1425,2560.6127008147164,4042.170071835781,6229.828613451506,7870.272739504819,9816.532039984335,12488.568911583738,13916.738868927407,14943.82987923407,15902.840418405502,16502.958454252555,16766.689804518068,17060.397685664448,17531.350861459032,17924.260806718372,18298.403628360862,18836.02219672894,19214.6697369407,19534.846062102715,20476.68373260562,23755.531284719043,14070.768864432823
2025-08-31 06:30:00+00:00,95,1440,3017.71053551403,4652.619852450471,7192.983371212654,9260.621226904457,11909.412545936479,15384.492821369198,17411.781166306537,18537.75049851553,19326.018881012926,19795.83379159224,20168.83944151391,20690.593678319976,21227.379586197236,21739.685121189155,22237.299799903205,22555.94958829394,23083.901199014777,23347.53093448004,24499.841172378816,28439.217264357216,16982.113153244685
2025-08-31 06:45:00+00:00,96,1455,3466.2668852878196,5280.413114127591,8198.927015152285,10162.967283763304,13827.066756331089,18696.84190598824,20466.657012255917,21988.825927391394,22884.686596116637,23282.68819413789,23792.012050153753,24490.59557306952,25139.47147213189,25832.890569207153,26147.83095724959,26546.682974235886,26997.929800633734,27566.11785715629,28564.017743694523,33239.62407051934,19948.303125663522
2025-08-31 07:00:00+00:00,97,1470,3994.2003034834825,6043.107149923445,9644.217860011162,11616.486315025644,17062.10648336448,21536.17276784586,24079.459753516458,25444.838414703252,26319.46135488422,26812.840062276988,27594.796903444992,28284.02736331035,29324.42661120703,29652.736166526724,29947.951440897614,30436.83990470461,30840.58941101796,31241.543876613316,32608.323102207796,37918.211126004215,23017.04133635704
2025-08-31 07:15:00+00:00,98,1485,4892.3341839457535,6931.480355480618,11038.948020612414,13750.840397245123,22398.259383112654,25539.50691845315,27419.801715681704,29290.20981312998,29860.567702075503,30290.973915637784,31279.096635505255,32577.868419012895,33138.46136044914,33410.23911436204,33724.161888858405,34251.933213757555,34696.84505321646,35177.67617696993,36460.706324199185,42521.467474113386,26311.42545128287
2025-08-31 07:30:00+00:00,99,1500,5757.646645772463,7580.954580734472,11984.241870842543,14976.720488996494,25288.214878932253,28723.862743492828,31292.49261600641,32625.826940589624,33214.91234089623,33752.723358643765,35360.451004640374,36325.77131414847,36748.9274405561,37031.55654730451,37379.649287414635,38005.04175724498,38417.792757221585,38897.20981575031,40189.40646080817,47005.542231321306,29290.822058107813
2025-08-31 07:45:00+00:00,100,1515,6520.726384045408,8034.191429440454,12042.684368227941,16757.472508290775,27612.13225060514,31100.83253545435,33232.6172556838,35119.120661306064,35813.195426472725,36583.41797621719,38645.85896688986,39547.103407114526,39959.943397372146,40342.02054776525,40684.849167347485,41350.48858881661,41751.813998931146,42122.791856256095,43459.82759585055,51332.41968327148,31756.386008675097
2025-08-31 08:00:00+00:00,101,1530,6924.2316461785795,8530.139722323725,13393.507235788424,19005.68742124276,29505.370210148347,33475.65238741638,35694.890259710446,37800.37888639324,38792.28268939452,39586.976578186506,41782.285100427805,42614.920578480516,43028.180003393485,43411.56302670068,43821.604232716985,44542.57349035341,44960.09359564934,45367.048408188566,46775.14757857474,55468.66297635688,34254.20698568028
2025-08-31 08:15:00+00:00,102,1545,7846.553972562509,9089.399086708387,15315.479080840512,23406.588052140647,31632.522458885895,35198.818119487194,37843.22450676227,39963.08569184568,41225.933934852874,42230.62270947265,44399.91699936557,45338.49316006279,45946.739134782394,46291.76686018265,46675.06671473519,47415.83787075019,47949.42847216818,48345.916659249546,49663.16019429891,59384.54166485127,36700.8310598157
2025-08-31 08:30:00+00:00,103,1560,7909.499619340588,9345.744455421238,15951.096883602135,24760.503845560866,32070.066330956382,35958.3016321765,37908.84194964127,40482.52497876229,42990.903378278315,44339.36586122072,46402.01235276601,47418.64356251216,48303.84679899095,48807.870885059034,49176.81500825036,49602.90982445967,50529.55462074963,51089.91724245247,52390.16495909675,63053.43751342908,38256.88999298781
2025-08-31 08:45:00+00:00,104,1575,8027.057866341059,9624.198259756,16285.102203108267,26143.084237409814,33806.465725785325,37536.97933781484,39585.77152779448,42241.89583141149,44512.07571558508,46142.893814037256,48131.63081473191,49383.52077280688,50234.71812956986,51078.607640014525,51483.26626556322,51950.10003056609,52844.832304058844,53518.524621538556,54874.26161840364,66331.05879187296,39928.73769538521
2025-08-31 09:00:00+00:00,105,1590,8257.293781968747,9956.250358936457,16508.776844387037,27847.880959550574,33662.25540323618,38994.41583968831,41342.05332778889,44249.92290141855,46424.12202567734,48020.3999735345,50022.22555189424,51242.681095684886,51975.257947031816,52792.305214296095,53479.666874746,53967.13784048954,54586.59414658038,55594.38927673574,56948.41905853599,69247.98490723137,41420.21277123981
2025-08-31 09:15:00+00:00,106,1605,8566.878946183346,10312.80022655111,11308.455865746242,29453.803580296888,34902.60792372792,40348.99661697882,42739.92102969193,45931.59585896588,47951.422692814114,49801.45929493725,51761.130683724965,53147.15334404873,53798.77321558194,54552.97840675159,55390.07648114159,55955.374286047314,56633.32275071583,57588.97167629981,58520.76760182404,72030.5914954102,42640.19256312295
2025-08-31 09:30:00+00:00,107,1620,8830.504449713315,10675.933336510114,11703.214562687073,29472.75351458873,35084.67312590168,41790.663594368314,43780.30290277057,46042.782655485156,48686.29615777241,51415.79681060313,53608.03502290163,54921.56983021585,55650.76119027203,56310.20119581242,57077.080614143015,57801.32152012108,58430.97032834468,59432.80020516898,60073.83656847271,74485.26032998633,43812.04740225463
2025-08-31 09:45:00+00:00,108,1635,9102.64921461041,11132.745320784532,18688.628111544112,30641.89518523148,36607.41332619934,42934.2832988182,44739.648784935234,47005.062584957945,49572.018236190255,52684.354238848195,54587.03304109165,56427.62872565686,56836.04954902272,57511.72251466745,58174.88971471291,59089.09582284551,59845.74557092198,60604.58676385869,61604.52929207604,76597.68556671306,45171.95471323634
2025-08-31 10:00:00+00:00,109,1650,9389.517221591395,11427.987068843986,12504.060495461763,31166.344138244902,37337.91301970154,43150.38860922814,45583.51812763282,47616.78752128067,50268.93073235138,53425.01366206421,55753.42946201506,57869.58165912271,58309.210898041114,58786.52093960619,59389.091730169,60212.70799769853,61057.438034026825,61817.3547155701,62857.416171844736,78355.72243865592,45693.45367965628
2025-08-31 10:15:00+00:00,110,1665,9422.212543466194,11885.389971934537,12890.04771657273,32234.0736009905,37827.772977762994,43893.78036501605,46743.813578385365,48841.804842963254,51620.7894551311,54798.35105204873,56908.53643968671,58766.39149153082,59333.869168611716,59850.29491687444,60345.206011978466,61165.98446901734,61883.9496351147,62738.62820100244,63889.360720622055,79749.38560527997,46534.93615837262
2025-08-31 10:30:00+00:00,111,1680,9894.965838621756,12019.134354937367,23950.94391636006,35273.91725663558,40702.192480072226,46206.105165124296,48878.27838821308,51367.06031899218,53765.216037513266,56377.636006543275,59057.624064656135,59837.64462916607,60286.649150983554,60734.577753887104,61260.82671520848,62087.15220922219,62859.771692597584,63784.56265273604,64916.14602330833,80770.86057271837,48538.89177781663
2025-08-31 10:45:00+00:00,112,1695,9761.458853645605,11756.123784084026,22707.081947183993,33769.22975468999,39501.70058470382,45382.8387784348,47588.58324274824,49871.04399988947,52289.18319699659,55236.52429609507,57602.08547660264,59759.25756466263,60330.17267450356,60738.3518833716,61145.83325885347,61694.02438994078,62439.06808995205,63312.13681709886,64798.463207124405,81414.52154084909,47809.433627748425
2025-08-31 11:00:00+00:00,113,1710,9572.8310068178,11735.21093737553,23296.87987183731,34427.998993304325,39289.44570353213,44444.90017375133,46991.151705865785,49591.00879594428,52129.206279565886,54905.06608079055,57175.15523021574,59451.41782692372,60104.9430155283,60573.013240803804,60972.191312257855,61337.328554764834,62146.1938308615,62733.56656440114,64545.778483130445,81676.95014007398,47590.620858642294
2025-08-31 11:15:00+00:00,114,1725,9674.236030083743,11975.670433032725,27293.768487176156,34695.96106475191,39028.53972901355,44300.79960224957,46556.59372565008,48973.09108501072,51269.1306000322,54031.273239900496,56507.656041376904,59066.02564039518,59754.80029851863,60167.8181931933,60538.94164113667,60987.018161504006,61623.19018863521,62474.78421501339,64078.61788040543,81556.95098413873,47464.92186933502
2025-08-31 11:30:00+00:00,115,1740,9509.09678352551,11806.034929412617,28110.24563602677,34466.96191949296,38997.6834920705,43892.74259531902,46049.12370732636,48730.628149299344,51674.12828103589,54517.22411916195,56644.877371925715,58614.33313828848,59199.97773928334,59603.6976676785,59958.28301909288,60397.05019636521,61023.519639460595,61923.21612071352,63558.37534450435,81055.56125581892,47225.98350226443
2025-08-31 11:45:00+00:00,116,1755,10649.032028841842,19937.730067659097,31978.423712731106,35943.413654096454,42141.35751902103,44702.87571342158,47303.70260706527,49565.587676728595,52377.30959619322,54894.41361056685,56360.580566666875,58083.41480339405,58475.13557721262,58828.53376520393,59145.38732883911,59575.27983205329,60214.195760182134,61113.86101456126,62654.723514214515,80176.05307030673,47959.62182566639
2025-08-31 12:00:00+00:00,117,1770,10834.026035874742,24742.836216496857,32551.27007374594,36997.7769135895,41654.226425904555,44306.34269895604,47081.71624414078,49546.189323676386,52324.85693074773,54316.69399212279,56395.33039764093,57195.73455506668,57628.066046324064,57933.111004928694,58231.915216271875,58703.6890401865,59322.80199820342,60841.2823229212,62019.22204389986,78923.92928512258,47860.5391906022
2025-08-31 12:15:00+00:00,118,1785,10675.637059459885,26090.24312418492,31915.836859783733,36811.777260251496,41181.91361038046,44507.91038161438,46775.1831176342,50108.59542362844,52677.40756908917,54065.10511069168,55488.45370779521,56052.28575369439,56442.56661833587,56734.552428408075,57087.84894860038,57604.591873817524,58097.801252095065,59541.58931501385,60810.93078360034,77306.91499281276,47318.781873743006
2025-08-31 12:30:00+00:00,119,1800,9192.574338755752,21326.667228061146,30797.024179015294,36416.15491012605,41109.32185346376,43988.20247893811,46104.40971598635,48994.31560795636,51659.55331936075,52824.48859471246,54182.344417563516,54686.429783960295,55051.999401655085,55366.955480490105,55678.05120466633,56229.35877760003,56829.72653456774,58303.78836178766,59665.56545621853,75334.94854740154,46121.04602244859
2025-08-31 12:45:00+00:00,120,1815,10066.414757468912,24525.24814689783,30260.93084267038,35860.30278589838,40516.878740321656,43419.710201965834,45889.803443751334,48202.41242321385,50228.85940851423,51324.44230023893,52501.700272508,52978.04758554596,53325.97906504042,53673.21222014035,54041.6388574868,54565.35154258728,55134.93689844776,56644.39575745583,57835.11631719135,73020.17723732193,45176.495915621534
2025-08-31 13:00:00+00:00,121,1830,9818.216028849965,23627.394748805895,30528.384326862317,36504.872471601535,39192.32611561452,42419.19814937531,44550.11294009608,46846.885436126555,48398.9991431089,49455.87264676776,50454.79685049883,50984.754964165346,51337.62860827847,51686.680409897104,52075.56269162019,52656.988512180535,53160.20856412909,54653.26484860922,55682.60979902677,70376.96354479507,43808.36005425336
2025-08-31 13:15:00+00:00,122,1845,9428.557606274784,22091.468271446913,29089.14223666608,35435.18683596857,37533.58564395623,41056.81240161793,42914.42052232083,45388.00171817945,46840.955822316995,47482.635974825076,48464.56611686265,49093.48001512819,49411.457884761774,49729.3802403727,50223.056662340794,50666.452155393,51381.82353181917,52641.10069553513,53812.5936365928,67421.90939571241,42174.13660348374
2025-08-31 13:30:00+00:00,123,1860,9282.670934227883,21766.022210431234,28257.728944345065,34194.17891516143,36564.47200815573,39796.917343392444,41996.22809194572,43877.90658319722,45000.472836296256,45684.56932863985,46534.8265718083,46969.06639199871,47342.86428725406,47701.659287792754,48068.361767097565,48562.62198976384,49713.739399665305,50624.11644825147,51520.682197461305,64238.07574895078,40652.65691670085
2025-08-31 13:45:00+00:00,124,1875,9258.711133710263,21243.691808129992,26763.093868040425,32604.503641162504,35905.654267294296,38558.231697293886,40318.982739131694,41856.95201293367,42656.9871181963,43325.91789319625,44314.15178551493,44723.631444955645,45056.99629045875,45517.94985560853,45940.02646184044,46650.681563613325,47829.79177402429,48401.558660814364,49190.13867658169,60883.65250245669,38981.607380892994
2025-08-31 14:00:00+00:00,125,1890,8543.197605156864,19275.391922047194,24782.03675571633,29611.81662005026,32225.430070301285,35589.71677403427,37292.834314266125,38724.69128949604,39681.7445720892,40381.106868031115,41219.038022929024,41851.031690894415,42195.45343097247,42619.27942743929,43008.56910090638,43639.17599159888,44786.66349295142,45355.74756751631,46162.28392801695,57098.55359433688,36231.628862524994
2025-08-31 14:15:00+00:00,126,1905,12857.032637379052,18746.630071597916,23148.673689653657,27462.293130386315,30470.09658392916,33413.35020906598,34945.36089826411,36288.37771280397,37029.77543813518,37556.62647115582,38434.82741979249,38936.590248203676,39342.016978386506,39734.35084411533,40154.360646725116,40996.291102029005,41743.94773685732,42437.27542203417,43155.614719542566,53092.408893151915,34121.61517465877
2025-08-31 14:30:00+00:00,127,1920,7015.467510377898,16343.39061235323,20459.250235792304,24935.82423123017,28641.00047535459,31031.16998679793,32129.654727320878,33316.249297395036,33835.92767886736,34534.76973647409,35272.048662115376,35930.500394511684,36372.404728465866,36778.929101275746,37327.24400613919,38138.51552756059,38644.33877939303,39240.497340338814,39922.98854397292,48894.821298270996,31173.630046754173
2025-08-31 14:45:00+00:00,128,1935,5952.711163787751,14096.35357122725,18609.00546109452,22858.927390249006,25210.85315769123,28090.1379755697,29040.39534854559,29893.44533213944,30705.36560399548,31393.94087759262,31921.17969974614,32751.784743172506,33252.275668506096,33658.49092506867,34235.392110044,34891.26557831687,35325.04361359545,35811.25682272816,36777.795340462566,44538.76672078282,28300.412903812892
2025-08-31 15:00:00+00:00,129,1950,5920.812113100964,12387.319255676099,16581.398352796128,20268.243562520973,21746.956750904275,24018.497529402823,25549.372676130537,26435.323013105844,27421.3991571351,28154.7836325809,28679.2138264699,29457.348199107255,29851.427526169202,30302.888380480035,30771.181264948562,31388.045233200817,31731.747007060807,32184.079614225677,32910.26827512522,40061.21404831934,25250.98106332684
2025-08-31 15:15:00+00:00,130,1965,5490.804994598518,10757.488197199118,14666.427180890872,17960.53466613121,19942.902892864895,21453.630400577535,22624.223843565178,23392.98251037682,24159.4997187369,24784.864309869216,25405.31193494929,26199.799672849014,26621.524017120955,27121.404495462844,27596.254376891186,28083.565246357753,28380.71384093874,28755.521087530735,29969.30683101645,35503.99528269859,22553.97164397569
2025-08-31 15:30:00+00:00,131,1980,7685.709589412163,10296.292307299389,12554.376680932517,15197.804397584,16281.997045221882,18202.92624469765,19327.163884892398,20156.55341638793,20824.090090909336,21505.351631055462,22170.287782721025,22822.24807637873,23200.412676787637,23456.5832013199,23979.00594805163,24533.785148395604,24777.070281568416,25129.56343295138,26206.49367086595,30915.0004311903,19694.674094381004
2025-08-31 15:45:00+00:00,132,1995,6662.614079211959,8714.61554106952,10230.217986793732,11604.864490074471,13728.432063838216,14999.243827728025,15860.177604476488,16658.03822312202,17502.03309225887,18034.00370975419,18496.41408336235,19094.881432496477,19643.409090439378,19902.089500188442,20227.75154754526,20739.765904697684,21156.75527634217,21489.15171845344,22434.413784897653,26304.31227875372,16599.05026848004
2025-08-31 16:00:00+00:00,133,2010,5684.5870631691205,7525.577015658984,8345.284158441777,9383.54341822024,11181.738355391073,11758.618289506088,12699.918805797402,13231.994318232451,13827.556722016046,14308.848433826714,14853.74667253767,15389.37994255187,15766.676599351107,16216.173726885556,16449.84651181936,16849.71249317489,17249.921778057254,17590.915715224677,18407.41619232087,21720.68736785468,13497.201208533388
2025-08-31 16:15:00+00:00,134,2025,4459.263203099506,5632.355870451161,6484.189947463344,7335.298445431039,8542.809619379945,9105.055907265147,9769.224147713565,10293.615901169362,10664.488413712459,11143.26707043948,11674.317243991318,12041.588412688687,12449.866018594248,12742.98410110431,13041.70027400418,13327.963207758741,13747.582015102962,14100.31159292256,14524.351517235793,17425.664109885944,10584.845061645972
2025-08-31 16:30:00+00:00,135,2040,2805.7933884083227,4073.9615243854028,4907.2129492413615,5264.921508689559,5874.690968009566,6797.11677780101,7072.998110778261,7500.994370855774,7818.034479215456,8095.3184587649885,8444.151787470233,8841.614698817277,9088.197138544714,9436.630269141802,9717.083280786772,9982.168541092977,10189.390567284645,10532.031905686992,10815.298435895818,13363.300442263657,7710.1779879441665
2025-08-31 16:45:00+00:00,136,2055,2352.2720282848886,2992.579282321675,3400.9505888950366,3650.731547414435,4040.1435897165766,4453.3940033972285,4668.827895027853,4890.242466141411,5173.899604740741,5406.894888624417,5665.341796846983,5932.934760113034,6153.22749733208,6386.581753974646,6639.932931225425,6833.049998107173,7057.71715870382,7334.944564308457,7671.026967805943,9628.164078556245,5273.5950728407115
2025-08-31 17:00:00+00:00,137,2070,1352.5428686181833,1861.8185570777305,2170.9164112423,2294.918717068816,2467.3272933732283,2703.196114805628,2891.5497628368253,3040.3381299846674,3174.498073265381,3351.285579611631,3504.517061412569,3670.248756482265,3844.501457042112,3974.1189322323125,4089.806747042485,4219.446590217122,4419.223979342223,4668.924075454672,5078.935998027752,6312.880422919226,3297.3859372360266
2025-08-31 17:15:00+00:00,138,2085,692.3921760197096,1015.1602851510254,1160.8272916287208,1284.4885240686442,1339.4475984631583,1488.1296917605912,1554.4437752334968,1640.1332880253192,1711.8317562933466,1780.661025183205,1839.0552254199852,1970.330716983395,2062.130565747237,2205.145315563433,2270.9179550246336,2356.609121454034,2468.699362983983,2633.192884717211,2816.943827262459,3601.0174164190753,1806.4293387021594
2025-08-31 17:30:00+00:00,139,2100,312.65985640232583,510.256124763459,634.1551946565887,725.036192379025,787.0076755192925,827.5873644771547,902.1829195171291,935.5901578130157,979.5331856072397,1009.3737662592829,1045.7564630886222,1091.7149702520626,1161.5122751180525,1220.5956894964465,1300.5117418601055,1348.2123600300845,1413.5643058498415,1495.9781857371638,1653.206207358203,2091.132781235597,1021.7387493377506
2025-08-31 17:45:00+00:00,140,2115,160.82764082564992,198.28147656930105,250.15912991084735,272.75733944942573,287.2901785315828,297.7939389744678,321.51054521484883,338.4357926526359,363.2902276928846,378.65206765135196,392.2632121117619,409.7544148905637,436.07527373793323,457.5991564987572,478.26503142079866,498.1834465510585,526.5824023263708,553.0878133938554,594.250144907076,784.3616379585725,378.37471519281445
2025-08-31 18:00:00+00:00,141,2130,2.8354192462345966,3.696456194697275,4.7120165125277955,5.120017241300047,5.540094542036866,5.70229911460999,6.086978504488298,6.48106914234145,6.956928212416039,7.228581744376107,7.505786006472675,7.853308209143505,8.36421985690542,8.837139466333221,9.242665229501318,9.607507746619726,10.102029607765362,10.66846397138919,11.479141172288895,15.209489756700195,7.28646808339162
2025-08-31 18:15:00+00:00,142,2145,0.0,0.0,0.0,0.0,0.0,0.0,0.0,0.0,0.0,0.0,0.0,0.0,0.0,0.0,0.0,0.0,0.0,0.0,0.0,0.0,0.0
2025-08-31 18:30:00+00:00,143,2160,0.0,0.0,0.0,0.0,0.0,0.0,0.0,0.0,0.0,0.0,0.0,0.0,0.0,0.0,0.0,0.0,0.0,0.0,0.0,0.0,0.0
2025-08-31 18:45:00+00:00,144,2175,0.0,0.0,0.0,0.0,0.0,0.0,0.0,0.0,0.0,0.0,0.0,0.0,0.0,0.0,0.0,0.0,0.0,0.0,0.0,0.0,0.0
2025-08-31 19:00:00+00:00,145,2190,0.0,0.0,0.0,0.0,0.0,0.0,0.0,0.0,0.0,0.0,0.0,0.0,0.0,0.0,0.0,0.0,0.0,0.0,0.0,0.0,0.0
2025-08-31 19:15:00+00:00,146,2205,0.0,0.0,0.0,0.0,0.0,0.0,0.0,0.0,0.0,0.0,0.0,0.0,0.0,0.0,0.0,0.0,0.0,0.0,0.0,0.0,0.0
2025-08-31 19:30:00+00:00,147,2220,0.0,0.0,0.0,0.0,0.0,0.0,0.0,0.0,0.0,0.0,0.0,0.0,0.0,0.0,0.0,0.0,0.0,0.0,0.0,0.0,0.0
2025-08-31 19:45:00+00:00,148,2235,0.0,0.0,0.0,0.0,0.0,0.0,0.0,0.0,0.0,0.0,0.0,0.0,0.0,0.0,0.0,0.0,0.0,0.0,0.0,0.0,0.0
2025-08-31 20:00:00+00:00,149,2250,0.0,0.0,0.0,0.0,0.0,0.0,0.0,0.0,0.0,0.0,0.0,0.0,0.0,0.0,0.0,0.0,0.0,0.0,0.0,0.0,0.0
2025-08-31 20:15:00+00:00,150,2265,0.0,0.0,0.0,0.0,0.0,0.0,0.0,0.0,0.0,0.0,0.0,0.0,0.0,0.0,0.0,0.0,0.0,0.0,0.0,0.0,0.0
2025-08-31 20:30:00+00:00,151,2280,0.0,0.0,0.0,0.0,0.0,0.0,0.0,0.0,0.0,0.0,0.0,0.0,0.0,0.0,0.0,0.0,0.0,0.0,0.0,0.0,0.0
2025-08-31 20:45:00+00:00,152,2295,0.0,0.0,0.0,0.0,0.0,0.0,0.0,0.0,0.0,0.0,0.0,0.0,0.0,0.0,0.0,0.0,0.0,0.0,0.0,0.0,0.0
2025-08-31 21:00:00+00:00,153,2310,0.0,0.0,0.0,0.0,0.0,0.0,0.0,0.0,0.0,0.0,0.0,0.0,0.0,0.0,0.0,0.0,0.0,0.0,0.0,0.0,0.0
2025-08-31 21:15:00+00:00,154,2325,0.0,0.0,0.0,0.0,0.0,0.0,0.0,0.0,0.0,0.0,0.0,0.0,0.0,0.0,0.0,0.0,0.0,0.0,0.0,0.0,0.0
2025-08-31 21:30:00+00:00,155,2340,0.0,0.0,0.0,0.0,0.0,0.0,0.0,0.0,0.0,0.0,0.0,0.0,0.0,0.0,0.0,0.0,0.0,0.0,0.0,0.0,0.0
2025-08-31 21:45:00+00:00,156,2355,0.0,0.0,0.0,0.0,0.0,0.0,0.0,0.0,0.0,0.0,0.0,0.0,0.0,0.0,0.0,0.0,0.0,0.0,0.0,0.0,0.0
2025-08-31 22:00:00+00:00,157,2370,0.0,0.0,0.0,0.0,0.0,0.0,0.0,0.0,0.0,0.0,0.0,0.0,0.0,0.0,0.0,0.0,0.0,0.0,0.0,0.0,0.0
2025-08-31 22:15:00+00:00,158,2385,0.0,0.0,0.0,0.0,0.0,0.0,0.0,0.0,0.0,0.0,0.0,0.0,0.0,0.0,0.0,0.0,0.0,0.0,0.0,0.0,0.0
2025-08-31 22:30:00+00:00,159,2400,0.0,0.0,0.0,0.0,0.0,0.0,0.0,0.0,0.0,0.0,0.0,0.0,0.0,0.0,0.0,0.0,0.0,0.0,0.0,0.0,0.0
2025-08-31 22:45:00+00:00,160,2415,0.0,0.0,0.0,0.0,0.0,0.0,0.0,0.0,0.0,0.0,0.0,0.0,0.0,0.0,0.0,0.0,0.0,0.0,0.0,0.0,0.0
2025-08-31 23:00:00+00:00,161,2430,0.0,0.0,0.0,0.0,0.0,0.0,0.0,0.0,0.0,0.0,0.0,0.0,0.0,0.0,0.0,0.0,0.0,0.0,0.0,0.0,0.0
2025-08-31 23:15:00+00:00,162,2445,0.0,0.0,0.0,0.0,0.0,0.0,0.0,0.0,0.0,0.0,0.0,0.0,0.0,0.0,0.0,0.0,0.0,0.0,0.0,0.0,0.0
2025-08-31 23:30:00+00:00,163,2460,0.0,0.0,0.0,0.0,0.0,0.0,0.0,0.0,0.0,0.0,0.0,0.0,0.0,0.0,0.0,0.0,0.0,0.0,0.0,0.0,0.0
2025-08-31 23:45:00+00:00,164,2475,0.0,0.0,0.0,0.0,0.0,0.0,0.0,0.0,0.0,0.0,0.0,0.0,0.0,0.0,0.0,0.0,0.0,0.0,0.0,0.0,0.0
2025-09-01 00:00:00+00:00,165,2490,0.0,0.0,0.0,0.0,0.0,0.0,0.0,0.0,0.0,0.0,0.0,0.0,0.0,0.0,0.0,0.0,0.0,0.0,0.0,0.0,0.0
2025-09-01 00:15:00+00:00,166,2505,0.0,0.0,0.0,0.0,0.0,0.0,0.0,0.0,0.0,0.0,0.0,0.0,0.0,0.0,0.0,0.0,0.0,0.0,0.0,0.0,0.0
2025-09-01 00:30:00+00:00,167,2520,0.0,0.0,0.0,0.0,0.0,0.0,0.0,0.0,0.0,0.0,0.0,0.0,0.0,0.0,0.0,0.0,0.0,0.0,0.0,0.0,0.0
2025-09-01 00:45:00+00:00,168,2535,0.0,0.0,0.0,0.0,0.0,0.0,0.0,0.0,0.0,0.0,0.0,0.0,0.0,0.0,0.0,0.0,0.0,0.0,0.0,0.0,0.0
2025-09-01 01:00:00+00:00,169,2550,0.0,0.0,0.0,0.0,0.0,0.0,0.0,0.0,0.0,0.0,0.0,0.0,0.0,0.0,0.0,0.0,0.0,0.0,0.0,0.0,0.0
2025-09-01 01:15:00+00:00,170,2565,0.0,0.0,0.0,0.0,0.0,0.0,0.0,0.0,0.0,0.0,0.0,0.0,0.0,0.0,0.0,0.0,0.0,0.0,0.0,0.0,0.0
2025-09-01 01:30:00+00:00,171,2580,0.0,0.0,0.0,0.0,0.0,0.0,0.0,0.0,0.0,0.0,0.0,0.0,0.0,0.0,0.0,0.0,0.0,0.0,0.0,0.0,0.0
2025-09-01 01:45:00+00:00,172,2595,0.0,0.0,0.0,0.0,0.0,0.0,0.0,0.0,0.0,0.0,0.0,0.0,0.0,0.0,0.0,0.0,0.0,0.0,0.0,0.0,0.0
2025-09-01 02:00:00+00:00,173,2610,0.0,0.0,0.0,0.0,0.0,0.0,0.0,0.0,0.0,0.0,0.0,0.0,0.0,0.0,0.0,0.0,0.0,0.0,0.0,0.0,0.0
2025-09-01 02:15:00+00:00,174,2625,0.0,0.0,0.0,0.0,0.0,0.0,0.0,0.0,0.0,0.0,0.0,0.0,0.0,0.0,0.0,0.0,0.0,0.0,0.0,0.0,0.0
2025-09-01 02:30:00+00:00,175,2640,0.0,0.0,0.0,0.0,0.0,0.0,0.0,0.0,0.0,0.0,0.0,0.0,0.0,0.0,0.0,0.0,0.0,0.0,0.0,0.0,0.0
2025-09-01 02:45:00+00:00,176,2655,0.0,0.0,0.0,0.0,0.0,0.0,0.0,0.0,0.0,0.0,0.0,0.0,0.0,0.0,0.0,0.0,0.0,0.0,0.0,0.0,0.0
2025-09-01 03:00:00+00:00,177,2670,0.0,0.0,0.0,0.0,0.0,0.0,0.0,0.0,0.0,0.0,0.0,0.0,0.0,0.0,0.0,0.0,0.0,0.0,0.0,0.0,0.0
2025-09-01 03:15:00+00:00,178,2685,0.0,0.0,0.0,0.0,0.0,0.0,0.0,0.0,0.0,0.0,0.0,0.0,0.0,0.0,0.0,0.0,0.0,0.0,0.0,0.0,0.0
2025-09-01 03:30:00+00:00,179,2700,0.0,0.0,0.0,0.0,0.0,0.0,0.0,0.0,0.0,0.0,0.0,0.0,0.0,0.0,0.0,0.0,0.0,0.0,0.0,0.0,0.0
2025-09-01 03:45:00+00:00,180,2715,0.0,0.0,0.0,0.0,0.0,0.0,0.0,0.0,0.0,0.0,0.0,0.0,0.0,0.0,0.0,0.0,0.0,0.0,0.0,0.0,0.0
2025-09-01 04:00:00+00:00,181,2730,0.0,0.0,0.0,0.0,0.0,0.0,0.0,0.0,0.0,0.0,0.0,0.0,0.0,0.0,0.0,0.0,0.0,0.0,0.0,0.0,0.0
2025-09-01 04:15:00+00:00,182,2745,0.0,0.0,0.0,0.0,0.0,0.0,0.0,0.0,0.0,0.0,0.0,0.0,0.0,0.0,0.0,0.0,0.0,0.0,0.0,0.0,0.0
2025-09-01 04:30:00+00:00,183,2760,0.23647626124528884,3.133310461500072,10.805449962207112,17.450500614963495,21.175999565298156,25.87181835540085,32.21140193937907,39.777027079871864,46.80980134489879,57.35375706654686,67.89250992752486,88.18140148981583,99.56253765770869,119.7259678764166,131.12590174792567,142.01459533341358,155.50544410028968,176.70091801767623,195.63680870331712,304.29119034414566,80.43049067150147
2025-09-01 04:45:00+00:00,184,2775,242.38149463481963,317.99491459717524,377.718783045526,442.32929243255876,468.859161017769,486.4280214388554,512.1728065892239,564.5952585392967,604.8021668151031,641.3993801223212,718.8826812049189,793.6508794130267,852.2098624158617,911.2985400683194,979.004664927137,1036.8905802516588,1086.4495777439502,1156.7725936367135,1235.008291783286,1675.1650033813671,713.4862120785831
2025-09-01 05:00:00+00:00,185,2790,653.584602461772,844.3787304200796,980.6926555327135,1127.9733230003892,1224.2080344417525,1272.235855529222,1408.9405403319086,1548.4628354465838,1646.3417215391705,1823.8712496205933,1957.4386927519654,2050.688294871428,2200.8848466242825,2336.624216421427,2456.9046105712773,2576.323385439603,2697.113199958441,2860.591688663934,3035.2893431386706,3879.876165636631,1854.4598587718024
2025-09-01 05:15:00+00:00,186,2805,1186.9662566910636,1680.4812238339957,2009.612430269716,2227.020689451248,2498.939921993577,2734.0733860823557,2943.3451577288524,3208.4205598858625,3424.9519122368715,3624.784271531077,3811.1867687331114,3983.6852089418626,4236.55238152418,4483.024247498065,4713.697745299233,4889.318406487261,5131.478168933375,5368.88893081872,5610.102746426832,6943.114987464904,3563.044303682159
2025-09-01 05:30:00+00:00,187,2820,2336.04631281821,2978.8479302451624,3453.754487309811,3953.9756663419366,4328.180046634351,4683.664557625322,5123.341374058471,5381.79576673401,5778.089908588567,5971.287988934985,6278.123826664092,6679.547293511111,7134.90348762149,7406.312286116278,7666.808737737098,7931.82514241825,8220.825593463267,8455.93027207682,8696.036243528677,10648.417318059286,5905.663025306602
2025-09-01 05:45:00+00:00,188,2835,2192.4058284276016,4389.545382136521,4988.3553789079715,5874.61717833908,6287.496198514719,6872.53128292013,7407.150271092471,8006.1772044453555,8373.69709503338,8882.359598267201,9255.110284468044,9955.637434111728,10269.2190954047,10580.598019666051,10936.356351824685,11327.398206030166,11648.111423935876,11947.7061031627,12280.046766168703,14675.583424022774,8459.214791259627
2025-09-01 06:00:00+00:00,189,2850,2697.677563365196,5766.557370653404,6554.936282613696,7752.271932288764,8373.425181174603,9466.665077304506,10491.033233862692,11081.932944308397,11800.877651926095,12356.099609577583,13037.169459726154,13394.726534217329,13798.728137626045,14236.09848361427,14739.940220360179,15100.90353236955,15363.86016813117,15666.02379827666,16040.771816296781,18991.34858868252,11387.974781010893
2025-09-01 06:15:00+00:00,190,2865,2628.3636004959835,4163.25718028712,7320.486906762824,8803.560388831069,9912.429409166576,11165.690753353825,12389.063923977077,12890.258524214862,13800.548832221879,14534.526499823594,15482.62199181684,15853.832738483348,16329.629559265284,17272.00851332218,17805.476129057104,18251.318583890625,18533.629965566124,19001.309710155725,19672.350092239114,23495.64768392631,13362.3223065925
2025-09-01 06:30:00+00:00,191,2880,2769.352548927596,4537.023932632277,8162.059170747177,10281.788416471842,11694.369208852351,13363.442474178384,14878.53038767791,16361.37417226546,17407.79081442516,18736.302163203643,19380.010941339475,19818.593000415436,20753.257750739664,21489.565104000045,21871.53596598861,22194.466015057387,22630.0657762713,22936.569241829726,23754.86766216788,28168.582598839257,16338.34324594339
2025-09-01 06:45:00+00:00,192,2895,3127.3852293900045,6932.221116472364,10491.756717941285,12783.191745999542,15450.728139291688,17625.04369053621,19534.914065730005,20970.18259365465,22209.242524482106,22885.03596989604,23495.912617928327,24530.806797522684,25268.195272581645,25538.769489490212,25904.054961920538,26264.44490028547,26619.1813802047,26906.12322972968,27905.982355788885,32982.48395778329,19994.66467247417
2025-09-01 07:00:00+00:00,193,2910,3483.8558578850552,9664.404916838379,12245.038731118317,14942.363565268828,18869.142617115154,22383.03210436694,23879.48130727232,25179.50647348257,25841.84738858323,26413.541700952406,27185.264915903306,28465.14208915297,29010.686483318754,29323.85502894638,29806.68678562811,30331.13562822007,30617.232503198244,31395.396707928423,32306.92068325722,37666.86592586329,23452.541359386436
2025-09-01 07:15:00+00:00,194,2925,3693.865655509737,9880.153999984888,13698.634343365611,16408.95680047187,22386.233164613128,25759.77550432475,26937.569220273188,28402.053561577177,29099.952196796774,29607.313620214038,31132.201487087692,32075.714695139784,32530.523697632885,32800.92211837348,33456.61074772236,33948.193643787905,34286.23247901451,35178.24275295807,36182.14193071196,42275.5040251787,26381.19843815419
2025-09-01 07:30:00+00:00,195,2940,4138.912714682892,12318.138354926386,16357.276793480512,21541.665978616,26696.19151414546,28882.67196767274,30191.778905775984,31520.298799126893,32246.08052455723,32867.589455023175,35016.10722851005,35698.247928271674,36101.81166757762,36469.52621410264,37112.694190202536,37582.467998263724,37954.9798476821,38837.4986072874,39953.59034209477,46764.26034690885,29681.950514378954
2025-09-01 07:45:00+00:00,196,2955,4018.488343283681,14824.347048189995,18840.348855271906,23944.638053988143,29278.340450296473,31580.869546373793,32928.17912590452,34133.01916323699,34847.94462949556,35569.753388022196,37530.57761702466,38493.39346180759,39055.28892665698,39479.80761191487,39911.72911375972,40593.30892591679,41064.363726796284,41565.71542177527,42987.77981836421,51094.952853105046,32197.796766158208
2025-09-01 08:00:00+00:00,197,2970,4329.773433407023,16392.687160312216,20780.751674264196,25483.291870611745,30546.46472763152,32906.04670727469,34706.82990391176,35988.37891900971,36924.69329391468,37763.10274985195,38853.802344140895,40974.339400115525,41835.4393099225,42370.18384645184,42921.778059638134,43574.287803091145,44055.152308652985,44512.06864814938,45918.916763174086,55234.055014111036,34293.734073438405
2025-09-01 08:15:00+00:00,198,2985,4358.9049709817955,16189.583877109157,21011.645898872466,26430.91509562633,31743.90024849429,33923.797675337955,35608.06517955964,37179.28050830784,38578.855385778945,39731.075149728335,40602.1118514101,42330.564719213005,44286.67247692267,45003.21934948052,45666.88853738557,46359.15750312059,46917.48574043918,47452.010887587916,48805.86687450798,59151.79517938887,35939.45429113185
2025-09-01 08:30:00+00:00,199,3000,4303.087423296376,9614.833521288614,21568.985374074542,27633.958067100983,32477.00014560647,35512.68357399303,37118.13699265257,39046.63158288251,39948.598499997206,41773.973208081225,43022.092704822135,45543.957206714265,46740.51646802112,47484.006691833645,48238.67751896995,48867.78947538554,49593.35562008861,50170.77661857292,51629.41266024022,62821.54460621261,37414.5040896978
2025-09-01 08:45:00+00:00,200,3015,4442.054654984836,9797.976334109473,21378.861194355508,27823.81820091251,31816.789684110758,36516.90174931627,38418.42742640368,40201.56827060322,41346.26151038906,43245.848387343874,44843.9373998698,46838.12158205866,48358.59356424918,49563.81629399382,50447.91628113334,51079.650789937055,51908.44779145398,52463.26644892639,53935.266045659,66158.31357358364,38669.00347930511
2025-09-01 09:00:00+00:00,201,3030,4395.293657249082,8380.407081559784,20592.06861174796,26943.102260810683,32133.29730891795,37071.0368757426,39237.54755306706,40754.92928563095,42601.6135474279,43708.15317457622,45656.727179725094,47241.62970856171,49697.06232273165,50721.40744108386,51865.56788465736,52727.744365788305,53304.96750418551,54368.09041411844,55963.34460798462,69011.72149271065,39389.30061559731
2025-09-01 09:15:00+00:00,202,3045,4680.42180333635,9109.11206360343,21592.34596805105,27915.386111635253,33436.455452415365,37809.11738878656,40418.011235216414,42260.26832113697,44261.378208721144,45489.713197504294,47603.2196185342,49394.07082579546,51666.842374064036,52567.193998852876,53588.52101836171,54301.44595615972,55057.63814875698,56028.76005938623,57748.23336523617,71792.6414196196,40830.17788254534
2025-09-01 09:30:00+00:00,203,3060,4788.316422159622,9918.527181989211,23409.97392636522,29685.539620938234,34295.766369893405,38698.294109199494,41178.489410177805,43259.15125600032,44788.99702199295,46469.86561697207,48403.12219410349,50521.43277705235,51866.23846676228,53683.629574789185,54400.35841366542,55350.58187742744,56075.01919383102,56937.82465553593,57851.264829506,74244.68038788493,41686.06396417109
2025-09-01 09:45:00+00:00,204,3075,4923.531102848438,10062.613514200042,22969.361725965737,29693.692567650014,35206.818003390836,39652.81497720896,42437.583265629764,44843.603677765146,46366.946720082284,48472.83311697566,50758.04510810312,52462.62097800732,54534.495527385654,55255.35990392071,55802.00206246907,56549.471563565734,57386.08201213708,58063.27465685246,58907.53410734159,76353.57463562698,42792.82008038194
2025-09-01 10:00:00+00:00,205,3090,5736.953074715989,10596.862079964629,24283.023781786953,29789.08292416771,34587.18184169903,39910.164758223116,43069.32442617196,44597.40243364025,46813.34031319343,49017.520548519475,51125.94588154879,53535.41199794954,55376.80901939801,56387.290859004344,56907.326883356836,57473.17695229557,58192.52472114418,58849.498098115044,59610.87748958017,78107.22403270162,43381.495374996186
2025-09-01 10:15:00+00:00,206,3105,6277.295106512552,10511.427411541608,22905.60078027319,28622.69932466469,33089.90277113678,39125.380772117394,42100.8702523802,44631.956475754414,46858.59839681456,48190.92364306351,51161.440139959566,53507.22820142893,55647.1756764004,57255.68570775889,57696.850551703996,58179.07916585802,58824.78968729419,59563.86180832635,60412.84272293818,79495.69002144855,43313.064273840784
2025-09-01 10:30:00+00:00,207,3120,6943.241582369777,10473.007050600098,22255.967892418896,27792.1146191175,32856.99890387012,37323.858193905115,41846.19537723902,44487.23328378777,46796.7416005426,48263.01283817674,51073.86801828426,53001.224397885846,55704.05667556385,57743.52168909161,58247.46668780675,58723.097936498205,59291.47652073766,60061.116256693414,60780.544052458914,80511.20678723516,43285.507711347236
2025-09-01 10:45:00+00:00,208,3135,8032.992770880592,10678.65503090089,23642.545483868395,28607.180826994845,33401.55669740559,39904.2059275824,42677.304800128615,44867.61854675988,47753.55826766601,50549.74875981879,52105.430278724845,54555.637131505544,57550.59203599164,58248.146298734355,58681.3249039651,59127.257714671316,59717.265656460804,60446.26590689091,61264.96493595775,81148.19891501698,44198.16738082227
2025-09-01 11:00:00+00:00,209,3150,7980.184456714514,10778.181655266191,23737.64671073605,28700.817059524947,35338.60551000469,41045.56431367243,43709.114417332625,46602.574112142385,48256.995195993186,50653.2861180849,52701.751429231175,55764.17088832079,57653.74225190753,58336.407849839474,58751.03235655729,59177.2435801215,59763.582530629974,60422.19843318291,61158.6658234016,81403.2999670834,44645.19620383326
2025-09-01 11:15:00+00:00,210,3165,6931.529154851976,10261.796512028914,22153.583316451164,28424.62666375042,33089.880161099645,39909.33000700439,42808.345665847984,46455.65219470266,48366.269714864815,50464.781799793745,52397.50410786002,55621.85205377956,57353.47047971946,57984.02865401628,58428.44428967631,58832.1135315446,59318.955425980515,60164.03893834618,60926.864321000445,81275.36792725958,44113.54367342352
2025-09-01 11:30:00+00:00,211,3180,9350.022131807851,15944.114266767789,26422.89397536763,31766.44320892538,37985.68783150794,41370.69073219376,45147.2432450381,47467.79166752095,49747.8017721186,51155.40244363431,54439.39845988069,56119.49465373477,57269.932185222555,57800.76852376949,58293.090592104854,58814.79716632847,59357.29162982289,59899.52734839316,60654.14019417471,80765.49477661571,45557.29767069381
2025-09-01 11:45:00+00:00,212,3195,7762.492962672497,10291.51088413152,21222.060511995354,29028.00388874087,34108.5098861958,39764.35693784677,42889.31769006669,46077.59342225351,48444.32026808096,50264.76139633756,53080.00064809385,54994.21929864542,55869.386211948804,56697.04003480307,57164.925613855434,57630.2457047347,58185.63567647783,58867.675763189145,59604.066019169986,79877.0089968237,43687.04666821413
2025-09-01 12:00:00+00:00,213,3210,8200.072266647145,10338.625695967765,25434.442103674784,31624.704490099244,37150.84447372031,41010.83286338547,44892.12897352178,47085.07762183214,48689.53512806097,51222.14360909089,53353.46642420381,54548.820732675005,55281.93444249602,55826.909655263,56231.60382029847,56676.93330123135,57219.2365022713,57792.22837792383,58647.92498264272,78615.47171025253,44117.50203573447
2025-09-01 12:15:00+00:00,214,3225,7691.701728674907,11234.59884927264,20064.40058384426,26838.208362151327,30739.110740370998,35839.61169699223,40239.374756575926,43783.925330320795,45484.52173004135,47661.05138438623,50393.346097508096,52122.80795436633,53332.49144687168,54036.95698960925,54576.977175132495,55077.54713548385,55821.35465285207,56497.479761550814,57716.856492428014,76988.66871944528,41522.23951084548
2025-09-01 12:30:00+00:00,215,3240,6296.581241502746,9355.900783826135,18009.202672044332,24429.87492903405,28936.379936704438,32402.373648080767,37219.01885555828,39839.48834580936,43504.883594647035,46195.031905819334,49030.603502355174,51059.77487912451,52497.944830303015,53112.09215567728,53611.508180852965,54180.011422726784,54741.80671207481,55322.13745370642,57284.17749313438,75006.60232125821,39916.71804622816
2025-09-01 12:45:00+00:00,216,3255,5802.466453894111,12520.494154629532,18782.9046832416,25308.53833252881,29461.67715441472,33188.66955508061,37983.78207512841,41446.23598846133,43405.593476651506,46124.014724695575,48290.09449238077,49694.50760583925,50720.753271474525,51258.59769683303,51794.8425773421,52376.63775852361,52915.807644010245,54048.79202576722,55054.52789165938,72681.48806957909,39495.12723880849
2025-09-01 13:00:00+00:00,217,3270,5453.814312195766,13799.230436109394,18559.716815649757,24905.857774479813,28816.778021087226,33752.23243375185,36436.68279847423,39864.752004031405,42009.97692849483,44302.866102573906,46323.77245232725,47571.008356628095,48670.224465701176,49197.703228750106,49779.77515665994,50365.85698807238,51012.34784841862,52091.821779766164,53179.178335036944,70027.76251132227,38602.21114503522
2025-09-01 13:15:00+00:00,218,3285,6056.133363271712,14079.822852078221,17818.971018063887,22708.2712886724,27492.657702114087,32286.837188961206,35247.01255605836,38831.04668806243,40732.17210400665,42744.981249265686,44411.39202480819,45620.15019274863,46691.52105651696,47184.74750737076,47706.86562196856,48284.972004857875,48891.84181950724,49888.15638974258,51034.07552220961,67062.10950620206,37038.60997926321
2025-09-01 13:30:00+00:00,219,3300,6964.22333543993,14636.077171796933,19734.296677338873,24062.82794194324,28703.754208971823,32671.85024304294,35724.74254929779,38495.57698728192,39625.17741709485,41436.73053951864,42689.73465262961,43798.689470682286,44897.27096307447,45329.325452888894,45918.76270511907,46360.28798674346,46852.57114028819,47860.388197661574,48916.09989754067,63917.83862270356,36320.81764963248
2025-09-01 13:45:00+00:00,220,3315,15700.951951051537,20330.06460738534,25242.38711542237,29344.707020624875,33382.83362154496,35701.601216505755,37028.22519613593,38452.41873970481,40053.88739840013,40756.27387469114,41720.79003855519,42669.44138233862,43289.47434582861,43689.43600155177,44059.83213764121,44425.65134162391,44987.66180124273,45948.04581485992,46921.46913954968,60505.62935942037,37308.10037846164
2025-09-01 14:00:00+00:00,221,3330,15482.779311141816,21684.926479030164,27697.341588541665,30424.971967961974,32151.54503205166,34277.069272873305,35174.01622137046,36827.62048881113,37995.147159829554,38469.8049349068,39362.766361834074,39948.602807459065,40660.97013370161,41151.72584722782,41574.11514963906,41903.51575072783,42294.457674904166,43191.56320266112,44171.09082694628,56710.694537538686,35535.690633738785
2025-09-01 14:15:00+00:00,222,3345,17010.221547238045,21415.848628904514,25800.41644449677,27983.132118205132,29810.25077526929,31130.210998172195,32456.251806536595,33824.23503619892,35063.50111287443,35655.78252031807,36453.34656623832,37053.21901452354,37851.50290541171,38293.21882976352,38668.197316252415,39003.56544426425,39453.81151980665,40366.73149296896,41351.929861117314,52695.14679205138,33412.478138455685
2025-09-01 14:30:00+00:00,223,3360,13131.342190794458,19252.060789042338,23595.05319808667,24705.56240941865,27026.814834326335,27921.978850387834,29345.87134989618,30371.059411096496,31851.174493565868,32489.655485901854,33232.14067398002,33934.212081216094,34664.2936759569,35117.643036031586,35562.3104101321,35911.30531640118,36323.35267920137,37178.918422854666,38221.672091038665,48488.789955427135,30197.07092068642
2025-09-01 14:45:00+00:00,224,3375,14254.41775975983,17516.974746233547,21092.85291997858,22327.48697679237,24055.66841005649,24994.954837847872,25916.255642014814,27288.80386748031,28136.714555658888,29456.057348021724,30014.5659510686,30805.53697064578,31467.07601511838,31960.94494604528,32444.71201272144,32845.679852602,33161.48199152164,34087.10387759798,35332.460224903814,44124.86307909094,27492.56550717557
2025-09-01 15:00:00+00:00,225,3390,12690.760967670905,15685.540205365249,17420.153309747482,19799.44977118821,20397.734428565236,22039.24354240754,22608.70393971503,23491.67473376801,24744.817669882177,25931.651776442304,26724.518968922966,27407.2943363765,28174.455748165165,28673.21222875243,29232.63497610635,29639.038417002248,30015.267836966923,30832.070857042923,31768.828036826326,39640.68753080903,24389.141600136478
2025-09-01 15:15:00+00:00,226,3405,9833.621667542435,13003.866203426966,14530.32700129567,17177.16094883214,17784.10445822006,18771.6827332025,19710.791543104486,20130.7199978535,20882.111440081404,22020.39038466442,23146.004707491233,23776.060539303573,24499.673120102638,25070.612062615826,25546.306185716207,26018.216311860273,26328.74258382189,26947.64155241597,27994.99233020474,35078.57560024175,21074.000087697284
2025-09-01 15:30:00+00:00,227,3420,7547.917675863249,10623.739130133508,11866.422909215462,12828.733713028889,14901.167345341653,15576.397440343468,16403.817568563158,17260.60207233713,17918.116472546168,18778.666224099572,19403.598138581237,20380.974457369786,20816.619829682473,21609.14692985088,22129.335114080623,22586.999332252064,22929.042320009918,23463.461684901726,24492.176763287283,30487.078357526225,17870.64466545717
2025-09-01 15:45:00+00:00,228,3435,5772.953719883766,8224.775314763932,9188.297608071784,10054.930703134021,10854.159059547976,12545.217900254009,13203.223177381138,13753.151319735727,14479.061695612303,14883.979857299175,15518.810346266073,16250.68492595684,17173.95207311921,17684.40620184488,18261.393983816528,19002.81705051404,19371.247480517675,19789.194500097037,20696.54557459495,25855.49728328116,14484.204433652694
2025-09-01 16:00:00+00:00,229,3450,4419.953676174239,6393.835267500296,7174.969335141185,7699.623243111395,8436.380288431243,9074.76699540677,10083.019679250052,10600.876531851543,10994.444975910374,11545.288788551521,12061.987454717571,12479.30485364046,13189.726812982079,13721.406313548245,14433.48167681851,14975.750632465137,15630.168176576566,16067.71498843609,16970.49970986281,21303.7560029771,11336.833472133394
2025-09-01 16:15:00+00:00,230,3465,3488.3761747700814,4721.721972842224,5510.240034891579,5858.525940188315,6257.445487693195,6679.414103207417,7053.008855098599,7692.140091351987,8415.326460961669,8696.969769011435,9092.08932327454,9557.496902197538,9905.273083282365,10479.193643720273,10981.731346268962,11516.423714273713,12335.818001578864,12940.107659364317,13656.902454216659,17019.757158952616,8656.271689667848
2025-09-01 16:30:00+00:00,231,3480,2186.64454318056,3489.060888021683,4164.409588924736,4528.532509418743,4837.245773157623,5118.046852662398,5288.981087585259,5811.690882380851,6311.432896080627,6614.1610229453145,6942.686103928133,7262.089779116522,7526.671834510744,8012.261324989876,8358.159278945948,8691.693308070082,9342.554107371081,9669.446179146373,10249.095413917037,12975.731820683099,6536.58309716045
2025-09-01 16:45:00+00:00,232,3495,1902.0275142329904,2785.528074597333,3229.2239736864244,3432.2223459800985,3683.6513091520733,3890.569549704791,4192.017554993938,4456.079529859152,4663.923529504627,4821.290209658365,5002.190972668931,5205.652794295364,5359.724279742721,5651.5672634323055,5889.359887517029,6139.782025848959,6334.985424550402,6685.042765434573,7090.471756606987,9268.258350351918,4823.927306840039
2025-09-01 17:00:00+00:00,233,3510,1235.4923814891704,1795.7909290189552,2030.6237006402903,2164.3331057899177,2312.076728601039,2468.989672105732,2645.7240012544594,2769.7411471386326,2912.794669538289,3033.5233052165136,3153.0659770823763,3323.778895031391,3419.5029872109767,3617.744223558571,3750.1336003812303,3958.6880413910044,4091.399675159484,4357.434894652868,4653.704795699112,5987.765268026597,3065.4186545647503
2025-09-01 17:15:00+00:00,234,3525,551.9386966697507,740.5718380077774,993.7627785841048,1108.4610772029519,1206.5671448789844,1280.610733225653,1384.6743337211087,1479.0993964195075,1570.7205776788583,1653.7033044435254,1718.4230527572768,1801.4286151911892,1894.778539803798,1947.30265867285,2060.8257936765767,2217.809259457217,2311.117717566268,2457.2833519265205,2613.608633433295,3351.892411077135,1651.4734526351676
2025-09-01 17:30:00+00:00,235,3540,245.76626094242712,381.7291768254349,496.23177225540724,606.4385488463928,680.5811058471537,725.2402697962042,781.3075398651235,833.4797120131591,869.6831506314923,923.6061997441674,966.9227623723633,1012.5953317404785,1069.2212896311773,1102.8460286974582,1166.7903740543154,1241.602440235883,1301.0621583012248,1384.9679476698327,1543.8218960037625,1916.072121797572,924.9700293035097
2025-09-01 17:45:00+00:00,236,3555,84.71097186422648,126.0507477214875,176.4901717519281,195.45549306248824,210.33701495305104,226.71284589736666,242.33527954002398,258.03165423605725,269.42540639741947,283.77163693621657,294.4840775327071,305.2423608558631,319.6613060186893,333.1803094673422,345.16993964665306,368.5999489049905,392.84009493034307,423.13086947769966,456.023768809013,587.3384826782323,283.25350816451686
2025-09-01 18:00:00+00:00,237,3570,0.01455158470214234,0.021668686360611665,0.0301763165470861,0.033109584955659986,0.036320618399409164,0.03896052755936418,0.04133408827947885,0.04411944364378776,0.04598755190533699,0.04847212377936234,0.05085386133502289,0.05287986640448999,0.05556841642211821,0.05789860218439184,0.05966097945248379,0.06381089938343372,0.06856470305149615,0.07408014055771643,0.08265614482229644,0.10288053029567752,0.049115506843497206
2025-09-01 18:15:00+00:00,238,3585,0.0,0.0,0.0,0.0,0.0,0.0,0.0,0.0,0.0,0.0,0.0,0.0,0.0,0.0,0.0,0.0,0.0,0.0,0.0,0.0,0.0
2025-09-01 18:30:00+00:00,239,3600,0.0,0.0,0.0,0.0,0.0,0.0,0.0,0.0,0.0,0.0,0.0,0.0,0.0,0.0,0.0,0.0,0.0,0.0,0.0,0.0,0.0
2025-09-01 18:45:00+00:00,240,3615,0.0,0.0,0.0,0.0,0.0,0.0,0.0,0.0,0.0,0.0,0.0,0.0,0.0,0.0,0.0,0.0,0.0,0.0,0.0,0.0,0.0
2025-09-01 19:00:00+00:00,241,3630,0.0,0.0,0.0,0.0,0.0,0.0,0.0,0.0,0.0,0.0,0.0,0.0,0.0,0.0,0.0,0.0,0.0,0.0,0.0,0.0,0.0
2025-09-01 19:15:00+00:00,242,3645,0.0,0.0,0.0,0.0,0.0,0.0,0.0,0.0,0.0,0.0,0.0,0.0,0.0,0.0,0.0,0.0,0.0,0.0,0.0,0.0,0.0
2025-09-01 19:30:00+00:00,243,3660,0.0,0.0,0.0,0.0,0.0,0.0,0.0,0.0,0.0,0.0,0.0,0.0,0.0,0.0,0.0,0.0,0.0,0.0,0.0,0.0,0.0
2025-09-01 19:45:00+00:00,244,3675,0.0,0.0,0.0,0.0,0.0,0.0,0.0,0.0,0.0,0.0,0.0,0.0,0.0,0.0,0.0,0.0,0.0,0.0,0.0,0.0,0.0
2025-09-01 20:00:00+00:00,245,3690,0.0,0.0,0.0,0.0,0.0,0.0,0.0,0.0,0.0,0.0,0.0,0.0,0.0,0.0,0.0,0.0,0.0,0.0,0.0,0.0,0.0
2025-09-01 20:15:00+00:00,246,3705,0.0,0.0,0.0,0.0,0.0,0.0,0.0,0.0,0.0,0.0,0.0,0.0,0.0,0.0,0.0,0.0,0.0,0.0,0.0,0.0,0.0
2025-09-01 20:30:00+00:00,247,3720,0.0,0.0,0.0,0.0,0.0,0.0,0.0,0.0,0.0,0.0,0.0,0.0,0.0,0.0,0.0,0.0,0.0,0.0,0.0,0.0,0.0
2025-09-01 20:45:00+00:00,248,3735,0.0,0.0,0.0,0.0,0.0,0.0,0.0,0.0,0.0,0.0,0.0,0.0,0.0,0.0,0.0,0.0,0.0,0.0,0.0,0.0,0.0
2025-09-01 21:00:00+00:00,249,3750,0.0,0.0,0.0,0.0,0.0,0.0,0.0,0.0,0.0,0.0,0.0,0.0,0.0,0.0,0.0,0.0,0.0,0.0,0.0,0.0,0.0
2025-09-01 21:15:00+00:00,250,3765,0.0,0.0,0.0,0.0,0.0,0.0,0.0,0.0,0.0,0.0,0.0,0.0,0.0,0.0,0.0,0.0,0.0,0.0,0.0,0.0,0.0
2025-09-01 21:30:00+00:00,251,3780,0.0,0.0,0.0,0.0,0.0,0.0,0.0,0.0,0.0,0.0,0.0,0.0,0.0,0.0,0.0,0.0,0.0,0.0,0.0,0.0,0.0
2025-09-01 21:45:00+00:00,252,3795,0.0,0.0,0.0,0.0,0.0,0.0,0.0,0.0,0.0,0.0,0.0,0.0,0.0,0.0,0.0,0.0,0.0,0.0,0.0,0.0,0.0
2025-09-01 22:00:00+00:00,253,3810,0.0,0.0,0.0,0.0,0.0,0.0,0.0,0.0,0.0,0.0,0.0,0.0,0.0,0.0,0.0,0.0,0.0,0.0,0.0,0.0,0.0
2025-09-01 22:15:00+00:00,254,3825,0.0,0.0,0.0,0.0,0.0,0.0,0.0,0.0,0.0,0.0,0.0,0.0,0.0,0.0,0.0,0.0,0.0,0.0,0.0,0.0,0.0
2025-09-01 22:30:00+00:00,255,3840,0.0,0.0,0.0,0.0,0.0,0.0,0.0,0.0,0.0,0.0,0.0,0.0,0.0,0.0,0.0,0.0,0.0,0.0,0.0,0.0,0.0
2025-09-01 22:45:00+00:00,256,3855,0.0,0.0,0.0,0.0,0.0,0.0,0.0,0.0,0.0,0.0,0.0,0.0,0.0,0.0,0.0,0.0,0.0,0.0,0.0,0.0,0.0
2025-09-01 23:00:00+00:00,257,3870,0.0,0.0,0.0,0.0,0.0,0.0,0.0,0.0,0.0,0.0,0.0,0.0,0.0,0.0,0.0,0.0,0.0,0.0,0.0,0.0,0.0
2025-09-01 23:15:00+00:00,258,3885,0.0,0.0,0.0,0.0,0.0,0.0,0.0,0.0,0.0,0.0,0.0,0.0,0.0,0.0,0.0,0.0,0.0,0.0,0.0,0.0,0.0
2025-09-01 23:30:00+00:00,259,3900,0.0,0.0,0.0,0.0,0.0,0.0,0.0,0.0,0.0,0.0,0.0,0.0,0.0,0.0,0.0,0.0,0.0,0.0,0.0,0.0,0.0
2025-09-01 23:45:00+00:00,260,3915,0.0,0.0,0.0,0.0,0.0,0.0,0.0,0.0,0.0,0.0,0.0,0.0,0.0,0.0,0.0,0.0,0.0,0.0,0.0,0.0,0.0
2025-09-02 00:00:00+00:00,261,3930,0.0,0.0,0.0,0.0,0.0,0.0,0.0,0.0,0.0,0.0,0.0,0.0,0.0,0.0,0.0,0.0,0.0,0.0,0.0,0.0,0.0
2025-09-02 00:15:00+00:00,262,3945,0.0,0.0,0.0,0.0,0.0,0.0,0.0,0.0,0.0,0.0,0.0,0.0,0.0,0.0,0.0,0.0,0.0,0.0,0.0,0.0,0.0
2025-09-02 00:30:00+00:00,263,3960,0.0,0.0,0.0,0.0,0.0,0.0,0.0,0.0,0.0,0.0,0.0,0.0,0.0,0.0,0.0,0.0,0.0,0.0,0.0,0.0,0.0
2025-09-02 00:45:00+00:00,264,3975,0.0,0.0,0.0,0.0,0.0,0.0,0.0,0.0,0.0,0.0,0.0,0.0,0.0,0.0,0.0,0.0,0.0,0.0,0.0,0.0,0.0
2025-09-02 01:00:00+00:00,265,3990,0.0,0.0,0.0,0.0,0.0,0.0,0.0,0.0,0.0,0.0,0.0,0.0,0.0,0.0,0.0,0.0,0.0,0.0,0.0,0.0,0.0
2025-09-02 01:15:00+00:00,266,4005,0.0,0.0,0.0,0.0,0.0,0.0,0.0,0.0,0.0,0.0,0.0,0.0,0.0,0.0,0.0,0.0,0.0,0.0,0.0,0.0,0.0
2025-09-02 01:30:00+00:00,267,4020,0.0,0.0,0.0,0.0,0.0,0.0,0.0,0.0,0.0,0.0,0.0,0.0,0.0,0.0,0.0,0.0,0.0,0.0,0.0,0.0,0.0
2025-09-02 01:45:00+00:00,268,4035,0.0,0.0,0.0,0.0,0.0,0.0,0.0,0.0,0.0,0.0,0.0,0.0,0.0,0.0,0.0,0.0,0.0,0.0,0.0,0.0,0.0
2025-09-02 02:00:00+00:00,269,4050,0.0,0.0,0.0,0.0,0.0,0.0,0.0,0.0,0.0,0.0,0.0,0.0,0.0,0.0,0.0,0.0,0.0,0.0,0.0,0.0,0.0
2025-09-02 02:15:00+00:00,270,4065,0.0,0.0,0.0,0.0,0.0,0.0,0.0,0.0,0.0,0.0,0.0,0.0,0.0,0.0,0.0,0.0,0.0,0.0,0.0,0.0,0.0
2025-09-02 02:30:00+00:00,271,4080,0.0,0.0,0.0,0.0,0.0,0.0,0.0,0.0,0.0,0.0,0.0,0.0,0.0,0.0,0.0,0.0,0.0,0.0,0.0,0.0,0.0
2025-09-02 02:45:00+00:00,272,4095,0.0,0.0,0.0,0.0,0.0,0.0,0.0,0.0,0.0,0.0,0.0,0.0,0.0,0.0,0.0,0.0,0.0,0.0,0.0,0.0,0.0
2025-09-02 03:00:00+00:00,273,4110,0.0,0.0,0.0,0.0,0.0,0.0,0.0,0.0,0.0,0.0,0.0,0.0,0.0,0.0,0.0,0.0,0.0,0.0,0.0,0.0,0.0
2025-09-02 03:15:00+00:00,274,4125,0.0,0.0,0.0,0.0,0.0,0.0,0.0,0.0,0.0,0.0,0.0,0.0,0.0,0.0,0.0,0.0,0.0,0.0,0.0,0.0,0.0
2025-09-02 03:30:00+00:00,275,4140,0.0,0.0,0.0,0.0,0.0,0.0,0.0,0.0,0.0,0.0,0.0,0.0,0.0,0.0,0.0,0.0,0.0,0.0,0.0,0.0,0.0
2025-09-02 03:45:00+00:00,276,4155,0.0,0.0,0.0,0.0,0.0,0.0,0.0,0.0,0.0,0.0,0.0,0.0,0.0,0.0,0.0,0.0,0.0,0.0,0.0,0.0,0.0
2025-09-02 04:00:00+00:00,277,4170,0.0,0.0,0.0,0.0,0.0,0.0,0.0,0.0,0.0,0.0,0.0,0.0,0.0,0.0,0.0,0.0,0.0,0.0,0.0,0.0,0.0
2025-09-02 04:15:00+00:00,278,4185,0.0,0.0,0.0,0.0,0.0,0.0,0.0,0.0,0.0,0.0,0.0,0.0,0.0,0.0,0.0,0.0,0.0,0.0,0.0,0.0,0.0
2025-09-02 04:30:00+00:00,279,4200,0.0,0.0,0.0,0.43139190029615404,0.9449536863630039,1.4585154724298544,3.5333685918098077,7.333301265846173,13.345840980830433,20.66140318310362,32.87870492011055,43.04162980342366,52.368923257279135,67.19951166456228,82.54967918182815,90.92132557327612,110.08101512061049,124.94534788448114,140.11161297586395,214.49627155262,44.115319170140744
2025-09-02 04:45:00+00:00,280,4215,64.48630412067101,74.95970898895705,114.04638303972953,137.57287825104729,171.88527078858831,195.98696421487438,225.28465711607814,264.20697559779404,311.3225889291127,336.64108550856304,364.5087350244765,394.70022310559057,435.64584586967464,494.26908653927205,571.0699400990723,627.1655452355095,750.5773275150941,886.8477982980608,1067.2097083139006,1512.880660426381,405.59225419183366
2025-09-02 05:00:00+00:00,281,4230,151.23135997089,255.88884537283872,312.18711680433233,386.402812919847,462.3473807928959,523.4396832818203,608.6368897542542,711.4127676951778,804.10131770333,857.8355631045536,929.4033021548397,1035.4952384993337,1144.351305148694,1341.0768391684676,1439.250614506278,1649.8279156349183,1870.3502815627457,2373.1615098693233,2674.4515568889756,3658.658349627478,1076.5085475674034
2025-09-02 05:15:00+00:00,282,4245,261.05380620927076,453.1744066768123,552.6903348298392,717.9939798736142,852.6307164546383,977.3740703488032,1158.4133819347155,1350.485326175073,1477.9839709113803,1599.4268178799225,1706.6696481411147,1892.278177674593,2079.3092808953706,2411.2412438827487,2611.7272446012576,2864.9538525982493,3383.3398520123,4323.265516285866,4876.1742351123285,6702.76578508156,1959.5411762201757
2025-09-02 05:30:00+00:00,283,4260,275.52458823672646,556.3476761304426,745.6490052621647,1063.579303040622,1252.8615545113885,1463.200555348662,1715.3610418673093,2079.12972577916,2267.5172228044385,2462.5396463333527,2692.4142453195523,2871.6410955839124,3281.396806593808,3740.9226745747096,4074.1621598951565,4689.858159916878,5538.044837305741,6764.7279159842665,7499.4918684152235,10377.628866876732,3004.2739573126546
2025-09-02 05:45:00+00:00,284,4275,313.58283533015725,648.5917123203147,932.8122704634593,1406.8979903338331,1683.2972546689666,2015.0118250844046,2399.6210632107754,2835.3863985257703,3104.383028806862,3344.770618240516,3687.7812124931806,3920.7487709425013,4556.011977123195,5178.863182435714,5650.318978704025,6587.789316226608,7676.398359006968,9286.828922043871,10334.231008835797,14412.134889071674,4124.157256957765
2025-09-02 06:00:00+00:00,285,4290,313.7253307385149,859.0177351609384,1312.6008223950148,1800.3438747096154,2172.553039727269,2629.5452597013395,3269.806180825827,3630.1412627941518,3976.1269454978587,4458.142235587449,4761.734751418169,5128.363154163469,5970.2481173631995,6729.62030061243,7347.859184871168,8583.796514489695,9829.683150403162,11813.40740155513,13341.14973334394,18726.125121749814,5341.126581510514
2025-09-02 06:15:00+00:00,286,4305,0.0,182.2191513157203,1188.3970066915845,1545.802057814462,2331.474747460745,3020.295704310506,3850.5517913398426,4745.804851246649,5505.714352393386,6704.940930193755,7377.270976475204,8109.476064356791,8649.185780587362,9670.80281032942,10895.675914218948,12846.886267353102,13943.74883089703,15135.229077802253,16158.510396313724,23231.97062027425,7162.0614659171815
2025-09-02 06:30:00+00:00,287,4320,36.35926812671492,377.38990221271536,1514.4729942173499,2105.7315028075095,2904.8912488112705,3803.664899352055,4659.92208572806,5899.319272130046,7017.644155684201,8277.032178443731,8937.4424888442,9757.39574428996,10315.829214101535,11824.905557073405,13320.560873147742,15373.506526946801,16687.346288388686,18173.389272758337,19699.64442315229,27882.568588348404,8714.75325527416
2025-09-02 06:45:00+00:00,288,4335,30.772129778783352,410.488750638453,1749.5581061253777,2226.746613427272,3341.373102482923,4085.047061360889,5204.29694088757,6149.916493873095,7651.866302823821,9134.74973426599,10298.703087101137,11095.830174743489,12160.280162548212,14376.929612457136,15993.7883977764,18635.653009210684,20387.914029154905,21549.578829848004,23457.505945286994,32721.022983358056,10184.363905365628
2025-09-02 07:00:00+00:00,289,4350,57.10986282735302,648.9772716489338,2146.675484139287,3041.3627922115243,4036.980585903635,5196.638907908769,6498.53370935114,7850.010235905245,8981.658030737912,10929.6472765911,12103.624009959129,13092.825246173648,14151.654574228109,16397.602992284545,17675.3770903138,20522.956334222086,22291.991519815074,24388.93474390491,27274.35374502141,37411.17582130852,11763.826060188192
2025-09-02 07:15:00+00:00,290,4365,111.39937244809181,1195.883473671262,2767.0253755056865,3589.0906167318913,4754.071572748125,5969.209045327665,7293.410459623366,8630.519802294271,9552.889694983354,10260.468514955843,12862.981758467575,14104.403160598064,15349.241412288591,16758.939707544672,19342.03281941499,21415.299008655707,24785.08998330496,27294.66247634139,30872.867076776125,42025.15671578972,12861.260649564707
2025-09-02 07:30:00+00:00,291,4380,117.08643060359448,1717.1761739070794,3233.8597263201405,4156.4950227542495,5245.363132304116,7055.212269106155,8367.902806524637,9867.634298979434,11025.00938489976,12420.414225408764,14247.109777817845,15575.164485950907,16887.141154497982,18283.46508143912,21171.53287133314,23877.282689802738,27235.187489015374,30258.98628889675,34127.811903727306,46518.53469359502,14365.255305479537
2025-09-02 07:45:00+00:00,292,4395,307.68706275576153,2966.046603946328,5003.10249528835,6229.694494101075,8223.510802216404,10032.108003167787,11415.45488375487,12643.244067617212,14601.030919480767,15521.29793970165,16757.706124557066,18025.157408585183,19414.507831428215,22200.18935409716,23933.25464687829,28531.052682698475,30103.213925462966,34423.08402109005,37353.70729196086,50852.960068909175,17099.396861621874
2025-09-02 08:00:00+00:00,293,4410,901.4559422358143,2725.170356271095,5037.496462039888,6576.178182595655,9016.407273616705,10866.285411801293,12322.846689933414,13673.355877004025,15633.59285431775,16745.60204743814,18283.550199887155,19451.36087890972,21341.994046549946,24178.311604401028,25948.228228083557,30484.972074980516,31960.02269367124,36960.097495150374,40491.198859965894,54994.81781153388,18442.58918260156
2025-09-02 08:15:00+00:00,294,4425,772.6242919812919,2414.3828014292194,3591.998486033129,6849.620708017341,9201.796993934266,10829.810893782229,12689.591106962569,14205.07327010664,15986.479176530209,17401.759148399924,18797.74555740585,20155.253685133506,21816.78070104906,24965.791236067293,27557.602020978382,31806.00420864451,33787.55861386431,39470.177374624225,43094.61327334629,58914.29748844492,19171.237642644504
2025-09-02 08:30:00+00:00,295,4440,1165.426891477341,2725.4321510248833,3816.6627621421794,6188.684045959442,8729.99737091222,10597.881607640116,12984.382414467047,14081.821504470403,16121.825608502582,17959.858858678574,19358.017273037192,20730.73086623139,22238.141293653094,24633.789858416192,28078.516650402908,31885.590502411305,35650.047242822184,42691.62679699272,45736.50089859635,62584.762824442914,19756.71244469777
2025-09-02 08:45:00+00:00,296,4455,1224.6706318593592,2805.5358144356783,3755.7413378170677,5659.110626066278,8467.389019067237,10548.906851957465,12817.46982932111,14521.80560415163,16010.864310214956,18390.398557231256,19613.657064758885,21515.914888579468,23459.83979843187,25780.797195350453,28994.95465016625,33551.51912463891,37433.181990035104,42827.4744864982,47540.031042078415,65982.33292515554,20360.777359907006
2025-09-02 09:00:00+00:00,297,4470,1378.8336463995913,3007.1479269132587,3803.642372502504,4750.0568164258275,8251.285487299278,10695.316103640453,13137.456714277043,15110.304613003324,15826.575975558697,18578.58983830812,20421.54994451166,22333.66274137605,23931.414457219904,26385.780017228622,29479.13566341251,32829.55899651965,38568.34813611759,41745.05291523316,48831.747209152774,68770.15601177188,20657.40864548312
2025-09-02 09:15:00+00:00,298,4485,1094.8020658986222,2798.02786722369,3927.691299398015,5815.9108931245355,8252.802419677688,11188.762451331462,13663.381029327771,15423.164279154591,16827.156474921743,19734.294255035016,21530.468702393784,23479.32354786126,25798.66110579973,28288.154473976974,31771.672322549748,36202.59690781067,40460.270588595056,45497.85909551763,50501.644987965665,71549.23104302332,21876.66580952757
2025-09-02 09:30:00+00:00,299,4500,1012.9915539124752,2743.5956570518842,3577.023788739674,5803.419548457983,9651.29313318904,11603.424993045162,13819.535553800886,15635.601711904505,17541.95335434154,20333.504986061635,22406.304532290866,24484.79733808593,26680.15707734089,29634.378986260588,33231.215999743814,37452.91186754436,41485.37594186507,45414.329421639544,51412.84568567393,73998.47661309566,22519.15903002492
2025-09-02 09:45:00+00:00,300,4515,565.205777419115,2350.1258751435,3425.1968201539075,5366.093215475564,8048.577589163687,11113.942867238684,13093.134799059655,15306.784755508043,16383.137808294894,19145.501332749816,21150.77615459096,23362.93724870145,25044.252028222727,26726.0141050854,28872.261066157593,32680.395962456543,35881.46168307012,41360.67405759412,45248.43323866092,76103.67366781457,20632.555493747066
2025-09-02 10:00:00+00:00,301,4530,888.6542705310563,3019.463283491375,4222.665654962463,6655.631115127567,9862.725641109688,11617.137886559363,12956.801707373827,14953.312025519757,16930.96238618694,19150.46997733433,21550.09752039924,24391.508164311497,26103.886885960404,28205.34355909034,30346.090535092357,34826.37059089275,37994.43488373461,43281.16788385221,46554.07315484473,77852.76907752086,21054.21430907595
2025-09-02 10:15:00+00:00,302,4545,1978.6859837756995,4056.8423961015487,5530.2230613405245,8047.327907314441,10899.554942384528,12618.527636892306,14914.63025902643,15827.266105688259,17515.33549387342,20375.235106426546,22202.421642610145,24749.817195183463,27116.218708401622,29359.130294929782,32284.935110521055,36439.53158864836,40152.499694492224,45800.04945697493,48073.928240417525,79235.87317615042,22385.92565542936
2025-09-02 10:30:00+00:00,303,4560,2602.1708010845578,5241.2942191979955,6249.172565581803,9079.115484214404,11448.097798067536,13163.005410670705,14975.751070531005,16507.65023628117,17462.94000726561,19062.55762203222,22173.4673972532,23672.848113599666,26228.658255659353,29083.04404868306,32033.63391722884,37122.36512653367,39894.0989033429,47216.812756514526,50603.71121288893,80245.2706921561,22630.2091848029
2025-09-02 10:45:00+00:00,304,4575,3302.4657643354285,5956.239171454077,6869.023953715494,9008.219432750246,11079.931898380783,13180.66148713576,14879.908722245398,16806.12951714061,17494.91949298009,19119.46706695567,20795.250687760712,23177.124316025867,24743.895990674828,27449.377346093774,31146.55651094666,37449.11965993295,40262.567921826616,48127.08159934558,51806.02966983892,80875.43822709867,22598.966888216488
2025-09-02 11:00:00+00:00,305,4590,2652.1027008550536,4572.77386835116,5990.39174752137,7437.6291768308065,9187.689347727053,11210.933672206746,13114.152291114375,14606.112871047619,16738.220322515866,17326.13783148077,19201.661247683027,21241.272162663485,23269.245449867933,26169.10753522837,29600.30728586197,33632.01425755047,38090.076131778944,42137.404217897536,50780.50967400622,81123.06268635517,20808.224550792547
2025-09-02 11:15:00+00:00,306,4605,3443.9569411815987,5123.429929936761,7012.899803564608,8573.35923369337,9999.55136508212,12082.340284916567,13892.800460391965,16522.83297516417,17323.71691788154,19107.506091710387,20949.589721746863,22875.582492209112,24684.154147130375,26659.000842331618,29837.587128935887,33937.161682633305,39192.971939248906,42582.708880151076,50930.78214303109,80987.05662897808,21702.468815967088
2025-09-02 11:30:00+00:00,307,4620,3183.5001894234993,5480.032751030093,6950.515902150969,8154.140019457962,10576.847510597694,12222.134901135112,13851.627089081634,16503.952218096674,17020.653278910624,18215.68182380714,20200.25151462532,22417.61210746995,24311.801136703543,26081.29641910676,29380.131973882482,33580.76029179294,38862.11466648468,42245.435399939335,50521.045163536735,80468.56784594369,21442.29325056884
2025-09-02 11:45:00+00:00,308,4635,2565.4510899923835,4120.849794339226,5706.759123473472,7205.573612142625,8633.845812776823,11155.940674621215,12814.714974803426,14829.838602526312,16383.449501485155,17085.64607483306,18996.85134637527,20724.360684031137,23025.187942641573,24935.511635594383,27853.771671434602,30364.940723677933,37612.18547459354,41527.29147782037,49054.239976345874,79570.98201462955,20158.589108365584
2025-09-02 12:00:00+00:00,309,4650,1222.6118660401537,2906.871155524519,4576.660498805609,5690.725900025371,6901.319386165709,8670.954359313766,11377.86947481898,13332.524126610506,15233.71825520226,15711.460514226099,17302.948498367477,19119.344422822833,21518.951037520816,23319.26028475463,26604.454329896882,29292.64691984928,36118.23372186513,40062.59291838366,47598.09206854644,78299.9191804138,18707.664827942444
2025-09-02 12:15:00+00:00,310,4665,322.43907135989264,1236.0643466408048,2668.1596435282627,4138.0601712235075,5532.759639859724,7079.366347061371,9825.309741642901,11283.779589837932,14166.809839183314,14785.291557957482,16434.912590563636,18223.62748323107,20832.31085885956,22470.065713346725,25590.203352200057,28482.054784328215,35294.61758700182,38668.93072381826,46135.874332352214,76663.22635548605,17496.61116370044
2025-09-02 12:30:00+00:00,311,4680,100.66565364527189,488.94746056274903,1982.5515810979857,3272.5158139050304,4717.33632966297,5990.490600399464,8204.358412486037,10180.764489686533,13090.632247069749,13770.197680454181,15392.319569797231,17022.58103881272,19259.59449637,20851.416752580433,24091.886467813354,27123.44547940711,33283.41114394056,36708.591500765855,43851.29770452034,74670.97014133778,16256.362807011896
2025-09-02 12:45:00+00:00,312,4695,0.0,357.5576869053252,1060.675151853784,2529.1940659975407,3783.323554404376,5164.70897156319,7394.353983328064,9272.265344363988,12011.29819401917,12814.005969049145,14434.207571519746,15985.535204193733,18122.32288494568,19563.997480629732,22967.577657323574,25358.882371888292,31224.62446290245,34326.99332177595,41929.33098389437,72335.43460293101,15146.337068700306
2025-09-02 13:00:00+00:00,313,4710,0.0,179.47949025640617,460.467872543075,1816.725280239131,3142.0970543838357,4589.35369465399,6435.535910628178,8292.048995492069,10772.53521471882,11805.755691872457,13040.07549366578,14742.06827579873,16878.615977563215,18191.05857518786,19833.228667769257,23278.29493715143,29198.25759703845,31819.07376432115,39202.347576188855,69671.13053618248,13936.832148730162
2025-09-02 13:15:00+00:00,314,4725,0.0,150.42722647562886,406.9593716260317,1684.4912936417156,2954.092285994518,4365.01874351169,6142.00354336539,7822.680633556526,10221.415242734955,11152.41300194184,12442.372769961257,14172.882647600267,16206.844001918254,17687.08035283667,19166.378094288593,22446.409082941565,27897.056317680628,30382.51600990357,37436.57252874154,66694.82394148853,13334.023516322199
2025-09-02 13:30:00+00:00,315,4740,0.0,122.14681812526264,354.2257725632618,1313.7121321027355,2652.374541848227,3941.1363963082076,5951.476367665907,7348.360738205707,9398.622372651806,10410.911783068044,11647.847156468888,13270.770942046105,15284.775089375182,16549.841982749866,18063.541816412606,21253.546734508123,26438.41591565104,29339.570950294376,36050.13977657302,63608.88984325415,12553.383373315675
2025-09-02 13:45:00+00:00,316,4755,0.0,161.32011989088232,394.74544488450755,1688.8858729783558,2888.090930631675,4079.700474391011,6069.3762782712765,7326.676399728405,9607.75657024263,10260.54946357812,11689.865800406322,13095.677772126493,14756.473853299809,15856.658575452511,17284.227200664212,20449.58480952844,25383.94865193347,27789.641356124575,34543.49172735135,60120.18220410782,12194.044371600185
2025-09-02 14:00:00+00:00,317,4770,0.0,157.69863475808955,383.65488754579997,1770.3642091327558,2727.5440588856736,3714.5862508633577,5481.7166391140745,6794.1731221811815,8856.730131494074,9561.43916593077,10815.898465010734,12226.165870709016,13787.895209954455,14878.016216243179,16191.547368201711,19296.62882374424,23830.1907091589,26098.073972340528,32449.968568891847,56315.40933757876,11416.755090781497
2025-09-02 14:15:00+00:00,318,4785,0.0,174.58807958856877,487.1274051181464,1640.1398216067855,2654.74646789641,3517.4516725306744,5106.609128421938,6422.219700127095,7977.511148010084,9010.10803588447,10051.144114059944,11442.410607696103,12992.158143888111,13930.01722515014,15223.109196251582,17975.44938663365,22152.190780627396,24313.6025611991,30303.44258495441,52290.47475707882,10671.569515119783
2025-09-02 14:30:00+00:00,319,4800,0.0,181.62972013345131,522.1342775425284,1643.2374581523623,2591.0320416227696,3349.186685890428,4728.50225327634,6034.127359693095,7299.484278935155,8487.449936498182,9581.754088391097,10836.295011486241,11994.969375182303,12934.3516981878,14042.380246339582,16285.71374450647,19788.773011996822,22318.766298055732,27162.476236314455,48075.38738254202,9824.800729040466
2025-09-02 14:45:00+00:00,320,4815,0.0,217.80232423984964,735.6542146039766,1746.2699498312688,2613.32013701413,3254.745227147216,4518.157024777662,5657.3902270137405,6944.149632343674,7942.739969564641,8826.447450727135,10058.014981929133,11103.217279522321,11995.236635592535,13127.034405225295,15240.779757088148,18819.001399304765,20790.172534612215,25761.394117097578,43703.65623456661,9264.103871480298
2025-09-02 15:00:00+00:00,321,4830,50.15529447454041,328.62379980222596,862.5614879096184,1397.6899728197377,2072.047416824325,2826.294839512698,3511.0965420553903,4814.388933273687,5688.851065461731,7139.495155730226,7767.82434232532,8987.036844135413,9983.499373944618,10787.34794053734,11748.9339246077,13845.085032284618,16454.27546666821,18758.08013347812,22513.85167387324,39212.96612735926,8195.529536759288
2025-09-02 15:15:00+00:00,322,4845,59.722269427779345,351.6614642908041,776.0417928659658,1097.8404232687508,1808.06594918647,2525.976683051394,3180.5771418171794,4182.681510643096,4984.976232979416,6292.96303437923,6770.378275329992,7917.634731976507,8812.689172121052,9488.041314302334,10106.545091368534,11948.801056812332,14035.226627470678,16582.54770539591,19843.313068852585,34646.12686002496,7177.5646378822175
2025-09-02 15:30:00+00:00,323,4860,60.707326022282544,400.8652396597416,787.8065772715405,1054.0717981113683,1607.6642202168182,2112.946829101392,2607.313043936252,3216.3422635532625,4324.735484569307,4907.868378678726,5831.9643519636575,6456.733631834899,7368.475591120717,8181.533110426484,8807.91271442599,10232.946277159948,12007.13428182769,14449.026455557645,17310.88762294769,30052.37696636713,6144.200108729202
2025-09-02 15:45:00+00:00,324,4875,35.66141167015219,405.08844404434416,756.2329772900674,1031.1505856018737,1333.2993704855144,1761.166350077382,2189.5736382357713,2617.222327100089,3503.7251193428756,3973.5433686036913,4990.474259647815,5583.538879358378,6357.010807014642,6934.888468011251,7545.699510226824,8181.605514447027,9599.086444015671,12150.680077602055,14881.891286489992,25401.111832005896,5167.98966764534
2025-09-02 16:00:00+00:00,325,4890,31.288285325482853,419.2778656844009,685.4216417165776,871.2640582935359,1157.877001057492,1491.8408922383665,1824.82931212459,2251.9729442158955,2890.653032908386,3344.2899679794677,4089.2879709909475,4445.390181491767,5206.296684598057,5733.5628026663235,6260.415177789804,6761.441242288801,7885.95978581493,9657.481636315479,11725.42612781549,20881.32892048259,4230.151786119383
2025-09-02 16:15:00+00:00,326,4905,8.063792486546287,119.80491694297338,494.324145968873,701.0303901377828,1056.1923032014745,1270.2227129132993,1485.04335707836,1833.0489557173314,2357.2629738655805,2666.466062705744,3234.6844922121463,3478.7567716912567,4076.4395736831025,4498.117426931789,4940.762307809526,5380.13624737764,6274.328588414723,7683.186557087399,9304.827909559846,16609.11164879478,3355.896269170706
2025-09-02 16:30:00+00:00,327,4920,5.675631490723933,89.93692977608703,391.186016170516,539.2887380651105,769.2566741589533,931.1990674386302,1121.6615780292404,1384.3196084763863,1752.7095603729383,1992.334251756489,2266.7004529965916,2592.3054100847194,2859.1817692106083,3367.003548508097,3722.4095162813433,4081.261538725148,4728.493204391084,5778.711622059914,6957.928401285682,12584.471577102271,2503.5675921130155
2025-09-02 16:45:00+00:00,328,4935,0.0,0.0,0.0,24.527254955464485,49.14812538785822,73.76899582025199,232.45546036216135,486.0411115657214,635.5011107548632,869.7816860559167,1033.2121375389677,1336.823802213028,1605.4061730852168,1887.0526088043925,2238.325736992901,2615.0772555236567,3084.548290220533,3675.4937732187364,4436.686881898496,8906.05332319208,1406.2785193206305
2025-09-02 17:00:00+00:00,329,4950,0.0,0.0,0.0,10.057432413825165,23.572107219902726,37.086782025980305,90.11756265254722,242.0581118508763,316.90574973929176,448.9100034931136,578.2852784876317,776.8345412815615,982.1320726452348,1165.9382962766686,1386.6628996144484,1574.5764917579313,1891.9132313710052,2242.183217538723,2552.5161988361892,5659.282023939482,835.0849416852625
2025-09-02 17:15:00+00:00,330,4965,0.0,0.0,0.0,6.354204013583767,13.845169295652699,21.33613457772164,45.84687725558308,103.88836473503962,158.26677727578266,244.56983342774015,327.0709537009027,454.6378699005101,595.6882397607009,723.51188591867,802.5643859473414,938.5746047351158,1043.9467130030448,1243.782837414838,1389.6538039973514,3107.3090257357303,469.8820836237662
2025-09-02 17:30:00+00:00,331,4980,0.0,0.0,0.0,1.81871907944245,5.215444418989373,8.612169758536298,12.008895098083222,37.51088515694621,88.77421335069747,145.83716799559542,224.23933101140315,319.9561897801946,368.94594807202327,419.00143893872473,484.86108625599036,535.8082127767069,627.7028090933201,707.9738458893144,814.3062994319477,1741.341085419856,271.24076470482856
2025-09-02 17:45:00+00:00,332,4995,0.0,0.0,0.0,0.0,0.3922521610435482,0.9889509029946427,1.5856496449457367,2.1823483868968307,8.171557565019047,29.703049944362782,51.928662449165536,63.05984492621378,74.6309094077214,87.156616204925,101.92002514756386,118.2731117881917,138.9876397539879,149.75263690479022,180.9721911169049,406.2826724215328,57.14557599343176
2025-09-02 18:00:00+00:00,333,5010,0.0,0.0,0.0,0.0,1.8452356808039408e-06,4.580526219407432e-06,7.315816758010921e-06,1.005110729661441e-05,3.8649275546154214e-05,0.00014299691402932073,0.00023143093377902998,0.0002832323290629557,0.000331479868216635,0.0003988255325812622,0.00046030403060181386,0.000532279336466837,0.0006131916828290183,0.0006663034777863374,0.0008003817180669987,0.0018085270008569216,0.0002556365027646074
2025-09-02 18:15:00+00:00,334,5025,0.0,0.0,0.0,0.0,0.0,0.0,0.0,0.0,0.0,0.0,0.0,0.0,0.0,0.0,0.0,0.0,0.0,0.0,0.0,0.0,0.0
2025-09-02 18:30:00+00:00,335,5040,0.0,0.0,0.0,0.0,0.0,0.0,0.0,0.0,0.0,0.0,0.0,0.0,0.0,0.0,0.0,0.0,0.0,0.0,0.0,0.0,0.0
2025-09-02 18:45:00+00:00,336,5055,0.0,0.0,0.0,0.0,0.0,0.0,0.0,0.0,0.0,0.0,0.0,0.0,0.0,0.0,0.0,0.0,0.0,0.0,0.0,0.0,0.0
2025-09-02 19:00:00+00:00,337,5070,0.0,0.0,0.0,0.0,0.0,0.0,0.0,0.0,0.0,0.0,0.0,0.0,0.0,0.0,0.0,0.0,0.0,0.0,0.0,0.0,0.0
2025-09-02 19:15:00+00:00,338,5085,0.0,0.0,0.0,0.0,0.0,0.0,0.0,0.0,0.0,0.0,0.0,0.0,0.0,0.0,0.0,0.0,0.0,0.0,0.0,0.0,0.0
2025-09-02 19:30:00+00:00,339,5100,0.0,0.0,0.0,0.0,0.0,0.0,0.0,0.0,0.0,0.0,0.0,0.0,0.0,0.0,0.0,0.0,0.0,0.0,0.0,0.0,0.0
2025-09-02 19:45:00+00:00,340,5115,0.0,0.0,0.0,0.0,0.0,0.0,0.0,0.0,0.0,0.0,0.0,0.0,0.0,0.0,0.0,0.0,0.0,0.0,0.0,0.0,0.0
2025-09-02 20:00:00+00:00,341,5130,0.0,0.0,0.0,0.0,0.0,0.0,0.0,0.0,0.0,0.0,0.0,0.0,0.0,0.0,0.0,0.0,0.0,0.0,0.0,0.0,0.0
2025-09-02 20:15:00+00:00,342,5145,0.0,0.0,0.0,0.0,0.0,0.0,0.0,0.0,0.0,0.0,0.0,0.0,0.0,0.0,0.0,0.0,0.0,0.0,0.0,0.0,0.0
2025-09-02 20:30:00+00:00,343,5160,0.0,0.0,0.0,0.0,0.0,0.0,0.0,0.0,0.0,0.0,0.0,0.0,0.0,0.0,0.0,0.0,0.0,0.0,0.0,0.0,0.0
2025-09-02 20:45:00+00:00,344,5175,0.0,0.0,0.0,0.0,0.0,0.0,0.0,0.0,0.0,0.0,0.0,0.0,0.0,0.0,0.0,0.0,0.0,0.0,0.0,0.0,0.0
2025-09-02 21:00:00+00:00,345,5190,0.0,0.0,0.0,0.0,0.0,0.0,0.0,0.0,0.0,0.0,0.0,0.0,0.0,0.0,0.0,0.0,0.0,0.0,0.0,0.0,0.0
2025-09-02 21:15:00+00:00,346,5205,0.0,0.0,0.0,0.0,0.0,0.0,0.0,0.0,0.0,0.0,0.0,0.0,0.0,0.0,0.0,0.0,0.0,0.0,0.0,0.0,0.0
2025-09-02 21:30:00+00:00,347,5220,0.0,0.0,0.0,0.0,0.0,0.0,0.0,0.0,0.0,0.0,0.0,0.0,0.0,0.0,0.0,0.0,0.0,0.0,0.0,0.0,0.0
2025-09-02 21:45:00+00:00,348,5235,0.0,0.0,0.0,0.0,0.0,0.0,0.0,0.0,0.0,0.0,0.0,0.0,0.0,0.0,0.0,0.0,0.0,0.0,0.0,0.0,0.0
2025-09-02 22:00:00+00:00,349,5250,0.0,0.0,0.0,0.0,0.0,0.0,0.0,0.0,0.0,0.0,0.0,0.0,0.0,0.0,0.0,0.0,0.0,0.0,0.0,0.0,0.0
2025-09-02 22:15:00+00:00,350,5265,0.0,0.0,0.0,0.0,0.0,0.0,0.0,0.0,0.0,0.0,0.0,0.0,0.0,0.0,0.0,0.0,0.0,0.0,0.0,0.0,0.0
2025-09-02 22:30:00+00:00,351,5280,0.0,0.0,0.0,0.0,0.0,0.0,0.0,0.0,0.0,0.0,0.0,0.0,0.0,0.0,0.0,0.0,0.0,0.0,0.0,0.0,0.0
2025-09-02 22:45:00+00:00,352,5295,0.0,0.0,0.0,0.0,0.0,0.0,0.0,0.0,0.0,0.0,0.0,0.0,0.0,0.0,0.0,0.0,0.0,0.0,0.0,0.0,0.0
2025-09-02 23:00:00+00:00,353,5310,0.0,0.0,0.0,0.0,0.0,0.0,0.0,0.0,0.0,0.0,0.0,0.0,0.0,0.0,0.0,0.0,0.0,0.0,0.0,0.0,0.0
2025-09-02 23:15:00+00:00,354,5325,0.0,0.0,0.0,0.0,0.0,0.0,0.0,0.0,0.0,0.0,0.0,0.0,0.0,0.0,0.0,0.0,0.0,0.0,0.0,0.0,0.0
2025-09-02 23:30:00+00:00,355,5340,0.0,0.0,0.0,0.0,0.0,0.0,0.0,0.0,0.0,0.0,0.0,0.0,0.0,0.0,0.0,0.0,0.0,0.0,0.0,0.0,0.0
2025-09-02 23:45:00+00:00,356,5355,0.0,0.0,0.0,0.0,0.0,0.0,0.0,0.0,0.0,0.0,0.0,0.0,0.0,0.0,0.0,0.0,0.0,0.0,0.0,0.0,0.0
2025-09-03 00:00:00+00:00,357,5370,0.0,0.0,0.0,0.0,0.0,0.0,0.0,0.0,0.0,0.0,0.0,0.0,0.0,0.0,0.0,0.0,0.0,0.0,0.0,0.0,0.0
2025-09-03 00:15:00+00:00,358,5385,0.0,0.0,0.0,0.0,0.0,0.0,0.0,0.0,0.0,0.0,0.0,0.0,0.0,0.0,0.0,0.0,0.0,0.0,0.0,0.0,0.0
2025-09-03 00:30:00+00:00,359,5400,0.0,0.0,0.0,0.0,0.0,0.0,0.0,0.0,0.0,0.0,0.0,0.0,0.0,0.0,0.0,0.0,0.0,0.0,0.0,0.0,0.0
2025-09-03 00:45:00+00:00,360,5415,0.0,0.0,0.0,0.0,0.0,0.0,0.0,0.0,0.0,0.0,0.0,0.0,0.0,0.0,0.0,0.0,0.0,0.0,0.0,0.0,0.0
2025-09-03 01:00:00+00:00,361,5430,0.0,0.0,0.0,0.0,0.0,0.0,0.0,0.0,0.0,0.0,0.0,0.0,0.0,0.0,0.0,0.0,0.0,0.0,0.0,0.0,0.0
2025-09-03 01:15:00+00:00,362,5445,0.0,0.0,0.0,0.0,0.0,0.0,0.0,0.0,0.0,0.0,0.0,0.0,0.0,0.0,0.0,0.0,0.0,0.0,0.0,0.0,0.0
2025-09-03 01:30:00+00:00,363,5460,0.0,0.0,0.0,0.0,0.0,0.0,0.0,0.0,0.0,0.0,0.0,0.0,0.0,0.0,0.0,0.0,0.0,0.0,0.0,0.0,0.0
2025-09-03 01:45:00+00:00,364,5475,0.0,0.0,0.0,0.0,0.0,0.0,0.0,0.0,0.0,0.0,0.0,0.0,0.0,0.0,0.0,0.0,0.0,0.0,0.0,0.0,0.0
2025-09-03 02:00:00+00:00,365,5490,0.0,0.0,0.0,0.0,0.0,0.0,0.0,0.0,0.0,0.0,0.0,0.0,0.0,0.0,0.0,0.0,0.0,0.0,0.0,0.0,0.0
2025-09-03 02:15:00+00:00,366,5505,0.0,0.0,0.0,0.0,0.0,0.0,0.0,0.0,0.0,0.0,0.0,0.0,0.0,0.0,0.0,0.0,0.0,0.0,0.0,0.0,0.0
2025-09-03 02:30:00+00:00,367,5520,0.0,0.0,0.0,0.0,0.0,0.0,0.0,0.0,0.0,0.0,0.0,0.0,0.0,0.0,0.0,0.0,0.0,0.0,0.0,0.0,0.0
2025-09-03 02:45:00+00:00,368,5535,0.0,0.0,0.0,0.0,0.0,0.0,0.0,0.0,0.0,0.0,0.0,0.0,0.0,0.0,0.0,0.0,0.0,0.0,0.0,0.0,0.0
2025-09-03 03:00:00+00:00,369,5550,0.0,0.0,0.0,0.0,0.0,0.0,0.0,0.0,0.0,0.0,0.0,0.0,0.0,0.0,0.0,0.0,0.0,0.0,0.0,0.0,0.0
2025-09-03 03:15:00+00:00,370,5565,0.0,0.0,0.0,0.0,0.0,0.0,0.0,0.0,0.0,0.0,0.0,0.0,0.0,0.0,0.0,0.0,0.0,0.0,0.0,0.0,0.0
2025-09-03 03:30:00+00:00,371,5580,0.0,0.0,0.0,0.0,0.0,0.0,0.0,0.0,0.0,0.0,0.0,0.0,0.0,0.0,0.0,0.0,0.0,0.0,0.0,0.0,0.0
2025-09-03 03:45:00+00:00,372,5595,0.0,0.0,0.0,0.0,0.0,0.0,0.0,0.0,0.0,0.0,0.0,0.0,0.0,0.0,0.0,0.0,0.0,0.0,0.0,0.0,0.0
2025-09-03 04:00:00+00:00,373,5610,0.0,0.0,0.0,0.0,0.0,0.0,0.0,0.0,0.0,0.0,0.0,0.0,0.0,0.0,0.0,0.0,0.0,0.0,0.0,0.0,0.0
2025-09-03 04:15:00+00:00,374,5625,0.0,0.0,0.0,0.0,0.0,0.0,0.0,0.0,0.0,0.0,0.0,0.0,0.0,0.0,0.0,0.0,0.0,0.0,0.0,0.0,0.0
2025-09-03 04:30:00+00:00,375,5640,0.0,0.0,0.0,0.20334324454837213,0.5502228970132421,0.8971025494781125,1.2439822019429825,3.849294807851316,9.347816501257318,14.867979586683914,20.000359357632608,25.14040184657462,32.31287383759235,37.36826601553007,42.29385101441891,51.77349240856278,57.450578128945814,68.07538511613417,82.6400450337354,146.27930169827172,25.746045134398983
2025-09-03 04:45:00+00:00,376,5655,20.982440519138372,61.60082177272757,112.9464025377594,150.21217426402126,181.53770955452708,226.3043674657434,248.80246007740928,273.62703056543063,292.0629888699262,336.61762959122643,387.21436519837295,443.9442678259804,506.9232714367702,549.1600695492721,605.7590891403178,664.2499682222631,734.7683277631454,789.3359591983829,895.1874295436172,1345.6819781001489,406.86070620313905
2025-09-03 05:00:00+00:00,377,5670,85.26444765640034,225.628835333805,317.8214960447089,407.2785000724401,521.5973470978225,637.6741896923419,707.1371068639551,748.4061506745602,854.9815821773742,962.7458613894361,1102.4091748657975,1280.9472564460843,1415.7053916914433,1609.735642610521,1810.4913261653041,1928.8535055956243,2087.8774976775794,2271.885120354434,2468.4308470895853,3438.0633294799054,1155.4455072752817
2025-09-03 05:15:00+00:00,378,5685,388.2430850684544,554.4774286545564,775.4850463547969,1013.7189705684201,1215.7160099800858,1338.9289159472353,1432.6684813960026,1613.8393562669016,1820.1487048533238,2049.8832276403805,2332.953066374588,2581.391898952912,2931.389790065083,3235.8056789446996,3565.10254110862,3884.432010356032,4100.8582689058785,4340.6687079462845,4695.928048884828,6460.4701014642615,2348.3824669879077
2025-09-03 05:30:00+00:00,379,5700,540.9125891833977,925.4944195970149,1346.8773933759585,1726.0175627354959,2069.6827238408277,2258.0435275670034,2529.8162077009333,2842.4762165279935,3190.9599272110795,3585.689036289284,3999.4705901671537,4433.811768531389,4866.903076370673,5379.635152622547,5675.9782285924,6134.02871304662,6568.893321562093,7137.945251760429,7471.302083377781,10103.239802730868,3948.3413271956047
2025-09-03 05:45:00+00:00,380,5715,910.9585011427633,1571.814993472529,1982.4378335613624,2526.530312200345,2940.0459978821464,3354.7146109182395,3695.3367369548987,4055.734989881568,4646.868078893466,5288.669431277742,5877.004611199613,6473.2641054601645,6916.401568472405,7684.852388753385,8115.030479967183,8825.72036740658,9170.182634075838,9961.07809272487,10423.384898169352,14145.255171668201,5659.722864660796
2025-09-03 06:00:00+00:00,381,5730,1274.6888319323396,2124.530513153869,2764.581524948036,3455.0864568229795,3933.917903864707,4524.908406387661,4990.699102900058,5751.830567517306,6457.043128473817,7101.768597810839,8022.2065526911965,8542.95342662823,9176.222233208582,10124.32096111223,10832.090753527247,11631.892715653154,12271.435831061392,13226.347949216599,13656.555546383557,18457.172194979394,7565.846765724911
2025-09-03 06:15:00+00:00,382,5745,1376.6984573106902,2464.1484990075637,3076.389221325523,4853.126115746528,5697.3291583615755,7066.711537232238,8216.666664198203,8989.020033493096,9906.862327356093,10772.1075434943,11622.766962804004,12086.331891679516,13041.884572233566,13775.171332023514,14359.928072959621,15016.53623459949,15485.157417241691,16350.678638341933,17491.27863852708,22964.400872818707,10117.56666852814
2025-09-03 06:30:00+00:00,383,5760,1921.0127718795095,3595.74276754476,4453.993811553846,6229.369949856585,6998.691733434893,8322.194861814189,9328.634364095105,10236.245694844145,10959.755637404956,12651.335471855637,13561.487121408683,14284.58717152096,15264.994011509809,16401.86582555272,17357.218532379142,17981.439120667514,18641.778384154095,20007.363471470104,21328.093248526817,27593.100935049115,12114.663515655397
2025-09-03 06:45:00+00:00,384,5775,2526.4605663260213,4161.591125387741,5072.833721484694,7239.816990977545,8336.19853341348,10227.169704196487,11413.784057034456,12156.887707090395,13248.710515037028,15108.5967067484,16148.193521707171,16996.885078867075,18620.924050346362,19849.792748320342,20727.85162758895,21647.591334728717,22695.534679274795,24179.656430795803,25211.12125882405,32455.118335616608,14521.734301980936
2025-09-03 07:00:00+00:00,385,5790,2694.047124948482,4439.484744716989,5319.588492676866,7906.060673970364,9374.878812841625,11373.59664898145,12855.645989665067,13916.077180555174,15691.42986823155,17358.100466359123,18510.98272426668,19472.470768798416,21173.86489056847,22129.08038597827,23516.087281261265,24727.64729298293,25961.462093879647,27608.86725092565,28978.461141069365,37151.018874565794,16496.911704416914
2025-09-03 07:15:00+00:00,386,5805,2853.2632339075067,5078.8463826827965,6744.621036777582,9905.395860826276,11374.154126699183,13143.61973143778,14673.952848743982,15920.300324118718,18627.538818535944,20305.351221617584,21332.067968285955,22956.612086616566,24104.123950232264,25446.692488548546,26662.074867126612,27923.74138039783,29986.019289181026,31455.20366786113,32485.556739243973,41770.30580644474,19004.887549528703
2025-09-03 07:30:00+00:00,387,5820,2993.6923345338428,5506.849673905488,6301.508118004945,10788.196279271835,12624.354598158405,15130.215602144064,16535.96977245016,20104.077548446727,21964.242810742104,23327.567146864712,24371.683805131506,26210.031864521225,27604.899149623427,28970.656518122112,29942.26486797068,31454.549605634573,33430.116371080185,35238.934906776354,35977.01820663608,46268.24841070594,21484.079750695928
2025-09-03 07:45:00+00:00,388,5835,3440.920637995371,5426.5361929096425,6479.626736771095,10374.961944037223,12970.3432194986,16042.897095882281,17824.397888005955,19438.266097327345,23391.852742748993,25364.17002689327,26762.639392463276,28923.50184544299,30091.225994688233,31777.658075637548,32725.09789431047,34473.335908491834,36646.46286120969,38676.38783398339,39511.294987524845,50606.32773348772,23191.345127087934
2025-09-03 08:00:00+00:00,389,5850,3659.561188769669,5602.381349579508,6838.139004837207,10513.049147755033,13957.87295044354,17273.02148053253,19237.53587382699,20893.90594200264,24787.163802630155,26949.212496881784,28291.74492085415,31618.378156019626,33494.25222568787,34671.24527273923,35740.896046620335,37718.07864791975,40327.53949581759,41795.57755096652,42737.754265239484,54750.841316488935,25073.999706437608
2025-09-03 08:15:00+00:00,390,5865,3970.9384779752363,5273.542192135193,7079.383841245303,8122.126288883139,14003.498986856606,17998.81451495541,20739.909400298595,22719.644682504364,26953.62742845491,29553.091387598655,32387.2286490461,34467.01616047353,36552.301182121315,37793.34005120135,39310.277814320354,41807.59649718366,43268.08574718448,45034.22800357524,45811.54153188592,58671.94235921752,27036.223053719918
2025-09-03 08:30:00+00:00,391,5880,3957.4747380178123,5372.4022034046175,7154.039739512775,8408.796365884617,13628.051097646052,18748.748962570593,22023.009094611105,24567.944866048434,29744.93078332678,31947.974441217157,34915.836461172425,36995.40321249568,39605.425066960146,40768.80929211433,42226.38305163015,44708.26113512661,45841.764096417704,47849.55993910483,48597.305531463426,62342.99003957898,28829.846335452323
2025-09-03 08:45:00+00:00,392,5895,4339.669495125934,5865.588544630087,7605.635883750955,8772.327777431716,15209.122062357246,19976.23423909949,23664.862435577743,26005.287022572058,31117.693966463874,33751.50529862029,36777.186550922255,38886.882365035264,41504.37654936244,42785.384441949216,44672.019335875964,46813.67770793561,48435.04317485467,50156.06997584671,51554.92309513383,65740.11887457686,30454.105402247296
2025-09-03 09:00:00+00:00,393,5910,4633.724285454104,6456.0248999170035,8149.002215718736,9385.995482774042,14501.817679849557,20386.016436000777,24098.403297798228,26517.33426716297,29136.56620246749,34434.00397845492,37876.26114025096,40052.03615586122,42884.58716440423,44213.80368283639,46079.74266983564,48806.521702660684,50536.653922132835,52164.21852741376,53537.42039826098,68565.09057356227,31246.487821658386
2025-09-03 09:15:00+00:00,394,5925,4832.714307813784,7652.210563267187,9181.995211747357,13979.708564515158,17177.73067929599,22195.561436609925,25796.6489792933,28257.55479715374,34808.11026731697,37542.398981741644,40488.681404591116,42946.97048761677,45950.527719579935,48128.5834210621,50121.53163448751,52096.79036874381,54127.237345544854,55419.409928898225,57287.678619917795,71300.26948182788,33987.896656033925
2025-09-03 09:30:00+00:00,395,5940,4970.342793137033,8074.492974451673,9795.162605943766,14988.987190489228,18044.49475727515,23165.394505457996,26029.781789353798,29403.04102401357,36441.60937250225,39212.40668442822,42086.03799998992,44632.026239422106,47691.91361962193,49615.221883788465,51992.46997874134,53834.59531525948,55745.86512894569,57357.39207056661,59514.19803721036,73746.56374936849,35280.95830899932
2025-09-03 09:45:00+00:00,396,5955,5017.903175211753,8240.626228520288,10098.12806867551,15042.629590630751,18355.34325698157,23921.023896103557,27036.8054277969,30959.468873972968,37787.2994104482,40595.353984717905,43695.8018644124,47260.154044772054,49568.07204392521,51244.25237411629,53359.62445937357,55197.40312192949,56795.84372185383,58697.38969317732,60654.004227745165,75847.90339962338,36357.204191770616
2025-09-03 10:00:00+00:00,397,5970,5294.006392362631,8190.906234346193,10258.268019105539,14572.027841390065,18362.95800016107,22849.318601031297,27902.133586559255,31942.954875194093,37802.18150905912,41652.55061528464,44187.132417573426,47533.76066433168,50258.900368234805,52107.08035464712,53976.86049763627,55779.28936630293,58148.08900118621,59911.00577518899,61700.160377794164,77592.28467140291,36828.5759756742
2025-09-03 10:15:00+00:00,398,5985,5200.801739345979,7999.088802314389,10043.393270994626,15023.658159028573,18693.172658271338,22815.65654669765,28379.773432965263,33151.92800303875,39803.334890685444,43169.80269167106,46759.785179784085,50314.939914598544,51927.231353820345,53679.2320282433,55353.071446850496,57194.2468739416,58614.70041205692,60581.64379988869,62059.31953932696,78969.8688923632,37830.82176055423
2025-09-03 10:30:00+00:00,399,6000,5266.640320276696,7965.2133541419,9914.00312725999,13208.783060809094,18494.238834992266,22919.019686918342,28698.35345699049,34566.53229173066,40454.676162514304,44475.86880245101,47643.207588278645,51034.67715613836,52383.85269672557,53733.521209480925,55305.09712123956,57066.20259627578,58598.343805508404,60454.10210305153,62259.43679631738,79972.99318079595,37905.50085956291
2025-09-03 10:45:00+00:00,400,6015,5652.0935840485345,8197.191336489292,10509.340636479747,15405.594147711512,19098.520594312184,23579.648318990312,28687.51530612136,34791.88812569915,41589.583075219176,45028.732131914476,48877.07383584326,51743.57212659443,53052.74241190051,54267.3708901976,55604.495512403024,57125.51369883838,58976.480460339524,60214.651257279314,62583.49857404936,80596.1877588882,38456.48444161547
2025-09-03 11:00:00+00:00,401,6030,6068.148599790557,8482.85708748232,10909.973372066168,15897.136159478154,19621.972581846963,24019.09248305137,29427.60885393215,36028.45976773686,43334.391063884796,46112.36408403862,50977.016440366395,52524.06868039592,53643.44447717516,54641.425756371376,55658.98989827453,57178.225208331176,59085.84163914692,60125.813750226574,61938.64794817542,80836.19425088415,39040.96972840018
2025-09-03 11:15:00+00:00,402,6045,6274.070930675601,8393.486868761398,10505.922906081782,15941.015644974012,19867.525596434425,25674.326952321582,30529.365774606453,35387.22873158404,41924.96650507638,45993.94985935099,49578.29775135875,52113.20020975661,53006.47488738265,54199.72942639802,55265.03718170321,56504.71129987097,58110.523394857555,59778.208710039085,61050.897464712085,80691.9809522227,38779.88586335402
2025-09-03 11:30:00+00:00,403,6060,6164.811130278747,8318.238187301651,11234.858117195594,16132.434294283123,20883.20216142132,27384.41299375834,33063.20083056682,37398.0455210615,43109.89122477529,46769.872628369056,50400.95148280742,52157.613042266894,53086.56385666335,54198.396990989546,55040.59629769239,56296.059305432565,57490.20867587364,59283.207686877846,60628.651436384476,80164.75242301534,39179.66439102595
2025-09-03 11:45:00+00:00,404,6075,6250.473757735218,8743.12276280744,11682.940854295663,18202.877390233763,23709.90057723795,29037.38984910112,34804.2992617093,39845.95937757834,44718.89778201001,47285.35047939015,50132.10659456685,51335.94721645227,52289.56898475695,53404.85018913095,54133.40397567635,55968.31873075144,57033.662459086256,58398.34518178084,59575.706152997984,79257.95230607809,39537.14738033911
2025-09-03 12:00:00+00:00,405,6090,6536.310416803841,9483.722285493019,12971.464537078598,18611.207081954108,24574.87516733656,30114.35290898547,35213.131019666434,41849.262806906205,45090.7863364345,47488.76842232717,49711.10621238934,50679.73565632758,51532.325097920875,52753.255033338726,53974.2681018902,55400.508120292965,56421.158712920456,57479.373361424594,58443.93508384335,77977.2601613345,39699.664269703004
2025-09-03 12:15:00+00:00,406,6105,6067.126856841174,11042.359443230273,17477.843138258675,24878.577102237006,29272.975836229547,32962.848012719674,36440.913198401264,40771.78609534449,43692.55291227626,45719.839373308,48050.67087869753,49161.78777802623,51045.02666416424,52762.77349602099,53992.37765349005,54920.511112895736,55567.1296682978,56232.684137588265,57212.53418994745,76330.58463684609,40012.411762919044
2025-09-03 12:30:00+00:00,407,6120,5660.406489931157,9950.75263281822,22228.830015213287,27878.510204765724,31532.485453319114,36868.80757999493,40438.5044238493,42958.532766275595,45954.66596646425,47505.89285200882,49366.27089445777,51157.550294828434,52412.786838897235,53243.36187712714,53658.99010267149,54137.11027027416,54932.59860616292,55757.35589527755,57566.89590165659,74328.05691825924,41256.76390179874
2025-09-03 12:45:00+00:00,408,6135,6886.602001091624,12192.56901070953,24635.998825333725,28905.50900774653,33917.01619825538,37942.98365330583,41921.63722381453,45117.58014766045,47584.16916489118,49975.94041049062,50821.59342912821,51343.16285340514,51764.77097230746,52102.89710740601,52643.34634469307,53234.70206986935,54239.89570976061,55592.16865890937,57680.25532648713,71982.02975051112,41979.158040624905
2025-09-03 13:00:00+00:00,409,6150,5858.811517970012,13848.49420810787,23918.067931060505,27837.37876047225,34369.64812369732,36809.13500967595,41780.576867168296,44692.25354113985,46495.043829815826,48263.837592739124,49038.828667396105,49487.50797115922,49896.320607583926,50291.44166128635,50880.73274659966,51581.87243003706,52739.50414314371,53969.33963370139,56153.329822395885,69307.08826884747,41200.83013079732
2025-09-03 13:15:00+00:00,410,6165,5635.139441283031,13645.682001826284,22909.206667406695,26936.97607637853,33090.67710361757,35552.729303760265,39880.35767099384,42976.54848169732,44664.18820443652,46355.21420503664,47058.474713223906,47535.0187552167,47935.388991516396,48374.66099827774,48935.28673592533,49696.99771913233,50805.61872868994,52057.18046865861,54204.48627499522,66320.08073568341,39653.910793173796
2025-09-03 13:30:00+00:00,411,6180,5072.9422009419095,13156.336605232846,20975.04037571086,25443.154860561503,31131.683361360276,34084.22777033328,37863.35205412791,40967.81621450457,42705.74939860651,44316.1471628196,45010.89753410491,45515.83735275824,45951.81707393879,46482.8615489869,47117.409916647266,48231.99159894295,49059.44071365161,50004.67582658976,52250.38130093186,63277.61488486308,37890.416177157516
2025-09-03 13:45:00+00:00,412,6195,5915.382616892127,12469.124529354183,19904.29033768583,23001.55355955459,28399.76358328164,31961.717425389586,34862.472590369616,38223.566295000106,40352.53212378476,41970.57841087765,42676.619870454095,43186.58936090029,43656.93097557172,44256.9912920139,44886.42146780222,46014.250837524916,46746.904488622895,47934.97970760132,49565.51494018609,59727.35858315025,35837.36445835523
2025-09-03 14:00:00+00:00,413,6210,6321.994289868468,13242.341541242848,18550.353646164247,22151.44042272613,27650.181303346766,30131.600859310605,33057.67959109579,35938.517516666885,37709.373085696265,39234.17873143,40003.86352464005,40508.76946221503,41003.394149985696,41567.40837333419,42549.89298664249,43231.27361889412,43844.446032850756,44731.72645317254,46444.56891967793,55912.75196293296,33832.459191138005
2025-09-03 14:15:00+00:00,414,6225,6335.703359459221,12127.053697110392,17396.748019467635,20668.717605509883,25677.427488082267,27944.94982377612,30757.063651471926,33471.94686433301,34918.1617043966,36562.90376268739,37350.21476208006,37809.22909896086,38350.49572016153,38929.599911738434,39728.325736921564,40307.283728565686,40872.158472192226,41867.8563754404,43260.1964448891,51878.45273407327,31551.271915437843
2025-09-03 14:30:00+00:00,415,6240,5954.533147244238,11874.95763877052,16854.05617025948,19463.680827897788,23792.555839547687,25827.513195709533,29585.743796982148,30850.5812360943,31873.92338915288,33391.702898178206,34265.26026372625,34801.28846361603,35348.58308243115,35963.166073595086,36688.53825941458,37189.536647697474,37713.19587220362,38754.19537990105,39923.8952810305,47654.67917274369,29206.118638872947
2025-09-03 14:45:00+00:00,416,6255,5572.553342620385,11616.583630170479,15363.941352423273,17804.091692325,21174.307327260078,23203.548637668366,25982.040934143366,27850.864258642065,29016.265724941324,30240.866904210376,31000.07823572759,31641.68295795663,32149.390127379927,32689.67557135522,33339.072407255015,33826.184770385815,34316.87389761279,35019.08285062618,36350.284662528,43275.217366363366,26588.380295119867
2025-09-03 15:00:00+00:00,417,6270,5590.848239613215,9897.188633794663,13755.417734888333,16009.597824461262,19256.26103978769,20382.576663556567,22167.746668095715,24245.463537024745,25442.37834365432,26355.759179375997,27265.677585385758,27910.666313321024,28574.179299571842,29072.721506866845,29729.07744703004,30250.878851172653,30696.578324161972,31296.258705703516,32729.225335025076,38778.12705547443,23581.91838085309
2025-09-03 15:15:00+00:00,418,6285,4461.977215483675,8338.862906076196,10777.372389513937,13387.475638267211,14928.731462670843,17520.97664761738,18740.016353634233,20685.267037499114,22318.75825376287,23031.338803192637,23977.52634087386,24667.040256880715,25308.23387072347,25788.946473932334,26398.34737451245,26819.11403140057,27184.797210649856,27686.9396916062,29005.148595269085,34206.7336731608,20482.706024489496
2025-09-03 15:30:00+00:00,419,6300,4056.5004386182923,7418.854444795633,9475.028911587735,11473.525870790934,12700.229309156648,15028.122089391662,15963.525247204736,17292.311347380815,18738.770841365334,19680.074876194045,20519.924859809198,21272.361161819077,22049.79214466374,22499.928353582607,22972.99356371954,23331.96271847493,23672.71552232722,24274.739964393124,25309.090062132313,29610.991109102164,17697.823142494206
2025-09-03 15:45:00+00:00,420,6315,3750.080022036003,6194.73918140033,7817.635117134279,9585.582030528603,10425.972916615236,12082.031488218148,12734.763286553783,13548.83624680455,14418.998183882319,15579.439232414585,16345.257433035957,16941.525344190937,17695.21311689116,18250.80437434518,18726.37162748976,19168.82503187306,19550.758512808927,19915.983656724486,20805.325366187444,24929.69395356985,14363.607256999745
2025-09-03 16:00:00+00:00,421,6330,2470.3302638685054,4669.0791972558845,5686.925722181656,6741.323584693553,7853.963400134908,8505.633213218212,9437.68945210994,10071.752385502243,10575.194733097007,11517.62640166847,11938.556472078073,12795.294801763008,13432.162915525843,13836.855849074935,14513.256569901196,14989.545776379475,15638.144768404474,16020.182163555413,16546.946222912626,20453.553618801743,10917.975962727072
2025-09-03 16:15:00+00:00,422,6345,1787.3908421164138,3159.8518482492123,4040.4879761117804,5079.839924539506,5817.602611232481,6380.943542816671,6850.435660819157,7376.722892385836,7826.488420245302,8108.630555386287,8830.096779365957,9275.822465424724,9827.984018096951,10369.769828911556,10782.600846138972,11253.312441013235,11792.551214382978,12345.64065921501,12915.16634695539,16193.906067975804,8131.161046486263
2025-09-03 16:30:00+00:00,423,6360,1364.0463834948569,2248.23183395255,2830.380934141443,3504.9873138701737,3966.3544619599766,4513.875054562569,4862.752157962858,5194.087557486542,5543.134078135706,5912.844094881408,6185.916741175151,6672.052659566539,6992.274170405205,7215.363092537479,7520.9602535325685,7928.394385170598,8353.006016401869,9017.393538233722,9727.05222352756,12189.74271956736,5807.235440352825
2025-09-03 16:45:00+00:00,424,6375,912.075301722435,1239.1815057261404,1802.0685469933712,2189.413201005624,2544.1961752611965,2851.7541263886783,3260.836890713397,3567.1654679820367,3785.7929797009037,3956.8563265452567,4222.8307114395975,4416.559835866892,4758.1144800836655,4959.344361806516,5185.8931886170085,5520.427093505776,5801.3069098295155,6260.838523895825,6747.932696241628,8539.056724868513,3915.88132306583
2025-09-03 17:00:00+00:00,425,6390,584.1101847301104,927.9780027941225,1191.7069822822002,1385.2385472901105,1663.3626960770894,1851.444857604675,2023.455060768798,2189.815984025245,2339.966521103316,2458.105021111066,2581.7665791861896,2734.61689001295,2899.7730769175505,3106.4703883455063,3258.2905883191443,3425.6636280383223,3589.1355902737737,3955.423680980324,4273.333179654933,5335.355249435307,2496.7722639036833
2025-09-03 17:15:00+00:00,426,6405,308.3449976972043,513.0956100481336,629.6029596982905,737.611086535753,881.5698650979007,974.1673431174491,1068.412896542303,1155.2317896615095,1250.7658009343318,1318.0449079013279,1375.733158036059,1447.74935677199,1526.3298433674054,1632.4776689694595,1715.2252061989775,1809.5358376962395,1902.247212158252,2088.0014613496683,2270.578554520985,2866.9181288131367,1325.0318975049533
2025-09-03 17:30:00+00:00,427,6420,157.28404855434968,261.9537315644782,332.44047355434935,397.0689179842421,470.3219482817625,510.21948648454577,558.9747919287115,585.311661679653,642.8136121428413,695.7811581453437,725.3676092660635,763.2003576430244,809.5110281558487,865.7494851484432,913.4850053934708,953.4681747850804,1008.0558182782293,1118.5180495412662,1210.2065391686265,1551.1474074429582,699.6468893995519
2025-09-03 17:45:00+00:00,428,6435,31.522001201193817,51.475976675020895,61.21167369732125,74.70652100679294,86.00093049958163,95.02374021269091,102.21848699350559,110.2301310440272,120.86809988135876,126.7783989325185,131.03845451554736,141.19459169668664,150.27639698552517,156.29604506998928,165.37410380155583,174.8645377104444,184.63284122044817,192.6604363403046,208.63216658649438,264.46577392666023,127.38734310693094
2025-09-03 18:00:00+00:00,429,6450,0.0,0.0,0.0,0.0,0.0,0.0,0.0,0.0,0.0,0.0,0.0,0.0,0.0,0.0,0.0,0.0,0.0,0.0,0.0,0.0,0.0
2025-09-03 18:15:00+00:00,430,6465,0.0,0.0,0.0,0.0,0.0,0.0,0.0,0.0,0.0,0.0,0.0,0.0,0.0,0.0,0.0,0.0,0.0,0.0,0.0,0.0,0.0
2025-09-03 18:30:00+00:00,431,6480,0.0,0.0,0.0,0.0,0.0,0.0,0.0,0.0,0.0,0.0,0.0,0.0,0.0,0.0,0.0,0.0,0.0,0.0,0.0,0.0,0.0
2025-09-03 18:45:00+00:00,432,6495,0.0,0.0,0.0,0.0,0.0,0.0,0.0,0.0,0.0,0.0,0.0,0.0,0.0,0.0,0.0,0.0,0.0,0.0,0.0,0.0,0.0
2025-09-03 19:00:00+00:00,433,6510,0.0,0.0,0.0,0.0,0.0,0.0,0.0,0.0,0.0,0.0,0.0,0.0,0.0,0.0,0.0,0.0,0.0,0.0,0.0,0.0,0.0
2025-09-03 19:15:00+00:00,434,6525,0.0,0.0,0.0,0.0,0.0,0.0,0.0,0.0,0.0,0.0,0.0,0.0,0.0,0.0,0.0,0.0,0.0,0.0,0.0,0.0,0.0
2025-09-03 19:30:00+00:00,435,6540,0.0,0.0,0.0,0.0,0.0,0.0,0.0,0.0,0.0,0.0,0.0,0.0,0.0,0.0,0.0,0.0,0.0,0.0,0.0,0.0,0.0
2025-09-03 19:45:00+00:00,436,6555,0.0,0.0,0.0,0.0,0.0,0.0,0.0,0.0,0.0,0.0,0.0,0.0,0.0,0.0,0.0,0.0,0.0,0.0,0.0,0.0,0.0
2025-09-03 20:00:00+00:00,437,6570,0.0,0.0,0.0,0.0,0.0,0.0,0.0,0.0,0.0,0.0,0.0,0.0,0.0,0.0,0.0,0.0,0.0,0.0,0.0,0.0,0.0
2025-09-03 20:15:00+00:00,438,6585,0.0,0.0,0.0,0.0,0.0,0.0,0.0,0.0,0.0,0.0,0.0,0.0,0.0,0.0,0.0,0.0,0.0,0.0,0.0,0.0,0.0
2025-09-03 20:30:00+00:00,439,6600,0.0,0.0,0.0,0.0,0.0,0.0,0.0,0.0,0.0,0.0,0.0,0.0,0.0,0.0,0.0,0.0,0.0,0.0,0.0,0.0,0.0
2025-09-03 20:45:00+00:00,440,6615,0.0,0.0,0.0,0.0,0.0,0.0,0.0,0.0,0.0,0.0,0.0,0.0,0.0,0.0,0.0,0.0,0.0,0.0,0.0,0.0,0.0
2025-09-03 21:00:00+00:00,441,6630,0.0,0.0,0.0,0.0,0.0,0.0,0.0,0.0,0.0,0.0,0.0,0.0,0.0,0.0,0.0,0.0,0.0,0.0,0.0,0.0,0.0
2025-09-03 21:15:00+00:00,442,6645,0.0,0.0,0.0,0.0,0.0,0.0,0.0,0.0,0.0,0.0,0.0,0.0,0.0,0.0,0.0,0.0,0.0,0.0,0.0,0.0,0.0
2025-09-03 21:30:00+00:00,443,6660,0.0,0.0,0.0,0.0,0.0,0.0,0.0,0.0,0.0,0.0,0.0,0.0,0.0,0.0,0.0,0.0,0.0,0.0,0.0,0.0,0.0
2025-09-03 21:45:00+00:00,444,6675,0.0,0.0,0.0,0.0,0.0,0.0,0.0,0.0,0.0,0.0,0.0,0.0,0.0,0.0,0.0,0.0,0.0,0.0,0.0,0.0,0.0
2025-09-03 22:00:00+00:00,445,6690,0.0,0.0,0.0,0.0,0.0,0.0,0.0,0.0,0.0,0.0,0.0,0.0,0.0,0.0,0.0,0.0,0.0,0.0,0.0,0.0,0.0
2025-09-03 22:15:00+00:00,446,6705,0.0,0.0,0.0,0.0,0.0,0.0,0.0,0.0,0.0,0.0,0.0,0.0,0.0,0.0,0.0,0.0,0.0,0.0,0.0,0.0,0.0
2025-09-03 22:30:00+00:00,447,6720,0.0,0.0,0.0,0.0,0.0,0.0,0.0,0.0,0.0,0.0,0.0,0.0,0.0,0.0,0.0,0.0,0.0,0.0,0.0,0.0,0.0
2025-09-03 22:45:00+00:00,448,6735,0.0,0.0,0.0,0.0,0.0,0.0,0.0,0.0,0.0,0.0,0.0,0.0,0.0,0.0,0.0,0.0,0.0,0.0,0.0,0.0,0.0
2025-09-03 23:00:00+00:00,449,6750,0.0,0.0,0.0,0.0,0.0,0.0,0.0,0.0,0.0,0.0,0.0,0.0,0.0,0.0,0.0,0.0,0.0,0.0,0.0,0.0,0.0
2025-09-03 23:15:00+00:00,450,6765,0.0,0.0,0.0,0.0,0.0,0.0,0.0,0.0,0.0,0.0,0.0,0.0,0.0,0.0,0.0,0.0,0.0,0.0,0.0,0.0,0.0
2025-09-03 23:30:00+00:00,451,6780,0.0,0.0,0.0,0.0,0.0,0.0,0.0,0.0,0.0,0.0,0.0,0.0,0.0,0.0,0.0,0.0,0.0,0.0,0.0,0.0,0.0
2025-09-03 23:45:00+00:00,452,6795,0.0,0.0,0.0,0.0,0.0,0.0,0.0,0.0,0.0,0.0,0.0,0.0,0.0,0.0,0.0,0.0,0.0,0.0,0.0,0.0,0.0
2025-09-04 00:00:00+00:00,453,6810,0.0,0.0,0.0,0.0,0.0,0.0,0.0,0.0,0.0,0.0,0.0,0.0,0.0,0.0,0.0,0.0,0.0,0.0,0.0,0.0,0.0
2025-09-04 00:15:00+00:00,454,6825,0.0,0.0,0.0,0.0,0.0,0.0,0.0,0.0,0.0,0.0,0.0,0.0,0.0,0.0,0.0,0.0,0.0,0.0,0.0,0.0,0.0
2025-09-04 00:30:00+00:00,455,6840,0.0,0.0,0.0,0.0,0.0,0.0,0.0,0.0,0.0,0.0,0.0,0.0,0.0,0.0,0.0,0.0,0.0,0.0,0.0,0.0,0.0
2025-09-04 00:45:00+00:00,456,6855,0.0,0.0,0.0,0.0,0.0,0.0,0.0,0.0,0.0,0.0,0.0,0.0,0.0,0.0,0.0,0.0,0.0,0.0,0.0,0.0,0.0
2025-09-04 01:00:00+00:00,457,6870,0.0,0.0,0.0,0.0,0.0,0.0,0.0,0.0,0.0,0.0,0.0,0.0,0.0,0.0,0.0,0.0,0.0,0.0,0.0,0.0,0.0
2025-09-04 01:15:00+00:00,458,6885,0.0,0.0,0.0,0.0,0.0,0.0,0.0,0.0,0.0,0.0,0.0,0.0,0.0,0.0,0.0,0.0,0.0,0.0,0.0,0.0,0.0
2025-09-04 01:30:00+00:00,459,6900,0.0,0.0,0.0,0.0,0.0,0.0,0.0,0.0,0.0,0.0,0.0,0.0,0.0,0.0,0.0,0.0,0.0,0.0,0.0,0.0,0.0
2025-09-04 01:45:00+00:00,460,6915,0.0,0.0,0.0,0.0,0.0,0.0,0.0,0.0,0.0,0.0,0.0,0.0,0.0,0.0,0.0,0.0,0.0,0.0,0.0,0.0,0.0
2025-09-04 02:00:00+00:00,461,6930,0.0,0.0,0.0,0.0,0.0,0.0,0.0,0.0,0.0,0.0,0.0,0.0,0.0,0.0,0.0,0.0,0.0,0.0,0.0,0.0,0.0
2025-09-04 02:15:00+00:00,462,6945,0.0,0.0,0.0,0.0,0.0,0.0,0.0,0.0,0.0,0.0,0.0,0.0,0.0,0.0,0.0,0.0,0.0,0.0,0.0,0.0,0.0
2025-09-04 02:30:00+00:00,463,6960,0.0,0.0,0.0,0.0,0.0,0.0,0.0,0.0,0.0,0.0,0.0,0.0,0.0,0.0,0.0,0.0,0.0,0.0,0.0,0.0,0.0
2025-09-04 02:45:00+00:00,464,6975,0.0,0.0,0.0,0.0,0.0,0.0,0.0,0.0,0.0,0.0,0.0,0.0,0.0,0.0,0.0,0.0,0.0,0.0,0.0,0.0,0.0
2025-09-04 03:00:00+00:00,465,6990,0.0,0.0,0.0,0.0,0.0,0.0,0.0,0.0,0.0,0.0,0.0,0.0,0.0,0.0,0.0,0.0,0.0,0.0,0.0,0.0,0.0
2025-09-04 03:15:00+00:00,466,7005,0.0,0.0,0.0,0.0,0.0,0.0,0.0,0.0,0.0,0.0,0.0,0.0,0.0,0.0,0.0,0.0,0.0,0.0,0.0,0.0,0.0
2025-09-04 03:30:00+00:00,467,7020,0.0,0.0,0.0,0.0,0.0,0.0,0.0,0.0,0.0,0.0,0.0,0.0,0.0,0.0,0.0,0.0,0.0,0.0,0.0,0.0,0.0
2025-09-04 03:45:00+00:00,468,7035,0.0,0.0,0.0,0.0,0.0,0.0,0.0,0.0,0.0,0.0,0.0,0.0,0.0,0.0,0.0,0.0,0.0,0.0,0.0,0.0,0.0
2025-09-04 04:00:00+00:00,469,7050,0.0,0.0,0.0,0.0,0.0,0.0,0.0,0.0,0.0,0.0,0.0,0.0,0.0,0.0,0.0,0.0,0.0,0.0,0.0,0.0,0.0
2025-09-04 04:15:00+00:00,470,7065,0.0,0.0,0.0,0.0,0.0,0.0,0.0,0.0,0.0,0.0,0.0,0.0,0.0,0.0,0.0,0.0,0.0,0.0,0.0,0.0,0.0
2025-09-04 04:30:00+00:00,471,7080,0.0,0.07972118680672756,0.40192765015058496,0.8021139649633413,2.424419629835668,7.290446409483941,12.969103345246728,19.810809296562415,27.183962744015837,31.028587827707664,33.0454829867561,35.43606753559041,38.1825795036591,40.84257632669402,44.1892265471255,47.950332990869775,52.597137556406125,56.76703231323539,61.78809098247843,90.13522015536286,27.36594289166258
2025-09-04 04:45:00+00:00,472,7095,1.8231397725548821,14.107449925042193,68.10713601703645,100.52499638719827,157.56030500051682,220.9613963230353,309.91710383943865,377.539582309714,439.78695807923833,467.38853991157214,493.7913536197801,524.4214374188194,558.4916678580876,591.2651216757357,614.7186392369297,656.576783608856,708.4560979479319,780.2657310981458,853.9741545774793,1177.041311835906,426.83724925804074
2025-09-04 05:00:00+00:00,473,7110,88.7218943177223,282.0897661811407,370.95902273811953,592.7433327656847,907.7286169793879,1115.6297382100456,1292.4611654294283,1376.9340238963505,1435.7195979110102,1516.9540374293729,1580.4349721643314,1672.7671904292642,1751.4841376699178,1807.0136125743256,1889.6413856526526,1957.8089065187146,2062.3610735124603,2217.17312158539,2454.403172671323,3215.9552063480587,1398.674353324416
2025-09-04 05:15:00+00:00,474,7125,357.4217777062802,706.2338032131823,1023.425494568399,1728.438030201263,2122.281082165575,2520.3883305772683,2690.416209947566,2823.54571798909,2941.70435575317,3079.125037942994,3278.026058392934,3405.5838293118773,3503.834798334124,3684.523760965996,3775.8145459191137,3934.7254840864493,4136.874770624326,4360.77362907688,4778.4487641852265,6216.278665219047,2899.5200262380786
2025-09-04 05:30:00+00:00,475,7140,674.4894576155258,1217.2774281842978,1909.5410245096357,3158.124240483746,3820.4164823849064,4267.3582191654095,4443.607798321409,4720.443886634176,4998.156600401386,5250.745706458101,5460.543302164728,5658.445187484724,5880.273997797275,6035.8049141564015,6234.586166951309,6441.665696964859,6753.040418818407,6965.40170915411,7479.726488482613,9833.49256342146,4817.983673723319
2025-09-04 05:45:00+00:00,476,7155,1177.9307002620064,1810.3083810786209,3105.6048110136094,4347.414337049467,5627.721477539895,6092.93799276666,6322.760722781626,6711.885328841558,7124.755101918543,7472.045903674323,7786.104767337039,8121.499713359998,8427.712633128873,8611.829435826721,8883.870534626296,9164.79908600356,9584.412560538352,10019.236936402072,10647.106084658044,13874.880769859303,6855.507515101311
2025-09-04 06:00:00+00:00,477,7170,1935.2457326612575,2471.6000464165495,4902.698929782679,6400.0313161113845,7949.622859358874,8318.460864288216,8913.304590313006,9378.244591421528,9863.457125388844,10277.31728327903,10757.771947115545,11169.86342376233,11310.893903240893,11562.074485874004,11873.258833183925,12389.088540567189,12849.345812240224,13438.212522901546,14174.733841817957,18184.39933809306,9391.520292687374
2025-09-04 06:15:00+00:00,478,7185,2416.017197408794,3069.4815785722412,5623.711185995152,6603.972214492583,8572.59926034401,9975.04745183124,11027.961067279726,11806.399606994395,12624.610170801383,13542.728999541763,14029.10332980969,14347.892324779885,14770.601919789633,15436.223380466505,15915.694114676182,16446.664994210896,16824.198366564633,17091.113230194624,17833.480894115524,22692.834754559455,11903.807842820423
2025-09-04 06:30:00+00:00,479,7200,2897.790400554985,3615.3689883127067,7085.599840568568,8897.984108796556,11099.672662703135,12778.750394510154,13612.07596431448,15133.985901667489,16127.047885313947,16733.715033929344,17094.475186884985,17702.762610155034,18527.9532909744,19071.86684707493,19769.924288662733,20120.823031523963,20346.82304603818,21055.93035317985,21624.23239078782,27312.338786842385,14804.574373894071
2025-09-04 06:45:00+00:00,480,7215,3776.4789074915548,6501.081911043979,8481.600885058235,10691.057027322913,14017.052890444602,15952.93706952633,17770.24357234827,19075.865587978846,19611.406997446993,20131.087254402275,20733.619113732067,21666.56223433401,22402.018931695427,23111.13145869138,23497.277568051297,23764.139746767956,24107.439759404326,24850.856967901822,25496.24807294034,32184.641617261605,18027.403270482835
2025-09-04 07:00:00+00:00,481,7230,4525.063946271532,8354.68488124212,9904.014232109166,13677.088136153068,17794.28299787032,20332.443234503637,22033.504756055776,22393.975959148058,23045.610044922098,23712.91847534475,24480.317673353915,25321.653711408417,26347.98154942462,26732.03456132197,27090.966343586715,27307.662961777434,28048.197742901844,28683.552065485976,29334.065249143256,36886.26760564208,21331.417275866406
2025-09-04 07:15:00+00:00,482,7245,6963.356298813827,9193.74484682719,11306.471030925546,16104.897666470397,22434.0775017879,24861.81158810248,25202.09785024663,25955.567467960995,26826.24169155,27530.54564845661,28233.38160287612,29289.724276238754,29848.74479579104,30251.89758680531,30580.26402441234,31083.774867025943,31712.32618562215,32465.376950198766,33167.50203042826,41510.826265415875,24667.78175320537
2025-09-04 07:30:00+00:00,483,7260,5686.26823749432,10309.55971299311,13039.711953023216,17867.318421783686,24811.944719228453,27375.90909911784,28401.325602831505,29486.834273627275,30507.543321393605,31553.024350444426,32670.54642243696,33121.95343079916,33476.0526052066,33835.2683002106,34214.38753521714,34806.67669036997,35697.982071431674,36259.733986195366,36915.27842865625,46013.27971370571,27679.78052396427
2025-09-04 07:45:00+00:00,484,7275,5888.761199034959,10171.286902344025,13299.720734615537,18247.92630142269,24299.875456571357,27915.567758592097,31141.401370975746,32607.120376990595,33895.82502808862,35401.418325207254,35922.0090347549,36299.54302815176,36636.77419439315,37017.91100770626,37477.354815688166,38216.77468519239,39018.66746885557,39661.16787318204,40483.433629895204,50354.93778014682,29956.359185757992
2025-09-04 08:00:00+00:00,485,7290,5947.246125788825,8956.505283557044,11939.903682195489,15630.444776919474,22700.154820975084,29048.87212245912,32447.271176022736,35569.745224798644,36899.60057643902,38436.623438551476,38980.76075403856,39348.74841506522,39654.1887247612,40137.863071470136,40910.27650799317,41607.245445532426,42217.74732873127,42757.20327715733,43672.64532934623,54502.01151116957,31715.656047622924
2025-09-04 08:15:00+00:00,486,7305,6241.203715463547,9521.61143250894,12410.385247104305,15156.843959258276,23201.137160262886,30842.415504640932,32137.271812369494,36388.938543454045,38695.28257226256,40913.60749440879,41629.65117543277,41998.366259041526,42327.66377909912,42759.45212441517,43431.7128136136,44418.47815598519,44987.697125849736,45606.934877744665,46569.97039411774,58424.62010521941,33432.24013722542
2025-09-04 08:30:00+00:00,487,7320,6385.084103368268,9987.99712777537,12684.429074241789,16386.457194371746,24493.224577988643,29594.297623349896,33290.181222222316,35527.53671927546,40390.392228199744,41751.51256300352,43826.56210146611,44292.14118182414,44651.50424452649,45048.06420954485,45567.71749609734,46463.45802036689,47283.081945549515,48052.04004811511,49152.748476221655,62096.121197552704,34735.60137423274
