horizon,horizon_num,horizon_minutes,p_05,p_10,p_15,p_20,p_25,p_30,p_35,p_40,p_45,p_50,p_55,p_60,p_65,p_70,p_75,p_80,p_85,p_90,p_95,clear_sky,deterministic
2025-09-01 04:45:00+00:00,0,15,108.56840687720388,137.34668427362593,155.2144764231169,174.17210500146007,189.36006608689914,201.2953843785149,215.04622479649493,235.23532839341476,255.4273145079379,266.32916490655106,283.63460987689666,296.26451152880225,308.91283279129397,328.68979825637507,361.08028903681236,397.4606869651677,466.58854925005875,551.4788493461514,669.7804310106229,1675.1650033813671,307.3611649979504
2025-09-01 05:00:00+00:00,1,30,363.3125060559819,460.3140479384108,511.0806561264779,568.2938337730128,630.6377283250084,668.5442815840695,740.9048964817481,791.5374536157688,859.567266249526,926.215634519087,1063.4053627412513,1201.3177109786616,1293.8453485768878,1512.5646557845519,1684.1115553440634,1853.9926807618453,1975.1361593244455,2105.1178714365105,2328.8002934519614,3879.876165636631,1190.4559614727696
2025-09-01 05:15:00+00:00,2,45,930.358850034643,1054.1406924234095,1190.0589560442143,1367.1422992352957,1482.8256667519654,1666.9485976631784,1812.7634292477298,2154.6486159403867,2327.932904663913,2795.69551183944,3039.786478320559,3263.62444217188,3483.648686698569,3713.208974295875,3835.19009736571,3983.970888974837,4178.030990506755,4411.362343144776,5191.683521290128,6943.114987464904,2814.5844113905873
2025-09-01 05:30:00+00:00,3,60,1490.0041308916254,1712.5412954586363,2132.218257404696,2461.960163932998,3041.142305311079,3510.267549343805,4217.600515851266,4787.554479931599,5152.35668209184,5433.862378882586,5707.044751128954,5887.139997157527,6081.795282099756,6291.834019321453,6531.850968044019,6709.997079242577,6891.74923250266,7331.843689276099,8057.808741836734,10648.417318059286,5027.172968681881
2025-09-01 05:45:00+00:00,4,75,2014.8478950105618,2502.423684442787,3419.9073197159764,4251.392569306781,5330.26195592437,6216.680329695647,6908.024823257504,7403.92127422366,7975.975322808293,8195.604274348561,8477.44319369156,8731.939122635964,9088.8397601535,9238.09787796326,9549.012498487366,9846.315556156442,10177.577467232644,10547.936720782905,11223.523079596545,14675.583424022774,7538.350014170731
2025-09-01 06:00:00+00:00,5,90,2724.8401839610456,3641.9409563602712,4850.792826704754,6105.471397761402,7430.011162758894,8607.828082787246,9672.75615034851,10529.094210528656,10886.877930940514,11512.835238765992,11877.120536570697,12145.801381449679,12432.129109332904,12762.844949453623,13117.248396109695,13410.357476248308,13862.369873750877,14189.388242674304,14671.330071364093,18991.34858868252,10203.387668490268
2025-09-01 06:15:00+00:00,6,105,3367.5058496786146,5079.004481422523,5817.115938551251,7220.0818054889605,8653.299854891407,10268.209105049138,12856.059624647345,13665.668596091735,14565.525122609864,14968.248454496628,15399.544883759643,15779.092939731467,16217.258521080099,16551.46916116939,16910.502182643795,17295.398027122763,17676.09314997544,18202.73432258711,18557.312633117413,23495.64768392631,13051.303802361186
2025-09-01 06:30:00+00:00,7,120,4052.2244778795107,6589.362182751101,7288.122519451194,8392.80852746412,10034.02622842333,14303.270009696618,16091.670038551836,17818.742606769327,18310.55230948335,18835.978279934756,19421.54096858105,19803.04441649942,20167.27254253459,20615.539436958912,20977.052604741024,21348.462973923637,21944.441833102752,22262.09195706318,22890.332074941663,28168.582598839257,16274.613955254232
2025-09-01 06:45:00+00:00,8,135,4702.240982389396,5057.127094267841,8369.106586331924,9645.579248499847,11673.006807869018,18304.464990677487,19928.21597620094,21046.57671785989,21995.290438491833,22794.362539398036,23406.746394804413,23929.39383924342,24274.910119292403,24711.505889241995,25052.63713264445,25460.517883121836,25903.886227106523,26390.238297066044,26986.13367249503,32982.48395778329,19273.823892063097
2025-09-01 07:00:00+00:00,9,150,5096.097190211966,5538.740487628327,9381.950562800317,10366.91418582655,12882.724723625312,19617.780604972817,22936.826456747232,24134.439826197467,25347.10956754709,26135.199625512396,27204.952768541345,27730.30285517256,28282.976189100627,28647.222410604674,28946.6926863776,29626.704820635827,30062.46150022758,30546.187035011444,31139.976591605875,37666.86592586329,22069.233209165403
2025-09-01 07:15:00+00:00,10,165,5300.816086461345,6094.890913340838,6553.268537584605,10905.966664750404,14412.898331264043,22061.390985479364,26299.703086368343,27939.87800330413,28856.347047375064,29760.466739676333,31269.004705409465,31903.63402471404,32234.269052533902,32555.629241682105,33233.71729320353,33670.11044524438,34076.215101803995,34437.37009352898,35240.16028524715,42275.5040251787,24870.08053513614
2025-09-01 07:30:00+00:00,11,180,5562.59842487881,6598.692299953976,7029.673561708609,10186.136621156515,13642.742288264662,23849.157300094503,29028.559820126557,30961.958974824094,31942.429306987407,32838.38059965345,35032.724304074414,35496.98480711942,35865.8149903376,36372.88601237479,36953.65988354621,37477.45805161763,37776.695510790654,38272.839193795175,39063.15385408259,46764.26034690885,27332.997392143516
2025-09-01 07:45:00+00:00,12,195,5980.56661053251,6904.686273370166,7328.930998137641,7625.62239698209,11649.352844062581,16340.173699413283,27032.270324240624,30841.483291260298,33177.762748992485,34807.88556776995,35806.776002635335,38237.85222638003,38986.54747247261,39361.32082966711,39816.74109280853,40599.244978191775,41032.52301083089,41502.92729610597,42476.086722012435,51094.952853105046,28240.604929558285
2025-09-01 08:00:00+00:00,13,210,6543.338256108751,7598.014989634659,8075.097663223172,8495.37350027789,12885.240586044762,17374.166748927197,26238.185007183114,32786.548963738554,35337.22366523394,36933.728703400564,38230.43569029999,40058.14768163001,41511.97605308579,42359.16596459149,42819.46661546646,43462.29334048412,44290.50051920098,44729.06837387577,45797.207355252816,55234.055014111036,30151.784919620906
2025-09-01 08:15:00+00:00,14,225,6883.238037085903,7949.858898998364,8506.413858572369,8974.797986532494,14375.496940732319,19139.09423672118,26925.324181410695,33780.681954415355,36904.967361414936,38816.32045536188,40917.0644694347,43172.89567494793,44453.92149964212,45149.50958228935,45762.39885263716,46362.14001683006,47170.18427315742,47679.417439535704,48515.75866897755,59151.79517938887,31943.207720088285
2025-09-01 08:30:00+00:00,15,240,7117.116979802774,8313.756931558415,9045.064434119078,9527.945936176233,15769.479808011309,21407.474843977343,29258.81794482058,35768.61517251192,37867.48653289874,40286.72054470239,42232.85160104087,43688.293126203855,46458.325684726224,47617.01803278592,48372.95566386508,48845.14690396874,49899.374531480506,50468.31509881308,51386.18832485853,62821.54460621261,33623.0227795966
2025-09-01 08:45:00+00:00,16,255,7609.863023806371,8711.273519575623,9389.81554057935,9983.993823820958,15131.434164182127,23899.78641004066,31335.85018623156,35733.83308792636,39058.32173760168,41970.55455562766,44555.50511489796,45651.69014764084,48197.01433477279,49837.30671880074,50541.833987922146,51093.41732337116,51841.16213627553,52831.77906532499,53746.014647702556,66158.31357358364,35092.0780492689
2025-09-01 09:00:00+00:00,17,270,8262.124166138196,9462.611353091326,10265.526906082074,10794.080227676304,23807.348818929026,30002.353085035593,36218.56958107082,39956.5589235283,41949.7568109898,45417.33970683571,47393.855790397545,48540.358561568304,50718.40445552813,51979.550952246114,52594.720890309494,53154.22818137095,53927.38746116199,55014.940092773046,55755.45237114431,69011.72149271065,37862.152042727976
2025-09-01 09:15:00+00:00,18,285,8900.895937575388,10222.73586245973,10927.47323564341,16102.509407388729,25298.639620464714,31357.559565782183,37655.57759769164,42133.9631525968,43606.56322611462,47614.39386996415,49733.458440193004,50457.40603967739,52088.67871427994,53703.762584223026,54481.139230809524,55146.55063528488,55867.90598879971,56907.45119381134,58025.78910871878,71792.6414196196,39672.05874631167
2025-09-01 09:30:00+00:00,19,300,9258.484984806368,10669.835245715243,11300.987253111742,17532.009606304713,25314.447421632154,32049.764683803387,39166.117856954574,43653.121833799356,46680.61913828181,48424.04488716904,51003.88667663607,51988.08381826221,53264.35330172149,54871.609322516895,55584.8915285356,56259.57784148104,57103.737055513295,57834.969116901055,59332.732573187575,74244.68038788493,40753.10860009799
2025-09-01 09:45:00+00:00,20,315,9279.17203230564,10945.735106783937,11807.60651418297,21699.56147110161,29553.137948447966,34283.77567164708,40793.09707252051,43853.9365518167,48274.99813350003,50101.96794505529,51757.880772043885,52746.9393792367,54260.41690119775,55190.41425480001,56522.9627898598,56995.865053138754,57616.432750180036,58639.58878270948,60130.14008848585,76353.57463562698,41959.28898966116
2025-09-01 10:00:00+00:00,21,330,9627.92792239287,11264.956593388677,12216.388738100559,24963.589011730088,31636.55379386924,39585.44538487825,42196.25966039926,45798.55314415833,49949.1612088618,51860.339731440756,53269.326593640086,54235.53231115116,55753.318103914535,56611.12284015432,57784.366344262635,58342.1499640447,58996.51230438679,59945.48738618237,61817.16790433521,78107.22403270162,43549.77681699782
2025-09-01 10:15:00+00:00,22,345,9517.21000005884,11274.095993413172,13712.409538654158,25802.97940412508,34403.00331513416,42842.98171611348,46276.478903916744,50169.801996339054,51669.452054063,53567.95351312916,54914.4902533468,56299.19673678937,56982.65218827794,58098.78883931129,58580.555199032424,59045.91735734984,59653.88077367989,60818.08795031066,62499.27029689758,79495.69002144855,45097.22882369618
2025-09-01 10:30:00+00:00,23,360,9504.824826973443,11690.91091103042,20506.73511327949,28640.252578568536,42426.82097702631,45323.81670241768,47965.85931251206,51392.23411847346,53160.39992562921,54393.90540342566,55272.62035907605,56425.42880024561,57398.714497304434,58097.58842108215,59175.556388210374,59685.46965554402,60144.362564948955,61134.14637872676,63200.71758633437,80511.20678723516,46614.21925286214
2025-09-01 10:45:00+00:00,24,375,9679.831228800285,10915.782437705322,19899.24405538043,30653.587321102008,37253.36065366804,45266.736945350385,47809.77970335008,49975.13996309922,52079.31081875032,54031.965566222105,55472.15069342767,56550.22909173294,57207.268228346315,58070.25916752828,58752.885805114434,59246.795340097466,59909.49212941314,60669.39354465082,62554.562766849485,81148.19891501698,46130.45881520075
2025-09-01 11:00:00+00:00,25,390,9337.89084994492,11422.211232298025,27662.21922353375,33198.86851430062,38105.97881938295,44225.071255138595,47331.08650822607,49100.439121772404,51120.85939242359,53351.237544850155,55578.78241491613,56402.33526461385,57175.58678029951,57882.25676991449,58428.171841685136,58957.88326095723,59601.57491654063,60147.93215963367,61794.37693490518,81403.2999670834,46333.96503774514
2025-09-01 11:15:00+00:00,26,405,9277.943489202782,10876.6357528668,28377.42034308932,34949.373192625724,42000.58856380137,44976.48534292106,46959.95861532675,49126.48856778564,50890.649793509394,53126.19427674883,55212.36180035545,56051.61515201974,56815.14230108625,57533.62044398601,57969.09002184483,58324.958425856144,58855.63937920637,59632.88558152984,60829.48956531488,81275.36792725958,46447.92675396093
2025-09-01 11:30:00+00:00,27,420,9234.546265669867,10865.062231403646,26909.956437505363,32889.56867522352,40236.63325581199,43244.90089711007,46067.795173317696,48301.4526943092,49846.790881680055,51080.66621104645,53914.15419858228,55037.184918853935,56215.275104194705,57073.945475719935,57522.27360222014,57939.72761762754,58511.36567248284,59227.17069724159,60136.49627490749,80765.49477661571,45549.471081550866
2025-09-01 11:45:00+00:00,28,435,6723.663309658887,8271.408775335309,19704.856273108733,28226.48663518044,39098.48862043858,41988.20138292386,45366.56656051518,46759.189846924026,47731.065949164644,48940.6023077264,50589.86759653583,51441.99352370926,51906.22023513563,53445.62100093223,54613.67045435577,55159.73494329568,55644.87878374706,56471.97842066294,57426.45095890966,79877.0089968237,42665.01924441388
2025-09-01 12:00:00+00:00,29,450,5383.075135222983,22188.90201209269,27916.238977205245,29764.03745689394,33240.72758585427,36353.18061767772,41201.43715202494,43010.06536586225,45769.424397358445,47608.485012464334,48454.36142676285,50279.47661505195,51390.38979848883,52581.0264863685,53283.222291313716,54308.26599919479,55182.92486785743,56232.346050790075,57316.39809078124,78615.47171025253,42378.88974571253
2025-09-01 12:15:00+00:00,30,465,7800.909795510683,16462.169226306643,20047.24713789738,22034.668222085642,25183.28232866806,28666.793633809226,30446.626800237984,32118.734008385272,33282.47004675053,35161.98886451417,38214.65248351358,43335.19666615728,47279.28883951111,49253.81021834669,51021.71798824634,52793.91644643591,54089.98460072184,55472.11591122829,59422.94514210801,76988.66871944528,36924.15061045597
2025-09-01 12:30:00+00:00,31,480,9416.980569351139,10643.282784313245,12551.637388002982,14160.694904511649,17797.930780780778,20030.40336527828,21764.722512482538,23554.021712365615,26363.964657095927,29521.87800017503,31823.986218180024,33482.502258824585,37382.923222114885,43135.527734178,46899.87503382891,50293.231324789405,53616.256822438125,54787.06856639962,60376.23399680191,75006.60232125821,31809.28661224506
2025-09-01 12:45:00+00:00,32,495,8552.322670885478,9672.453066510549,11475.720194181327,12409.34061256509,14014.47311356959,16692.845762931334,17559.9256431578,20300.49545357555,21389.35472566221,22989.805092043167,25405.82011424085,27548.490978065824,30082.942938385233,39295.199694056755,42093.57055302509,46789.0890041258,51276.74158156129,54392.368550381754,58265.11054608192,72681.48806957909,28362.102806944287
2025-09-01 13:00:00+00:00,33,510,8258.500647063916,9479.65916201528,10962.376752267039,11824.7815027475,13273.015254748034,15612.295576997407,18578.983390620062,19674.93723503961,20531.624815234587,22521.265544336013,25456.113055838687,27688.502212988664,28906.166778595943,38206.00897186668,44295.257062320685,48776.03844440815,49948.961619226655,52905.15614368805,55448.37834030092,70027.76251132227,27714.494263314857
2025-09-01 13:15:00+00:00,34,525,7281.4179152456445,8994.656589830289,10104.101504316444,10930.982747763419,12280.582747446615,14609.31037460477,17556.05739099034,18534.525676791,19426.300012003496,24194.16292854011,25932.537702839993,27273.080191758683,33075.30010413196,37216.071407749536,45270.54067369452,46760.59649703037,47747.81455269233,49954.42709626965,52867.44542267152,67062.10950620206,27401.421412644853
2025-09-01 13:30:00+00:00,35,540,6236.888123620591,7762.785932600527,9045.635191749872,10222.80106489762,13003.50098980747,15286.453180950797,16764.972157507673,17550.646456314233,21287.037494581382,24133.210708190996,26123.830971818603,31384.028370907516,36923.427245446015,41176.516685968134,44010.02189948084,44551.64100448999,45929.30760135212,48429.04194498873,49615.5510940166,63917.83862270356,27268.49585905618
2025-09-01 13:45:00+00:00,36,555,5752.677965527234,7252.244467978425,8635.296849991415,11562.237170204791,13414.571048050679,15506.466703659915,16168.805724008807,18165.52090251123,20957.544601951962,23788.568477972905,27348.068746959183,28774.754888281583,34368.508129982605,37459.20361363235,40727.14750997283,41594.119647830375,43766.781197622615,46177.137727727946,47161.30605745647,60505.62935942037,26102.711510276582
2025-09-01 14:00:00+00:00,37,570,5084.175546304636,6229.873488696224,7456.955582031007,11003.544807725384,12195.271216079871,13865.990088111097,14604.105136165961,18334.849253574383,19434.273653438977,22384.039525648892,25561.65965148985,28523.63901561792,33754.990293846655,35442.280955446535,37115.50263679012,37897.17808633886,38902.16880050619,41899.423886923454,43492.79373330772,56710.694537538686,24196.785749395738
2025-09-01 14:15:00+00:00,38,585,4144.101627302378,5574.628091877763,9896.414406705373,10999.002424046135,12919.900064347446,14349.328677382196,17978.11291344613,21061.89518066242,28924.481596176593,31313.886384080644,32524.61577617481,33639.39378224446,34165.492602296086,34774.50340168323,36045.68808335577,37723.48622544337,38961.491637949584,40267.69041137714,41317.9152536547,52695.14679205138,25485.718359249116
2025-09-01 14:30:00+00:00,39,600,3326.4180234632986,4516.212343618418,8741.609537452136,11217.863145067326,13259.099388707335,15079.043132354256,18361.953603142763,23757.485809362235,26327.59029149097,28322.129229335555,29127.809642452183,29602.479606735233,30759.19624507557,31378.10944648653,32217.76041451925,32885.31074869079,34315.5648975732,36333.736335071655,37015.18288804173,48488.789955427135,23365.496666433355
2025-09-01 14:45:00+00:00,40,615,2823.751048494512,4895.16426474046,9343.24938642616,10046.709785597353,13698.976047879998,19602.59175543852,21430.928940996746,22595.39161524404,25094.86793916317,25721.40037723802,26341.55136363815,26688.343327029426,27555.379682984447,28428.044439670786,28841.933686714045,29363.396721065412,30679.29349343028,32773.758309881334,33890.346251674615,44124.86307909094,21963.976514784525
2025-09-01 15:00:00+00:00,41,630,4201.192670724859,8025.748185828489,11732.450028678431,13781.833504997663,17033.531860383693,18458.693841202097,18976.742553214335,19911.469065612175,21528.80617813662,23026.811589037217,23522.35300339506,23812.23990193921,24759.941746706416,25383.26923739688,25654.451501752144,26052.47380136474,26594.48877455742,27721.196661990998,29261.145042456978,39640.68753080903,20292.742165085063
2025-09-01 15:15:00+00:00,42,645,6077.609553658893,8240.1749746062,10282.542565477685,12020.013178791885,12549.1221761046,15094.90027104097,16501.337460944444,16689.97575017661,17370.54928026287,18169.787363290056,19884.44647374249,20406.068884925757,20906.6289325589,21803.74483594807,22410.272420731664,22651.546493534075,23076.924665456376,24037.182145451232,25855.17090238896,35078.57560024175,17485.539359179947
2025-09-01 15:30:00+00:00,43,660,5192.242173612964,6944.633806368381,8799.479967796546,9300.20137400978,10504.626038311668,11154.375811280324,13246.592025430748,14194.932591262623,14602.864467597872,14961.267344683292,15270.838742519887,15800.696843130716,16330.63602627385,17417.120875213066,17945.59298483428,18547.456363991867,18984.753530788374,19393.711499240395,19614.294739396497,30487.078357526225,14094.754373275797
2025-09-01 15:45:00+00:00,44,675,4610.758771608028,5482.97849042363,7352.398233702944,7893.327066782638,8837.918465470993,9548.94008670254,10049.232976368456,11990.793152613413,12104.970972991821,12381.6343488456,12610.675367120728,12980.836015446377,13189.35958271811,13739.83045510369,14832.937914024553,15136.417140529049,15399.266376415833,15803.36365401094,16215.918585349486,25855.49728328116,11544.438777153899
2025-09-01 16:00:00+00:00,45,690,3737.4757706417818,5437.963202231049,5958.663905166167,7058.045686455383,7932.204116953004,8875.076242513147,9500.22985583497,9910.39326960451,10099.218234747743,10265.177772759884,10628.144741009011,11064.265225286947,11605.624591891506,12090.428875766547,12405.730553009334,12700.313455291358,13120.170038336184,13370.23941767751,13707.602085094763,21303.7560029771,9917.040760236405
2025-09-01 16:15:00+00:00,46,705,3263.3563814339377,4565.822938046659,4733.236368398879,5382.141921243824,6111.135129768984,6472.0447286416,7098.258180603947,7361.356682300197,7794.655127812942,7920.6740966457455,8056.569476664458,8238.11587229003,8468.368817051089,9010.089182830405,9665.924715258527,10194.140122765948,10543.762132334692,10998.456816543145,11878.132904397587,17019.757158952616,7821.016267358805
2025-09-01 16:30:00+00:00,47,720,3113.6749570345696,3513.0188813319055,3648.1628908087355,4143.5844517190335,4732.596752180308,5225.742043060347,5454.551268749553,5755.713705184336,6029.117751578421,6281.123998333827,6374.192379502024,6476.042108139676,6723.891846951399,7384.563084426196,7562.371889864876,7878.819246980513,8138.835379914175,8776.687898212345,11233.02243042591,12975.731820683099,6384.363669748454
2025-09-01 16:45:00+00:00,48,735,1440.7424536766646,2154.132852827259,2325.144862722501,2661.7649652048826,2999.286427701692,3308.7814453117626,3572.9881313595906,3695.3172237780923,3811.347590405176,3932.2880722133764,4029.935937565562,4122.495054811265,4360.585314878974,4598.692974125196,5117.009829175318,5389.185497082538,5490.897119405303,5786.493579757332,7713.54249058041,9268.258350351918,4141.173066852151
2025-09-01 17:00:00+00:00,49,750,641.0911366157804,887.9669330580732,1677.8576797089947,1717.052390572214,1777.149979212368,2053.6456374112904,2199.582254120483,2248.798380288411,2347.5591576990064,2422.718865831205,2583.9127145563257,2625.21254623668,2682.1591559919657,2836.6650638771894,2952.967570075691,3327.229735745164,3512.4410261445387,3626.6871124138165,4959.640075575304,5987.765268026597,2541.416735780759
2025-09-01 17:15:00+00:00,50,765,343.06562001214456,428.54347041445163,668.2231261209282,838.1987949603117,949.5303855607813,972.0226073549228,1113.3652893707679,1230.2020748042062,1267.5878029949304,1299.4897302498796,1356.4557773392949,1409.8273467561587,1451.9922834493327,1518.815546029209,1562.0238835078592,1756.5167681621188,1948.11353753093,1984.684608679543,2290.6727156207407,3351.892411077135,1324.217146489747
2025-09-01 17:30:00+00:00,51,780,180.89417476606084,234.3988008405448,324.77205539948403,434.64813988464766,491.02290648006067,539.5569755380415,597.2739731713995,650.8452495704036,711.5428521001771,732.1872374510099,766.5662977844704,814.394985253462,864.9986724827646,988.7289229419415,1010.246569640413,1126.0193881036469,1197.1178916780825,1316.0386683154854,1490.6698331185332,1916.072121797572,784.7845994656382
2025-09-01 17:45:00+00:00,52,795,62.50834775492345,91.91677726681307,121.8659717536005,127.75912843644943,143.82657520759903,148.44680588691136,151.86753424111012,155.99628160847604,163.99620819161163,173.74293873918282,183.05274548579797,204.89304021486961,211.28014097608704,228.985217636339,249.25528601938097,293.51904712492785,328.78131249278323,350.6745345138627,415.76803650205454,587.3384826782323,208.97045934348364
2025-09-01 18:00:00+00:00,53,810,0.015789077596037423,0.02506415011850051,0.029414418581150563,0.031882550534222474,0.03401343847633489,0.03670287548844352,0.0391433481433627,0.041155037795590786,0.04250391688158566,0.044564715327663776,0.046685264456877894,0.04947746283823492,0.05266874973192254,0.05494544804902847,0.057818434685318616,0.0606152168130052,0.06372174413110888,0.06821294906762207,0.07466320526695651,0.10288053029567752,0.0462988746664202
2025-09-01 18:15:00+00:00,54,825,0.0,0.0,0.0,0.0,0.0,0.0,0.0,0.0,0.0,0.0,0.0,0.0,0.0,0.0,0.0,0.0,0.0,0.0,0.0,0.0,0.0
2025-09-01 18:30:00+00:00,55,840,0.0,0.0,0.0,0.0,0.0,0.0,0.0,0.0,0.0,0.0,0.0,0.0,0.0,0.0,0.0,0.0,0.0,0.0,0.0,0.0,0.0
2025-09-01 18:45:00+00:00,56,855,0.0,0.0,0.0,0.0,0.0,0.0,0.0,0.0,0.0,0.0,0.0,0.0,0.0,0.0,0.0,0.0,0.0,0.0,0.0,0.0,0.0
2025-09-01 19:00:00+00:00,57,870,0.0,0.0,0.0,0.0,0.0,0.0,0.0,0.0,0.0,0.0,0.0,0.0,0.0,0.0,0.0,0.0,0.0,0.0,0.0,0.0,0.0
2025-09-01 19:15:00+00:00,58,885,0.0,0.0,0.0,0.0,0.0,0.0,0.0,0.0,0.0,0.0,0.0,0.0,0.0,0.0,0.0,0.0,0.0,0.0,0.0,0.0,0.0
2025-09-01 19:30:00+00:00,59,900,0.0,0.0,0.0,0.0,0.0,0.0,0.0,0.0,0.0,0.0,0.0,0.0,0.0,0.0,0.0,0.0,0.0,0.0,0.0,0.0,0.0
2025-09-01 19:45:00+00:00,60,915,0.0,0.0,0.0,0.0,0.0,0.0,0.0,0.0,0.0,0.0,0.0,0.0,0.0,0.0,0.0,0.0,0.0,0.0,0.0,0.0,0.0
2025-09-01 20:00:00+00:00,61,930,0.0,0.0,0.0,0.0,0.0,0.0,0.0,0.0,0.0,0.0,0.0,0.0,0.0,0.0,0.0,0.0,0.0,0.0,0.0,0.0,0.0
2025-09-01 20:15:00+00:00,62,945,0.0,0.0,0.0,0.0,0.0,0.0,0.0,0.0,0.0,0.0,0.0,0.0,0.0,0.0,0.0,0.0,0.0,0.0,0.0,0.0,0.0
2025-09-01 20:30:00+00:00,63,960,0.0,0.0,0.0,0.0,0.0,0.0,0.0,0.0,0.0,0.0,0.0,0.0,0.0,0.0,0.0,0.0,0.0,0.0,0.0,0.0,0.0
2025-09-01 20:45:00+00:00,64,975,0.0,0.0,0.0,0.0,0.0,0.0,0.0,0.0,0.0,0.0,0.0,0.0,0.0,0.0,0.0,0.0,0.0,0.0,0.0,0.0,0.0
2025-09-01 21:00:00+00:00,65,990,0.0,0.0,0.0,0.0,0.0,0.0,0.0,0.0,0.0,0.0,0.0,0.0,0.0,0.0,0.0,0.0,0.0,0.0,0.0,0.0,0.0
2025-09-01 21:15:00+00:00,66,1005,0.0,0.0,0.0,0.0,0.0,0.0,0.0,0.0,0.0,0.0,0.0,0.0,0.0,0.0,0.0,0.0,0.0,0.0,0.0,0.0,0.0
2025-09-01 21:30:00+00:00,67,1020,0.0,0.0,0.0,0.0,0.0,0.0,0.0,0.0,0.0,0.0,0.0,0.0,0.0,0.0,0.0,0.0,0.0,0.0,0.0,0.0,0.0
2025-09-01 21:45:00+00:00,68,1035,0.0,0.0,0.0,0.0,0.0,0.0,0.0,0.0,0.0,0.0,0.0,0.0,0.0,0.0,0.0,0.0,0.0,0.0,0.0,0.0,0.0
2025-09-01 22:00:00+00:00,69,1050,0.0,0.0,0.0,0.0,0.0,0.0,0.0,0.0,0.0,0.0,0.0,0.0,0.0,0.0,0.0,0.0,0.0,0.0,0.0,0.0,0.0
2025-09-01 22:15:00+00:00,70,1065,0.0,0.0,0.0,0.0,0.0,0.0,0.0,0.0,0.0,0.0,0.0,0.0,0.0,0.0,0.0,0.0,0.0,0.0,0.0,0.0,0.0
2025-09-01 22:30:00+00:00,71,1080,0.0,0.0,0.0,0.0,0.0,0.0,0.0,0.0,0.0,0.0,0.0,0.0,0.0,0.0,0.0,0.0,0.0,0.0,0.0,0.0,0.0
2025-09-01 22:45:00+00:00,72,1095,0.0,0.0,0.0,0.0,0.0,0.0,0.0,0.0,0.0,0.0,0.0,0.0,0.0,0.0,0.0,0.0,0.0,0.0,0.0,0.0,0.0
2025-09-01 23:00:00+00:00,73,1110,0.0,0.0,0.0,0.0,0.0,0.0,0.0,0.0,0.0,0.0,0.0,0.0,0.0,0.0,0.0,0.0,0.0,0.0,0.0,0.0,0.0
2025-09-01 23:15:00+00:00,74,1125,0.0,0.0,0.0,0.0,0.0,0.0,0.0,0.0,0.0,0.0,0.0,0.0,0.0,0.0,0.0,0.0,0.0,0.0,0.0,0.0,0.0
2025-09-01 23:30:00+00:00,75,1140,0.0,0.0,0.0,0.0,0.0,0.0,0.0,0.0,0.0,0.0,0.0,0.0,0.0,0.0,0.0,0.0,0.0,0.0,0.0,0.0,0.0
2025-09-01 23:45:00+00:00,76,1155,0.0,0.0,0.0,0.0,0.0,0.0,0.0,0.0,0.0,0.0,0.0,0.0,0.0,0.0,0.0,0.0,0.0,0.0,0.0,0.0,0.0
2025-09-02 00:00:00+00:00,77,1170,0.0,0.0,0.0,0.0,0.0,0.0,0.0,0.0,0.0,0.0,0.0,0.0,0.0,0.0,0.0,0.0,0.0,0.0,0.0,0.0,0.0
2025-09-02 00:15:00+00:00,78,1185,0.0,0.0,0.0,0.0,0.0,0.0,0.0,0.0,0.0,0.0,0.0,0.0,0.0,0.0,0.0,0.0,0.0,0.0,0.0,0.0,0.0
2025-09-02 00:30:00+00:00,79,1200,0.0,0.0,0.0,0.0,0.0,0.0,0.0,0.0,0.0,0.0,0.0,0.0,0.0,0.0,0.0,0.0,0.0,0.0,0.0,0.0,0.0
2025-09-02 00:45:00+00:00,80,1215,0.0,0.0,0.0,0.0,0.0,0.0,0.0,0.0,0.0,0.0,0.0,0.0,0.0,0.0,0.0,0.0,0.0,0.0,0.0,0.0,0.0
2025-09-02 01:00:00+00:00,81,1230,0.0,0.0,0.0,0.0,0.0,0.0,0.0,0.0,0.0,0.0,0.0,0.0,0.0,0.0,0.0,0.0,0.0,0.0,0.0,0.0,0.0
2025-09-02 01:15:00+00:00,82,1245,0.0,0.0,0.0,0.0,0.0,0.0,0.0,0.0,0.0,0.0,0.0,0.0,0.0,0.0,0.0,0.0,0.0,0.0,0.0,0.0,0.0
2025-09-02 01:30:00+00:00,83,1260,0.0,0.0,0.0,0.0,0.0,0.0,0.0,0.0,0.0,0.0,0.0,0.0,0.0,0.0,0.0,0.0,0.0,0.0,0.0,0.0,0.0
2025-09-02 01:45:00+00:00,84,1275,0.0,0.0,0.0,0.0,0.0,0.0,0.0,0.0,0.0,0.0,0.0,0.0,0.0,0.0,0.0,0.0,0.0,0.0,0.0,0.0,0.0
2025-09-02 02:00:00+00:00,85,1290,0.0,0.0,0.0,0.0,0.0,0.0,0.0,0.0,0.0,0.0,0.0,0.0,0.0,0.0,0.0,0.0,0.0,0.0,0.0,0.0,0.0
2025-09-02 02:15:00+00:00,86,1305,0.0,0.0,0.0,0.0,0.0,0.0,0.0,0.0,0.0,0.0,0.0,0.0,0.0,0.0,0.0,0.0,0.0,0.0,0.0,0.0,0.0
2025-09-02 02:30:00+00:00,87,1320,0.0,0.0,0.0,0.0,0.0,0.0,0.0,0.0,0.0,0.0,0.0,0.0,0.0,0.0,0.0,0.0,0.0,0.0,0.0,0.0,0.0
2025-09-02 02:45:00+00:00,88,1335,0.0,0.0,0.0,0.0,0.0,0.0,0.0,0.0,0.0,0.0,0.0,0.0,0.0,0.0,0.0,0.0,0.0,0.0,0.0,0.0,0.0
2025-09-02 03:00:00+00:00,89,1350,0.0,0.0,0.0,0.0,0.0,0.0,0.0,0.0,0.0,0.0,0.0,0.0,0.0,0.0,0.0,0.0,0.0,0.0,0.0,0.0,0.0
2025-09-02 03:15:00+00:00,90,1365,0.0,0.0,0.0,0.0,0.0,0.0,0.0,0.0,0.0,0.0,0.0,0.0,0.0,0.0,0.0,0.0,0.0,0.0,0.0,0.0,0.0
2025-09-02 03:30:00+00:00,91,1380,0.0,0.0,0.0,0.0,0.0,0.0,0.0,0.0,0.0,0.0,0.0,0.0,0.0,0.0,0.0,0.0,0.0,0.0,0.0,0.0,0.0
2025-09-02 03:45:00+00:00,92,1395,0.0,0.0,0.0,0.0,0.0,0.0,0.0,0.0,0.0,0.0,0.0,0.0,0.0,0.0,0.0,0.0,0.0,0.0,0.0,0.0,0.0
2025-09-02 04:00:00+00:00,93,1410,0.0,0.0,0.0,0.0,0.0,0.0,0.0,0.0,0.0,0.0,0.0,0.0,0.0,0.0,0.0,0.0,0.0,0.0,0.0,0.0,0.0
2025-09-02 04:15:00+00:00,94,1425,0.0,0.0,0.0,0.0,0.0,0.0,0.0,0.0,0.0,0.0,0.0,0.0,0.0,0.0,0.0,0.0,0.0,0.0,0.0,0.0,0.0
2025-09-02 04:30:00+00:00,95,1440,0.0,0.0,0.0,0.0,0.3961215047099536,0.8004386267587345,1.2047557488075147,1.6090728708562951,3.5945977648093543,8.988474031455603,16.881521851087584,27.295303927639942,37.07070341629381,45.96527309899182,59.497596149501156,74.97954249025133,89.07842158610197,109.10818319154205,129.78217322314282,214.49627155262,34.673701850520615
2025-09-02 04:45:00+00:00,96,1455,51.8134990485777,64.72589438145316,75.1165789644353,96.94719853763728,110.28342026078086,123.45096628341176,137.2357297928719,152.91186536978645,174.86412526425948,187.18360483974763,201.7743419224574,217.12014138255955,235.26625842661315,259.07565244568974,291.5778652102558,345.57900803419363,402.2924509915187,499.9231399723803,682.6719548931374,1512.880660426381,254.45139158220647
2025-09-02 05:00:00+00:00,97,1470,187.85908575671675,210.28729025766452,235.54446330688282,277.67375931980587,324.1330611287088,357.5945919434449,401.2228749355308,455.9283288229689,497.5720288078254,535.7922111347508,569.966325678313,604.0299866769236,665.4647716271796,738.440880711007,840.6247685825233,948.3834156772162,1187.4710515658915,1283.3653990087969,1748.6441650384838,3658.658349627478,701.0301668249595
2025-09-02 05:15:00+00:00,98,1485,253.8777286097422,302.49972927701015,344.14774100760883,427.68202586930465,511.0459489615614,570.835655954557,651.3564096854561,770.7932649535485,844.1383311736698,916.8180077773665,984.9102530539786,1072.0168709502652,1195.179295446455,1327.714650243558,1482.835662490456,1676.9534058079926,2083.276409573442,2255.641605260312,3137.8275329335297,6702.76578508156,1214.7813811133956
2025-09-02 05:30:00+00:00,99,1500,279.5273284425884,357.87011146030363,425.6702348184629,553.9719834033632,680.8701672177167,775.3111311026045,914.4271463300962,1105.9287843068528,1230.0466348901466,1337.133222600912,1444.6669648002567,1626.1215101890118,1808.5052642670114,2004.2031173348523,2188.376418485382,2519.8542995423772,3139.7985558710975,3516.548602273875,4729.0179846889905,10377.628866876732,1796.2452624131815
2025-09-02 05:45:00+00:00,100,1515,287.9553176964353,387.624501866254,493.9904321463556,638.4022266326504,836.5981041971843,972.3113934018322,1129.5967984988597,1408.8118634837817,1582.540141348756,1712.2864937391787,1943.8469230139428,2132.7274270336075,2374.7360997427777,2676.260619999204,2978.319376839108,3376.096772686411,4282.422451947496,4778.261426063342,6415.426991092869,14412.134889071674,2382.2309805140444
2025-09-02 06:00:00+00:00,101,1530,278.07510642557304,428.14873783406625,560.8695091038621,774.074350141777,1007.3462042003661,1160.5337557600956,1366.7336344218422,1715.56270727944,1960.6035697184066,2150.2599369868617,2342.5194671398117,2603.5961886519535,2999.0482330520003,3270.775077898,3691.8007936589697,4275.487753405958,5314.347782165328,5779.503632528853,8278.500757399413,18726.125121749814,2963.7119448245617
2025-09-02 06:15:00+00:00,102,1545,248.31364336045363,434.512805068524,604.2971712869161,949.6362130085455,1208.038534064617,1395.9415980471706,1696.2337305937062,2122.8654289221563,2306.651045645246,2550.192668944462,2864.6607045694577,3167.8955437682307,3587.8884631067217,4161.990866050792,4604.113702517558,5392.249665287512,6673.697140701373,7858.278466773817,10752.165136813654,23231.97062027425,3701.031991275359
2025-09-02 06:30:00+00:00,103,1560,215.56162585794434,421.21194597616727,678.5434400281174,1141.7106167870395,1403.766512868839,1631.039364534282,2055.9178126984016,2522.3945448700174,2770.4064220597106,3008.484407163996,3320.441226774186,3791.7622103676254,4295.979109208214,5024.085440944931,5706.1153564300785,6494.040261860574,8060.184570573942,10249.230148696788,13189.19212170679,27882.568588348404,4482.223767208773
2025-09-02 06:45:00+00:00,104,1575,165.85017204868063,409.4605953017178,808.0161107980289,1323.631713577043,1617.1425829399338,1924.1673714769486,2406.624749119405,2882.6858384720776,3143.1178747408326,3460.3435223528054,3797.746490718653,4378.520801782662,5050.611042334273,5957.754681551897,6906.423853933524,8140.073573941494,9480.27986555349,12567.24075949119,16140.756559933572,32721.022983358056,5326.69229760888
2025-09-02 07:00:00+00:00,105,1590,81.83831303137134,285.716215670928,867.989318761176,1380.2899054050235,1715.6182689180803,2139.8064593763766,2626.90216631619,3102.856565788112,3414.1107414576445,3724.5258384091057,4211.933563027784,4923.23772024326,5622.494724226129,6577.841044545779,7610.995620930648,8835.688690958626,10429.154643373784,13780.178292552504,17175.786257771313,37411.17582130852,5831.492170378968
2025-09-02 07:15:00+00:00,106,1605,79.12704586481777,321.6686429721939,1090.0125675156974,1493.6520336435235,1867.2127329841067,2274.7580545484057,2942.931436927081,3362.010798429292,3710.9535287047665,4143.182655041671,4570.848263108265,5294.695834445411,6215.422753340542,7156.304058336716,8102.911622852315,9531.715072132793,11405.9574037352,13615.386457348142,19213.996012844247,42025.15671578972,6332.456193469642
2025-09-02 07:30:00+00:00,107,1620,12.014446648988747,318.9289474095187,1049.218587907151,1554.9367252843178,1945.3869424257234,2417.777749812334,3193.9064961573727,3512.9443196310262,3971.7980757181754,4468.085545759002,5058.378254314636,5975.430099413453,6851.828947497102,7953.255242862427,8941.442267708891,10397.085604381768,12581.953295227057,14897.40880258232,21227.973587124707,46518.53469359502,6934.923089807087
2025-09-02 07:45:00+00:00,108,1635,2.5110536640456997,356.569620294482,1145.0580255297527,1656.8413617154438,2077.8169592807185,2681.233378218583,3448.8300346965107,3851.163826088543,4255.932940554231,4822.806959518886,5610.547450054243,6668.976231159735,7577.955328394497,8729.657146557855,10225.545850982551,11748.44466704924,13917.168147953804,16728.425745792272,23136.99487963104,50852.960068909175,7651.797521618592
2025-09-02 08:00:00+00:00,109,1650,0.0,323.62542867874663,967.0165214439878,1464.5786645309959,1962.5759627439434,2513.03796825721,3375.718083346502,3876.7231375666784,4332.950024078733,4879.57719988639,5608.12534156023,6924.572849800207,8050.840987240737,9108.967763756731,10805.945644545372,13115.130074032688,14846.745469136162,19080.142285057438,25448.958196231895,54994.81781153388,8145.365489149385
2025-09-02 08:15:00+00:00,110,1665,0.0,250.48247095919766,587.67087310718,1163.96963573284,1653.2455484844052,2337.5422808675767,3173.311104014531,3685.972070466448,4133.163535913885,4630.284946913029,5435.934006092574,6878.346847484649,7949.207878483046,9479.982772665613,11191.37480933488,13378.423122386073,15317.09948005552,18466.762721358842,26827.920385749967,58914.29748844492,8220.487094484097
2025-09-02 08:30:00+00:00,111,1680,0.0,129.8043341665151,381.4113654618834,684.3257814881975,1259.4039860136634,1899.9703974925287,2718.2740231119046,3328.5582110921973,3835.8125265284684,4367.222487618803,5369.5257602471165,6848.803980502492,8466.29959156154,9748.441907818284,11881.627212575335,14438.239830227758,16290.111981065395,21574.333147030597,28770.600835836645,62584.762824442914,8566.57063847805
2025-09-02 08:45:00+00:00,112,1695,0.0,86.07363076804378,315.87398461102856,545.6743384540133,963.5409960753094,1557.7963968147562,2576.4995715967602,3235.510813356069,3760.0084786222865,4437.129355691899,5073.364483794315,6387.4790233487265,7858.902372569037,9374.76681657708,10776.021670826356,12826.43847630103,16277.638720925015,19614.95926220498,28224.44232785441,65982.33292515554,8294.178496446486
2025-09-02 09:00:00+00:00,113,1710,0.0,12.036278211595121,224.92794907918324,437.8196199467712,650.7112908143592,1334.325354430349,2020.8032715174609,2846.169741938575,3426.657320967406,3930.816799175086,4523.5598370220505,5613.236926739394,7001.838968789606,8497.570973473967,10130.985702619819,11971.53292618779,15981.72499809943,20039.411437427116,28299.4680641128,68770.15601177188,8004.236862439579
2025-09-02 09:15:00+00:00,114,1725,0.0,0.0,196.00475734142194,402.21050577124487,608.4162542010679,1030.869767181125,1737.3365219976688,2604.528909965598,3192.9637718999115,3706.878401572631,4215.7322230690215,4777.980094059966,5798.572759305481,7386.503048260075,9074.386776854479,10926.73818859587,13615.866817475364,18625.67251855752,27512.054515658536,71549.23104302332,7490.901061922961
2025-09-02 09:30:00+00:00,115,1740,0.0,0.0,56.152365076540015,246.25856491398216,436.36476475142433,626.4709645888667,1053.5686194468003,1889.1108960711879,2573.347770913305,3093.1845916302605,3574.543796012932,4151.295561086424,5086.795295724689,6436.162790634587,8355.36989148716,9912.299852352971,11899.493650825854,16351.174431083205,24177.564136809004,73998.47661309566,6781.377935156009
2025-09-02 09:45:00+00:00,116,1755,0.0,0.0,0.0,125.07820417659174,294.48023798857747,463.88227180056344,633.2843056125491,1146.9149165363838,1841.0393259371156,2376.1061208506685,2891.5341323945304,3510.598315643332,4562.03820169993,5702.085674667971,7247.605813945123,9029.888429297122,10948.719289155213,14282.789888116993,20536.042810747043,76103.67366781457,6096.092942702073
2025-09-02 10:00:00+00:00,117,1770,0.0,0.0,0.0,36.22087878327715,198.6306255857131,361.04037238814925,523.4501191905852,685.8598659930211,1084.5918830047392,1610.573043135263,2144.906438784051,2688.4716397056413,3455.819960758882,4440.227124441448,6155.765039612344,8109.809952001136,9816.893972786673,12829.876070086446,19801.575803506978,77852.76907752086,5533.496562642017
2025-09-02 10:15:00+00:00,118,1785,0.0,0.0,0.0,0.0,116.93507280689433,254.76917990268046,392.60328699846644,530.4373940942525,668.2715011900385,930.6733963805341,1556.7986254169275,2076.2682713974996,2964.47224603904,3893.9550892994644,5578.608867188407,7119.237328497718,9240.169291319735,11873.393963760174,18683.944362510945,79235.87317615042,5202.651810535594
2025-09-02 10:30:00+00:00,119,1800,0.0,0.0,0.0,0.0,33.056262607305236,106.30894054509373,179.56161848288215,252.8142964206706,326.066974358459,545.7378765229141,1180.9188604159685,1774.8516060370341,2679.3360410351997,3496.17430413048,5023.135432676438,6648.755145699842,9009.921974784555,11092.970809233673,18870.79333792788,80245.2706921561,3986.6970892615095
2025-09-02 10:45:00+00:00,120,1815,0.0,0.0,0.0,0.0,0.0,61.89973990734285,128.5979092648672,195.29607862239158,261.99424797991594,328.6924173374403,607.9931193557559,1175.7244751258975,1971.597200392761,2940.922914390447,4305.793025253722,5632.937292414567,7437.949101114901,10421.474334908933,18596.286310748335,80875.43822709867,3623.045808463095
2025-09-02 11:00:00+00:00,121,1830,0.0,0.0,0.0,0.0,0.0,33.55952541632313,96.59701234698393,159.63449927764475,222.67198620830558,285.7094731389664,348.74696006962733,653.274793653245,1556.6739691768296,2594.952352971262,3996.69509108292,5638.680530592606,7375.781467182601,9975.594446183562,18043.98441902548,81123.06268635517,3458.2961854835285
2025-09-02 11:15:00+00:00,122,1845,0.0,0.0,0.0,0.0,0.0,23.848382562144213,81.61903342388995,139.38968428563564,197.16033514738137,254.93098600912708,312.70163687087285,426.99981041675,1654.9743570328415,2594.701439551882,4101.530607347906,5899.188127901655,7735.554216053302,10383.968231655592,16604.424085769257,80987.05662897808,3422.886280317949
2025-09-02 11:30:00+00:00,123,1860,0.0,0.0,0.0,0.0,0.0,34.95032788452047,94.1132323155459,153.27613674657135,212.43904117759675,271.6019456086222,330.7648500396477,625.3931586655999,1951.6831797523137,3215.7166873839815,4611.829711143584,6395.9951772875165,8660.305167179751,11447.980969986054,15943.91958461081,80468.56784594369,3595.3414916377374
2025-09-02 11:45:00+00:00,124,1875,0.0,0.0,0.0,0.0,0.0,31.288971700993464,95.93750881848703,160.58604593598062,225.23458305347415,289.88312017096774,354.5316572884614,450.2749108848094,1976.6685668173743,3115.1112326730995,4427.6513463547035,6115.327525407592,7808.5232305534155,10147.860435423963,13734.767904561268,79570.98201462955,3479.9205139942433
2025-09-02 12:00:00+00:00,125,1890,0.0,0.0,0.0,0.0,0.0,41.72736454373168,106.89706871877318,172.06677289381471,237.23647706885623,302.4061812438977,367.5758854189393,1192.3482848539109,2243.236420999145,3489.618894150716,4844.154847935004,6422.0573493915135,8034.9817131738,10071.41516410152,13450.047643087999,78299.9191804138,3564.134838660191
2025-09-02 12:15:00+00:00,126,1905,0.0,0.0,0.0,0.0,0.0,68.8184460649248,145.89510565764044,222.9717652503561,300.04842484307176,377.1250844357874,454.20174402850313,1665.8232200109392,2803.32115173322,4169.489205754029,5319.172812774207,6693.224164512653,8181.232280965877,10998.992250271687,14544.412943939336,76663.22635548605,3922.15586864492
2025-09-02 12:30:00+00:00,127,1920,0.0,0.0,0.0,0.0,4.397329770428103,86.77397413644736,169.15061850246656,251.5272628684857,333.9039072345049,416.28055160052406,785.4290229418604,1966.3053541967972,2988.4313546760523,4201.5954356456405,5609.807477999085,7047.00706568809,8465.87139123434,11205.386619356255,14952.879425173824,74670.97014133778,4029.7900379024027
2025-09-02 12:45:00+00:00,128,1935,0.0,0.0,0.0,0.0,35.1050412842213,119.05187913779406,202.99871699136676,286.9455548449394,370.8923926985121,675.6230535250139,1255.8498285195135,2547.4005392680006,3541.9517013934314,4697.967311300833,6132.782870214573,7634.041536934223,9062.154052429525,11365.096309400473,15122.594169342385,72335.43460293101,4233.531018753319
2025-09-02 13:00:00+00:00,129,1950,0.0,0.0,0.0,0.0,70.51337960298329,155.12943512656335,239.7454906501433,324.36154617372324,408.9776016973032,1133.0668430696965,1748.8058123128494,2932.9645874811245,3966.4305649040016,5021.201716101603,6463.503928264032,7850.1311257447005,9115.709962175195,11278.701569147626,15315.7688103815,69671.13053618248,4355.962158551058
2025-09-02 13:15:00+00:00,130,1965,0.0,0.0,0.0,27.999696256174573,119.99869824074801,211.99770022532155,303.99670220989503,395.99570419446843,853.2260774961894,1504.4572197865587,2100.130460935028,3314.974224027002,4191.7639608902955,4901.437421878158,6232.912797977442,7530.815561591955,9027.157360260173,10684.550759469272,14982.460805599352,66694.82394148853,4342.182660054278
2025-09-02 13:30:00+00:00,131,1980,0.0,0.0,0.0,92.02039886603983,237.98379017079256,383.94718147554545,529.9105727802981,872.5249662287705,1414.5868008535497,2017.4154495841847,2667.860929231628,3635.230057861285,4485.0612604424805,5238.486106218052,6592.121770599986,7784.226562258725,9124.322129986214,11558.287718696509,15007.974719806904,63608.88984325415,5065.152041611292
2025-09-02 13:45:00+00:00,132,1995,0.0,0.0,48.15035297648944,163.29250139852925,278.43464982056906,393.576798242609,837.1430427873299,1387.8648832301692,1815.2905123571704,2322.115068699962,2783.4126916733817,3314.7410236714154,4567.465574727384,5281.652436135772,6716.053568291454,8050.299780111723,9267.661380808642,12237.202878075494,15110.888325902146,60120.18220410782,4755.121920387212
2025-09-02 14:00:00+00:00,133,2010,0.0,11.360552369139583,153.8838457274364,296.40713908573315,507.74861790633923,1022.9376940259059,1704.6764999296654,2061.452428546495,2577.5356947215746,3009.030946953134,3607.52603542168,4865.739213284775,5340.5136368211,6805.565398985526,7956.5866177972985,9031.631525065577,11284.382630112785,14154.042892570782,20569.947192029067,56315.40933757876,5760.36881708607
2025-09-02 14:15:00+00:00,134,2025,21.16885908989199,238.3456727158206,524.0180082565674,977.4702301536948,1363.1550819707954,1995.2274086288348,2395.006962766913,2785.7042701834166,3379.434652760744,3775.338762625511,4840.440964674349,5550.113043159535,6610.210027820524,7666.64286830992,8661.268234073268,10096.442268604877,11931.469623378087,14597.650585241487,20862.34647523861,52290.47475707882,6370.390908973644
2025-09-02 14:30:00+00:00,135,2040,118.15824352480473,671.8656499057795,1165.9435761291998,1586.4129219587626,2050.0904871209023,2616.629407785917,3022.620388130672,3443.3235837824573,3829.98636125124,4811.768461724911,5517.479764314473,6101.959629123264,7161.903901814134,7813.8255753179665,8772.928626317067,10379.882134950449,12124.497144005902,15321.287217367675,19874.70983519743,48075.38738254202,6711.355334521699
2025-09-02 14:45:00+00:00,136,2055,173.80404758912803,1258.134554483251,1846.7856094749322,2263.045533069663,2808.0675676713677,3142.7164300352147,3466.030122677954,3888.2883479909447,4414.21744464329,5390.858174108278,5867.534011874747,6871.936513568908,7538.620735896103,8520.490136628367,10078.773788532566,11474.710239053104,13649.516649187255,18002.20184024508,21771.227532066234,43703.65623456661,7445.381048779115
2025-09-02 15:00:00+00:00,137,2070,90.50130202130181,431.73587469263487,926.3331422959914,1269.2700568495945,1872.9296784117128,2113.077998836356,2483.603787718512,3277.5006176141123,4005.245211052076,4707.294250159184,5632.151117543767,6321.75742473196,7127.615788321521,8994.435596856869,10681.249061241851,13106.710113742607,15492.38685282109,18246.387802963553,21319.961434663666,39212.96612735926,7172.340255276953
2025-09-02 15:15:00+00:00,138,2085,436.5626589875278,949.7090077209651,1313.8870424245438,1749.2148876283522,1996.5141793673279,2366.5165105268957,2722.897776080793,3336.9479310296383,3896.9700762330567,4586.730873371599,5315.490669117448,6117.099283391561,7025.979671882732,8456.079089103285,10506.104811009734,12224.413027069942,13890.362836518536,16057.38358676748,18851.20408127128,34646.12686002496,6769.935382477266
2025-09-02 15:30:00+00:00,139,2100,627.7578107680359,1059.6729527057566,1483.154641267039,1810.1392236363638,1988.7475906905343,2378.500678228585,2740.9579570288165,3385.724375779561,4052.994154835497,4625.538550198708,5366.014718950516,5937.656045167791,7157.910260559277,8635.532263760795,9855.404840665673,11007.480451227828,12255.887097246945,14457.93607857798,17358.83330484681,30052.37696636713,6435.761671533236
2025-09-02 15:45:00+00:00,140,2115,781.913971952423,1143.7848191723347,1442.5388584642533,1717.729107357236,1891.916873792243,2215.3778998729354,2499.865781496427,3093.3610759298467,3679.345010693594,4207.895882791512,4788.208977298569,5329.773222796408,6276.850125365056,7444.705477151254,8209.123388378686,9536.639417560249,10575.980594950735,12384.113310097826,14880.554426422326,25401.111832005896,5640.244890092971
2025-09-02 16:00:00+00:00,141,2130,981.6217830093324,1277.1953877414076,1484.861598649472,1710.9658941406565,1873.1650358043732,2108.667235713822,2336.224560200881,2829.4152511955167,3319.7748359210336,3821.2373575485435,4380.130532037878,4732.559604440494,5492.426292234772,6456.941422412441,7182.582975493342,8168.771223781386,9185.528769110793,10650.927303795563,12597.327249092616,20881.32892048259,4978.353540328925
2025-09-02 16:15:00+00:00,142,2145,876.2566812501206,1134.2162416990775,1340.2231192657575,1534.7589692085655,1727.0030852355171,1886.1133671093698,2269.327407642821,2621.3260144702836,3025.209968132355,3405.583090279172,3764.7622965674636,4445.760795401424,5171.254139101032,5724.855082085344,6343.601359403658,7029.14001912851,8010.986802316247,9138.81649176565,10428.797668326433,16609.11164879478,4353.134673297125
2025-09-02 16:30:00+00:00,143,2160,615.0888430246565,846.3531649480344,1042.7687400496213,1200.1344037758913,1397.4827293901612,1694.4491413061576,1970.2732818349245,2281.067603379032,2637.6598455136063,2927.139821942646,3399.6162548384973,3888.840878554185,4248.58505629148,4747.437395666228,5292.668135214282,5790.9700376790615,6461.691301183308,7030.969432102942,8235.133634384945,12584.471577102271,3692.437921885851
2025-09-02 16:45:00+00:00,144,2175,801.1659241189445,1232.4084400606043,1477.4320267172827,1773.4093528794845,2003.651315166802,2274.5127348112997,2511.444296705566,2747.5336883765754,2952.8474330472545,3216.734347611892,3408.1626579502513,3680.5134565119233,3813.139452701266,4046.852279867775,4363.8186490627195,4603.67313865904,4841.339012385066,5350.654609070641,6337.541912618486,8906.05332319208,3267.8944628489717
2025-09-02 17:00:00+00:00,145,2190,378.5547944300309,695.6066806399293,887.5448410994022,1100.350791273436,1289.4803191893361,1500.136595857616,1684.695061838193,1799.5047877717059,1945.1051629592505,2066.701856773279,2167.8877285452804,2326.396266826594,2415.1559245283665,2576.2863853478093,2742.964638042827,2909.6309511805657,3066.0983125477005,3367.496320275929,3990.1899651793146,5659.282023939482,2065.3823583172248
2025-09-02 17:15:00+00:00,146,2205,162.62908887836414,300.6135856452007,438.02882903825446,545.3727435775895,665.1183730256394,780.8350716191568,895.5296932699827,964.3504716504219,1017.4443523241162,1119.5996191748236,1162.7336957526384,1252.1658269551265,1307.8995777723376,1407.2364778586386,1496.9712706207245,1598.3136439698333,1688.62635241699,1871.8900318685662,2221.647777398336,3107.3090257357303,1143.4232566700862
2025-09-02 17:30:00+00:00,147,2220,77.5776560311557,150.35581871271012,230.9369637916289,291.3976517710111,347.4352420366354,439.2092729794575,500.97280265626597,535.681730144552,572.046407776964,609.9862228360876,645.9372096844735,698.1094195296108,731.0505808125063,784.5565616064165,840.2143267576247,894.6498464520507,943.0791693297602,1051.1012501969312,1234.668056191699,1741.341085419856,633.9297359410526
2025-09-02 17:45:00+00:00,148,2235,3.21073320163618,16.792853767781047,38.938328039316566,53.16630055546451,63.411671243345175,77.73161771543622,94.78502353719004,110.92793079721541,119.09145513135509,129.96062123977362,138.73533733386563,148.30367996137014,158.90347394087715,168.51245295397487,182.92389802448784,194.45142939164413,210.68385984969967,228.7642236068154,274.08529118426577,406.2826724215328,133.4299158496217
2025-09-02 18:00:00+00:00,149,2250,1.0953135429501016e-05,6.267378315268681e-05,0.0001503028858290828,0.00022028637440831776,0.00027751163141231797,0.00034433152450633595,0.00041928235014897615,0.00047515021101542137,0.0005101928230761111,0.0005600445095967222,0.0005929268026789077,0.000632135082351437,0.000682806061118263,0.0007274328709202047,0.0007913171273471556,0.0008543718629867934,0.0009166775461382149,0.0009853854651937625,0.0011917568805132827,0.0018085270008569216,0.0005764056306822734
2025-09-02 18:15:00+00:00,150,2265,0.0,0.0,0.0,0.0,0.0,0.0,0.0,0.0,0.0,0.0,0.0,0.0,0.0,0.0,0.0,0.0,0.0,0.0,0.0,0.0,0.0
2025-09-02 18:30:00+00:00,151,2280,0.0,0.0,0.0,0.0,0.0,0.0,0.0,0.0,0.0,0.0,0.0,0.0,0.0,0.0,0.0,0.0,0.0,0.0,0.0,0.0,0.0
2025-09-02 18:45:00+00:00,152,2295,0.0,0.0,0.0,0.0,0.0,0.0,0.0,0.0,0.0,0.0,0.0,0.0,0.0,0.0,0.0,0.0,0.0,0.0,0.0,0.0,0.0
2025-09-02 19:00:00+00:00,153,2310,0.0,0.0,0.0,0.0,0.0,0.0,0.0,0.0,0.0,0.0,0.0,0.0,0.0,0.0,0.0,0.0,0.0,0.0,0.0,0.0,0.0
2025-09-02 19:15:00+00:00,154,2325,0.0,0.0,0.0,0.0,0.0,0.0,0.0,0.0,0.0,0.0,0.0,0.0,0.0,0.0,0.0,0.0,0.0,0.0,0.0,0.0,0.0
2025-09-02 19:30:00+00:00,155,2340,0.0,0.0,0.0,0.0,0.0,0.0,0.0,0.0,0.0,0.0,0.0,0.0,0.0,0.0,0.0,0.0,0.0,0.0,0.0,0.0,0.0
2025-09-02 19:45:00+00:00,156,2355,0.0,0.0,0.0,0.0,0.0,0.0,0.0,0.0,0.0,0.0,0.0,0.0,0.0,0.0,0.0,0.0,0.0,0.0,0.0,0.0,0.0
2025-09-02 20:00:00+00:00,157,2370,0.0,0.0,0.0,0.0,0.0,0.0,0.0,0.0,0.0,0.0,0.0,0.0,0.0,0.0,0.0,0.0,0.0,0.0,0.0,0.0,0.0
2025-09-02 20:15:00+00:00,158,2385,0.0,0.0,0.0,0.0,0.0,0.0,0.0,0.0,0.0,0.0,0.0,0.0,0.0,0.0,0.0,0.0,0.0,0.0,0.0,0.0,0.0
2025-09-02 20:30:00+00:00,159,2400,0.0,0.0,0.0,0.0,0.0,0.0,0.0,0.0,0.0,0.0,0.0,0.0,0.0,0.0,0.0,0.0,0.0,0.0,0.0,0.0,0.0
2025-09-02 20:45:00+00:00,160,2415,0.0,0.0,0.0,0.0,0.0,0.0,0.0,0.0,0.0,0.0,0.0,0.0,0.0,0.0,0.0,0.0,0.0,0.0,0.0,0.0,0.0
2025-09-02 21:00:00+00:00,161,2430,0.0,0.0,0.0,0.0,0.0,0.0,0.0,0.0,0.0,0.0,0.0,0.0,0.0,0.0,0.0,0.0,0.0,0.0,0.0,0.0,0.0
2025-09-02 21:15:00+00:00,162,2445,0.0,0.0,0.0,0.0,0.0,0.0,0.0,0.0,0.0,0.0,0.0,0.0,0.0,0.0,0.0,0.0,0.0,0.0,0.0,0.0,0.0
2025-09-02 21:30:00+00:00,163,2460,0.0,0.0,0.0,0.0,0.0,0.0,0.0,0.0,0.0,0.0,0.0,0.0,0.0,0.0,0.0,0.0,0.0,0.0,0.0,0.0,0.0
2025-09-02 21:45:00+00:00,164,2475,0.0,0.0,0.0,0.0,0.0,0.0,0.0,0.0,0.0,0.0,0.0,0.0,0.0,0.0,0.0,0.0,0.0,0.0,0.0,0.0,0.0
2025-09-02 22:00:00+00:00,165,2490,0.0,0.0,0.0,0.0,0.0,0.0,0.0,0.0,0.0,0.0,0.0,0.0,0.0,0.0,0.0,0.0,0.0,0.0,0.0,0.0,0.0
2025-09-02 22:15:00+00:00,166,2505,0.0,0.0,0.0,0.0,0.0,0.0,0.0,0.0,0.0,0.0,0.0,0.0,0.0,0.0,0.0,0.0,0.0,0.0,0.0,0.0,0.0
2025-09-02 22:30:00+00:00,167,2520,0.0,0.0,0.0,0.0,0.0,0.0,0.0,0.0,0.0,0.0,0.0,0.0,0.0,0.0,0.0,0.0,0.0,0.0,0.0,0.0,0.0
2025-09-02 22:45:00+00:00,168,2535,0.0,0.0,0.0,0.0,0.0,0.0,0.0,0.0,0.0,0.0,0.0,0.0,0.0,0.0,0.0,0.0,0.0,0.0,0.0,0.0,0.0
2025-09-02 23:00:00+00:00,169,2550,0.0,0.0,0.0,0.0,0.0,0.0,0.0,0.0,0.0,0.0,0.0,0.0,0.0,0.0,0.0,0.0,0.0,0.0,0.0,0.0,0.0
2025-09-02 23:15:00+00:00,170,2565,0.0,0.0,0.0,0.0,0.0,0.0,0.0,0.0,0.0,0.0,0.0,0.0,0.0,0.0,0.0,0.0,0.0,0.0,0.0,0.0,0.0
2025-09-02 23:30:00+00:00,171,2580,0.0,0.0,0.0,0.0,0.0,0.0,0.0,0.0,0.0,0.0,0.0,0.0,0.0,0.0,0.0,0.0,0.0,0.0,0.0,0.0,0.0
2025-09-02 23:45:00+00:00,172,2595,0.0,0.0,0.0,0.0,0.0,0.0,0.0,0.0,0.0,0.0,0.0,0.0,0.0,0.0,0.0,0.0,0.0,0.0,0.0,0.0,0.0
2025-09-03 00:00:00+00:00,173,2610,0.0,0.0,0.0,0.0,0.0,0.0,0.0,0.0,0.0,0.0,0.0,0.0,0.0,0.0,0.0,0.0,0.0,0.0,0.0,0.0,0.0
2025-09-03 00:15:00+00:00,174,2625,0.0,0.0,0.0,0.0,0.0,0.0,0.0,0.0,0.0,0.0,0.0,0.0,0.0,0.0,0.0,0.0,0.0,0.0,0.0,0.0,0.0
2025-09-03 00:30:00+00:00,175,2640,0.0,0.0,0.0,0.0,0.0,0.0,0.0,0.0,0.0,0.0,0.0,0.0,0.0,0.0,0.0,0.0,0.0,0.0,0.0,0.0,0.0
2025-09-03 00:45:00+00:00,176,2655,0.0,0.0,0.0,0.0,0.0,0.0,0.0,0.0,0.0,0.0,0.0,0.0,0.0,0.0,0.0,0.0,0.0,0.0,0.0,0.0,0.0
2025-09-03 01:00:00+00:00,177,2670,0.0,0.0,0.0,0.0,0.0,0.0,0.0,0.0,0.0,0.0,0.0,0.0,0.0,0.0,0.0,0.0,0.0,0.0,0.0,0.0,0.0
2025-09-03 01:15:00+00:00,178,2685,0.0,0.0,0.0,0.0,0.0,0.0,0.0,0.0,0.0,0.0,0.0,0.0,0.0,0.0,0.0,0.0,0.0,0.0,0.0,0.0,0.0
2025-09-03 01:30:00+00:00,179,2700,0.0,0.0,0.0,0.0,0.0,0.0,0.0,0.0,0.0,0.0,0.0,0.0,0.0,0.0,0.0,0.0,0.0,0.0,0.0,0.0,0.0
2025-09-03 01:45:00+00:00,180,2715,0.0,0.0,0.0,0.0,0.0,0.0,0.0,0.0,0.0,0.0,0.0,0.0,0.0,0.0,0.0,0.0,0.0,0.0,0.0,0.0,0.0
2025-09-03 02:00:00+00:00,181,2730,0.0,0.0,0.0,0.0,0.0,0.0,0.0,0.0,0.0,0.0,0.0,0.0,0.0,0.0,0.0,0.0,0.0,0.0,0.0,0.0,0.0
2025-09-03 02:15:00+00:00,182,2745,0.0,0.0,0.0,0.0,0.0,0.0,0.0,0.0,0.0,0.0,0.0,0.0,0.0,0.0,0.0,0.0,0.0,0.0,0.0,0.0,0.0
2025-09-03 02:30:00+00:00,183,2760,0.0,0.0,0.0,0.0,0.0,0.0,0.0,0.0,0.0,0.0,0.0,0.0,0.0,0.0,0.0,0.0,0.0,0.0,0.0,0.0,0.0
2025-09-03 02:45:00+00:00,184,2775,0.0,0.0,0.0,0.0,0.0,0.0,0.0,0.0,0.0,0.0,0.0,0.0,0.0,0.0,0.0,0.0,0.0,0.0,0.0,0.0,0.0
2025-09-03 03:00:00+00:00,185,2790,0.0,0.0,0.0,0.0,0.0,0.0,0.0,0.0,0.0,0.0,0.0,0.0,0.0,0.0,0.0,0.0,0.0,0.0,0.0,0.0,0.0
2025-09-03 03:15:00+00:00,186,2805,0.0,0.0,0.0,0.0,0.0,0.0,0.0,0.0,0.0,0.0,0.0,0.0,0.0,0.0,0.0,0.0,0.0,0.0,0.0,0.0,0.0
2025-09-03 03:30:00+00:00,187,2820,0.0,0.0,0.0,0.0,0.0,0.0,0.0,0.0,0.0,0.0,0.0,0.0,0.0,0.0,0.0,0.0,0.0,0.0,0.0,0.0,0.0
2025-09-03 03:45:00+00:00,188,2835,0.0,0.0,0.0,0.0,0.0,0.0,0.0,0.0,0.0,0.0,0.0,0.0,0.0,0.0,0.0,0.0,0.0,0.0,0.0,0.0,0.0
2025-09-03 04:00:00+00:00,189,2850,0.0,0.0,0.0,0.0,0.0,0.0,0.0,0.0,0.0,0.0,0.0,0.0,0.0,0.0,0.0,0.0,0.0,0.0,0.0,0.0,0.0
2025-09-03 04:15:00+00:00,190,2865,0.0,0.0,0.0,0.0,0.0,0.0,0.0,0.0,0.0,0.0,0.0,0.0,0.0,0.0,0.0,0.0,0.0,0.0,0.0,0.0,0.0
2025-09-03 04:30:00+00:00,191,2880,0.0,0.0,0.0,0.30432739537847747,0.7464634226264544,1.1885994498744317,1.8122894784407142,6.259812177224615,10.336405503553712,14.038960684825026,21.80397083659027,25.40300669516652,29.504011043742526,33.66704861654857,41.80782556321363,49.51339237642471,59.676589656731075,71.6605728305036,85.90243075982124,146.27930169827172,26.68810475693783
2025-09-03 04:45:00+00:00,192,2895,112.22985399533222,186.18975403279077,225.6568963037872,269.63903355230553,308.6156328862113,326.75425110790303,353.279035676247,370.50619286242306,391.46311103230994,413.2682684472111,442.18548991151204,485.590650857217,530.3626317786585,580.5233182659709,634.1079398290159,680.2292545451228,766.1200106223059,837.5940590700164,941.7829703819779,1345.6819781001489,482.4442264128713
2025-09-03 05:00:00+00:00,193,2910,241.05889028058218,441.28372618884157,549.2629171071748,664.0826638093944,774.5988344285064,846.645858546435,903.5954510842575,955.1421900611372,1023.3663829890639,1098.2405251712535,1223.7568813747348,1348.2213946010622,1503.2793564074602,1629.5027040145494,1766.2230656616337,1952.3992274654827,2081.33773559332,2259.332223208732,2407.1851261658135,3438.0633294799054,1268.9267249821846
2025-09-03 05:15:00+00:00,194,2925,537.8802421977099,953.9316644245724,1165.7933207163617,1378.9953844115614,1539.5967162851696,1686.7111990780786,1805.8866077188964,1935.6813213186445,2083.8659463031777,2303.8170670604036,2564.928476072765,2841.8545138820778,3102.2022203092065,3332.898442621749,3711.068434723942,3915.4439969041964,4208.0985783273445,4436.37626343459,4821.176531718679,6460.4701014642615,2577.3675107271183
2025-09-03 05:30:00+00:00,195,2940,810.968049530432,1522.6778893966107,1903.0197130934157,2282.1470678331393,2553.294334860463,2699.4822167155644,2992.168678114949,3237.081606234249,3581.924813468333,3907.316566659826,4334.665587056227,4749.400721410971,5106.077166710995,5440.906513348734,5979.399417854445,6300.773396163107,6773.56204622446,7234.26858839685,7710.426101592639,10103.239802730868,4187.954664389222
2025-09-03 05:45:00+00:00,196,2955,1155.9997281694948,2184.6168878420954,2794.871509844703,3343.381100847181,3720.2228888777117,4013.6852457714645,4433.8858894888945,4822.539348954707,5359.921760767824,5941.373478340615,6668.336749413775,7098.645290249351,7534.237658911945,8180.187641309961,8539.528063406588,9155.899761169518,9670.70184094728,10340.035430583972,10822.313365750493,14145.255171668201,6112.333717041292
2025-09-03 06:00:00+00:00,197,2970,1620.0698114928414,3013.45527088187,3983.0494152892884,4756.920987600967,5142.062551811954,5589.484430711156,6143.971960535019,6751.0441430395895,7535.696548291343,8218.5252004261,8991.869599546086,9506.645792150552,10125.790411765069,11001.06848687007,11679.273050618729,12408.496962154495,12773.253581615718,13572.388621046483,14193.249362441231,18457.172194979394,8265.758877573508
2025-09-03 06:15:00+00:00,198,2985,2561.719492184675,3613.54982929165,4550.017075839862,5697.403919402979,6346.876344085088,7218.758893559587,7991.920008923437,8851.769865977987,9624.583353620106,10596.64488859312,11557.41433240988,12373.082214425425,13428.062234315057,14324.601371974884,14869.927774998276,15524.076721066107,15941.090791839715,16894.436891290425,17522.37716176036,22964.400872818707,10505.286694497006
2025-09-03 06:30:00+00:00,199,3000,2970.3609666927105,3657.156002183962,4343.194810837908,5160.401467859812,6572.75446805669,7562.949754801344,9022.57773480814,10621.60967003536,11923.812598830711,13638.394303803194,14604.495371509604,15907.334061091986,16960.79666698581,17653.469241684896,18305.266016416917,18956.998811582944,19978.56160440784,20618.29063165991,21050.02860095373,27593.100935049115,12636.041742836234
2025-09-03 06:45:00+00:00,200,3015,3138.2226893670863,3892.8076023672565,4980.397265314696,6435.739766820428,8325.81719943695,11140.718374648728,13402.043061295893,15515.38722848336,16467.373136631224,17432.34251743754,18615.247020311243,19677.795866493056,20366.49674346005,21324.059072743174,22001.22470451392,22925.029422398708,23705.297442173185,24102.757503060777,24705.27760204248,32455.118335616608,15667.106618879094
2025-09-03 07:00:00+00:00,201,3030,3466.002661222446,4267.6232852601715,4991.365032289663,6721.024116831014,9121.109974863271,12174.447810822625,15154.268827860833,17705.14135623384,18885.208841583826,20472.969479838346,22128.84930382625,22708.388049727222,23508.23722741335,24716.804953815397,25378.170054232338,26302.029546788868,27172.497786048618,27720.42312223978,28692.69045150294,37151.018874565794,17927.59811344192
2025-09-03 07:15:00+00:00,202,3045,3825.354804351232,4899.819769670714,5774.916722768441,8436.058731061326,11034.98278049962,14446.290411556309,17651.234363984317,20307.780961159777,22108.954615234143,23941.102297261816,25194.016110869878,25962.744464384592,27207.6392474927,28056.658513329563,28818.08510318559,29830.657579186838,30704.925173985426,31425.25143622008,32579.158295630597,41770.30580644474,20593.057859620116
2025-09-03 07:30:00+00:00,203,3060,3963.9317598139655,5464.498719059796,7166.165728400091,10155.364722794244,13664.755583705492,16650.38408645553,21388.622609697017,23397.662342123705,26018.454771302277,27806.04186006728,28404.597338207823,29851.435218715033,30611.00773116495,31380.061877078035,32346.606818748623,33330.456202939415,34199.54741141689,35352.07255992176,36279.944796118856,46268.24841070594,23463.730861976997
2025-09-03 07:45:00+00:00,204,3075,5180.392671853331,6221.031657933714,7451.3571046173665,11500.333243204397,15921.675549982396,21039.772576090843,25183.97175964384,27015.046415808192,29635.51529118992,30804.020924652734,31314.233782951316,32930.4602166542,33617.31286429445,34453.6626225016,35656.449484416386,36894.343752448134,37701.55260561143,39005.167085521585,39767.89974513046,50606.32773348772,26268.616827735834
2025-09-03 08:00:00+00:00,205,3090,5692.470721408047,6929.905625941771,8686.577044275993,13221.193455976483,19240.88854969871,25606.964626647106,28267.21740881756,31160.436139133206,33110.09261056753,33616.56247044762,34198.088492361596,35892.436293286715,36646.387991969365,37902.29158271646,38818.83567254003,40129.891547486084,41144.017152671986,42486.27496241616,43223.30243724399,54750.841316488935,29109.16992486176
2025-09-03 08:15:00+00:00,206,3105,6289.817770471346,7955.736082445645,10876.556644448328,15501.93976923653,22607.738837511482,27205.836545370326,30251.87666571946,32714.419609037348,35543.03717818643,36306.47784394445,36857.277944113564,38688.684259831054,39404.27155035597,40650.111242468236,42071.19337176948,43197.226991686286,44417.33296506747,45814.52889165098,46570.57061683728,58671.94235921752,31632.91959224171
2025-09-03 08:30:00+00:00,207,3120,6916.22326784285,8352.34057405858,11674.057843374489,19139.42663236465,24357.58328869614,29138.718951863397,32387.951727469404,35174.23220916423,37747.85945471092,38609.964077670295,40514.0259028096,41773.5975304395,42681.77898807191,44344.08745031558,45566.81736129445,46654.63230728816,47740.23288479011,48911.6714106809,49827.918757332285,62342.99003957898,34140.02893629537
2025-09-03 08:45:00+00:00,208,3135,6919.950798860304,8508.673127070297,12454.2460581688,20998.23917661256,27286.48439935978,31285.545037825785,34556.97387317997,37693.60959381274,40076.58124092042,41005.2292889769,42870.44449418449,44241.20960974165,45290.857492844356,46982.251658106994,48271.114978274236,49311.60391737526,50143.179920153045,51205.77363792317,52292.438883164585,65740.11887457686,35999.50723883249
2025-09-03 09:00:00+00:00,209,3150,6830.327306718275,9407.242026079459,16916.511325695872,25030.037737544644,31440.594264138144,35862.207151795235,38899.650975680604,40987.29124955219,42582.23844256782,43479.07828369054,45976.368293403546,47086.87586506072,48331.48721514725,49516.89881794316,50463.358841998466,51387.33387629259,52228.48572731011,53171.10862548373,54519.37101956024,68565.09057356227,38691.47142677882
2025-09-03 09:15:00+00:00,210,3165,6027.584397718466,8229.004228003949,17753.41383573127,28381.944469669146,34222.788074907774,38511.06022973858,40755.14366214627,42464.112095282224,43926.083504074144,45744.89303500159,47714.54359784187,49173.118903813134,50564.040602210654,51283.3475273474,52172.63921922351,53183.97452010142,53987.56000835558,55146.53182851942,56128.33295448079,71300.26948182788,40290.56802299929
2025-09-03 09:30:00+00:00,211,3180,4648.590574958383,8095.707019514685,12036.738395928689,27732.655122665976,33649.951394563745,38632.27246049931,41548.54126224744,43631.479183215975,45589.73959032687,47657.10396339567,49301.19344210256,51161.369764076444,52423.28732539727,53028.079075799214,53753.076011558915,54729.999893199936,55684.527986827874,56508.43877212369,57751.464208870246,73746.56374936849,40930.81633062864
2025-09-03 09:45:00+00:00,212,3195,4972.287403941368,8946.605899564687,14869.052605494866,29419.60123216897,35100.82890377434,40110.94407048048,42591.909144887126,44831.28577429484,47012.35309465105,49268.04108672685,51551.08026120902,53272.58270741547,54403.47801928582,54978.98790812279,55770.919107292204,56636.832425244516,57588.884479897664,58299.8821815534,59605.66459849111,75847.90339962338,42557.6095131997
2025-09-03 10:00:00+00:00,213,3210,5101.02350801637,9331.41977237313,10907.966939817206,29772.231589496994,35555.693080747486,40761.27541687259,43721.07723050485,46110.07907111337,48394.18463610293,50845.742492691985,53194.397659250644,55093.41984887156,55910.79105474908,56518.01049722696,57194.53829592621,58138.455310470694,58992.638994022236,59750.86394843283,61079.51471017458,77592.28467140291,43455.65174189882
2025-09-03 10:15:00+00:00,214,3225,5492.22366568126,9589.660181704905,11215.291622158386,29389.283514971856,35958.98531761464,41866.20228662879,44581.544606073476,46801.50959563684,49405.216897081984,51513.914964583404,54708.59197331402,56766.732613379696,57345.66940984493,57858.213613718304,58455.49614930561,59366.834918377805,60058.98201971262,60938.56276182166,61927.36248907927,78969.8688923632,44364.404164985535
2025-09-03 10:30:00+00:00,215,3240,6175.209155377911,10480.375564134054,11894.309556036013,29348.97541346803,36660.29357552645,42277.970221939766,45176.08739543558,47552.660867200255,50053.54837198918,52357.42446802736,55939.61676201638,58263.21906938492,58685.76886602823,59157.96134689611,59713.375842397705,60431.34194370417,61184.17553833225,62113.20011206535,63116.85241928105,79972.99318079595,45270.157643575854
2025-09-03 10:45:00+00:00,216,3255,6185.317334892656,10642.27984230783,12130.85168945211,28907.653118725473,36801.46018148393,41612.98331265528,45358.313033884435,47765.020970829144,50253.57585033433,52331.46381899465,55093.54409728193,58202.324145208455,58874.03312099318,59284.51223765498,59777.61473254852,60407.416523292726,61087.077491936594,61832.49921834437,63129.280548951574,80596.1877588882,45235.64135446954
2025-09-03 11:00:00+00:00,217,3270,6431.346215495313,10566.340109826635,12227.740963339198,29263.823525274063,35651.01096092504,41455.83897878445,45151.702751375604,47489.64570055104,49720.39775085387,52272.146691884634,55278.79558338787,58354.08336430896,58967.55524797157,59373.697742361466,59781.20866659329,60257.3356763892,60860.937029479814,61481.81597846891,62920.576831916616,80836.19425088415,45126.3604829419
2025-09-03 11:15:00+00:00,218,3285,6424.240569556472,10479.7922454037,12070.111919242401,29221.699776437355,35824.5161203284,41468.13309390514,44903.431305280654,47266.77553568117,50118.20264159303,52434.70751933521,55120.10460499378,57635.00412260171,58715.77241653146,59197.60547550215,59533.0467993272,59867.24223604464,60453.79461651508,61093.14867842272,62216.19548110065,80691.9809522227,44946.93286670436
2025-09-03 11:30:00+00:00,219,3300,6762.283079659172,10385.297576539066,16078.870505248558,28822.518718462692,34449.366632225974,40606.81482166319,44739.157192033344,47583.34371080025,50490.00658653074,52500.58739847517,54730.862844600146,56930.2166509642,58316.876716805345,58751.17004224952,59077.88615507055,59448.20114384782,59964.49573514722,60495.54055460433,61626.08919764867,80164.75242301534,44725.83665239217
2025-09-03 11:45:00+00:00,220,3315,6570.355477754432,10165.959186252618,16716.07853978564,29838.87881761233,34635.34658355385,40396.383596076594,43994.20165974027,47089.084248953666,49916.85861381989,52105.710644818464,54400.73909125741,56762.19272426623,57846.05995826892,58225.211082583926,58556.6846966482,58882.11140697334,59481.90243962712,60058.44743609187,61510.975818554456,79257.95230607809,44518.82617252844
2025-09-03 12:00:00+00:00,221,3330,7339.663384427441,10599.779543874673,19264.048223490907,29732.94305429626,34408.116549185565,41102.911003484005,43815.86422069954,46530.18840740691,49415.434306965355,51324.887309543636,54242.00558228827,56489.46552348269,57127.876267001135,57455.18318275463,57791.18052192706,58186.2252004609,58632.89087338139,59195.340850420565,60473.844065113175,77977.2601613345,44305.83217605282
2025-09-03 12:15:00+00:00,222,3345,7500.454032465355,10834.809999848687,22511.032428826747,30166.68612901968,36607.06795570825,40491.166787258015,43093.09833162461,45748.02321695386,48357.8176813744,50219.999211597424,53099.36368649697,54951.82254514973,55955.510837065594,56303.262786709915,56680.88035980067,57132.08111546817,57583.57985676948,58198.12625075875,59426.24404765239,76330.58463684609,43859.278970755484
2025-09-03 12:30:00+00:00,223,3360,7647.934364264394,10804.390983514517,26140.877276273848,31151.16956055161,36414.150713600764,40110.16059832672,42984.81597925715,45773.59460708347,48680.86185452922,50755.94640176953,52581.01064837199,54249.89009196057,54734.40068429745,55139.80830237979,55528.563717983285,55972.22253656907,56493.43919604508,57489.72127350528,58618.00263493934,74328.05691825924,43703.386526647126
2025-09-03 12:45:00+00:00,224,3375,7554.287422523382,10871.383488214004,26022.979592531243,30721.812784977385,36468.9495787514,40207.25771525843,43090.2024259528,45453.5528800055,47531.70146539727,49795.39779773983,51274.59927090846,52778.391763822896,53287.31318696987,53681.65203636039,54082.13822890673,54509.156137676844,55033.05512952123,56038.472434326504,57020.83761610098,71982.02975051112,42861.8363105346
2025-09-03 13:00:00+00:00,225,3390,8148.287192736307,16772.219775064073,26454.29695412357,30798.13823573549,36526.03414502278,39119.89892984869,42077.272194478115,45333.53654271845,46991.71278900872,49069.9081882532,50445.07263539494,51091.283222319704,51536.072288693475,51927.528474244704,52274.713563563804,52703.48947791424,53399.48096238834,54358.155579757266,55085.38007689879,69307.08826884747,42240.45124667027
2025-09-03 13:15:00+00:00,226,3405,7942.578971983604,16431.335731403935,24594.71030174381,30026.927268967567,35609.65517199297,37922.033009030645,41491.83127375171,44233.11293967242,46322.60574589862,47320.377788942256,48628.02330502751,49197.62467876933,49648.87761877833,50028.76568689084,50408.037528385255,50834.03240972367,51574.06043700341,52401.15557265812,53143.445146726786,66320.08073568341,40913.71649128431
2025-09-03 13:30:00+00:00,227,3420,7988.828194164363,16372.497173141324,24657.227188339555,31292.114938641258,35210.36120051883,38662.17311342098,41640.521074798715,43494.85932752868,45113.44969755363,46088.13324876782,46838.68260613923,47231.97959672203,47712.94810596149,48121.32169542227,48519.5518898954,49011.793601520745,49732.91897999757,50438.27744350403,51255.55999047486,63277.61488486308,39950.74796653735
2025-09-03 13:45:00+00:00,228,3435,7878.102466716253,16865.344812099564,23226.22041537889,29040.036076177585,32851.77027559502,36156.45700072283,39123.15085993176,40893.04756584997,42279.583250379466,43287.070301911284,44091.49890779714,44601.439091601256,44991.70859626954,45374.16078715335,45899.17832661819,46482.631970738476,47101.59855814479,47634.172384819125,48331.393880260155,59727.35858315025,37712.979559423395
2025-09-03 14:00:00+00:00,229,3450,7254.852425870363,18547.51840666453,23281.9435287903,28715.214669426936,31601.60091549332,35080.72367221501,36847.80702186227,38672.921143640684,39844.03045242571,40985.151756403844,41452.95435243215,41813.51209501175,42134.683160067485,42628.96894577034,43137.01074073965,43728.32700823329,44220.87702583791,44709.97375825479,45849.49396789347,55912.75196293296,36004.563278728805
2025-09-03 14:15:00+00:00,230,3465,12581.339766859252,18938.706028618977,22533.183639579565,27676.454285732245,29960.496901351187,32783.945009497984,34211.6671244117,35936.156475611955,36839.996289203526,37483.01389065955,38243.33147587805,38631.83970310006,39000.83059399107,39408.82578624704,39901.46397272595,40514.08281008241,40966.74999504022,41409.85267933678,42221.3849476676,51878.45273407327,33893.09455874947
2025-09-03 14:30:00+00:00,231,3480,13605.533075344993,18133.166368771286,23261.1905488345,25868.07322638498,27922.242780729917,30190.553771156472,31218.00194225195,32558.00310903963,33531.647126588694,34177.20411712237,34991.35944444194,35404.076437933545,35741.48689006377,36144.10036052389,36644.72557821841,37191.49670438209,37615.22860867581,38040.70761032096,38753.405133402775,47654.67917274369,31359.374958196753
2025-09-03 14:45:00+00:00,232,3495,14835.05973526231,17890.03650524222,22120.774696603505,23454.16657010744,25192.38696216519,27278.39295396638,28189.935005002644,28930.235824657942,30135.091978768916,30790.11788213823,31474.510586756744,32064.74420425096,32409.174898636193,32796.68146004248,33203.83074520176,33651.007529970084,34101.567075788094,34552.41190226307,36044.53235521513,43275.217366363366,28655.78418025796
2025-09-03 15:00:00+00:00,233,3510,13451.897104233984,16070.153212532046,18703.098190880533,20073.674988698946,21655.619449794147,23003.903699692873,24617.40701443409,25441.38696563056,26253.920691976924,27167.13974266946,27774.020256306932,28430.58277046913,28858.08462323298,29204.23452458091,29559.905524779962,30025.914090673596,30469.152831067306,30833.756781906814,31512.48350096289,38778.12705547443,25144.126985725194
2025-09-03 15:15:00+00:00,234,3525,10690.153045388739,13532.467786695237,14772.195256327817,17409.902003475512,18378.70461590032,19827.218671358452,21363.57350682656,21885.10400736436,22488.995972833076,23418.926662565536,24212.731076256856,24623.613288336528,25327.205069863183,25669.558591526595,25980.393911574356,26439.923111378987,26819.11618081522,27214.090889484054,28539.597658605933,34206.7336731608,21896.215293174955
2025-09-03 15:30:00+00:00,235,3540,8598.776186864963,11166.91066022393,12497.673357717998,14466.079105912653,15136.283055794613,15858.449968080804,16904.160673039663,17957.510160182697,18877.695961786187,19666.422752668597,20419.547105861297,21051.708930613073,21393.460968297444,21976.46109776179,22318.521610079613,22722.22156809628,23224.366288237794,23534.20060255342,24353.600307181136,29610.991109102164,18446.7608096083
2025-09-03 15:45:00+00:00,236,3555,6567.326258513183,8837.593582394446,9922.3245666994,10680.660248640717,12046.791493553392,12621.88173744501,13439.0878820383,14178.60830213873,14594.113069466846,15792.123589638823,16330.277955914213,16992.130420679554,17567.537189741055,17927.75299165061,18393.88279959836,18799.605437052018,19270.286661611484,19656.21999733963,20247.65510104918,24929.69395356985,14887.154995477087
2025-09-03 16:00:00+00:00,237,3570,5349.650320086273,7202.38537985826,7662.1080061405055,8497.086536691515,8883.327471549213,9848.257930330485,10279.483810200141,10780.234037819348,11421.4648130327,11805.277658936786,12532.213032735446,13176.12921870886,13827.524424266818,14286.470928863226,14612.574212296138,15060.458283190364,15441.806583404821,15944.930181422944,16339.515910189948,20453.553618801743,11713.069770775046
2025-09-03 16:15:00+00:00,238,3585,4153.753329325688,5461.996137009753,5859.330124367568,6270.969347451678,6771.579325679748,7259.162995469372,7723.407164102015,7992.115627401513,8293.697287215698,8783.064598633839,9226.338522350301,9560.45749903962,10131.452011439864,10615.282456170818,11096.539865802404,11432.0559750961,11827.791912799152,12297.269773067695,12868.447200176373,16193.906067975804,8787.510854589345
2025-09-03 16:30:00+00:00,239,3600,2826.4711658780766,3673.580089963138,4208.324541805215,4452.450295920406,4762.40117708703,5151.93965866056,5520.143930912026,5760.584744553434,6009.206477545912,6196.578014975199,6563.857146878274,6849.925070081519,7108.665728986962,7518.576261386771,7756.966043694884,8126.070309787561,8422.182419107614,8873.978708614184,9414.643608228851,12189.74271956736,6310.018429479058
2025-09-03 16:45:00+00:00,240,3615,2012.9159511447936,2632.861676279621,2906.815546827114,3074.56945060297,3223.312943114368,3485.0510845047834,3669.1081018812997,3857.3901437052973,4035.939380585392,4185.052433724557,4293.2026143952235,4621.5244405485,4846.010389260292,5102.692761775495,5322.850648383039,5501.00116182888,5728.850249110488,5991.684003276679,6500.725909264007,8539.056724868513,4241.415652407003
2025-09-03 17:00:00+00:00,241,3630,1307.69283903857,1676.6558313228436,1850.1300868186415,1945.3307972102843,2062.1005161467265,2237.203013674079,2376.682831399708,2462.3263306125496,2552.5447229635033,2639.932934369314,2706.737067661279,2840.206191303879,3019.087973448094,3165.570807865526,3285.1572376136337,3390.8929331778754,3569.959878426361,3721.4645615411914,4099.780159938529,5335.355249435307,2661.7719229465347
2025-09-03 17:15:00+00:00,242,3645,640.9426958673107,792.9402988728452,925.4739717854065,1022.5644881897971,1052.6959624844098,1095.715187819939,1185.628703185085,1258.2725360303655,1312.113314056451,1369.933151341259,1424.163158388611,1466.504007119601,1556.198389046612,1656.0111602581096,1743.1297762575518,1806.9266371026213,1910.4890486104148,2010.1597481033996,2200.521922907978,2866.9181288131367,1394.1231293195756
2025-09-03 17:30:00+00:00,243,3660,319.3447176803486,383.4069166176698,478.5159556605208,517.7577320520529,564.3955389593053,584.7114741227435,611.5142239393423,671.6313516208487,708.5313092869274,737.942747640733,763.9573934659652,790.8045386927746,814.0485461473411,880.7098683641761,940.6550932050986,978.8538330776269,1013.5739017276355,1078.330683035204,1176.9282898896079,1551.1474074429582,742.4772592802976
2025-09-03 17:45:00+00:00,244,3675,63.83110957441596,83.35931015699322,92.40831303670879,98.34219984003037,101.78013765618878,107.04122138483712,114.45708184478141,120.71260547099533,124.86266327828852,128.59387188819517,132.8074473375576,137.00649281770123,143.7228814912729,153.3853797244951,161.6298947791771,167.55807737478736,174.02179414642524,184.31642328894233,196.9537270982592,264.46577392666023,130.11840051883362
2025-09-03 18:00:00+00:00,245,3690,0.0,0.0,0.0,0.0,0.0,0.0,0.0,0.0,0.0,0.0,0.0,0.0,0.0,0.0,0.0,0.0,0.0,0.0,0.0,0.0,0.0
2025-09-03 18:15:00+00:00,246,3705,0.0,0.0,0.0,0.0,0.0,0.0,0.0,0.0,0.0,0.0,0.0,0.0,0.0,0.0,0.0,0.0,0.0,0.0,0.0,0.0,0.0
2025-09-03 18:30:00+00:00,247,3720,0.0,0.0,0.0,0.0,0.0,0.0,0.0,0.0,0.0,0.0,0.0,0.0,0.0,0.0,0.0,0.0,0.0,0.0,0.0,0.0,0.0
2025-09-03 18:45:00+00:00,248,3735,0.0,0.0,0.0,0.0,0.0,0.0,0.0,0.0,0.0,0.0,0.0,0.0,0.0,0.0,0.0,0.0,0.0,0.0,0.0,0.0,0.0
2025-09-03 19:00:00+00:00,249,3750,0.0,0.0,0.0,0.0,0.0,0.0,0.0,0.0,0.0,0.0,0.0,0.0,0.0,0.0,0.0,0.0,0.0,0.0,0.0,0.0,0.0
2025-09-03 19:15:00+00:00,250,3765,0.0,0.0,0.0,0.0,0.0,0.0,0.0,0.0,0.0,0.0,0.0,0.0,0.0,0.0,0.0,0.0,0.0,0.0,0.0,0.0,0.0
2025-09-03 19:30:00+00:00,251,3780,0.0,0.0,0.0,0.0,0.0,0.0,0.0,0.0,0.0,0.0,0.0,0.0,0.0,0.0,0.0,0.0,0.0,0.0,0.0,0.0,0.0
2025-09-03 19:45:00+00:00,252,3795,0.0,0.0,0.0,0.0,0.0,0.0,0.0,0.0,0.0,0.0,0.0,0.0,0.0,0.0,0.0,0.0,0.0,0.0,0.0,0.0,0.0
2025-09-03 20:00:00+00:00,253,3810,0.0,0.0,0.0,0.0,0.0,0.0,0.0,0.0,0.0,0.0,0.0,0.0,0.0,0.0,0.0,0.0,0.0,0.0,0.0,0.0,0.0
2025-09-03 20:15:00+00:00,254,3825,0.0,0.0,0.0,0.0,0.0,0.0,0.0,0.0,0.0,0.0,0.0,0.0,0.0,0.0,0.0,0.0,0.0,0.0,0.0,0.0,0.0
2025-09-03 20:30:00+00:00,255,3840,0.0,0.0,0.0,0.0,0.0,0.0,0.0,0.0,0.0,0.0,0.0,0.0,0.0,0.0,0.0,0.0,0.0,0.0,0.0,0.0,0.0
2025-09-03 20:45:00+00:00,256,3855,0.0,0.0,0.0,0.0,0.0,0.0,0.0,0.0,0.0,0.0,0.0,0.0,0.0,0.0,0.0,0.0,0.0,0.0,0.0,0.0,0.0
2025-09-03 21:00:00+00:00,257,3870,0.0,0.0,0.0,0.0,0.0,0.0,0.0,0.0,0.0,0.0,0.0,0.0,0.0,0.0,0.0,0.0,0.0,0.0,0.0,0.0,0.0
2025-09-03 21:15:00+00:00,258,3885,0.0,0.0,0.0,0.0,0.0,0.0,0.0,0.0,0.0,0.0,0.0,0.0,0.0,0.0,0.0,0.0,0.0,0.0,0.0,0.0,0.0
2025-09-03 21:30:00+00:00,259,3900,0.0,0.0,0.0,0.0,0.0,0.0,0.0,0.0,0.0,0.0,0.0,0.0,0.0,0.0,0.0,0.0,0.0,0.0,0.0,0.0,0.0
2025-09-03 21:45:00+00:00,260,3915,0.0,0.0,0.0,0.0,0.0,0.0,0.0,0.0,0.0,0.0,0.0,0.0,0.0,0.0,0.0,0.0,0.0,0.0,0.0,0.0,0.0
2025-09-03 22:00:00+00:00,261,3930,0.0,0.0,0.0,0.0,0.0,0.0,0.0,0.0,0.0,0.0,0.0,0.0,0.0,0.0,0.0,0.0,0.0,0.0,0.0,0.0,0.0
2025-09-03 22:15:00+00:00,262,3945,0.0,0.0,0.0,0.0,0.0,0.0,0.0,0.0,0.0,0.0,0.0,0.0,0.0,0.0,0.0,0.0,0.0,0.0,0.0,0.0,0.0
2025-09-03 22:30:00+00:00,263,3960,0.0,0.0,0.0,0.0,0.0,0.0,0.0,0.0,0.0,0.0,0.0,0.0,0.0,0.0,0.0,0.0,0.0,0.0,0.0,0.0,0.0
2025-09-03 22:45:00+00:00,264,3975,0.0,0.0,0.0,0.0,0.0,0.0,0.0,0.0,0.0,0.0,0.0,0.0,0.0,0.0,0.0,0.0,0.0,0.0,0.0,0.0,0.0
2025-09-03 23:00:00+00:00,265,3990,0.0,0.0,0.0,0.0,0.0,0.0,0.0,0.0,0.0,0.0,0.0,0.0,0.0,0.0,0.0,0.0,0.0,0.0,0.0,0.0,0.0
2025-09-03 23:15:00+00:00,266,4005,0.0,0.0,0.0,0.0,0.0,0.0,0.0,0.0,0.0,0.0,0.0,0.0,0.0,0.0,0.0,0.0,0.0,0.0,0.0,0.0,0.0
2025-09-03 23:30:00+00:00,267,4020,0.0,0.0,0.0,0.0,0.0,0.0,0.0,0.0,0.0,0.0,0.0,0.0,0.0,0.0,0.0,0.0,0.0,0.0,0.0,0.0,0.0
2025-09-03 23:45:00+00:00,268,4035,0.0,0.0,0.0,0.0,0.0,0.0,0.0,0.0,0.0,0.0,0.0,0.0,0.0,0.0,0.0,0.0,0.0,0.0,0.0,0.0,0.0
2025-09-04 00:00:00+00:00,269,4050,0.0,0.0,0.0,0.0,0.0,0.0,0.0,0.0,0.0,0.0,0.0,0.0,0.0,0.0,0.0,0.0,0.0,0.0,0.0,0.0,0.0
2025-09-04 00:15:00+00:00,270,4065,0.0,0.0,0.0,0.0,0.0,0.0,0.0,0.0,0.0,0.0,0.0,0.0,0.0,0.0,0.0,0.0,0.0,0.0,0.0,0.0,0.0
2025-09-04 00:30:00+00:00,271,4080,0.0,0.0,0.0,0.0,0.0,0.0,0.0,0.0,0.0,0.0,0.0,0.0,0.0,0.0,0.0,0.0,0.0,0.0,0.0,0.0,0.0
2025-09-04 00:45:00+00:00,272,4095,0.0,0.0,0.0,0.0,0.0,0.0,0.0,0.0,0.0,0.0,0.0,0.0,0.0,0.0,0.0,0.0,0.0,0.0,0.0,0.0,0.0
2025-09-04 01:00:00+00:00,273,4110,0.0,0.0,0.0,0.0,0.0,0.0,0.0,0.0,0.0,0.0,0.0,0.0,0.0,0.0,0.0,0.0,0.0,0.0,0.0,0.0,0.0
2025-09-04 01:15:00+00:00,274,4125,0.0,0.0,0.0,0.0,0.0,0.0,0.0,0.0,0.0,0.0,0.0,0.0,0.0,0.0,0.0,0.0,0.0,0.0,0.0,0.0,0.0
2025-09-04 01:30:00+00:00,275,4140,0.0,0.0,0.0,0.0,0.0,0.0,0.0,0.0,0.0,0.0,0.0,0.0,0.0,0.0,0.0,0.0,0.0,0.0,0.0,0.0,0.0
2025-09-04 01:45:00+00:00,276,4155,0.0,0.0,0.0,0.0,0.0,0.0,0.0,0.0,0.0,0.0,0.0,0.0,0.0,0.0,0.0,0.0,0.0,0.0,0.0,0.0,0.0
2025-09-04 02:00:00+00:00,277,4170,0.0,0.0,0.0,0.0,0.0,0.0,0.0,0.0,0.0,0.0,0.0,0.0,0.0,0.0,0.0,0.0,0.0,0.0,0.0,0.0,0.0
2025-09-04 02:15:00+00:00,278,4185,0.0,0.0,0.0,0.0,0.0,0.0,0.0,0.0,0.0,0.0,0.0,0.0,0.0,0.0,0.0,0.0,0.0,0.0,0.0,0.0,0.0
2025-09-04 02:30:00+00:00,279,4200,0.0,0.0,0.0,0.0,0.0,0.0,0.0,0.0,0.0,0.0,0.0,0.0,0.0,0.0,0.0,0.0,0.0,0.0,0.0,0.0,0.0
2025-09-04 02:45:00+00:00,280,4215,0.0,0.0,0.0,0.0,0.0,0.0,0.0,0.0,0.0,0.0,0.0,0.0,0.0,0.0,0.0,0.0,0.0,0.0,0.0,0.0,0.0
2025-09-04 03:00:00+00:00,281,4230,0.0,0.0,0.0,0.0,0.0,0.0,0.0,0.0,0.0,0.0,0.0,0.0,0.0,0.0,0.0,0.0,0.0,0.0,0.0,0.0,0.0
2025-09-04 03:15:00+00:00,282,4245,0.0,0.0,0.0,0.0,0.0,0.0,0.0,0.0,0.0,0.0,0.0,0.0,0.0,0.0,0.0,0.0,0.0,0.0,0.0,0.0,0.0
2025-09-04 03:30:00+00:00,283,4260,0.0,0.0,0.0,0.0,0.0,0.0,0.0,0.0,0.0,0.0,0.0,0.0,0.0,0.0,0.0,0.0,0.0,0.0,0.0,0.0,0.0
2025-09-04 03:45:00+00:00,284,4275,0.0,0.0,0.0,0.0,0.0,0.0,0.0,0.0,0.0,0.0,0.0,0.0,0.0,0.0,0.0,0.0,0.0,0.0,0.0,0.0,0.0
2025-09-04 04:00:00+00:00,285,4290,0.0,0.0,0.0,0.0,0.0,0.0,0.0,0.0,0.0,0.0,0.0,0.0,0.0,0.0,0.0,0.0,0.0,0.0,0.0,0.0,0.0
2025-09-04 04:15:00+00:00,286,4305,0.0,0.0,0.0,0.0,0.0,0.0,0.0,0.0,0.0,0.0,0.0,0.0,0.0,0.0,0.0,0.0,0.0,0.0,0.0,0.0,0.0
2025-09-04 04:30:00+00:00,287,4320,0.0,0.34023115518795827,1.6082117048314204,4.298111245069336,7.193745114491361,9.747948369990407,13.585857161946612,15.650831325084145,18.17483635869351,22.38686013287087,26.114161936901553,31.080521347550313,33.72843864139264,36.78196627894342,38.95149793700199,41.5362716812572,45.970680678838,50.25094148269085,56.9870714307125,90.13522015536286,24.456435458525497
2025-09-04 04:45:00+00:00,288,4335,68.38326641780817,111.17330795371541,140.75523812514325,186.83715513634095,216.3267402441087,248.47236593053884,282.27565476812106,310.3396814129053,336.06937438718955,370.4516161951958,418.01511958654515,445.86053125732934,507.07287230858634,540.0811706738906,565.061896182208,600.9603408268965,627.0128257117884,713.2823222010958,778.507072868071,1177.041311835906,396.8748573747669
2025-09-04 05:00:00+00:00,289,4350,252.96035572049405,393.2398699388447,541.2326222744575,603.1624041270421,752.923915766445,816.9672191173441,884.4487428611005,960.9072226674731,1078.052408567714,1175.4803635221156,1274.0635122173946,1389.0801051687486,1470.8049637106726,1560.065058354923,1643.0981826814048,1707.2729265030455,1833.464252239317,2002.744136990724,2231.535219279503,3215.9552063480587,1193.9791553880002
2025-09-04 05:15:00+00:00,290,4365,464.97779590072577,810.4259459432752,1124.883063602752,1364.9677280349863,1534.7961000827045,1668.9456106663192,1819.3069104441242,2046.4257572166255,2263.4191584698506,2451.2635071611294,2677.039835254546,2806.7824403931277,2948.961284738188,3120.871821159652,3243.898645531072,3430.192126960059,3775.897965713786,3942.263633843452,4419.701754746981,6216.278665219047,2422.7879171208415
2025-09-04 05:30:00+00:00,291,4380,889.0568942032049,1439.6403100711395,1815.8034386638917,2320.5329143592216,2577.314399622511,2841.371175934655,3241.372177545671,3573.4429094125067,3919.7988385387334,4239.8155250795735,4479.870944141688,4771.974612546951,5016.5468847316015,5215.618581932183,5495.353514007908,5645.793128598579,6069.069314948167,6477.1020557806,7139.850847115921,9833.49256342146,4058.543885482933
2025-09-04 05:45:00+00:00,292,4395,1286.7885186781646,2305.82983945715,2932.839173869022,3448.3310555900516,3836.7957188905893,4243.4781179503,4837.627400677329,5243.266614630671,5844.209001339725,6129.9298809078355,6600.353558430367,7021.92868208673,7299.918953369217,7610.153419486243,7937.744636313879,8458.804271167135,8705.642407125655,9274.247529077149,10188.501661365113,13874.880769859303,5945.044264982628
2025-09-04 06:00:00+00:00,293,4410,1658.401422020543,2977.5372151478127,3659.7220392166437,4558.092883032165,5003.936671302371,5457.391837561936,6071.181917700068,6710.346720608778,7291.8042104858105,8054.333066692054,8582.081373958039,9234.872744248481,9632.640979360627,10150.769313417706,10544.921721172079,11199.699781955122,11606.014448859423,12307.598411849976,13612.96117234703,18184.39933809306,7797.071410655027
2025-09-04 06:15:00+00:00,294,4425,2531.0040841650316,4319.115761365552,5143.474201815641,6014.64199335195,6671.990375456483,7207.211181451431,7807.503142293685,8725.143048804428,9522.141884641935,10261.57887966349,11092.404076983903,11813.142565374177,12463.6322287157,13336.91548893087,13754.046167110726,14556.131718435738,15077.115008893115,16268.068379892768,17517.231380188012,22692.834754559455,10198.320401848097
2025-09-04 06:30:00+00:00,295,4440,2680.937788966193,4512.805067668291,6098.67992002156,7137.827207362855,8010.03594156406,8672.972641952529,9558.426878004453,10528.677810684456,11397.518774643791,12156.79693481617,13277.420271080438,14617.91551413363,15539.78418938142,16685.530175580563,17739.700878164138,18279.378481179396,19004.573249749912,20449.13134525953,22088.814161355534,27312.338786842385,12538.047129193697
2025-09-04 06:45:00+00:00,296,4455,3447.660605374707,5976.69104355191,7742.559992792372,9114.784496964612,10055.514546075921,10806.538131182699,12013.976374468084,13510.650517831122,14435.49256163403,15972.048304532149,17255.21904463862,18439.451426721538,19920.002781507646,20758.246784288454,21581.294920169283,22497.44568525699,23716.310805934376,24945.23725266976,26322.131279217876,32184.641617261605,15658.8600004725
2025-09-04 07:00:00+00:00,297,4470,3951.910531632685,7897.529623793279,9981.087108510925,11479.871711631775,12707.476754201694,14302.059929308178,15862.883473217733,17133.561183596263,18752.660866826664,20246.16607508733,22191.545742838094,23236.650427471795,24445.089943348346,25120.586171323583,26122.63972413109,27275.151256486548,28451.22478587542,29208.82207069558,30513.511937974235,36886.26760564208,19291.86140655822
2025-09-04 07:15:00+00:00,298,4485,4150.764354348897,9746.806405125655,12243.505214294197,13306.009257305399,15766.39390726778,17679.47564161019,19664.537900897358,21520.20731551279,23243.660032552845,24947.112153740796,26113.76409375268,27279.168352688626,28049.411864880032,28837.175174056647,29940.2521533742,31043.188206943716,32103.037225374213,33077.20587026186,34304.806380996386,41510.826265415875,22599.81255921038
2025-09-04 07:30:00+00:00,299,4500,4843.444817817394,12668.04219286051,14705.872777675202,18425.67803303181,20488.3248707923,22843.633819756426,25180.627162116984,27057.03943606754,28451.011641246027,29394.20696422414,30415.581423958676,31292.175127582035,31701.36906192046,32565.775451238365,33508.41829219171,34770.81579683372,35790.83021846193,37343.56683003851,38208.213374438485,46013.27971370571,26535.87829475714
2025-09-04 07:45:00+00:00,300,4515,5465.625426758531,13843.80042519877,16134.280399622396,19613.52748059987,22072.101995637164,24832.005682437702,26973.456419344468,28517.846619941218,30457.50684708654,31623.329626971976,32509.374993231733,33598.41838359166,34486.480746362686,35258.47424253851,36300.66634975273,37563.70962764404,39244.26719731935,40232.079623820115,41788.38555074885,50354.93778014682,28685.859995529056
2025-09-04 08:00:00+00:00,301,4530,7694.577148157568,15781.422334475435,18068.581442033254,21990.612904997637,24268.85375295742,26598.568518839842,28998.45471193691,30802.531443689826,32487.1936770628,34149.32531469407,35172.40334610207,36470.462364959036,37489.52474752045,38346.85057277191,39462.51337232332,40810.024750377845,42839.95046628747,44339.267078511824,45515.95546605225,54502.01151116957,31333.63395055507
2025-09-04 08:15:00+00:00,302,4545,9495.251913491737,17551.92627937317,19507.535529938756,24303.541969466653,26448.69976910313,29129.79576934361,31719.589170761534,33433.18134652249,35014.70566133591,36477.69493025265,37470.73038946967,38526.69147753088,40117.78011278856,41010.45281972862,42249.347115971075,43551.00111163158,46003.232520773374,47568.92438275719,48765.831840820705,58424.62010521941,33780.07984513735
2025-09-04 08:30:00+00:00,303,4560,15808.064160087102,19794.802306394526,22797.84501582993,27728.953737655145,30660.769978011896,32744.28819567948,34664.765722181546,36396.587004892535,37754.58104874804,38989.9695186862,39949.49655672208,41499.64509795442,42728.67845435018,43998.00416881843,45240.51370181696,47189.973561662475,48709.708676945855,49861.050443870525,51704.254143296646,62096.121197552704,36848.53255501018
2025-09-04 08:45:00+00:00,304,4575,16252.377476005784,20997.791715234303,24064.63901255248,29592.84882722914,32553.627428329542,35147.045806037735,36798.3345033686,37878.556461449494,39696.3964363701,40927.414335904774,41867.469714065104,43361.53186305857,44590.3551677786,45916.06315984004,47429.25228680973,49122.918634311725,51018.088155152866,51989.33279339998,54120.52302078764,65492.66790813896,38702.90504893995
2025-09-04 09:00:00+00:00,305,4590,13721.258344175922,24294.60695767069,29922.55783474275,32801.2817416241,35320.158687070594,36952.9238322719,38551.84141528942,40079.04849051579,41398.87193451994,42951.45078582693,43870.33875675567,45354.025615724466,46550.85069600562,47498.793190479635,48855.7115089408,51489.25428838762,52925.29238443634,54513.86868634843,55963.10541874289,68377.01388901164,40743.2157907711
2025-09-04 09:15:00+00:00,306,4605,11176.912402965336,24665.121109887117,30010.84536508977,33235.59958979682,35868.8055585246,37911.80970108497,39273.50166880206,40494.44063932893,42527.96005245089,43887.53529275363,44977.42073313031,46412.42706845555,47751.63698605246,48762.89014314528,50266.529190322486,52809.34991726245,54173.11455614681,56652.020509715054,57800.32107018881,71045.66442174863,41578.12703488043
2025-09-04 09:30:00+00:00,307,4620,11132.31536108309,28061.30327439641,33368.23248842812,35611.62407641825,38367.865072311055,39910.97213443216,41516.19574883456,43677.57775692662,45089.39757600866,46325.74505947377,47910.85994823333,49317.657129185194,50204.97889081513,51551.67339712867,53420.20729989095,55400.33821436033,57114.623210112695,58746.814635772454,60031.75854367019,73488.85565424136,44023.2733720229
2025-09-04 09:45:00+00:00,308,4635,11276.920193855465,27553.959668838557,33287.874308902494,36582.70543687436,39762.53526937785,41235.68003885094,43127.06026706271,45148.62977708454,46675.541420196976,47975.47050442891,49496.340309039326,50694.74205200342,51735.538880477055,53232.693071158224,55537.43785270839,56951.37526028364,58477.71638208175,60025.14735775645,61125.63063071224,75586.18421824511,45222.84175145266
2025-09-04 10:00:00+00:00,309,4650,10901.673203700448,29736.49765765572,34982.339476809604,38272.86523068433,40641.231927034634,42061.1720148756,43903.69346081203,46024.6247658412,47611.45015712365,49294.19850096902,50721.61801242289,51957.1874829453,53667.92087525324,54940.67197351357,57438.43862114663,58167.51762776793,58991.2135882161,60721.84366247734,62158.90534787454,77325.69809001898,46374.415967277484
2025-09-04 10:15:00+00:00,310,4665,10979.85909538585,30952.555771284406,35780.15164750765,38825.733772152555,41318.53120167,43005.685719157744,44898.44932582774,46930.78653349978,48247.33880745378,50146.8552738568,51787.137420392806,52900.8748479092,54524.96139417414,56132.37141865864,58571.49021944681,59092.05919593696,59723.162316165,61095.52362661971,62795.303574619385,78697.6116828902,47176.0465679351
2025-09-04 10:30:00+00:00,311,4680,11641.70528164109,31054.653364108235,36020.714223676056,39701.57989635215,42001.31184426257,44247.20550291358,46686.88778440876,48264.886745599804,49726.17382570443,51674.86864107244,52940.567110025244,53940.54833886591,55703.52129622927,58052.92467937982,59413.21803767093,59897.47727834368,60575.80556796821,61753.21870438657,63163.092645847086,79694.31633125058,48114.640337752535
2025-09-04 10:45:00+00:00,312,4695,10342.46090705057,27843.18960981387,34400.20619060193,39248.14998390364,41727.41344463241,43830.53849584483,46211.76975994476,48087.5858654508,49432.52635261529,51642.96245449325,52893.56502472793,54171.5431836367,55455.94709409413,57703.74359642139,59061.23161671757,59738.78827713117,60257.521906060436,61206.16252968256,62632.4042294582,80310.39745250276,47574.11852322576
2025-09-04 11:00:00+00:00,313,4710,9359.9269492752,26731.121410054337,32496.769270117722,37718.91031290077,41314.2609173462,43201.382419239926,45453.131913485464,47717.0842609477,49091.79298886463,51526.299666234925,52834.51503588001,54462.23424824215,55714.032328730245,57400.684046791364,58700.88513963543,59444.93930351198,59877.359665021184,60614.71728856994,61557.0272056318,80542.65272658115,47026.31059203943
2025-09-04 11:15:00+00:00,314,4725,8494.990568232472,19784.113555661093,31147.24542623567,36353.9775249412,40058.734568138956,42267.7691892926,44525.953084330096,46878.9602815198,48634.54465740416,51419.85671038569,52569.43667750853,54038.95298592617,56292.808678657806,57263.96413716774,58405.465778346166,58990.207535288,59434.90185460173,60031.2853192056,60825.722542899566,80390.10729882846,46113.82691514118
2025-09-04 11:30:00+00:00,315,4740,8243.901306306485,19499.69992799398,30074.276799475403,35228.16609548498,39203.69334432453,41757.60732964662,43991.93939309731,46189.43815237271,48109.25549207101,50982.73444623921,52155.413590907345,53429.20280444126,55500.71007271464,56500.222574944324,57569.313444950516,58128.128825715154,58579.67893364843,59202.626417228326,59955.37481029041,79854.02340274461,45418.67776290414
2025-09-04 11:45:00+00:00,316,4755,5425.559929272555,14103.8521930644,29461.45563358669,33828.22448495064,38069.90417914567,40860.49350922271,42937.133669704715,45333.5755717515,47839.316034801144,50150.792000893205,51352.8562221038,53051.8142248593,54552.35106136961,55411.24868426836,56295.357247761334,56946.681773949735,57353.60007340518,57933.142757150934,58750.87561448847,78937.90335354602,44139.744969100575
2025-09-04 12:00:00+00:00,317,4770,4714.998975392548,13045.08085234889,28096.420186820204,31084.197856321938,35952.67599528831,39308.604072643044,41073.0822694938,44063.46886878414,46627.827672853135,49060.85714761371,50272.08680624662,52146.80096937209,53394.478577052374,54003.25519824756,54610.45690889266,55311.890292790114,55874.0625296767,56643.91551615173,57840.52594540742,77647.48674692468,42775.694950576704
2025-09-04 12:15:00+00:00,318,4785,3788.556837654934,12910.7631528836,27033.229958860116,30987.16757115834,37471.25884770015,38721.05569335866,42295.69685309093,45728.84948723614,47405.62522175066,49352.252168822335,50987.91983787769,51492.654573888176,51918.99212483632,52458.03694975926,53078.53001911692,53516.97682645858,54147.84152351717,54899.3823206288,55883.64629320729,75990.74421624278,42148.90101468869
2025-09-04 12:30:00+00:00,319,4800,3546.376809150869,9803.340278523025,17687.078174034876,29265.751032980384,35844.48425950269,38485.038921513245,41704.10267840334,45641.76022699098,47374.49166167513,48996.21457439757,49681.337831123936,50140.21458527667,50576.10448314632,51178.24789880712,51777.92749786952,52374.64962908347,52942.40578162351,53572.57642709086,55182.644838928645,73977.87172866496,40726.273669935385
2025-09-04 12:45:00+00:00,320,4815,3950.430235017349,14586.997542870999,22137.573210612674,27285.76119380367,32821.945492804116,36171.79775233777,40673.108822092276,44268.536574077705,46426.57772601617,47522.16835347609,47930.08452908426,48220.477268159586,48691.63895636668,49583.6342277752,50258.169831192914,50892.02342997912,51612.87605080902,52621.17413766253,53525.05473948514,71621.29077635377,39900.90093747954
2025-09-04 13:00:00+00:00,321,4830,4800.0580691573105,15170.676099974338,23426.011122603282,27170.17560964164,32708.148402012783,35154.00219023457,39505.506420411344,42074.95292613947,44097.5496947999,45147.260915673985,45600.546802181016,45991.004686169326,46505.61981562918,47386.47890450032,48001.3754783437,48637.656181094986,49742.41080881973,50626.15155259328,51601.19934529597,68935.66085962158,38839.592915785055
2025-09-04 13:15:00+00:00,322,4845,7470.790642492609,15837.282771505685,23489.299462892486,26758.762004814394,31351.445953076916,33972.150735304225,36676.13582910851,39273.98758662983,41647.18989523749,42985.148062612134,43639.943309752,44042.55727732178,44553.59177532121,45479.41614449628,46177.142552078985,46875.6036865816,47985.81762720388,48751.6898099835,49570.56654087848,65991.42907838823,37430.69704055619
2025-09-04 13:30:00+00:00,323,4860,6279.893006334607,14139.095981007578,22609.55795969004,25653.297097939267,30091.69470691411,32997.58597803191,35199.81167036175,37838.7263538591,40097.708916829724,41404.332132816504,41861.46491041977,42347.962229107,43114.012271234984,43873.816731632935,44453.22557629858,45402.95136056633,46171.1045764584,46896.0176123895,47468.871530290984,62905.12666012761,35941.028353664
2025-09-04 13:45:00+00:00,324,4875,5524.96460939109,12503.071030366595,20035.419876613614,23082.592671446022,28073.686239697225,29670.860183325687,32491.430764910383,34793.021043192566,37133.89226403269,38713.30641431918,39403.22180359769,39963.714917093326,40958.405371285895,41590.31015816405,42304.8670446421,43142.45071883972,43659.42693023567,44303.81128740002,44807.04289530443,59327.21090586004,33597.7485887216
2025-09-04 14:00:00+00:00,325,4890,5690.9270769294835,12759.266182763435,18772.761840817944,21777.990545194847,26088.963304565947,28392.531739266757,30527.194291757456,32532.414753674675,34163.42584117357,36118.150320276036,36778.98510408541,37323.233168761886,38272.93006712058,38906.58609668237,39598.73263977451,40308.92684164724,40834.13069805816,41468.31872528321,41914.04472838841,55502.78120377891,31461.238467911022
2025-09-04 14:15:00+00:00,326,4905,6515.277458532816,12814.401107263775,18699.20966135165,20988.915170221408,24051.33625982223,25535.92953860709,27511.608093271756,29498.191983647757,30386.604707701026,32274.359766694783,33406.303164373196,34153.68184087716,34732.263453272055,35653.64692983024,36212.68278884991,36991.46322303881,37600.47714146142,38121.74919569279,38616.33388667918,51459.145404673574,28961.933649381113
2025-09-04 14:30:00+00:00,327,4920,5920.838736184857,11143.523722563925,15983.529699042454,18003.130184986032,21289.048547798397,22583.47072359255,24695.49304703675,25750.373362759816,27524.311929381212,28665.758977546997,30113.2049023931,30994.73900375121,31632.74930960914,32432.39837767983,33065.09202743828,33710.3052000929,34405.04602553054,34916.336881679774,35414.96729646076,47226.73553877107,26120.496200013204
2025-09-04 14:45:00+00:00,328,4935,5113.510613862078,8377.707613250057,12638.46426522411,15631.025105857367,17907.397089975406,19902.4036892841,21262.93521897606,22664.635774845672,23331.816653593498,25001.839619378643,26029.172863429856,27233.244653908347,28135.776898252992,28686.098414697415,29547.124343444586,30256.319869926432,31071.380253276042,31617.45737687719,32135.126380355225,42839.62214864221,22919.360451389097
2025-09-04 15:00:00+00:00,329,4950,4230.90295198515,7352.632148487349,11159.298013427617,13724.07190477445,16084.833047370088,17714.826993635143,18574.37987117857,20050.19287289651,20756.170452116432,21945.548895951768,22780.230421945773,24030.06584586514,24719.76190135343,25443.377434980484,26037.700421720307,26961.35989562876,27722.069336497203,28314.065358179407,28817.60331803744,38336.25193943455,20299.79955746565
2025-09-04 15:15:00+00:00,330,4965,3698.899412436612,6109.992476269001,9089.173272864598,10917.493057921773,12741.922272743353,14783.568764363907,15874.81924683483,16664.581214374855,17546.14263304152,18171.4665277889,19067.28452906918,20107.574163193374,20940.687623003727,21940.321824326787,22663.806354153716,23464.544171959245,24289.074035308637,25103.654773000264,25625.986113964063,33760.48508546278,17316.920192154033
2025-09-04 15:30:00+00:00,331,4980,2935.554933679402,4340.982845258708,7281.842974966026,8630.097977199754,9772.43687039165,11282.975839994864,12582.730313833246,13679.477707112223,14426.426960591265,15005.686770022372,15625.290026917437,16148.350683043818,17420.883934709163,17858.350627553125,18679.593221044674,19577.51508307189,20284.340997191448,21325.306516164746,22093.363727544634,29163.020350163883,14206.498176191039
2025-09-04 15:45:00+00:00,332,4995,2219.122943804795,3741.8495966375976,5406.282684520193,6911.436557751628,7790.0913023748435,8789.081555824823,9626.408866146632,10549.56084339688,11195.69263151225,11688.152222904246,12427.813440499232,13052.700155419887,13592.906500549972,14352.60827118116,14899.613590196981,15613.066860457147,16617.851682074164,17444.94848970251,18296.544728593446,24464.89438635239,11351.448812344186
2025-09-04 16:00:00+00:00,333,5010,1812.3376495114148,2918.252447607328,4178.156330695449,5236.6334723365535,5992.929880492993,6673.763819635921,7396.461724311508,8178.97454229389,8675.366575258053,9238.03367339575,9639.632715952797,10277.077700749423,10700.86111618351,11113.904582763424,11968.191377871259,12406.663974641984,12964.97346144833,13863.143950304591,14995.267306000116,20020.58411936304,8957.436660678135
2025-09-04 16:15:00+00:00,334,5025,1384.2730133269672,2246.3117865221407,3227.976783882427,4153.323485176997,4714.669482622519,5123.073333558689,5538.458103120121,6187.89418745227,6689.334368508957,7155.152702681469,7438.766825504392,7788.645458548881,8225.673604221827,8510.452272951055,8900.232645995467,9567.935600068078,9883.002322805407,10485.801930516247,11588.76604586921,15774.327232236747,6845.467086589421
2025-09-04 16:30:00+00:00,335,5040,1016.4497421707285,1655.0191737931789,2325.9809955322416,2794.143554308513,3377.9449205469004,3738.262983981032,4096.6429749246345,4402.200982113146,4808.822152049245,5073.140055550077,5358.49881879719,5563.222983201391,5953.649438580391,6182.514708095805,6432.830532034119,6735.886487408928,7171.025340681636,7770.477104614039,8565.794729576757,11791.779474850586,4953.47554876387
2025-09-04 16:45:00+00:00,336,5055,876.6455801778494,1356.6880081421084,1872.2984923513334,2355.402758838033,2613.4945197650923,2804.8641959821925,3003.6426386713074,3304.171316324065,3485.25541206866,3697.9003911884815,3936.5078307455883,4103.095543288724,4343.185855585249,4531.059229563533,4745.780617850505,4959.642061598757,5288.887609006993,5578.863954666619,6095.745984986248,8167.203179039881,3632.642161904122
2025-09-04 17:00:00+00:00,337,5070,536.0538185932554,893.7712962926645,1190.2496043522317,1537.278306213716,1662.005524386842,1810.2949204932527,1885.3937560400625,2055.6113374154584,2150.800592109389,2274.672843001985,2419.3911096754096,2514.9921546975443,2649.9220146784655,2752.628974814953,2908.509217655235,3038.9512097915685,3174.686873102043,3420.3140668362907,3776.9471088074833,5014.595699224719,2249.1702553652067
2025-09-04 17:15:00+00:00,338,5085,276.1943266149551,540.0538400295609,671.4142614951445,813.9430410790801,883.8284718464762,951.4310410352937,982.9500643060873,1050.0957489334455,1118.3569849558473,1186.0289095920111,1249.3275662890176,1309.7672802031718,1393.5111168719898,1436.7851063464225,1523.2308475500492,1607.3190117403817,1689.98618530455,1807.6338291217523,2038.4061162619528,2642.180564473141,1187.5725910072038
2025-09-04 17:30:00+00:00,339,5100,139.63446369735198,277.02961005755304,333.0758260685491,414.3429626735401,460.1917077767981,482.9468045523438,499.39688941371304,544.5597906150198,573.6101229642652,604.8207457805148,634.3612031002045,662.2850929935262,699.7682437075177,723.4119513448554,773.3154517688729,815.0779489304867,875.128819630969,929.1443292025411,1041.9024463389774,1347.3227549425606,607.5613832092132
2025-09-04 17:45:00+00:00,340,5115,15.95989732645361,30.85593015969615,38.16662334880039,46.17655890435305,49.63293141888093,53.39701176237886,55.94257313446875,60.24546566084769,63.9805266552818,67.06743759871377,69.7106643532528,73.61973702638767,76.84632121312552,81.61508525205517,85.89093077125665,91.04486410580388,97.40445087877652,104.89219879975745,117.31499137897745,156.80738390354998,67.775474523745
2025-09-04 18:00:00+00:00,341,5130,0.0,0.0,0.0,0.0,0.0,0.0,0.0,0.0,0.0,0.0,0.0,0.0,0.0,0.0,0.0,0.0,0.0,0.0,0.0,0.0,0.0
2025-09-04 18:15:00+00:00,342,5145,0.0,0.0,0.0,0.0,0.0,0.0,0.0,0.0,0.0,0.0,0.0,0.0,0.0,0.0,0.0,0.0,0.0,0.0,0.0,0.0,0.0
2025-09-04 18:30:00+00:00,343,5160,0.0,0.0,0.0,0.0,0.0,0.0,0.0,0.0,0.0,0.0,0.0,0.0,0.0,0.0,0.0,0.0,0.0,0.0,0.0,0.0,0.0
2025-09-04 18:45:00+00:00,344,5175,0.0,0.0,0.0,0.0,0.0,0.0,0.0,0.0,0.0,0.0,0.0,0.0,0.0,0.0,0.0,0.0,0.0,0.0,0.0,0.0,0.0
2025-09-04 19:00:00+00:00,345,5190,0.0,0.0,0.0,0.0,0.0,0.0,0.0,0.0,0.0,0.0,0.0,0.0,0.0,0.0,0.0,0.0,0.0,0.0,0.0,0.0,0.0
2025-09-04 19:15:00+00:00,346,5205,0.0,0.0,0.0,0.0,0.0,0.0,0.0,0.0,0.0,0.0,0.0,0.0,0.0,0.0,0.0,0.0,0.0,0.0,0.0,0.0,0.0
2025-09-04 19:30:00+00:00,347,5220,0.0,0.0,0.0,0.0,0.0,0.0,0.0,0.0,0.0,0.0,0.0,0.0,0.0,0.0,0.0,0.0,0.0,0.0,0.0,0.0,0.0
2025-09-04 19:45:00+00:00,348,5235,0.0,0.0,0.0,0.0,0.0,0.0,0.0,0.0,0.0,0.0,0.0,0.0,0.0,0.0,0.0,0.0,0.0,0.0,0.0,0.0,0.0
2025-09-04 20:00:00+00:00,349,5250,0.0,0.0,0.0,0.0,0.0,0.0,0.0,0.0,0.0,0.0,0.0,0.0,0.0,0.0,0.0,0.0,0.0,0.0,0.0,0.0,0.0
2025-09-04 20:15:00+00:00,350,5265,0.0,0.0,0.0,0.0,0.0,0.0,0.0,0.0,0.0,0.0,0.0,0.0,0.0,0.0,0.0,0.0,0.0,0.0,0.0,0.0,0.0
2025-09-04 20:30:00+00:00,351,5280,0.0,0.0,0.0,0.0,0.0,0.0,0.0,0.0,0.0,0.0,0.0,0.0,0.0,0.0,0.0,0.0,0.0,0.0,0.0,0.0,0.0
2025-09-04 20:45:00+00:00,352,5295,0.0,0.0,0.0,0.0,0.0,0.0,0.0,0.0,0.0,0.0,0.0,0.0,0.0,0.0,0.0,0.0,0.0,0.0,0.0,0.0,0.0
2025-09-04 21:00:00+00:00,353,5310,0.0,0.0,0.0,0.0,0.0,0.0,0.0,0.0,0.0,0.0,0.0,0.0,0.0,0.0,0.0,0.0,0.0,0.0,0.0,0.0,0.0
2025-09-04 21:15:00+00:00,354,5325,0.0,0.0,0.0,0.0,0.0,0.0,0.0,0.0,0.0,0.0,0.0,0.0,0.0,0.0,0.0,0.0,0.0,0.0,0.0,0.0,0.0
2025-09-04 21:30:00+00:00,355,5340,0.0,0.0,0.0,0.0,0.0,0.0,0.0,0.0,0.0,0.0,0.0,0.0,0.0,0.0,0.0,0.0,0.0,0.0,0.0,0.0,0.0
2025-09-04 21:45:00+00:00,356,5355,0.0,0.0,0.0,0.0,0.0,0.0,0.0,0.0,0.0,0.0,0.0,0.0,0.0,0.0,0.0,0.0,0.0,0.0,0.0,0.0,0.0
2025-09-04 22:00:00+00:00,357,5370,0.0,0.0,0.0,0.0,0.0,0.0,0.0,0.0,0.0,0.0,0.0,0.0,0.0,0.0,0.0,0.0,0.0,0.0,0.0,0.0,0.0
2025-09-04 22:15:00+00:00,358,5385,0.0,0.0,0.0,0.0,0.0,0.0,0.0,0.0,0.0,0.0,0.0,0.0,0.0,0.0,0.0,0.0,0.0,0.0,0.0,0.0,0.0
2025-09-04 22:30:00+00:00,359,5400,0.0,0.0,0.0,0.0,0.0,0.0,0.0,0.0,0.0,0.0,0.0,0.0,0.0,0.0,0.0,0.0,0.0,0.0,0.0,0.0,0.0
2025-09-04 22:45:00+00:00,360,5415,0.0,0.0,0.0,0.0,0.0,0.0,0.0,0.0,0.0,0.0,0.0,0.0,0.0,0.0,0.0,0.0,0.0,0.0,0.0,0.0,0.0
2025-09-04 23:00:00+00:00,361,5430,0.0,0.0,0.0,0.0,0.0,0.0,0.0,0.0,0.0,0.0,0.0,0.0,0.0,0.0,0.0,0.0,0.0,0.0,0.0,0.0,0.0
2025-09-04 23:15:00+00:00,362,5445,0.0,0.0,0.0,0.0,0.0,0.0,0.0,0.0,0.0,0.0,0.0,0.0,0.0,0.0,0.0,0.0,0.0,0.0,0.0,0.0,0.0
2025-09-04 23:30:00+00:00,363,5460,0.0,0.0,0.0,0.0,0.0,0.0,0.0,0.0,0.0,0.0,0.0,0.0,0.0,0.0,0.0,0.0,0.0,0.0,0.0,0.0,0.0
2025-09-04 23:45:00+00:00,364,5475,0.0,0.0,0.0,0.0,0.0,0.0,0.0,0.0,0.0,0.0,0.0,0.0,0.0,0.0,0.0,0.0,0.0,0.0,0.0,0.0,0.0
2025-09-05 00:00:00+00:00,365,5490,0.0,0.0,0.0,0.0,0.0,0.0,0.0,0.0,0.0,0.0,0.0,0.0,0.0,0.0,0.0,0.0,0.0,0.0,0.0,0.0,0.0
2025-09-05 00:15:00+00:00,366,5505,0.0,0.0,0.0,0.0,0.0,0.0,0.0,0.0,0.0,0.0,0.0,0.0,0.0,0.0,0.0,0.0,0.0,0.0,0.0,0.0,0.0
2025-09-05 00:30:00+00:00,367,5520,0.0,0.0,0.0,0.0,0.0,0.0,0.0,0.0,0.0,0.0,0.0,0.0,0.0,0.0,0.0,0.0,0.0,0.0,0.0,0.0,0.0
2025-09-05 00:45:00+00:00,368,5535,0.0,0.0,0.0,0.0,0.0,0.0,0.0,0.0,0.0,0.0,0.0,0.0,0.0,0.0,0.0,0.0,0.0,0.0,0.0,0.0,0.0
2025-09-05 01:00:00+00:00,369,5550,0.0,0.0,0.0,0.0,0.0,0.0,0.0,0.0,0.0,0.0,0.0,0.0,0.0,0.0,0.0,0.0,0.0,0.0,0.0,0.0,0.0
2025-09-05 01:15:00+00:00,370,5565,0.0,0.0,0.0,0.0,0.0,0.0,0.0,0.0,0.0,0.0,0.0,0.0,0.0,0.0,0.0,0.0,0.0,0.0,0.0,0.0,0.0
2025-09-05 01:30:00+00:00,371,5580,0.0,0.0,0.0,0.0,0.0,0.0,0.0,0.0,0.0,0.0,0.0,0.0,0.0,0.0,0.0,0.0,0.0,0.0,0.0,0.0,0.0
2025-09-05 01:45:00+00:00,372,5595,0.0,0.0,0.0,0.0,0.0,0.0,0.0,0.0,0.0,0.0,0.0,0.0,0.0,0.0,0.0,0.0,0.0,0.0,0.0,0.0,0.0
2025-09-05 02:00:00+00:00,373,5610,0.0,0.0,0.0,0.0,0.0,0.0,0.0,0.0,0.0,0.0,0.0,0.0,0.0,0.0,0.0,0.0,0.0,0.0,0.0,0.0,0.0
2025-09-05 02:15:00+00:00,374,5625,0.0,0.0,0.0,0.0,0.0,0.0,0.0,0.0,0.0,0.0,0.0,0.0,0.0,0.0,0.0,0.0,0.0,0.0,0.0,0.0,0.0
2025-09-05 02:30:00+00:00,375,5640,0.0,0.0,0.0,0.0,0.0,0.0,0.0,0.0,0.0,0.0,0.0,0.0,0.0,0.0,0.0,0.0,0.0,0.0,0.0,0.0,0.0
2025-09-05 02:45:00+00:00,376,5655,0.0,0.0,0.0,0.0,0.0,0.0,0.0,0.0,0.0,0.0,0.0,0.0,0.0,0.0,0.0,0.0,0.0,0.0,0.0,0.0,0.0
2025-09-05 03:00:00+00:00,377,5670,0.0,0.0,0.0,0.0,0.0,0.0,0.0,0.0,0.0,0.0,0.0,0.0,0.0,0.0,0.0,0.0,0.0,0.0,0.0,0.0,0.0
2025-09-05 03:15:00+00:00,378,5685,0.0,0.0,0.0,0.0,0.0,0.0,0.0,0.0,0.0,0.0,0.0,0.0,0.0,0.0,0.0,0.0,0.0,0.0,0.0,0.0,0.0
2025-09-05 03:30:00+00:00,379,5700,0.0,0.0,0.0,0.0,0.0,0.0,0.0,0.0,0.0,0.0,0.0,0.0,0.0,0.0,0.0,0.0,0.0,0.0,0.0,0.0,0.0
2025-09-05 03:45:00+00:00,380,5715,0.0,0.0,0.0,0.0,0.0,0.0,0.0,0.0,0.0,0.0,0.0,0.0,0.0,0.0,0.0,0.0,0.0,0.0,0.0,0.0,0.0
2025-09-05 04:00:00+00:00,381,5730,0.0,0.0,0.0,0.0,0.0,0.0,0.0,0.0,0.0,0.0,0.0,0.0,0.0,0.0,0.0,0.0,0.0,0.0,0.0,0.0,0.0
2025-09-05 04:15:00+00:00,382,5745,0.0,0.0,0.0,0.0,0.0,0.0,0.0,0.0,0.0,0.0,0.0,0.0,0.0,0.0,0.0,0.0,0.0,0.0,0.0,0.0,0.0
2025-09-05 04:30:00+00:00,383,5760,0.0,0.0,0.0,0.0,0.05787471640075002,0.1627507176360487,0.26762671887134726,0.37250272010664587,0.4773787213419444,1.6244083079528226,2.940220158991632,4.951808356685606,6.070752732794161,9.03350933632481,11.791927951986704,14.721675982118104,17.48957887473095,20.218249449297815,26.911121472420614,48.28411645189793,7.045293103554315
2025-09-05 04:45:00+00:00,384,5775,0.0,0.0,0.030031087568947006,2.267347111455446,4.5046631353419455,6.741979159228447,17.07421807442274,32.75152682758055,52.290202712485886,68.12455128072853,81.71782941830784,102.58545549725989,125.78359178499731,151.41574092920078,188.65584363357803,215.46901413645244,265.19209382614036,367.17109195640296,499.97885296588294,1010.5357834049049,128.63648595740867
2025-09-05 05:00:00+00:00,385,5790,3.3088313266865046,14.792422401657307,31.421732782467807,64.81416657568266,97.54188962280679,151.82492871518764,213.57288666754454,276.85979022177304,327.3343983834568,375.93858526104606,431.2813914942797,514.611764158925,586.6851989148364,718.56138187419,792.4092372480828,895.1361924371308,1183.281603948013,1443.0954880946954,1729.814202314469,2994.810101097986,553.3118957531575
2025-09-05 05:15:00+00:00,386,5805,0.0,29.220359381569438,61.812298691781514,112.53066386584348,194.42597010379208,347.6733356994649,502.4726104146396,626.0079728616961,709.79111021538,858.4594597107013,1014.2206306034436,1218.0491449160472,1437.0593002685634,1605.9215149734014,1804.0892408505479,2259.414979673947,2790.5983617413335,3177.1290560638554,3798.1909128662473,5970.254663899223,1314.5770226631614
2025-09-05 05:30:00+00:00,387,5820,19.394121265254395,81.41268487172725,150.27755158868254,231.6389853024965,449.3212500369672,695.0703636182697,969.2377906214202,1112.8658012538792,1371.6149230565281,1624.2726047086326,1868.3231878660174,2249.609410644955,2433.7675369873264,2788.2100227747273,3318.24649960311,3861.092600383093,4626.273865171532,5364.837676390686,6296.380857259912,9552.312840435614,2276.2556762408267
2025-09-05 05:45:00+00:00,388,5835,21.573955070016538,103.55498433607933,220.10265144991757,534.5637389554419,1074.9586947352998,1422.0807346390745,1875.2465839694466,2242.241852569991,2513.8198325433236,2959.9817650451246,3338.7022479139628,3796.265975119938,4300.513687286892,4983.025837795763,5717.040184701983,6586.32039685097,7369.372141439686,8278.105612724954,9645.85994231922,13600.947691855756,3727.1794706632745
2025-09-05 06:00:00+00:00,389,5850,0.0,137.24419077657032,618.4989952075143,1313.4177297340636,1832.5614434374163,2653.8717579686104,3081.9094597843937,3603.1428447852627,4029.770914233355,4514.52491695506,5221.514089402832,5844.320831018135,6478.492890244262,7333.901893240972,8350.784946973294,9032.44699934185,9790.932167108473,11289.386032993429,12708.829967687752,17907.712347063654,5384.309252194936
2025-09-05 06:15:00+00:00,390,5865,60.53968293706419,576.8266469194181,1352.077172019103,2538.7158259273706,3510.850293824357,4055.39378263646,4922.814722752418,5451.516448482438,6221.009818588351,6965.485587749664,7791.5466838019,8547.789330436646,9419.012571408291,10490.745623593752,11176.149569954729,12302.148970684051,13165.246375259921,14670.045919802067,16225.121274484618,22417.163283848342,7592.820518986954
2025-09-05 06:30:00+00:00,391,5880,82.92341914955345,540.3915032958772,1232.0011340702786,2646.6086776849147,3623.1950545364684,4797.552878944405,5833.516635822552,6566.222094294667,7801.184869470484,8729.72241764431,9780.921017189286,10704.089261684421,11973.614133881938,12832.965253345646,14222.994999066726,15418.942584884237,16147.87888381284,17515.247419196785,19348.88301844608,27039.713278753265,9335.545680031953
2025-09-05 06:45:00+00:00,392,5895,99.0193903277078,879.6633037879396,1474.6422162810757,2682.762204741557,3779.3501017564045,5557.036772014746,6872.793253888865,8411.364754486718,9730.783490073729,10446.909576227425,11904.953319625785,13552.108402037018,14780.989091380556,15733.237266508186,17998.45492692537,18795.796027643148,20558.39878406178,22269.78586777585,23272.151860187572,31885.741704472483,11122.20432680352
2025-09-05 07:00:00+00:00,393,5910,1052.400330406183,2434.852610740159,3891.3646921922714,5632.16125502894,7235.209688975659,8815.4306195632,10688.132570607804,12406.237841987295,14376.43839653361,16370.6718063184,17126.442876670106,19477.481911343424,20836.761983013486,21822.344970331073,23359.68938516972,24024.18863240508,25465.217752739925,26505.332855176668,27308.177559425894,36616.787927264544,15220.60790078987
2025-09-05 07:15:00+00:00,394,5925,1562.9437138695396,3858.3605680293235,6073.200052944315,7775.798847982158,8868.151057071918,11477.471496239452,13892.302087574451,17072.717392410257,18700.762473356575,20035.208780691166,22793.748597377566,23996.324285363502,25610.53485914162,26356.061542079762,27125.895321396838,28697.629183481764,29434.300459823146,30340.622062525694,31184.209751461512,41246.58669661125,18636.004301768546
2025-09-05 07:30:00+00:00,395,5940,2865.447612920138,5053.1387962392255,7823.224580284387,9860.610460937418,12158.460859462686,14190.812260246781,17053.23321656965,20094.58104433213,21262.426273330908,24816.403609506895,26796.927314733544,28484.228558360508,29283.510975791087,30581.37554008121,31862.672398700663,32853.879308272895,33644.916865358115,34106.11252197538,35390.76664496018,45753.50083683556,21900.96619812068
2025-09-05 07:45:00+00:00,396,5955,2437.745958940657,4720.712155650389,8374.935782887276,10578.424887272757,12303.206286130282,15154.548658083657,16986.274969045407,20369.397602744382,23633.74480784919,27156.002489638846,28769.317276646303,30954.955103577846,32384.15581146281,34693.83134726608,35521.58779925031,36627.727409330975,37175.12104048457,37815.47187722295,39700.76044459235,50098.66661479717,23866.849280450955
2025-09-05 08:00:00+00:00,397,5970,2485.8674577700526,5023.143100538109,6970.5283148470735,10849.192399160691,13393.804780921486,17008.214936511347,19449.915560031597,22816.483022157692,27148.89247195597,29087.515248652486,30962.573438611165,32453.501046128098,34715.29311430907,37162.16448658436,38703.01098941234,39703.0317393951,40223.75625893058,41022.33532106122,43061.79209860705,54248.209353001796,25796.07737726326
2025-09-05 08:15:00+00:00,398,5985,2625.3053438439288,5152.2061782784795,6929.681811334595,11221.783963453881,15856.440797098121,19028.22554864096,22290.419823659933,26455.3630992508,29779.31802962341,31341.54660661853,33138.283976845545,34323.573925143624,36523.39870970169,39815.74390996848,41585.0259356025,42674.66083633053,43291.60442903704,43991.38088405147,45661.532170002814,58172.216556496736,27894.89237497867
2025-09-05 08:30:00+00:00,399,6000,2235.210594635383,5450.446471258091,7613.359207151126,11180.555546994852,18426.638501987556,21401.096099396666,25321.70225281372,29619.077536498935,32849.72638131561,34024.891290484695,35982.34990135526,37422.79000953768,39630.46171246733,43031.685830746916,44108.20821440072,45181.65758594622,46148.61686838073,46861.64009108384,48061.128075813176,61844.04732104802,30131.120389926797
2025-09-05 08:45:00+00:00,400,6015,4640.155710602442,5949.690462748408,7591.003891830167,11426.897298274374,19866.330426042015,23796.563608710694,28688.586812345704,31426.86402047635,34816.959420139996,36137.91424467986,38027.24045953227,39410.45389148503,41363.00361521576,44742.85910277094,46462.03506765188,47448.936294788145,48561.75740711997,49190.32490267751,50207.00861195674,65239.876580582444,32049.531750125883
2025-09-05 09:00:00+00:00,401,6030,4949.989029853425,6101.022610163579,7592.657676277451,10728.898842819248,20403.48163705287,24638.39621763857,30269.261512961177,33630.24871711068,36507.26544730539,38406.02528106584,40247.58765149553,42018.64162885143,43401.14654640181,46231.485793956934,48589.502873300466,49621.15377149669,50631.45266865842,51355.62808184884,52436.86692782054,68185.19963328111,33525.08874499385
2025-09-05 09:15:00+00:00,402,6045,5041.9109636461335,6855.627598056661,8333.476586386252,14031.312417203186,20801.483633379892,24763.13462410057,29174.826441708163,34314.22832533672,37475.76618466623,39719.78840117624,41773.35057044718,43360.55255923357,45206.27070735574,48544.746563391396,50515.1366551337,51739.365635404974,52697.96162936424,53468.88661069731,54627.65564195998,70785.3211841062,34812.31137222143
2025-09-05 09:30:00+00:00,403,6060,3579.359200911131,7113.955391942329,9281.642699650378,14358.879132848282,19905.757517825772,24531.878038592353,28813.831155739037,35375.13166726869,38637.27648262737,41305.10490170536,43400.71782152299,44871.09633461284,46642.31100467851,48922.35491271402,52033.32522203634,53271.02362012185,54365.97086766988,55157.780925019455,56707.070435722824,73225.26440050206,35686.04142713904
2025-09-05 09:45:00+00:00,404,6075,3344.7653149634766,7138.0731737131455,10040.368481884578,15245.66805549289,19523.64240018872,25192.818031578045,30107.043840438793,35519.51347433826,39336.32293310098,42087.94001677408,44640.00227302765,46452.864398040474,48110.42980729539,50175.128508723974,53049.58811162529,54441.78679750066,55685.04680039716,56668.8613586048,57885.13442378147,75318.43529650957,36289.54348590119
2025-09-05 10:00:00+00:00,405,6090,3253.7496759804885,7744.32990094844,10648.308099594533,15578.18011957982,19972.33023396783,25050.19118017499,29711.435295687814,35402.59508919442,38911.98997711213,41662.710380535034,44521.61149854588,46196.60794040425,48176.365195725164,50489.27606188558,53434.38965086777,54938.874136362094,56411.82006822405,57633.27588469715,58539.25633557325,77052.93595216665,36526.516699155654
2025-09-05 10:15:00+00:00,406,6105,2818.023424385126,7851.609729535591,11710.703391812245,16718.369614379044,20672.401565295044,27041.12585955006,31216.402157467663,37723.55281448295,41269.499513587,43799.80898653095,46419.75594043669,48117.17782730249,50097.635772693866,52744.36583738789,54623.37957746339,55549.179120105415,56927.11339616635,58422.73674368135,59291.15186409516,78419.03594565736,37754.16747933812
2025-09-05 10:30:00+00:00,407,6120,2836.0452759012733,7893.829319645986,12878.703102658275,18807.79237564617,22616.006935665442,27261.561213289424,31581.19686577947,37897.549610939415,41653.625189997845,44261.519700745,47118.83521254002,49175.64589617746,51493.1658579594,54372.0849056964,55423.26173228777,56062.58035531401,57213.9172405827,58525.08486841088,59667.33147837063,79409.182631249,38394.192320240465
2025-09-05 10:45:00+00:00,408,6135,2694.155152493302,7742.1690197904545,12098.106919240727,17935.213979371605,21645.947906138143,26518.667391193794,30801.66526441613,36234.0903228639,40818.07319443194,43910.35146673738,47968.78308245605,49874.94419332403,53333.369515416554,55009.39925121056,55787.01397898681,56364.779170960195,57144.10015384796,58252.98502089781,59910.07658191196,80018.01816274469,38232.87232307567
2025-09-05 11:00:00+00:00,409,6150,3122.040454779244,7736.3677513465245,11871.61514965587,19773.251121998852,23316.153902209513,28169.037799674865,32151.21860834478,36465.90432868791,41798.6340651505,45722.32792521286,49155.71929378706,51748.30288053533,53762.06375234456,55266.0428301115,55940.27258681925,56537.066733101594,57360.50056517306,58308.048155815515,60197.52322559145,80242.39757029673,38995.39346028633
2025-09-05 11:15:00+00:00,410,6165,3366.6426744393575,7759.177668780044,12436.608312935223,19674.951381877978,24298.190026991775,29041.548565734847,32384.523373623266,36902.01464657891,41615.05010205941,46507.40927206449,49338.06335436005,52673.112538112015,53968.763303005646,55071.32018375193,55831.870180007565,56511.85517222944,57276.900795630616,57979.36418463229,60215.049927331114,80081.40391235768,39258.98973404608
2025-09-05 11:30:00+00:00,411,6180,3481.3551760571554,8191.304881997685,13417.82407198064,20711.347358624236,25830.74163699583,29885.014279073628,33980.96967622711,38760.83751884976,41656.73098477426,46987.23400848853,49539.644392440656,53085.28911163296,53744.2580396826,55112.73573669167,55571.09254163988,56134.51082582942,57114.31993540383,58036.17945573821,59992.39442623829,79536.35794132133,39663.582475186915
2025-09-05 11:45:00+00:00,412,6195,3535.7832122088334,7684.056147141747,13059.352938897897,20489.210701789078,25614.616915163366,29852.14786875719,34292.094197325125,39021.72335974498,41786.52887155895,46725.73151618407,50988.22538110568,52641.921008571895,53500.40425852413,54261.35741959678,54793.58037832257,55304.909196933135,56236.10423837807,57190.83282644045,59072.61429220679,78610.8212854412,39393.66218193651
2025-09-05 12:00:00+00:00,413,6210,3322.8347396866393,7215.2982918909875,12434.475608387276,19620.547986721107,25561.62734147505,29656.3538084218,34617.576055448546,39382.68053662774,43112.808524274835,47197.962122925666,50282.47564165211,51762.607173073164,52743.9772286193,53366.304109386794,53831.435174332604,54280.98394624223,55086.717278228745,56329.9603489735,58368.15970658133,77310.59402435669,38975.21851557118
2025-09-05 12:15:00+00:00,414,6225,3148.2609258928346,7041.931722107021,11299.30639516752,19670.58423619652,26221.532577009537,30106.392720601438,36889.89494334755,40753.59886312195,44738.39590588335,47650.1279431516,50372.93697543789,51222.18689925745,51859.99415232715,52330.831534259465,52747.28713993102,53308.8440329544,54176.226664167254,55680.45057468485,57455.88378570565,75643.7090462853,38871.47436590566
2025-09-05 12:30:00+00:00,415,6240,3098.1546956126376,6863.768331299022,11839.215940384238,22444.708311736034,26836.064285771346,33160.02648255455,37995.02321812602,42138.017695780145,44812.966101740436,47780.13673873216,49222.746764918185,50077.703330168086,50625.84843996032,51016.518547498534,51458.708714718654,52019.001657244284,52865.1938970974,54235.57242989241,56189.9239295742,73620.42720986421,38743.49359171507
2025-09-05 12:45:00+00:00,416,6255,3417.040734709153,6789.580594800021,17207.101707331833,23721.844798562724,28092.896553594794,34637.43111231178,37701.67930877809,42095.59024550803,45140.495501518446,47030.54151923301,48112.44238907713,48636.166402351024,49022.2320697829,49471.61784095792,50037.216581995104,50608.31759788444,51592.01148259122,52620.78742814763,54197.68279367925,71253.23874401285,38452.73151482651
2025-09-05 13:00:00+00:00,417,6270,5012.375857114073,9202.628480311614,16376.729323530057,21291.488730722256,27130.855404972837,33149.332923706184,35883.70802086993,39935.85723629382,42555.34842313423,44270.701268567085,46104.48346593972,46733.27723215132,47249.270044781464,47710.59262859232,48213.354753312226,48801.575451774566,50090.53944523299,50805.23401352481,52199.04331291363,68556.87742013772,37354.038494026616
2025-09-05 13:15:00+00:00,418,6285,4432.102834376446,6605.0848316856645,11818.223801379228,16018.034197517041,20136.52036386029,25400.457066998188,31363.41511924555,34410.95010834396,38255.43757675732,40507.94686374006,42175.28936218446,44375.336221904145,45180.53716323515,45816.96746432755,46382.73329042119,46921.42095541843,47865.35016784118,49099.810792215016,50202.10423319558,65675.51142656815,33997.32861032287
2025-09-05 13:30:00+00:00,419,6300,4972.470820671605,7049.864275682086,11403.384078145056,14301.558406065558,17251.524288235643,20408.103974164187,24805.41549605821,29009.076873303307,31752.790900772656,35576.662816695934,37947.22943332861,39754.75039393594,41507.08433569679,43735.279044750976,44716.595699149046,45390.24156633875,46189.776085802914,47180.765507732496,48658.600246056856,62507.85357220687,31182.371622277315
2025-09-05 13:45:00+00:00,420,6315,5943.923566412559,7135.083642444898,8939.607632759667,11850.495327474626,13914.556376513787,16553.20561171065,18424.07707424694,21623.912758816226,25189.869324414587,28756.688907932505,31850.22048639643,35034.404761270074,37064.4962252502,39320.771709878136,40622.77478624863,42364.34190966931,44357.03505003114,45466.77437189609,46775.45108235764,58919.79594660291,27646.502746050264
2025-09-05 14:00:00+00:00,421,6330,5758.4810881893,6828.906985561645,8154.189009232805,9492.883785780652,12521.092380728447,14213.724367206192,18099.600493898855,21036.612126808675,24356.736008863925,26935.464264175756,29452.51015789312,32100.695815774296,35051.727984002486,37260.81378366749,38545.48093534144,39830.40069260224,41978.42837353495,43242.31224998061,44860.48582269463,55085.56017903672,25975.263077859894
2025-09-05 14:15:00+00:00,422,6345,4795.368914904385,5787.263282930878,6645.425530303782,7840.811937954467,10473.456285449209,12963.434945660652,17283.114917982297,20678.84288212576,23480.438884263564,26107.785103008897,29305.252487516256,31708.528721904844,33135.29696875225,35283.78186834441,36345.16196135585,37605.18194847308,39217.12866235848,40422.14147061302,41834.22224786171,51032.62169944526,24310.381025189283
2025-09-05 14:30:00+00:00,423,6360,4172.406849080366,5102.65766865095,6106.61231404379,7144.6690417783775,10187.2169457209,12294.202317365574,16088.216050431305,17785.195124765512,19880.71557103646,22146.99346056699,24009.082137918384,27293.33576420568,29509.5864449872,31267.330717755678,32685.395460781678,34106.11644579808,35532.79459166045,36846.04105320924,38523.961131448355,46791.630830105925,21706.44930483193
2025-09-05 14:45:00+00:00,424,6375,3261.7240503992143,4374.715791016391,5146.794618542159,6092.255738778652,7659.358330213349,10530.214248119384,14573.832134830935,15881.526012687118,17007.615935859856,19398.289235981032,20881.18340807798,24012.306780484454,26034.41543831644,27829.3105802005,29212.14635269829,30406.442431982126,31705.585639376306,33057.221934996225,34538.472498223586,42396.95027750968,19045.870774092946
2025-09-05 15:00:00+00:00,425,6390,2518.0900385692776,3867.754841832084,4414.348735612476,5206.842435159593,6414.988712147133,9222.263032028974,12493.481831946285,13940.014473364841,14953.49465925335,16734.758711436865,18205.34940932481,20109.811955403078,22912.810310149605,24134.178211648003,25501.650240850086,26755.868890842397,28103.916250475595,29189.690123620505,30699.48534614487,37887.42636021206,16723.603151304953
2025-09-05 15:15:00+00:00,426,6405,2087.773794675804,3156.8095295992302,3814.6336574996835,4637.985785512652,6149.392747365581,8198.295144535648,10746.08066107198,12037.749945995349,12818.396417993506,14065.4838646245,15370.090886864293,16601.593275537707,18705.99033121949,20662.71883697869,21931.118858663365,23207.49416246365,24231.53332911035,25390.27397261234,26806.206604624036,33307.47417199996,14366.160402362124
2025-09-05 15:30:00+00:00,427,6420,1741.1213365433287,2685.5481526996036,3300.4912744650674,4148.193847988413,6131.046457222435,8036.663183196596,9668.28679328704,10417.014826572353,11104.880309533317,12194.869753414272,13190.362539101965,14160.771958117622,15954.444453546654,17266.543689608203,18583.123781439623,19533.026930628967,20438.58219044083,21715.459692548535,22845.987326509716,28708.568640458852,12362.553813839175
2025-09-05 15:45:00+00:00,428,6435,1587.9309134121963,2204.484005713372,2914.327200922435,3961.360898741775,5562.616132336195,7295.245134926514,8197.51658059416,8637.960288612127,9198.130599238626,10106.574446261522,10970.065276464291,11773.376517816721,13169.621617470648,14350.446017158602,15252.201066484668,16299.579574649124,16921.425780811787,17905.379181567925,18995.776035968458,23995.252868794836,10563.316413012326
2025-09-05 16:00:00+00:00,429,6450,1178.403814318124,1769.718737132088,2390.8597194262416,3070.296259457858,4292.716396194529,5774.026672270608,6557.3265421879805,6948.815782316115,7419.235493773878,8256.052019316274,8819.852400733042,9411.719118278954,10198.268076211598,11177.050296761045,12070.426533457892,12826.89469997846,13539.304440422507,14393.04239796015,15208.29394042455,19582.580861650953,8414.294355098795
2025-09-05 16:15:00+00:00,430,6465,926.6943296434425,1368.0849871695802,1942.8880612122248,2465.9893817265356,3391.8174251694354,4544.163720557896,5163.00302398082,5469.197610122998,5924.402154767339,6573.521905141306,6925.372635894851,7316.370591448221,7885.2608637968415,8539.444856244205,9139.253200632767,9876.801782894805,10478.502630140565,11219.931741085302,11877.339837851476,15350.570455112776,6559.170541822054
2025-09-05 16:30:00+00:00,431,6480,674.7646434603415,1004.3588468089523,1420.8334670411862,1806.6596855378457,2396.9344761699076,3318.8831909180185,3710.682555206605,3990.3352476051073,4223.700813691165,4692.929405956365,5033.584501655187,5266.637608988227,5622.174965553441,6097.618442685301,6661.779039998513,7032.827869718096,7556.52943705224,8047.569568804466,8723.54192545044,11390.827887815865,4739.634298420607
2025-09-05 16:45:00+00:00,432,6495,441.8008980476776,682.0378177986071,946.2193756029626,1280.6496069348452,1640.834916140197,2281.428606034521,2559.101835765249,2757.4647507456934,2978.2822423029893,3280.5525026023975,3473.993473589805,3663.3841011016675,3919.4970735846673,4202.880966579245,4526.442200960187,4810.648046913829,5169.354667730533,5545.311934909476,6046.796415066824,7793.504751291922,3234.253824857
2025-09-05 17:00:00+00:00,433,6510,270.7650345421374,418.3538792273429,587.388268912556,809.8008531970099,1034.5677760334866,1385.8599761456178,1538.1201387346107,1651.6073654650593,1748.577832285902,1941.1655498573107,2074.3560916218953,2165.624373085234,2297.1745944636227,2451.5188079413247,2641.630112471412,2823.187526196162,2999.202951436215,3219.1871511437503,3580.8338748930187,4694.798187692131,1917.0927304981358
2025-09-05 17:15:00+00:00,434,6525,141.38444421546598,215.31713589024451,299.96198988525447,416.1370479625566,539.8777352515688,721.6827926579151,804.4289672836288,855.4740317028544,912.787142233875,1008.0380652548413,1070.7153523752818,1119.045914270751,1180.804829439863,1259.8619885874552,1361.6127659245383,1452.7507709851477,1530.8146736606204,1650.0295504837607,1825.6614435569002,2428.4229479163687,988.2470164699404
2025-09-05 17:30:00+00:00,435,6540,49.96642559738411,84.71344276713052,127.32471214895409,194.7760912896378,263.9093745437036,331.84640838969216,370.70794027823,388.1768057396286,420.52474478261314,461.5719966483361,487.31209455086645,506.19791347788146,531.3526540285495,572.139337775635,622.4149969467181,656.5762201078786,701.3786901380936,752.907076764831,821.9311243598613,1130.8046276690811,449.22332477098485
2025-09-05 17:45:00+00:00,436,6555,3.68029343140088,6.681588843235258,15.330420588959297,20.437253802871307,22.244808706561006,23.97040643657639,25.490486158138392,26.92784852791278,29.39497967811477,31.43776956064144,32.7690299345597,34.180779146109415,36.516208277159606,39.480490859058285,40.90044396735017,43.18318347124558,45.2739730629309,48.43656933388351,52.60451636072522,76.6477076130566,30.73603483758351
2025-09-05 18:00:00+00:00,437,6570,0.0,0.0,0.0,0.0,0.0,0.0,0.0,0.0,0.0,0.0,0.0,0.0,0.0,0.0,0.0,0.0,0.0,0.0,0.0,0.0,0.0
2025-09-05 18:15:00+00:00,438,6585,0.0,0.0,0.0,0.0,0.0,0.0,0.0,0.0,0.0,0.0,0.0,0.0,0.0,0.0,0.0,0.0,0.0,0.0,0.0,0.0,0.0
2025-09-05 18:30:00+00:00,439,6600,0.0,0.0,0.0,0.0,0.0,0.0,0.0,0.0,0.0,0.0,0.0,0.0,0.0,0.0,0.0,0.0,0.0,0.0,0.0,0.0,0.0
2025-09-05 18:45:00+00:00,440,6615,0.0,0.0,0.0,0.0,0.0,0.0,0.0,0.0,0.0,0.0,0.0,0.0,0.0,0.0,0.0,0.0,0.0,0.0,0.0,0.0,0.0
2025-09-05 19:00:00+00:00,441,6630,0.0,0.0,0.0,0.0,0.0,0.0,0.0,0.0,0.0,0.0,0.0,0.0,0.0,0.0,0.0,0.0,0.0,0.0,0.0,0.0,0.0
2025-09-05 19:15:00+00:00,442,6645,0.0,0.0,0.0,0.0,0.0,0.0,0.0,0.0,0.0,0.0,0.0,0.0,0.0,0.0,0.0,0.0,0.0,0.0,0.0,0.0,0.0
2025-09-05 19:30:00+00:00,443,6660,0.0,0.0,0.0,0.0,0.0,0.0,0.0,0.0,0.0,0.0,0.0,0.0,0.0,0.0,0.0,0.0,0.0,0.0,0.0,0.0,0.0
2025-09-05 19:45:00+00:00,444,6675,0.0,0.0,0.0,0.0,0.0,0.0,0.0,0.0,0.0,0.0,0.0,0.0,0.0,0.0,0.0,0.0,0.0,0.0,0.0,0.0,0.0
2025-09-05 20:00:00+00:00,445,6690,0.0,0.0,0.0,0.0,0.0,0.0,0.0,0.0,0.0,0.0,0.0,0.0,0.0,0.0,0.0,0.0,0.0,0.0,0.0,0.0,0.0
2025-09-05 20:15:00+00:00,446,6705,0.0,0.0,0.0,0.0,0.0,0.0,0.0,0.0,0.0,0.0,0.0,0.0,0.0,0.0,0.0,0.0,0.0,0.0,0.0,0.0,0.0
2025-09-05 20:30:00+00:00,447,6720,0.0,0.0,0.0,0.0,0.0,0.0,0.0,0.0,0.0,0.0,0.0,0.0,0.0,0.0,0.0,0.0,0.0,0.0,0.0,0.0,0.0
2025-09-05 20:45:00+00:00,448,6735,0.0,0.0,0.0,0.0,0.0,0.0,0.0,0.0,0.0,0.0,0.0,0.0,0.0,0.0,0.0,0.0,0.0,0.0,0.0,0.0,0.0
2025-09-05 21:00:00+00:00,449,6750,0.0,0.0,0.0,0.0,0.0,0.0,0.0,0.0,0.0,0.0,0.0,0.0,0.0,0.0,0.0,0.0,0.0,0.0,0.0,0.0,0.0
2025-09-05 21:15:00+00:00,450,6765,0.0,0.0,0.0,0.0,0.0,0.0,0.0,0.0,0.0,0.0,0.0,0.0,0.0,0.0,0.0,0.0,0.0,0.0,0.0,0.0,0.0
2025-09-05 21:30:00+00:00,451,6780,0.0,0.0,0.0,0.0,0.0,0.0,0.0,0.0,0.0,0.0,0.0,0.0,0.0,0.0,0.0,0.0,0.0,0.0,0.0,0.0,0.0
2025-09-05 21:45:00+00:00,452,6795,0.0,0.0,0.0,0.0,0.0,0.0,0.0,0.0,0.0,0.0,0.0,0.0,0.0,0.0,0.0,0.0,0.0,0.0,0.0,0.0,0.0
2025-09-05 22:00:00+00:00,453,6810,0.0,0.0,0.0,0.0,0.0,0.0,0.0,0.0,0.0,0.0,0.0,0.0,0.0,0.0,0.0,0.0,0.0,0.0,0.0,0.0,0.0
2025-09-05 22:15:00+00:00,454,6825,0.0,0.0,0.0,0.0,0.0,0.0,0.0,0.0,0.0,0.0,0.0,0.0,0.0,0.0,0.0,0.0,0.0,0.0,0.0,0.0,0.0
2025-09-05 22:30:00+00:00,455,6840,0.0,0.0,0.0,0.0,0.0,0.0,0.0,0.0,0.0,0.0,0.0,0.0,0.0,0.0,0.0,0.0,0.0,0.0,0.0,0.0,0.0
2025-09-05 22:45:00+00:00,456,6855,0.0,0.0,0.0,0.0,0.0,0.0,0.0,0.0,0.0,0.0,0.0,0.0,0.0,0.0,0.0,0.0,0.0,0.0,0.0,0.0,0.0
2025-09-05 23:00:00+00:00,457,6870,0.0,0.0,0.0,0.0,0.0,0.0,0.0,0.0,0.0,0.0,0.0,0.0,0.0,0.0,0.0,0.0,0.0,0.0,0.0,0.0,0.0
2025-09-05 23:15:00+00:00,458,6885,0.0,0.0,0.0,0.0,0.0,0.0,0.0,0.0,0.0,0.0,0.0,0.0,0.0,0.0,0.0,0.0,0.0,0.0,0.0,0.0,0.0
2025-09-05 23:30:00+00:00,459,6900,0.0,0.0,0.0,0.0,0.0,0.0,0.0,0.0,0.0,0.0,0.0,0.0,0.0,0.0,0.0,0.0,0.0,0.0,0.0,0.0,0.0
2025-09-05 23:45:00+00:00,460,6915,0.0,0.0,0.0,0.0,0.0,0.0,0.0,0.0,0.0,0.0,0.0,0.0,0.0,0.0,0.0,0.0,0.0,0.0,0.0,0.0,0.0
2025-09-06 00:00:00+00:00,461,6930,0.0,0.0,0.0,0.0,0.0,0.0,0.0,0.0,0.0,0.0,0.0,0.0,0.0,0.0,0.0,0.0,0.0,0.0,0.0,0.0,0.0
2025-09-06 00:15:00+00:00,462,6945,0.0,0.0,0.0,0.0,0.0,0.0,0.0,0.0,0.0,0.0,0.0,0.0,0.0,0.0,0.0,0.0,0.0,0.0,0.0,0.0,0.0
2025-09-06 00:30:00+00:00,463,6960,0.0,0.0,0.0,0.0,0.0,0.0,0.0,0.0,0.0,0.0,0.0,0.0,0.0,0.0,0.0,0.0,0.0,0.0,0.0,0.0,0.0
2025-09-06 00:45:00+00:00,464,6975,0.0,0.0,0.0,0.0,0.0,0.0,0.0,0.0,0.0,0.0,0.0,0.0,0.0,0.0,0.0,0.0,0.0,0.0,0.0,0.0,0.0
2025-09-06 01:00:00+00:00,465,6990,0.0,0.0,0.0,0.0,0.0,0.0,0.0,0.0,0.0,0.0,0.0,0.0,0.0,0.0,0.0,0.0,0.0,0.0,0.0,0.0,0.0
2025-09-06 01:15:00+00:00,466,7005,0.0,0.0,0.0,0.0,0.0,0.0,0.0,0.0,0.0,0.0,0.0,0.0,0.0,0.0,0.0,0.0,0.0,0.0,0.0,0.0,0.0
2025-09-06 01:30:00+00:00,467,7020,0.0,0.0,0.0,0.0,0.0,0.0,0.0,0.0,0.0,0.0,0.0,0.0,0.0,0.0,0.0,0.0,0.0,0.0,0.0,0.0,0.0
2025-09-06 01:45:00+00:00,468,7035,0.0,0.0,0.0,0.0,0.0,0.0,0.0,0.0,0.0,0.0,0.0,0.0,0.0,0.0,0.0,0.0,0.0,0.0,0.0,0.0,0.0
2025-09-06 02:00:00+00:00,469,7050,0.0,0.0,0.0,0.0,0.0,0.0,0.0,0.0,0.0,0.0,0.0,0.0,0.0,0.0,0.0,0.0,0.0,0.0,0.0,0.0,0.0
2025-09-06 02:15:00+00:00,470,7065,0.0,0.0,0.0,0.0,0.0,0.0,0.0,0.0,0.0,0.0,0.0,0.0,0.0,0.0,0.0,0.0,0.0,0.0,0.0,0.0,0.0
2025-09-06 02:30:00+00:00,471,7080,0.0,0.0,0.0,0.0,0.0,0.0,0.0,0.0,0.0,0.0,0.0,0.0,0.0,0.0,0.0,0.0,0.0,0.0,0.0,0.0,0.0
2025-09-06 02:45:00+00:00,472,7095,0.0,0.0,0.0,0.0,0.0,0.0,0.0,0.0,0.0,0.0,0.0,0.0,0.0,0.0,0.0,0.0,0.0,0.0,0.0,0.0,0.0
2025-09-06 03:00:00+00:00,473,7110,0.0,0.0,0.0,0.0,0.0,0.0,0.0,0.0,0.0,0.0,0.0,0.0,0.0,0.0,0.0,0.0,0.0,0.0,0.0,0.0,0.0
2025-09-06 03:15:00+00:00,474,7125,0.0,0.0,0.0,0.0,0.0,0.0,0.0,0.0,0.0,0.0,0.0,0.0,0.0,0.0,0.0,0.0,0.0,0.0,0.0,0.0,0.0
2025-09-06 03:30:00+00:00,475,7140,0.0,0.0,0.0,0.0,0.0,0.0,0.0,0.0,0.0,0.0,0.0,0.0,0.0,0.0,0.0,0.0,0.0,0.0,0.0,0.0,0.0
2025-09-06 03:45:00+00:00,476,7155,0.0,0.0,0.0,0.0,0.0,0.0,0.0,0.0,0.0,0.0,0.0,0.0,0.0,0.0,0.0,0.0,0.0,0.0,0.0,0.0,0.0
2025-09-06 04:00:00+00:00,477,7170,0.0,0.0,0.0,0.0,0.0,0.0,0.0,0.0,0.0,0.0,0.0,0.0,0.0,0.0,0.0,0.0,0.0,0.0,0.0,0.0,0.0
2025-09-06 04:15:00+00:00,478,7185,0.0,0.0,0.0,0.0,0.0,0.0,0.0,0.0,0.0,0.0,0.0,0.0,0.0,0.0,0.0,0.0,0.0,0.0,0.0,0.0,0.0
2025-09-06 04:30:00+00:00,479,7200,0.062625644538265,0.2810524716311981,0.8159093719945791,1.2549030200329436,1.8844467708455215,2.5205408226059904,3.7645838919733023,4.857290526295883,6.378748359088007,8.006628179391841,9.255327757538442,10.201112416799667,11.523732817389206,12.337825131664438,13.056579268829545,13.78967463507515,14.376046234252469,15.597610543372669,16.359229322692318,23.617039818542356,7.763546166882501
2025-09-06 04:45:00+00:00,480,7215,1.8296547726490027,10.418277707854369,32.86230318079888,52.290768844852664,102.0524647620481,137.04568957642303,174.47282017243995,227.1686701063315,279.5520835407622,326.09214423123535,362.0926813910896,388.39959853798086,415.5212927275127,448.8864747522844,474.00888507880785,487.02610599942597,514.275763095812,546.7901150288413,568.844131389191,849.2931427204331,294.04879708252304
2025-09-06 05:00:00+00:00,481,7230,14.09866820885339,81.20474333184615,152.01642555174766,234.61084152158827,415.39167022993354,525.1201341134944,647.9701437103373,834.900493516003,992.0872178140295,1139.6911932954192,1250.4929508066732,1344.7249879660133,1442.9656508618634,1553.234807764693,1605.4382791598475,1642.0279434430302,1759.6762998783263,1829.1414669434723,1913.4242537448858,2769.1175398106275,1023.8369701567608
2025-09-06 05:15:00+00:00,482,7245,90.1819977668926,274.7010610484614,424.70382527249257,617.2650097352592,1025.0401079355008,1317.8105698048491,1684.829752260258,2000.9761367545582,2319.6462526065156,2602.09602128129,2800.4274153689744,2988.7782788876007,3197.099407685001,3363.5010237037454,3436.6155796916896,3563.884329982546,3784.485956738797,3916.1211863876397,4054.003514743475,5722.217741345164,2288.620810228617
2025-09-06 05:30:00+00:00,483,7260,432.54852020361164,673.2161126953848,1010.426996362344,1531.132928842945,2112.171645367565,2567.70387629855,3253.713880647386,3755.1479770119486,4198.887523963511,4524.465241975659,4943.759040720408,5218.220863747764,5562.480147263575,5687.651369287597,5841.972132387677,6192.486277187612,6416.042016715924,6583.814773595358,6790.035146932562,9276.373975084836,4055.935437453293
2025-09-06 05:45:00+00:00,484,7275,889.1230472341615,1314.3924378440804,1827.971514584168,2862.019385223131,3582.1012594403696,4383.123722190447,5163.321093928436,5863.210851739688,6569.856333298807,7023.4431985086985,7462.986504224839,8050.8435049209975,8301.81836232394,8479.610911864718,8803.51923332972,9227.971331541155,9452.437499991323,9732.121675708733,10030.581737253764,13323.391304771785,6237.447300173578
2025-09-06 06:00:00+00:00,485,7290,1517.0988646487347,1967.365585016439,2433.3727332910403,3792.664310434567,4646.320371329489,6244.08759363231,7205.145707804701,8466.795825705736,9298.376133491705,10051.303715091455,10628.06260926413,11188.045489322245,11517.245804833054,12176.485550654948,12416.622916362501,12674.473833192274,12959.168960889163,13299.57955113043,13651.193365735682,17627.012669764485,8692.330257539892
2025-09-06 06:15:00+00:00,486,7305,2162.0640993946613,3050.5838736508326,4915.771346096019,5907.107999055745,7493.214181820617,8800.611500496634,9949.62662226177,11161.57403887649,12065.016127383382,12876.685062499702,13855.837149493811,14178.938260332483,14618.42206509017,15389.733884035508,15681.20748936474,16057.288301476137,16416.93720463573,16800.209051678088,17363.030092579585,22137.27132644879,11426.221780996373
2025-09-06 06:30:00+00:00,487,7320,2655.131771162104,3625.231274418899,5955.691461134924,7010.336862412146,9875.841487176294,11648.02992043002,13002.327656830792,14391.246404619988,15357.316297112906,16405.629169897034,17088.137456512854,17572.397670907438,18350.780729754082,18890.42191675186,19398.391410999157,19776.176700047214,20095.64012820633,20582.390452989777,21283.393728396637,26762.74686127275,14242.246293225593
