horizon,horizon_num,horizon_minutes,p_05,p_10,p_15,p_20,p_25,p_30,p_35,p_40,p_45,p_50,p_55,p_60,p_65,p_70,p_75,p_80,p_85,p_90,p_95,clear_sky,deterministic
2025-08-13 11:00:00+00:00,0,15,33300.4544383929,37673.652127253226,38882.793091617306,40462.79884796759,42596.10693097278,43833.04815977765,44742.23544873547,45707.07748190862,46774.41478823975,47971.30041689232,49153.112162808,50078.462404244776,51120.68581421881,52075.0659443899,53038.676482272116,53928.41938882611,55965.426089318986,57237.95450519259,61991.03324868786,85544.09009017353,47550.5571629111
2025-08-13 11:15:00+00:00,1,30,30712.509271440515,37274.38296763241,38877.31178501519,41561.07508675114,43184.17022127547,44284.229436369424,46297.59950462045,47720.90347564664,48967.07859457685,49813.24763367133,50531.1455492322,51342.052879509516,52382.81244612522,53156.30031613637,54286.330526863014,55279.04977781309,55927.79821727942,57822.254433259026,60108.73911432176,85536.04753646931,48496.574031304925
2025-08-13 11:30:00+00:00,2,45,28219.902705461143,35464.04206570036,39933.39414352105,41520.8338940676,43062.80101126761,45001.860742921795,47122.88232305301,48515.87665018977,49278.58454590204,50593.218909759584,51555.008745502695,52289.508999823505,52957.342198035716,53348.16084279594,53852.26183653926,54505.1842434916,55414.94417292956,57597.0670960622,59568.81087384328,85157.68793028712,47784.49813954874
2025-08-13 11:45:00+00:00,3,60,29849.743318996236,37051.13134377278,40626.534816385225,43443.11670663009,45737.98948726818,47297.725814174824,48307.00093726575,49440.65124236326,50931.176464497104,51712.195160329735,52098.1136697698,52336.53852060198,52574.963371434154,53055.04103139208,53640.181474208395,54198.66763844171,54725.09218576676,55496.50897101256,58325.61078729784,84411.46102055199,48532.19131566188
2025-08-13 12:00:00+00:00,4,75,30902.893310162854,38627.0332338349,41766.7404753925,44969.298669709846,46950.20410619081,47932.24776998209,49194.59561655788,50080.61391400421,50594.86613034068,50880.25730133272,51164.59521737016,51522.990309380606,51915.476594333755,52408.05214074684,52773.64236917469,53091.18409890542,53537.527627609445,54498.04456794039,55858.56773080706,83301.99142221054,48062.40957014726
2025-08-13 12:15:00+00:00,5,90,32195.33577136866,39332.15430889164,42695.17220431366,45101.850240206695,46176.786724872894,47235.092363050855,48469.495134436904,49048.93276619521,49417.22298797155,49778.926432067376,50194.67928462926,50834.11917387723,51216.77194344818,51505.26404975543,51729.64942920923,51954.034808663026,52406.49890503107,53164.43058901575,54089.29724401324,81836.06201655907,47424.75697825915
2025-08-13 12:30:00+00:00,6,105,36896.357038932765,42023.87580463044,44477.23444775971,45757.87808370858,46726.873699138996,47766.8396427985,48261.59656855509,48672.350756652486,49146.33092224476,49660.67431719538,50099.69577818061,50383.99830617128,50659.792943572844,50899.33656889916,51138.88019422547,51743.7756770082,52278.23889105001,52782.02501849871,53636.81286320919,80022.59335026056,47967.80980822046
2025-08-13 12:45:00+00:00,7,120,36645.13786155103,41599.38219342502,43405.695692311616,44735.328547672936,46076.268298079936,46659.93504716276,47113.664197725106,47646.73073717507,48291.87048221135,48684.10333808941,48907.65286702401,49099.149032703484,49290.645198382976,49659.46338846517,50193.696795484764,50718.07416321215,51073.36533957825,51597.37027007918,52674.26084095443,77872.62401634763,46837.11012853617
2025-08-13 13:00:00+00:00,8,135,25405.972088218976,33264.749425110145,36176.09813946037,39385.417961841966,40858.62739083657,42218.86714149304,42922.999893067696,43467.008327989475,43902.19890496126,44361.19128030987,44679.606200644674,44948.500446947975,45231.68720673227,45530.768945798074,46071.03194586786,46662.706818390056,47106.57582003779,47499.43744780171,49380.62912996482,75399.2970334131,42160.0850154042
2025-08-13 13:15:00+00:00,9,150,29159.73090485463,33652.93580974314,37731.09547049567,39250.33820357082,40347.077560309124,41203.59398555219,41780.13295865107,42299.64694607672,42880.66301806662,43305.16747188539,43575.78459805033,43832.23860543842,44068.06372243412,44303.88883942983,45058.574729620166,45533.26237701784,45835.06882483647,46246.534766463374,47533.52616672389,72617.85749031557,41539.5099596685
2025-08-13 13:30:00+00:00,10,165,23674.18268409848,31675.451200008905,34922.71655609166,37947.39080788642,38898.24332534292,39840.95419072729,40421.641515142626,40885.58904627243,41458.7496511586,41891.52157264793,42204.10226172493,42436.38909509692,42655.43598417714,42956.76972101732,43533.087096230905,44075.93887342252,44374.57184924805,44945.994626008236,46228.08104389275,69545.6668222256,39897.003704516464
2025-08-13 13:45:00+00:00,11,180,25171.45445008356,31064.91437466528,34554.442048574405,36413.82823350234,37556.300277905284,38562.53569248257,39021.43948471057,39397.21757045907,39906.91353443652,40241.10509401336,40537.634007092995,40762.839416670526,40988.04482624806,41307.99664779795,41765.17574853679,42326.914557412805,42619.048059250075,43235.73487132036,43922.95751093198,66202.23952223618,38563.34279228322
2025-08-13 14:00:00+00:00,12,195,27006.706543693697,31192.755436677267,33847.071760880004,35059.110335634425,35867.909607866946,36626.895171283875,37209.11849671302,37678.72763421893,38153.272705909236,38512.226489322886,38771.00561129777,38996.7547514876,39210.76955604327,39596.15939289726,40182.77406070153,40555.83220868996,40975.2303555013,41644.761276847596,42501.23481260731,62609.31015289736,37197.59238238583
2025-08-13 14:15:00+00:00,13,210,26350.349767159747,29859.954056371906,32088.089194371292,33272.07751692317,34024.2369051145,34768.67555414573,35406.67147926626,35807.46675632244,36180.811157557066,36519.04336360433,36735.839775288194,36952.63618697205,37163.09772625145,37373.41888029086,38024.75360283555,38372.68710076212,38744.555271353616,39213.834283951604,40036.14172500072,58809.50563355916,35292.003101055896
2025-08-13 14:30:00+00:00,14,225,23357.589827403,27201.674906474538,28955.287740524695,30814.57054170188,31605.59430963769,32495.526595281175,33167.8552168491,33672.59395963354,34144.84525705358,34507.3949259955,34762.42773357691,34952.93016033297,35121.82997144207,35290.72978255117,35940.27741211361,36316.81435861043,36720.07796586063,37353.72977034245,38035.322385016494,54899.928109323984,33166.056342297066
2025-08-13 14:45:00+00:00,15,240,23032.107196204972,25414.119528924493,26734.05301455068,28645.313542821634,29595.458729020418,30453.123001042866,30999.32717292812,31541.089815916992,32025.127560852943,32296.115895725223,32542.484313736622,32752.137574611035,33007.0238883145,33406.36110457527,33906.90705450414,34335.23833861955,34788.361090234204,35278.59710885125,36083.862016283965,50690.09451406479,31081.138336413143
2025-08-13 15:00:00+00:00,16,255,21320.196809302477,23473.516807414886,24699.771591378652,26536.539155172384,27430.180548389497,28050.76148488679,28563.61404019789,29067.513406737573,29556.006332353907,29863.748759414575,30095.42673175727,30284.59455509596,30526.70511711348,30876.71809326517,31382.36433405268,31843.892193515596,32265.925068690853,32859.19421592897,33664.01134465046,46342.71341580118,28904.34256142842
2025-08-13 15:15:00+00:00,17,270,16797.681561381858,19927.155891215305,21652.947868196126,22869.736288024837,24187.064358704563,25023.942315204516,25527.47875169113,26013.1466225284,26508.785770032988,26888.674529795517,27220.428831307676,27495.072602725115,27736.23165844371,27946.235075525892,28435.44421155923,28774.82013610732,29282.014794741222,29836.747556118913,30391.294611336998,41893.201048612114,25777.20709135257
2025-08-13 15:30:00+00:00,18,285,15781.56387270846,18283.757752956786,19569.210400672087,20552.5293875654,21734.347316647218,22413.000012939447,22885.380833522908,23311.709064210518,23844.566095687333,24234.879425738556,24501.304351351748,24710.87284024595,24907.400516857153,25116.213175083747,25483.502002256424,25874.40656912956,26324.186435069994,26772.917873904702,27160.35754680267,37380.88246487918,23163.316146929188
2025-08-13 15:45:00+00:00,19,300,12111.405683238292,15723.747666034713,16851.62827900162,17469.8783211468,18308.953620273453,19431.74761281353,19877.52568751803,20264.368879559635,20579.08657192473,20914.758599245666,21450.19386391052,21709.292198464198,21923.305010425538,22123.135274936278,22321.293963580218,22723.672764203584,23131.300005192643,23619.25646045963,24056.157027881927,32849.77759451644,20153.037491883635
2025-08-13 16:00:00+00:00,20,315,10330.56182876499,12877.061901922681,14103.400324499587,14951.633649504238,15616.472491375756,16381.22928440523,16968.165544855692,17302.134422019164,17691.813506394476,18013.95490331452,18400.600892864426,18735.34642932894,18954.93144777582,19112.63884014206,19254.85427358928,19587.66332745498,19958.145826392847,20402.408899597733,20869.2098785682,28349.620744197822,17302.659960971712
2025-08-13 16:15:00+00:00,21,330,8667.541755884402,10635.523206432623,11502.91759807363,12323.735458173138,12917.509744555107,13475.009562224881,14229.050913405257,14675.905496552035,14987.819986410777,15281.981825649336,15554.213109078059,15844.54999644575,16057.589381155893,16212.95090636029,16332.124359145242,16590.189182334576,16990.60088793822,17359.98134766377,17691.714119337194,23937.117854859745,14524.799887760073
2025-08-13 16:30:00+00:00,22,345,6829.322859505571,7789.805991226203,9126.320960951189,9848.92130726575,10378.621630587937,10761.990884201201,11158.376946867358,11635.31189358809,12058.453411007386,12302.753197135222,12584.426240634535,12845.10887421733,13104.678979885024,13299.967093764095,13415.03589906929,13591.69166549425,13875.29085190907,14268.444114078478,14538.626578681356,19543.325943642598,11754.192591658022
2025-08-13 16:45:00+00:00,23,360,5138.757397166897,5667.2210437786935,6253.511641034675,7138.814479013105,7501.017981892607,7904.7744621601405,8239.943295777874,8458.607551171623,8671.930166216245,9038.092366423549,9333.072706852932,9533.957769031189,9776.243408448436,9985.189060243873,10195.49744869707,10361.901417207968,10490.913742416657,10715.731502892992,11061.060144286717,15463.570629289577,8680.266668922455
2025-08-13 17:00:00+00:00,24,375,3594.262118046674,4015.623473814261,4393.419420105275,5104.882069251725,5371.031105987341,5661.552035633861,5906.66185474583,6078.362627119833,6250.273047803548,6381.700586428571,6575.282982131236,6819.8334562642185,6985.950179967465,7126.199979905321,7312.82455350807,7502.660726829944,7628.812358266088,7770.26977888543,8039.457329537406,11700.68472011656,6218.8918473006715
2025-08-13 17:15:00+00:00,25,390,2480.1007233111764,2752.145856773683,2931.092185176387,3367.116093097444,3680.0316444250197,3825.594339113178,4019.4426529854195,4145.667566278648,4262.522923155854,4377.715919162074,4468.218213968483,4559.98646986047,4757.881435898562,4876.310926313922,4977.475963709265,5113.609964938384,5286.000151903451,5396.006386549734,5594.6421810916945,8305.495144771436,4276.061553162765
2025-08-13 17:30:00+00:00,26,405,1425.2459652259604,1631.0046961141954,1785.6953711888611,1985.0453164298435,2186.831913276709,2362.0367863592855,2436.0857324449485,2545.817439124924,2648.9771013216678,2701.9464890943395,2790.7811603481773,2858.928232362296,2922.4975865961605,3061.882668007543,3153.3872552694543,3187.8080934851455,3303.099765299806,3391.4582109763714,3517.278772382401,5379.578774928228,2618.742205180532
2025-08-13 17:45:00+00:00,27,420,935.881206646978,1043.3825665267436,1161.875213274571,1262.9715938201978,1412.0550364561752,1560.4887687089874,1610.4439251044103,1661.980610158958,1763.719757049646,1801.8074725997303,1834.549098829626,1886.9316379940242,1940.6590804899067,1983.447548642986,2073.8036020563272,2152.106545098235,2190.6676376708574,2281.5408832385197,2506.8516824887515,3739.9338142632705,1727.4769576910433
2025-08-13 18:00:00+00:00,28,435,573.5688770786472,673.8369869293502,730.4944168237917,794.3306819522533,863.8604497982677,981.0788798969126,1065.1790993837617,1100.9834916234124,1129.0821931750595,1188.2516879229827,1223.6060451583035,1249.9480034790859,1293.7048918709597,1323.0801176744126,1369.2062823436322,1431.5571599804823,1469.6967162392607,1535.4448861758776,1825.8722112166072,2615.897715063296,1142.0368103751198
2025-08-13 18:15:00+00:00,29,450,315.1297005070512,371.4179060699044,402.100493338568,438.6612875428898,477.948709170414,516.2934897204265,557.6117339940051,595.2583064249138,617.8294057486213,630.1749880095451,667.6943449825194,690.357898634351,710.2113103893424,740.5061706922976,757.785849503796,781.604425041384,827.8173768266869,861.0594959984983,1043.9248676077718,1514.5125237241518,629.2598727418904
2025-08-13 18:30:00+00:00,30,465,50.157074895604886,62.70668212547081,69.3516413533265,73.88654491016133,79.59404372843605,87.58610556792223,96.38040131474146,105.17009623041116,111.01889021285264,114.95254168061737,117.99330503485452,127.18824345616542,130.69710591447603,133.66590191207024,140.38536496370006,151.99415475877524,158.0265110335695,173.03906784104174,200.0308605363695,286.9803909951012,115.87303030208908
2025-08-13 18:45:00+00:00,31,480,0.0,0.0,0.0,0.0,0.0,0.0,0.0,0.0,0.0,0.0,0.0,0.0,0.0,0.0,0.0,0.0,0.0,0.0,0.0,0.0,0.0
2025-08-13 19:00:00+00:00,32,495,0.0,0.0,0.0,0.0,0.0,0.0,0.0,0.0,0.0,0.0,0.0,0.0,0.0,0.0,0.0,0.0,0.0,0.0,0.0,0.0,0.0
2025-08-13 19:15:00+00:00,33,510,0.0,0.0,0.0,0.0,0.0,0.0,0.0,0.0,0.0,0.0,0.0,0.0,0.0,0.0,0.0,0.0,0.0,0.0,0.0,0.0,0.0
2025-08-13 19:30:00+00:00,34,525,0.0,0.0,0.0,0.0,0.0,0.0,0.0,0.0,0.0,0.0,0.0,0.0,0.0,0.0,0.0,0.0,0.0,0.0,0.0,0.0,0.0
2025-08-13 19:45:00+00:00,35,540,0.0,0.0,0.0,0.0,0.0,0.0,0.0,0.0,0.0,0.0,0.0,0.0,0.0,0.0,0.0,0.0,0.0,0.0,0.0,0.0,0.0
2025-08-13 20:00:00+00:00,36,555,0.0,0.0,0.0,0.0,0.0,0.0,0.0,0.0,0.0,0.0,0.0,0.0,0.0,0.0,0.0,0.0,0.0,0.0,0.0,0.0,0.0
2025-08-13 20:15:00+00:00,37,570,0.0,0.0,0.0,0.0,0.0,0.0,0.0,0.0,0.0,0.0,0.0,0.0,0.0,0.0,0.0,0.0,0.0,0.0,0.0,0.0,0.0
2025-08-13 20:30:00+00:00,38,585,0.0,0.0,0.0,0.0,0.0,0.0,0.0,0.0,0.0,0.0,0.0,0.0,0.0,0.0,0.0,0.0,0.0,0.0,0.0,0.0,0.0
2025-08-13 20:45:00+00:00,39,600,0.0,0.0,0.0,0.0,0.0,0.0,0.0,0.0,0.0,0.0,0.0,0.0,0.0,0.0,0.0,0.0,0.0,0.0,0.0,0.0,0.0
2025-08-13 21:00:00+00:00,40,615,0.0,0.0,0.0,0.0,0.0,0.0,0.0,0.0,0.0,0.0,0.0,0.0,0.0,0.0,0.0,0.0,0.0,0.0,0.0,0.0,0.0
2025-08-13 21:15:00+00:00,41,630,0.0,0.0,0.0,0.0,0.0,0.0,0.0,0.0,0.0,0.0,0.0,0.0,0.0,0.0,0.0,0.0,0.0,0.0,0.0,0.0,0.0
2025-08-13 21:30:00+00:00,42,645,0.0,0.0,0.0,0.0,0.0,0.0,0.0,0.0,0.0,0.0,0.0,0.0,0.0,0.0,0.0,0.0,0.0,0.0,0.0,0.0,0.0
2025-08-13 21:45:00+00:00,43,660,0.0,0.0,0.0,0.0,0.0,0.0,0.0,0.0,0.0,0.0,0.0,0.0,0.0,0.0,0.0,0.0,0.0,0.0,0.0,0.0,0.0
2025-08-13 22:00:00+00:00,44,675,0.0,0.0,0.0,0.0,0.0,0.0,0.0,0.0,0.0,0.0,0.0,0.0,0.0,0.0,0.0,0.0,0.0,0.0,0.0,0.0,0.0
2025-08-13 22:15:00+00:00,45,690,0.0,0.0,0.0,0.0,0.0,0.0,0.0,0.0,0.0,0.0,0.0,0.0,0.0,0.0,0.0,0.0,0.0,0.0,0.0,0.0,0.0
2025-08-13 22:30:00+00:00,46,705,0.0,0.0,0.0,0.0,0.0,0.0,0.0,0.0,0.0,0.0,0.0,0.0,0.0,0.0,0.0,0.0,0.0,0.0,0.0,0.0,0.0
2025-08-13 22:45:00+00:00,47,720,0.0,0.0,0.0,0.0,0.0,0.0,0.0,0.0,0.0,0.0,0.0,0.0,0.0,0.0,0.0,0.0,0.0,0.0,0.0,0.0,0.0
2025-08-13 23:00:00+00:00,48,735,0.0,0.0,0.0,0.0,0.0,0.0,0.0,0.0,0.0,0.0,0.0,0.0,0.0,0.0,0.0,0.0,0.0,0.0,0.0,0.0,0.0
2025-08-13 23:15:00+00:00,49,750,0.0,0.0,0.0,0.0,0.0,0.0,0.0,0.0,0.0,0.0,0.0,0.0,0.0,0.0,0.0,0.0,0.0,0.0,0.0,0.0,0.0
2025-08-13 23:30:00+00:00,50,765,0.0,0.0,0.0,0.0,0.0,0.0,0.0,0.0,0.0,0.0,0.0,0.0,0.0,0.0,0.0,0.0,0.0,0.0,0.0,0.0,0.0
2025-08-13 23:45:00+00:00,51,780,0.0,0.0,0.0,0.0,0.0,0.0,0.0,0.0,0.0,0.0,0.0,0.0,0.0,0.0,0.0,0.0,0.0,0.0,0.0,0.0,0.0
2025-08-14 00:00:00+00:00,52,795,0.0,0.0,0.0,0.0,0.0,0.0,0.0,0.0,0.0,0.0,0.0,0.0,0.0,0.0,0.0,0.0,0.0,0.0,0.0,0.0,0.0
2025-08-14 00:15:00+00:00,53,810,0.0,0.0,0.0,0.0,0.0,0.0,0.0,0.0,0.0,0.0,0.0,0.0,0.0,0.0,0.0,0.0,0.0,0.0,0.0,0.0,0.0
2025-08-14 00:30:00+00:00,54,825,0.0,0.0,0.0,0.0,0.0,0.0,0.0,0.0,0.0,0.0,0.0,0.0,0.0,0.0,0.0,0.0,0.0,0.0,0.0,0.0,0.0
2025-08-14 00:45:00+00:00,55,840,0.0,0.0,0.0,0.0,0.0,0.0,0.0,0.0,0.0,0.0,0.0,0.0,0.0,0.0,0.0,0.0,0.0,0.0,0.0,0.0,0.0
2025-08-14 01:00:00+00:00,56,855,0.0,0.0,0.0,0.0,0.0,0.0,0.0,0.0,0.0,0.0,0.0,0.0,0.0,0.0,0.0,0.0,0.0,0.0,0.0,0.0,0.0
2025-08-14 01:15:00+00:00,57,870,0.0,0.0,0.0,0.0,0.0,0.0,0.0,0.0,0.0,0.0,0.0,0.0,0.0,0.0,0.0,0.0,0.0,0.0,0.0,0.0,0.0
2025-08-14 01:30:00+00:00,58,885,0.0,0.0,0.0,0.0,0.0,0.0,0.0,0.0,0.0,0.0,0.0,0.0,0.0,0.0,0.0,0.0,0.0,0.0,0.0,0.0,0.0
2025-08-14 01:45:00+00:00,59,900,0.0,0.0,0.0,0.0,0.0,0.0,0.0,0.0,0.0,0.0,0.0,0.0,0.0,0.0,0.0,0.0,0.0,0.0,0.0,0.0,0.0
2025-08-14 02:00:00+00:00,60,915,0.0,0.0,0.0,0.0,0.0,0.0,0.0,0.0,0.0,0.0,0.0,0.0,0.0,0.0,0.0,0.0,0.0,0.0,0.0,0.0,0.0
2025-08-14 02:15:00+00:00,61,930,0.0,0.0,0.0,0.0,0.0,0.0,0.0,0.0,0.0,0.0,0.0,0.0,0.0,0.0,0.0,0.0,0.0,0.0,0.0,0.0,0.0
2025-08-14 02:30:00+00:00,62,945,0.0,0.0,0.0,0.0,0.0,0.0,0.0,0.0,0.0,0.0,0.0,0.0,0.0,0.0,0.0,0.0,0.0,0.0,0.0,0.0,0.0
2025-08-14 02:45:00+00:00,63,960,0.0,0.0,0.0,0.0,0.0,0.0,0.0,0.0,0.0,0.0,0.0,0.0,0.0,0.0,0.0,0.0,0.0,0.0,0.0,0.0,0.0
2025-08-14 03:00:00+00:00,64,975,0.0,0.0,0.0,0.0,0.0,0.0,0.0,0.0,0.0,0.0,0.0,0.0,0.0,0.0,0.0,0.0,0.0,0.0,0.0,0.0,0.0
2025-08-14 03:15:00+00:00,65,990,0.0,0.0,0.0,0.0,0.0,0.0,0.0,0.0,0.0,0.0,0.0,0.0,0.0,0.0,0.0,0.0,0.0,0.0,0.0,0.0,0.0
2025-08-14 03:30:00+00:00,66,1005,0.0,0.0,0.0,0.0,0.0,0.0,0.0,0.0,0.0,0.0,0.0,0.0,0.0,0.0,0.0,0.0,0.0,0.0,0.0,0.0,0.0
2025-08-14 03:45:00+00:00,67,1020,0.0,0.0,0.0,0.0,0.0,0.0,0.0,0.0,0.0,0.0,0.0,0.0,0.0,0.0,0.0,0.0,0.0,0.0,0.0,0.0,0.0
2025-08-14 04:00:00+00:00,68,1035,23.187186931746833,35.73686991174868,44.53480914219462,52.95676674057923,58.55027406623058,74.01110502508536,80.63493772517147,91.70741728062329,98.02870489037912,107.9169812367533,116.53209284832919,130.83401838752366,138.84521021910024,143.58870347195938,149.16375297897918,157.04929168417056,166.85071673482904,173.84965747452563,184.47950322800045,272.4480379230657,107.39817314248407
2025-08-14 04:15:00+00:00,69,1050,106.29830494634426,185.45835534310396,265.5392023457904,295.08470215531565,382.32319561548394,418.3661958974134,486.5863275727303,528.6277314508293,580.2452518449256,654.0213592396842,701.7581011659433,741.7422496828892,767.529654954595,790.0308375525842,828.8386419238309,868.7388810503282,903.2323404492852,944.2178425228815,1026.53346607071,1496.4998801266381,605.2113798717925
2025-08-14 04:30:00+00:00,70,1065,199.14349313625218,329.3759602238335,482.13980506124125,592.4093966547447,722.145851804316,828.5208965226677,925.7327355827766,1047.786100731607,1156.4534662161889,1249.488952520189,1310.664864757055,1348.1818829557853,1387.5140504154122,1463.2420899533436,1532.7133422278362,1581.4027149909405,1628.2346352049979,1707.9247682803098,1802.1764229800854,2612.933584927599,1120.0462488547614
2025-08-14 04:45:00+00:00,71,1080,505.33093603828985,919.7532185243084,1304.4316732058555,1737.8589585563752,2100.274946768662,2225.8322608277854,2341.3951652975575,2437.7546633671263,2502.827278970254,2612.9958166466045,2674.5769929931644,2828.28496022273,2886.262028409231,2935.09583209981,2989.5221133924556,3089.9110847497536,3185.156411237767,3264.5788055093312,3427.9767732221835,4663.6552259603195,2416.7055772681488
2025-08-14 05:00:00+00:00,72,1095,831.491372683353,1540.2749925657351,2578.5932974414736,3304.3191344808133,3494.338245931156,3754.581701654587,3915.7645498099687,4037.550694364824,4196.477612163984,4321.208498242896,4543.553245595186,4668.974074376279,4752.137457540536,4803.2929153566965,4974.1945797700855,5103.718286803312,5236.071452436212,5386.828906610319,5648.661151438567,7586.995477836405,4046.350248338151
2025-08-14 05:15:00+00:00,73,1110,1329.0359673880437,2603.451618167861,4611.0775520990655,4952.844548745308,5396.664557497281,5719.511716068994,5961.852424082012,6160.983068318035,6423.890077945875,6659.119483477903,6808.1042316915955,6905.842066634071,7083.830686340281,7274.780442269002,7479.026218691123,7613.844728157768,7773.082030755104,8130.335561578704,8302.633406802202,10999.029229318361,6140.018550187363
2025-08-14 05:30:00+00:00,74,1125,1746.4826318123796,4525.233564915981,6505.65532358099,7182.472286033763,7697.946842536403,8086.940778080317,8386.030346330466,8874.45779932533,9143.898854186562,9289.717703655862,9557.397709120803,9796.421556980156,10075.089733145442,10241.369159318057,10358.343623739269,10710.952443096758,10969.14621381277,11163.784594814068,11530.13876425496,14798.53036866509,8669.303993987
2025-08-14 05:45:00+00:00,75,1140,2146.8052343661416,6955.211260794604,8798.463146888353,9647.489388917802,10275.687606455554,10690.360413774679,11469.941849380453,11742.658206878445,12073.147557712182,12399.332356041103,12715.741132359382,12950.128564539833,13105.79037592935,13237.297121047764,13649.51156217957,13955.986260236232,14164.697239945786,14386.73429644871,14947.362488010836,18898.1519289861,11447.260042187076
2025-08-14 06:00:00+00:00,76,1155,2618.543085418493,8715.142811517047,11279.323387031285,12484.74410987932,13577.117715405477,14403.876571432984,14719.794185906327,15196.126490166514,15556.265405768234,15863.144598642482,16032.380420404817,16161.08011686724,16403.91087871488,16916.99381243154,17192.607756566664,17409.906808614287,17600.09791028554,18091.248947260567,18660.70899471239,23237.259665768073,14561.419747081074
2025-08-14 06:15:00+00:00,77,1170,3783.840794479613,4174.268503150979,11467.952121179,14995.2298664682,16340.390006817268,17356.78257968075,18033.55099754618,18973.0159192616,19502.870185109652,19795.06601631058,20077.504605359023,20303.97742102894,20622.492455807682,20963.855546151488,21202.442014241045,21491.48268304475,21711.708492397138,22010.99893201091,22656.475800813532,27868.47890961043,17581.76471930773
2025-08-14 06:30:00+00:00,78,1185,4663.230742069682,5043.00304001739,10269.443626675878,16887.407932770115,19266.0610510694,20676.371597591427,21481.84644399057,22487.545916252264,23066.623993874364,23414.727436658548,23678.459036574586,24026.181861341734,24502.24399180168,24787.585908211702,25018.287459112868,25245.680556177696,25526.481698052547,25833.31184108551,26685.743783517875,32445.98679258984,20580.367594974956
2025-08-14 06:45:00+00:00,79,1200,5550.6363124170175,6477.136822881763,11452.27099423285,18470.371365207055,21440.704815144712,23183.272261060785,24225.345072135508,25888.74356735019,26638.958655916875,27010.325129958037,27259.158360166282,27770.152520837208,28170.28670479094,28428.04846052325,28707.11572955552,29008.422483266957,29337.305695160543,29824.99825074263,30563.179659684938,37048.590056359986,23654.458096119968
2025-08-14 07:00:00+00:00,80,1215,6556.169758582565,7484.174947514306,12626.389457797492,18697.17785167581,22286.862844618227,25137.66417126857,26326.116800561595,28166.55930091988,29823.180828162738,30310.50223043253,30573.24742402967,30912.51521964906,31401.84505732679,31954.983133548038,32317.99505220894,32568.821087151136,32897.89429817958,33430.87591136104,33997.24685883121,41624.839317583945,26231.215432872832
2025-08-14 07:15:00+00:00,81,1230,7325.688163488636,8136.044068522814,13896.607047254858,21329.137609879133,25677.42569820645,28274.234995559895,29707.23694214758,31493.17497874933,32383.83482532667,33443.74117097157,33908.02986974601,34197.69722887324,34622.650296283,35129.225124379074,35726.37796585588,35984.8124266617,36283.70392862113,36682.60192973472,37656.54166588834,46129.89164468961,28755.610671843813
2025-08-14 07:30:00+00:00,82,1245,8204.823931470175,9269.5066307561,15400.37707444841,23494.031366675797,28156.299462701045,31434.16145464024,33025.160581994,34691.72603487249,35346.186379770035,36665.784153699125,37303.818543800066,37725.8046620335,38123.67546637897,38730.335354752,39116.59640398641,39524.915316427876,39944.44052304606,40367.459411242926,41535.40390844265,50524.192711438875,31688.40507618241
2025-08-14 07:45:00+00:00,83,1260,8934.329570543794,10085.685800721745,17335.31844899377,25321.03521532072,30424.193440555977,33595.01733470456,35394.36653249593,37151.126905849334,37863.72050755964,38404.96395602021,39718.45652344619,40369.94715580877,40713.01617906428,41244.46532315505,41868.731534824845,42255.52445010307,42681.37661458719,43147.853606730074,43857.67734136274,54772.47511882179,33859.44213078418
2025-08-14 08:00:00+00:00,84,1275,9522.417030704904,10582.708424771463,18584.900914565813,27478.905986906928,32701.312475078736,36131.70211381864,38033.58730758992,39918.79159796051,40538.947183405005,41111.144528756384,42428.06661557321,43192.994705457684,43524.5749569563,43977.89898942564,44646.30276216378,45022.53751399018,45407.1740388097,45888.61394083233,46736.58094685004,58843.022369399136,36203.706268772876
2025-08-14 08:15:00+00:00,85,1290,10019.285187379804,14634.337700866874,21575.9578402517,30373.12550344755,36661.38285034504,38850.90621886431,41307.30271268626,42549.19228588312,43137.052901399904,43964.57962262316,45279.98412920179,45798.39095594327,46173.34302636243,46598.20127920454,47173.730274478905,47574.12326266269,47914.37443676774,48426.633563799616,49354.642900084735,62531.767825001894,38886.12052833505
2025-08-14 08:30:00+00:00,86,1305,10360.837714650093,16704.119145204593,25480.281707297203,33349.75634786,39202.245876197616,41126.307750710024,43876.68710721154,45187.882441379385,46030.95478482527,47336.138486778385,47983.40252912043,48507.504985686646,48910.03485357439,49258.082024179006,49855.227399220836,50260.34255070525,50630.656281621516,51300.55334666277,52262.079896185336,66104.0771003854,41482.90039825435
2025-08-14 08:45:00+00:00,87,1320,11085.710204032404,21435.375165685942,32018.284611293348,38019.49162892011,41903.011010031354,44710.17316816565,46957.36065507224,47922.11849619777,49234.035275027345,49937.90302178843,50708.48158192248,51155.84937478478,51503.91872687356,51796.910470090574,52271.90946840184,52804.61378455646,53239.599954320176,54012.52420419729,55113.26485649825,69462.18048713337,44476.42952390857
2025-08-14 09:00:00+00:00,88,1335,11697.711797717731,21209.8095335139,28267.595647163394,38846.92900421886,43676.50910143711,46388.14881580142,49080.792849961865,49993.609540603444,51660.140633185816,52194.11625308871,52944.758133466865,53406.475790430944,53735.49059460312,53968.943803410184,54202.39701221725,54974.67790548633,55747.66311367957,56785.15086545004,57428.70449965135,72542.8424224332,46069.687229780844
2025-08-14 09:15:00+00:00,89,1350,11797.152418653006,23148.27619935914,30819.969435014285,40344.45580804014,45171.44984938722,47751.07242461679,51027.03278134939,52450.83909442514,53749.69119932986,54117.84843405424,55045.25923091475,55446.51286030477,55711.93288793173,55932.741385778485,56153.54988362522,56809.046631665355,57705.608635764074,58777.96850356719,59289.01641509487,75327.18132793561,47900.154600741684
2025-08-14 09:30:00+00:00,90,1365,12562.774977416957,25023.02711762928,34381.00618020795,41471.46619797279,46723.83672253388,48637.621643512546,52274.4611412322,53978.261050892965,55384.45823852809,55997.81457581589,56701.860586127375,57217.42244319752,57463.85851235594,57712.492489896176,57996.43666500319,58280.38084011021,59076.78254099802,60311.402235895315,61245.88272698087,77798.45038451659,49494.1913387294
2025-08-14 09:45:00+00:00,91,1380,12837.73455285965,25963.578975033073,36635.17781366282,43283.17041004451,48293.64418829345,50434.21177405089,54160.97453471507,56572.87018812914,57200.31590665525,57753.92231727675,58603.442021355695,58832.05136517311,59060.66070899051,59296.323347824786,59565.60952602386,59834.89570422294,60537.79292193062,61793.98032060316,62880.443710785155,79942.0022710501,51098.77676256544
2025-08-14 10:00:00+00:00,92,1395,12635.242293264497,20716.30730199407,33058.38749322689,42808.63880232549,48510.39645467692,51301.316662856894,55230.17992487615,57842.24583044591,58365.38860324013,59047.061498882904,59816.97944811894,60016.96943159464,60216.95941507035,60416.94939854605,60684.99349521324,60956.70912149656,61762.58155383395,62433.02226931179,64098.970199750096,81745.27827994776,51452.308389788035
2025-08-14 10:15:00+00:00,93,1410,13252.47735208487,25593.21637399003,33881.26218951749,44220.00077545986,49795.150621263376,53809.11409556176,57173.4225814015,59103.52493969587,59686.255711710444,60519.230431000266,61018.78741704577,61212.69521755544,61406.60301806511,61609.97597985806,61885.59908530481,62161.222190751556,62900.5220856476,64419.5547960015,65394.111624764555,83197.81414001838,52940.31109137003
2025-08-14 10:30:00+00:00,94,1425,13631.22844127844,27467.774815268076,35048.218550944,44666.447325617184,50599.93815307177,54918.72922347555,57893.04337978271,59976.89175198851,60654.19715297546,61592.87353402151,61872.7965627475,62072.820965259525,62272.845367771544,62495.30100457773,62745.83159012615,62996.36217567459,63687.56579464632,65447.73017045323,66267.67089738791,84291.25664774133,53855.98785596521
2025-08-14 10:45:00+00:00,95,1440,13742.190900628946,30805.795703541105,38739.52032441493,46723.53761644308,52051.21412343189,56696.882801949156,59948.87749788938,60392.32813409848,60990.66106518641,61950.225894683455,62153.10698457393,62355.98807446441,62558.86916435489,62795.72151703096,63058.29826580739,63320.875014583835,64128.28168959488,65770.6926950605,66590.42162724464,85019.3859264374,54782.215595444715
2025-08-14 11:00:00+00:00,96,1455,26516.669013439285,33481.74380803503,44309.34796238807,51277.28592523276,55323.202344282334,59523.10010317338,60297.574453279456,60684.38711646699,61339.13923933178,62141.05847432021,62342.14235294888,62543.226231577544,62744.31011020621,62990.726852880376,63246.35519614718,63575.66463232182,64497.18655079697,66050.36252772242,66799.30196178347,85378.13818171955,56527.75750964273
2025-08-14 11:15:00+00:00,97,1470,27950.274476500257,40653.074313430756,46637.69800738615,52399.76960783661,57476.90520756184,59854.51230512676,60383.38566769852,60732.58965001885,61754.30707865978,62123.20974938056,62430.54237975737,62594.21158266487,62757.88078557237,62921.549988479885,63094.40465817109,63783.271767624115,64732.491585522286,66129.8582241435,66860.10759918213,85365.6244660107,57314.659056391094
2025-08-14 11:30:00+00:00,98,1485,31819.334845109526,45978.40756211783,51875.29781056759,56251.74758690109,59383.9771019795,59799.03824003567,60222.6663315134,60659.197735551985,61587.176718537674,61856.98933036798,62126.80194219828,62324.5270818234,62517.58803801651,62710.648994209616,62984.09833580056,63426.380753332356,64330.60501951165,65850.8487165559,66609.82318864581,84982.14179340152,58159.59951790517
2025-08-14 11:45:00+00:00,99,1500,40004.61967203436,46526.544885761505,51492.094686082986,55759.51670556951,58828.944260159566,59351.39345744152,59758.09172572468,60129.51631982027,61229.19570813172,61610.91522295531,61770.037977244225,61929.16073153314,62088.28348582206,62247.40624011098,62594.62783538598,62983.06338805266,64062.40977282446,65357.0511269941,66179.82666512187,84230.1744166442,58240.890326021974
2025-08-14 12:00:00+00:00,100,1515,41762.96220274785,48288.08689301948,51130.347044160975,55419.89917499235,58134.07094853943,58757.78432673216,59072.10648401231,59987.12139389688,60683.32998675231,60885.286599897336,61087.24321304235,61289.19982618737,61508.550886583565,61738.60622221126,61968.66155783894,62474.71212416423,63383.85309233334,64540.49355091635,65450.71588077735,83114.38532116158,57897.35654065251
2025-08-14 12:15:00+00:00,101,1530,40379.0894025068,45798.37226582438,50589.4920462592,53779.05938555336,56235.99804796178,58064.92297100722,58700.01737120872,59055.90369094037,59756.96603667163,60526.93836989341,60924.0343145607,61145.36631406029,61366.69831355988,61611.92939342759,62039.55206577313,62660.18004068421,63920.99168777099,64809.13962471659,65892.5733058181,81641.60000093225,57220.99430515278
2025-08-14 12:30:00+00:00,102,1545,39154.073704964656,43651.59505210211,47702.473372092296,50412.83289990319,53186.180499850925,55304.94091412205,57108.71110293451,58209.12863789259,58585.65977015337,59017.298945136725,59538.10575881026,60438.88536977433,60776.06196636568,61141.26536675808,61632.7026377347,62447.98434667935,64198.68785312782,64787.493336333406,65953.48016949475,79820.7863976247,56620.68744430926
2025-08-14 12:45:00+00:00,103,1560,38744.89701353223,43316.88734131449,47047.44414710776,49781.62996039287,52473.97379440226,54043.93294469633,55513.68027037921,56849.98197438485,57437.59762816524,57778.57935155653,58224.068660483004,58904.44960541375,59752.3062933093,60294.97140326074,60763.43985876084,61571.01611928693,63296.066844399065,64035.62101897379,64962.400456243384,77663.0359486668,55671.089220816604
2025-08-14 13:00:00+00:00,104,1575,38411.76193120878,42419.792911058204,45389.33346839782,48066.3266510782,49553.93324538186,52053.76704585086,53267.20014078683,54368.51513023811,55883.677597605914,56320.659561198605,56731.413363732296,57121.22991285717,58322.95025849738,58918.4141091506,59344.523906460614,60025.91474487065,61924.665670542585,62744.949749079606,63580.47390714398,75181.55078627379,54041.767715731636
2025-08-14 13:15:00+00:00,105,1590,37564.16522011917,41177.58291557702,44852.36858407609,46861.65578010095,49733.19538426478,51256.5567363431,52399.24421259617,53762.60402981246,54157.86233180718,54519.046176173615,54848.94347308135,55871.98990883156,56454.46225098443,56854.334534755086,57358.76393527074,59093.83049253394,59755.970327796604,60464.90646869319,61211.08396085296,72391.6424236258,52638.744491852915
2025-08-14 13:30:00+00:00,106,1605,36322.998021343956,40051.20493261187,43518.45800182235,45666.560772791425,48405.9850940058,49673.572073915595,51096.95194877537,51433.945806549964,51781.96562157188,52222.11590972402,53133.04819408553,53556.93842580667,53886.12457637927,54167.301236613224,54583.691964790414,56248.079960132316,56845.51702531287,57461.362304350885,58140.23620750027,69310.74743841519,50525.01610623911
2025-08-14 13:45:00+00:00,107,1620,35768.50189541365,39915.972929155745,42653.616372108554,45465.61542754229,47000.25666121276,48040.31306845302,48472.581967321814,48908.411224918586,49735.69687648038,49987.27747739626,50213.39665337603,50459.50023605529,50762.60331389499,51151.85649044143,51821.438470225025,52506.93392884328,53092.659843726935,53621.73329803652,54436.86603589723,65958.46616804108,48170.11712526434
2025-08-14 14:00:00+00:00,108,1635,33964.42820603787,38408.47288766306,41829.96188075272,43061.29948813412,44325.61614629005,44773.544343742884,45084.84516710779,46069.1968457599,46359.70656881046,46532.96770535084,46706.22884189123,46967.7274427849,47332.66329012314,47721.40256790361,48214.63491212856,48762.865971356456,49251.04942495397,49754.358426662206,50306.90269435148,62356.63259035645,45323.027728070534
2025-08-14 14:15:00+00:00,109,1650,32126.316082891808,36018.83311375712,38816.852514413695,40277.54435167981,41467.338128415744,41908.36173467892,42197.134339191216,42934.9673050324,43263.418582052735,43447.42186542467,43614.26222597471,43781.10258652474,44133.6487911514,44540.39347935864,44949.630221062536,45492.90550021726,46035.24516247228,46545.67227381303,47171.8793772115,58567.453743398844,42334.510282263785
2025-08-14 14:30:00+00:00,110,1665,29421.92395293575,33203.14504436189,36008.373753792046,37338.50263505873,38399.28172757969,38879.74227755081,39255.19620901165,39772.67126137251,40142.5536767693,40410.09297053554,40615.85908665198,40805.45421385488,41011.094414140316,41486.046709996146,41909.792090655064,42437.42808415278,42926.685606732,43393.203143970364,44299.37807082992,54631.77834270424,39386.35107696836
2025-08-14 14:45:00+00:00,111,1680,26357.187854684667,30229.134303303243,32967.77627022338,33743.5293042738,34621.4170287179,35392.80633577427,35824.33240255871,36141.73903720901,36686.54916596582,36916.861710226476,37146.11266958731,37353.98417577408,37561.85568196085,37903.118632750775,38303.37860504178,38784.384737337554,39312.23413744894,39769.51241018269,40685.602479724585,50413.93936611744,35933.575055546855
2025-08-14 15:00:00+00:00,112,1695,23256.743722330706,27141.700686445758,29499.196679943565,30231.73799951382,30978.77676059491,31765.64029814557,32286.706685078047,32685.085588375354,33092.47726243093,33487.54407509629,33687.91306291184,33896.47500535079,34120.44750529566,34382.180458638715,34698.45864372134,35027.10582347226,35668.78445454659,36144.292820552975,36980.18271966693,46059.14483745756,32440.96052941669
2025-08-14 15:15:00+00:00,113,1710,20062.01842776398,22840.299871875806,24833.648991981692,26746.49840310339,27286.56286551024,27881.45651330457,28615.367640292247,29030.863372402586,29423.153802980505,29792.521509604543,30216.462356239033,30473.748909069123,30703.374563324734,30923.77991805552,31240.75068216707,31591.512480460813,32180.73189717213,32621.236937666614,33499.52969991248,41603.07966085045,28734.479317425335
2025-08-14 15:30:00+00:00,114,1725,17021.93829038744,19738.394390708385,21509.9317727239,22465.961825440954,23810.345331182372,24262.586987912822,24719.612099195016,25314.339269388896,25763.85007871263,26107.18360690397,26439.62972416919,26843.45938353936,27125.823369060552,27398.066936624375,27674.68107178249,27968.67380654754,28460.28570257919,29011.858932624065,29688.834544138357,37085.41704856365,25217.622341290156
2025-08-14 15:45:00+00:00,115,1740,14363.107549806984,16575.220402374318,18086.974321724603,19110.856589259307,19640.911751465872,20438.752092046285,21219.157330373193,21492.44590275976,22011.063603223025,22467.146645275632,22819.611568093816,23217.623621772764,23620.94390944286,23940.904871078386,24303.14201398154,24596.835564802608,25193.717494729957,25606.15762152646,26302.64965111366,32550.633304299852,21764.903468987428
2025-08-14 16:00:00+00:00,116,1755,12320.097261334928,14066.510996719464,14962.472233569812,15938.341920875326,16583.704756815514,17039.498991565593,17700.50572490073,18335.15849263833,18542.23851303756,18958.507188976873,19349.742403707638,19627.975058288306,19924.693483911156,20301.24802879963,20632.209198865745,20998.031086790026,21311.63691034462,21915.87610721668,22481.48615067249,28049.063822201428,18426.189936751463
2025-08-14 16:15:00+00:00,117,1770,9803.165321957362,11289.37435449657,12118.101789777205,12694.193259230826,13445.834782418153,13919.770854435905,14234.30929439945,14760.709524161448,15279.141845671036,15511.07857980465,15804.079112858977,16146.149303393951,16438.415248901165,16696.34814608952,16997.146041756117,17347.33394036266,17696.299839236108,18340.7980878247,18878.154053158174,23638.20204402226,15106.694156018546
2025-08-14 16:30:00+00:00,118,1785,7927.065211288,8937.523917675631,9658.99916792031,10144.68267452105,10624.994253254526,10974.767822473426,11318.38353624169,11538.841388380768,11901.877871501683,12371.84019265841,12579.665980562027,12771.718056421701,13054.38384567988,13307.075160087235,13526.945083081337,13813.093213126862,14131.53532791561,14462.768923781809,15238.75238200508,19227.744617850483,12011.953178680647
2025-08-14 16:45:00+00:00,119,1800,5830.325950919254,6624.905793925954,7223.494139944537,7596.761126827225,7929.73077724707,8284.282719134684,8594.715845709938,8841.008234417237,9012.363160759898,9241.682846846628,9638.184905028791,9852.663463216813,10017.277247410484,10265.268489450858,10509.231774974498,10699.389037901445,11006.998368784947,11416.784914611733,12056.974260835384,15180.216010485352,9212.18135132178
2025-08-14 17:00:00+00:00,120,1815,4165.659153443985,4652.711146740634,5180.639988770008,5546.469037795289,5749.321618779168,6018.840811835893,6287.80937121513,6441.32612867678,6607.0141827269545,6715.848845892559,6914.638817365125,7169.705852402991,7340.089916458557,7505.685624017677,7684.731181230848,7864.775411240191,8206.01502428213,8568.324925730265,9255.816026789926,11433.257448185239,6693.942656412626
2025-08-14 17:15:00+00:00,121,1830,2680.008200856657,3042.3182769790797,3375.5741090304427,3689.4949363477776,3877.9547014903137,4006.0536171825156,4223.180889738859,4415.124651036177,4546.937175826585,4656.224452104081,4748.454804315222,4886.095784213359,5059.080885117868,5183.698340080702,5309.0175411392,5462.703306058234,5621.45056682247,5929.673823017801,6406.102774418294,8061.272372868701,4557.541029502922
2025-08-14 17:30:00+00:00,122,1845,1602.8459313579945,1836.2836159512965,2009.3972202778891,2226.265466453436,2408.016488529649,2507.461345387517,2583.5582286760996,2725.2790346362685,2817.893234124116,2908.2682472670217,2969.499459096047,3067.86279442075,3162.326345752189,3243.474923572718,3325.9874062324475,3399.2236256279703,3541.6081581841777,3774.757400297611,4077.5672534641494,5181.421951139825,2836.6307983726824
2025-08-14 17:45:00+00:00,123,1860,1070.1640327309221,1204.1013921631506,1323.7443658321577,1458.6474690076357,1572.2363592367221,1668.5750925355642,1713.5327786587509,1777.711681879928,1875.6546669059194,1924.9053973190876,1987.120971288485,2037.7136737451228,2126.4651556950575,2183.387505029156,2243.30242343046,2304.3195596617365,2380.5083537343935,2562.1919771456705,2778.2399821896615,3611.8916327901597,1896.4079153941505
2025-08-14 18:00:00+00:00,124,1875,694.7583124123602,783.2122068681699,858.2938115648351,960.9809445235742,1037.1776193673481,1097.4971060847538,1138.0610117504111,1182.1651246023453,1249.3966410170422,1278.9915174618077,1316.7304244727495,1353.731893629678,1392.3388974523523,1431.2085134943327,1480.690805613337,1524.0041911563385,1596.96214985045,1701.3369277835495,1842.000615151069,2474.0007127390013,1253.7057667248605
2025-08-14 18:15:00+00:00,125,1890,375.99322739310713,409.17501543420826,454.367853439792,510.4843813322329,557.8150758857869,592.0232340452337,611.3837150239386,627.312936634867,669.5411899165188,688.462926068946,708.435203273282,726.8684004608133,746.1748075307505,771.8499025912743,796.8750270374984,824.8868398757542,858.5175379972092,926.907288652113,988.6203848988257,1349.7260168510154,673.6167342000157
2025-08-14 18:30:00+00:00,126,1905,29.947917355537314,55.72286556638087,62.804474129685524,68.76499864060088,75.62505882555854,80.90199853755368,85.2306884654307,87.57481730961545,90.37294722557728,95.37238449250452,97.8354664440705,100.77549380147337,104.05423234812267,107.85815616488577,111.87192522486302,116.90231175767241,123.46709925410741,130.16617605101794,140.47703687846214,189.3401783962573,92.9753789455086
2025-08-14 18:45:00+00:00,127,1920,0.0,0.0,0.0,0.0,0.0,0.0,0.0,0.0,0.0,0.0,0.0,0.0,0.0,0.0,0.0,0.0,0.0,0.0,0.0,0.0,0.0
2025-08-14 19:00:00+00:00,128,1935,0.0,0.0,0.0,0.0,0.0,0.0,0.0,0.0,0.0,0.0,0.0,0.0,0.0,0.0,0.0,0.0,0.0,0.0,0.0,0.0,0.0
2025-08-14 19:15:00+00:00,129,1950,0.0,0.0,0.0,0.0,0.0,0.0,0.0,0.0,0.0,0.0,0.0,0.0,0.0,0.0,0.0,0.0,0.0,0.0,0.0,0.0,0.0
2025-08-14 19:30:00+00:00,130,1965,0.0,0.0,0.0,0.0,0.0,0.0,0.0,0.0,0.0,0.0,0.0,0.0,0.0,0.0,0.0,0.0,0.0,0.0,0.0,0.0,0.0
2025-08-14 19:45:00+00:00,131,1980,0.0,0.0,0.0,0.0,0.0,0.0,0.0,0.0,0.0,0.0,0.0,0.0,0.0,0.0,0.0,0.0,0.0,0.0,0.0,0.0,0.0
2025-08-14 20:00:00+00:00,132,1995,0.0,0.0,0.0,0.0,0.0,0.0,0.0,0.0,0.0,0.0,0.0,0.0,0.0,0.0,0.0,0.0,0.0,0.0,0.0,0.0,0.0
2025-08-14 20:15:00+00:00,133,2010,0.0,0.0,0.0,0.0,0.0,0.0,0.0,0.0,0.0,0.0,0.0,0.0,0.0,0.0,0.0,0.0,0.0,0.0,0.0,0.0,0.0
2025-08-14 20:30:00+00:00,134,2025,0.0,0.0,0.0,0.0,0.0,0.0,0.0,0.0,0.0,0.0,0.0,0.0,0.0,0.0,0.0,0.0,0.0,0.0,0.0,0.0,0.0
2025-08-14 20:45:00+00:00,135,2040,0.0,0.0,0.0,0.0,0.0,0.0,0.0,0.0,0.0,0.0,0.0,0.0,0.0,0.0,0.0,0.0,0.0,0.0,0.0,0.0,0.0
2025-08-14 21:00:00+00:00,136,2055,0.0,0.0,0.0,0.0,0.0,0.0,0.0,0.0,0.0,0.0,0.0,0.0,0.0,0.0,0.0,0.0,0.0,0.0,0.0,0.0,0.0
2025-08-14 21:15:00+00:00,137,2070,0.0,0.0,0.0,0.0,0.0,0.0,0.0,0.0,0.0,0.0,0.0,0.0,0.0,0.0,0.0,0.0,0.0,0.0,0.0,0.0,0.0
2025-08-14 21:30:00+00:00,138,2085,0.0,0.0,0.0,0.0,0.0,0.0,0.0,0.0,0.0,0.0,0.0,0.0,0.0,0.0,0.0,0.0,0.0,0.0,0.0,0.0,0.0
2025-08-14 21:45:00+00:00,139,2100,0.0,0.0,0.0,0.0,0.0,0.0,0.0,0.0,0.0,0.0,0.0,0.0,0.0,0.0,0.0,0.0,0.0,0.0,0.0,0.0,0.0
2025-08-14 22:00:00+00:00,140,2115,0.0,0.0,0.0,0.0,0.0,0.0,0.0,0.0,0.0,0.0,0.0,0.0,0.0,0.0,0.0,0.0,0.0,0.0,0.0,0.0,0.0
2025-08-14 22:15:00+00:00,141,2130,0.0,0.0,0.0,0.0,0.0,0.0,0.0,0.0,0.0,0.0,0.0,0.0,0.0,0.0,0.0,0.0,0.0,0.0,0.0,0.0,0.0
2025-08-14 22:30:00+00:00,142,2145,0.0,0.0,0.0,0.0,0.0,0.0,0.0,0.0,0.0,0.0,0.0,0.0,0.0,0.0,0.0,0.0,0.0,0.0,0.0,0.0,0.0
2025-08-14 22:45:00+00:00,143,2160,0.0,0.0,0.0,0.0,0.0,0.0,0.0,0.0,0.0,0.0,0.0,0.0,0.0,0.0,0.0,0.0,0.0,0.0,0.0,0.0,0.0
2025-08-14 23:00:00+00:00,144,2175,0.0,0.0,0.0,0.0,0.0,0.0,0.0,0.0,0.0,0.0,0.0,0.0,0.0,0.0,0.0,0.0,0.0,0.0,0.0,0.0,0.0
2025-08-14 23:15:00+00:00,145,2190,0.0,0.0,0.0,0.0,0.0,0.0,0.0,0.0,0.0,0.0,0.0,0.0,0.0,0.0,0.0,0.0,0.0,0.0,0.0,0.0,0.0
2025-08-14 23:30:00+00:00,146,2205,0.0,0.0,0.0,0.0,0.0,0.0,0.0,0.0,0.0,0.0,0.0,0.0,0.0,0.0,0.0,0.0,0.0,0.0,0.0,0.0,0.0
2025-08-14 23:45:00+00:00,147,2220,0.0,0.0,0.0,0.0,0.0,0.0,0.0,0.0,0.0,0.0,0.0,0.0,0.0,0.0,0.0,0.0,0.0,0.0,0.0,0.0,0.0
2025-08-15 00:00:00+00:00,148,2235,0.0,0.0,0.0,0.0,0.0,0.0,0.0,0.0,0.0,0.0,0.0,0.0,0.0,0.0,0.0,0.0,0.0,0.0,0.0,0.0,0.0
2025-08-15 00:15:00+00:00,149,2250,0.0,0.0,0.0,0.0,0.0,0.0,0.0,0.0,0.0,0.0,0.0,0.0,0.0,0.0,0.0,0.0,0.0,0.0,0.0,0.0,0.0
2025-08-15 00:30:00+00:00,150,2265,0.0,0.0,0.0,0.0,0.0,0.0,0.0,0.0,0.0,0.0,0.0,0.0,0.0,0.0,0.0,0.0,0.0,0.0,0.0,0.0,0.0
2025-08-15 00:45:00+00:00,151,2280,0.0,0.0,0.0,0.0,0.0,0.0,0.0,0.0,0.0,0.0,0.0,0.0,0.0,0.0,0.0,0.0,0.0,0.0,0.0,0.0,0.0
2025-08-15 01:00:00+00:00,152,2295,0.0,0.0,0.0,0.0,0.0,0.0,0.0,0.0,0.0,0.0,0.0,0.0,0.0,0.0,0.0,0.0,0.0,0.0,0.0,0.0,0.0
2025-08-15 01:15:00+00:00,153,2310,0.0,0.0,0.0,0.0,0.0,0.0,0.0,0.0,0.0,0.0,0.0,0.0,0.0,0.0,0.0,0.0,0.0,0.0,0.0,0.0,0.0
2025-08-15 01:30:00+00:00,154,2325,0.0,0.0,0.0,0.0,0.0,0.0,0.0,0.0,0.0,0.0,0.0,0.0,0.0,0.0,0.0,0.0,0.0,0.0,0.0,0.0,0.0
2025-08-15 01:45:00+00:00,155,2340,0.0,0.0,0.0,0.0,0.0,0.0,0.0,0.0,0.0,0.0,0.0,0.0,0.0,0.0,0.0,0.0,0.0,0.0,0.0,0.0,0.0
2025-08-15 02:00:00+00:00,156,2355,0.0,0.0,0.0,0.0,0.0,0.0,0.0,0.0,0.0,0.0,0.0,0.0,0.0,0.0,0.0,0.0,0.0,0.0,0.0,0.0,0.0
2025-08-15 02:15:00+00:00,157,2370,0.0,0.0,0.0,0.0,0.0,0.0,0.0,0.0,0.0,0.0,0.0,0.0,0.0,0.0,0.0,0.0,0.0,0.0,0.0,0.0,0.0
2025-08-15 02:30:00+00:00,158,2385,0.0,0.0,0.0,0.0,0.0,0.0,0.0,0.0,0.0,0.0,0.0,0.0,0.0,0.0,0.0,0.0,0.0,0.0,0.0,0.0,0.0
2025-08-15 02:45:00+00:00,159,2400,0.0,0.0,0.0,0.0,0.0,0.0,0.0,0.0,0.0,0.0,0.0,0.0,0.0,0.0,0.0,0.0,0.0,0.0,0.0,0.0,0.0
2025-08-15 03:00:00+00:00,160,2415,0.0,0.0,0.0,0.0,0.0,0.0,0.0,0.0,0.0,0.0,0.0,0.0,0.0,0.0,0.0,0.0,0.0,0.0,0.0,0.0,0.0
2025-08-15 03:15:00+00:00,161,2430,0.0,0.0,0.0,0.0,0.0,0.0,0.0,0.0,0.0,0.0,0.0,0.0,0.0,0.0,0.0,0.0,0.0,0.0,0.0,0.0,0.0
2025-08-15 03:30:00+00:00,162,2445,0.0,0.0,0.0,0.0,0.0,0.0,0.0,0.0,0.0,0.0,0.0,0.0,0.0,0.0,0.0,0.0,0.0,0.0,0.0,0.0,0.0
2025-08-15 03:45:00+00:00,163,2460,0.0,0.0,0.0,0.0,0.0,0.0,0.0,0.0,0.0,0.0,0.0,0.0,0.0,0.0,0.0,0.0,0.0,0.0,0.0,0.0,0.0
2025-08-15 04:00:00+00:00,164,2475,25.145863601728536,31.801992483401804,40.97237973970933,49.90407903255125,54.00043357724841,62.31961050189764,69.93800531578285,76.55220302496845,82.94737936834673,86.84703836606204,91.23594509577354,98.70047278638711,104.46058105670974,108.83528761127856,113.86398616565602,123.88978819303075,132.72186070868534,141.55933459777333,151.3641959927468,192.73017094103878,87.02991943265575
2025-08-15 04:15:00+00:00,165,2490,171.55351864288812,228.42451505711182,283.6600008486879,355.43361426459745,430.1203784380225,480.1977594705927,521.169444845614,565.055365735906,600.1578492158017,656.3984812212345,693.0586682371355,727.7111048142278,759.418071032798,811.891148067275,870.8386489248247,914.8023666133389,971.2534515071686,1041.668073263156,1090.6654340853815,1357.293000981414,649.2303979782322
2025-08-15 04:30:00+00:00,166,2505,312.87396820606284,436.91408706618637,603.7352053162836,773.240166615436,888.6450461140878,957.2977851642096,1035.478335741083,1082.1332113627302,1206.3118310969094,1273.286127061691,1329.3024274571958,1398.4563600608753,1496.1977194072297,1579.677674219297,1660.982762340449,1721.8642238989394,1796.317866462858,1894.7121027338515,1958.0542941793178,2493.0297485484048,1245.2781826115474
2025-08-15 04:45:00+00:00,167,2520,584.3267519483545,928.9926837664068,1433.2787474976114,1589.539460787451,1832.549437956081,2057.6722818069798,2225.0005903664664,2364.636110223763,2534.020797916815,2636.8061777366984,2745.8219761289656,2885.0159426025098,2961.8926269461986,3038.574667508625,3108.326873264631,3229.8104181547264,3281.2206711613,3427.875479224922,3574.1231728539788,4493.0102710997835,2428.7024232933763
2025-08-15 05:00:00+00:00,168,2535,1026.5700813291849,1709.1567168885026,2338.5354475140766,2688.1040341915677,3079.521856823168,3570.9545759907987,3717.868219988144,3971.14733410019,4263.252731837866,4438.375486110079,4681.909598241221,4806.193938765513,4934.533403036142,5038.965716384099,5205.944170681373,5308.92190789197,5409.36761523643,5642.198869816359,5853.483103325802,7392.375332556154,4111.9216209059
2025-08-15 05:15:00+00:00,169,2550,1393.7326694424428,1926.9917279556298,3340.052165169629,3910.3906587353376,4586.399606093672,5261.3345826946215,5680.408372594762,6168.978305459099,6439.5146057358725,6799.128643781406,6975.130098995402,7158.277634037629,7286.481524863782,7509.606202299997,7674.0274218057575,7764.23685135428,8005.182460513339,8260.957750400456,8517.526701219636,10796.433871434467,6067.569106238802
2025-08-15 05:30:00+00:00,170,2565,1911.904352153242,2530.0943447488494,4693.4826399882995,5455.14617961852,6812.052208810742,7297.878759658869,8226.176682088326,8611.446309292889,9115.207711197647,9344.159015705143,9601.987176430133,9797.90419204025,10062.400563049558,10314.202680157636,10423.764525515382,10598.3334629788,10991.24144107103,11213.83839199713,11691.578693366268,14589.2881085056,8383.835630004896
2025-08-15 05:45:00+00:00,171,2580,2536.8182796571514,4400.292688240118,6228.968378981775,7414.154845101804,9038.411107694272,10171.87420960826,10868.956726513248,11353.978548079722,11841.66817588147,12140.13658847079,12430.562715678214,12713.408121853998,13119.562892381267,13314.123387581509,13438.757014553008,13728.754768527842,14195.358766855261,14488.448459970039,15016.278318718389,18686.767554728205,11000.529393497021
2025-08-15 06:00:00+00:00,172,2595,3214.4136083729054,6463.256955755754,7845.4313845922,9705.720159428605,11422.163163093566,12986.54645137349,13701.423782426751,14497.109527144788,14902.07563127246,15217.371510705269,15556.881067366254,16005.635813167557,16338.868312692897,16500.03007155533,16696.4719274921,17264.33218604864,17621.97081457034,17993.54924242739,18696.024817930396,23015.10973673286,13845.415628670935
2025-08-15 06:15:00+00:00,173,2610,3952.8413744350496,4583.644013960014,8219.007743852982,9604.533801709164,11840.624741079439,13950.867308831628,16676.153501862445,17712.408393477566,18453.466819937883,18978.302275535993,19419.773523382322,19939.660657137825,20126.111516903064,20341.855722147517,20697.189141564413,21222.35974154045,21559.938958252606,21809.906155924382,22305.527520627453,27658.827291824997,16446.105958376647
2025-08-15 06:30:00+00:00,174,2625,4508.3175368276125,5227.574893208494,9520.744850988624,11742.507576263051,14538.034744864299,18802.4500217549,20513.099532845645,21168.447765928617,21749.68764837435,22469.26146283945,23017.707748514953,23208.960683213874,23377.15511944513,23650.273084209868,24155.639025097495,24718.1836939439,25048.404491522288,25372.231837130326,26155.93748612134,32241.545562254192,19433.115497146697
2025-08-15 06:45:00+00:00,175,2640,5378.251023355878,5836.083795005515,11840.949877465277,14768.364804829009,19299.231921232295,21630.706109782128,23521.963347919354,24230.39761181273,24973.110962954008,25819.50219545847,26284.904623642073,26468.9563336569,26639.818633177736,26918.12485378189,27368.38938868388,28109.099702759737,28522.479686881376,28913.921994620297,29901.723133493164,36850.08699658616,22428.262657361538
2025-08-15 07:00:00+00:00,176,2655,6146.304886065866,6892.664161326225,13443.372332836514,16938.983315860627,20986.104189292957,23949.40821869415,26057.81461917019,27268.063743817496,28180.185794967165,29092.1532792085,29574.687122446958,29810.99428718413,29995.15781930256,30251.47439287396,30732.701337117513,31548.03941860244,32160.866064323385,32558.52300112135,33551.63879291903,41432.523927934366,25208.37851182434
2025-08-15 07:15:00+00:00,177,2670,6916.050212186146,7583.450145782544,14641.408122029332,17406.934236600053,23632.273306289702,26508.352717339363,28799.80185971534,30317.148645912657,31301.100609385245,32204.369179234884,32739.61535442714,33031.971645534984,33228.79473720223,33425.61782886948,33955.84932262744,34387.78218073091,35398.6642775156,35942.59800332214,36526.429457045924,45943.680621886226,27836.656114401954
2025-08-15 07:30:00+00:00,178,2685,7752.436283226332,8296.35086663692,16124.24370014102,19237.291670330374,26042.489182735382,28653.097716581666,31039.542167277235,32853.86503540758,34251.50753359576,35098.87141522995,35968.99721565557,36169.407197929344,36373.33521263138,36687.99613558931,37362.18493949678,37697.16179529161,38665.94963803422,39265.01072669795,39880.27990613524,50343.77259871704,30200.501371060545
2025-08-15 07:45:00+00:00,179,2700,8473.107156180553,8810.767468310707,17541.230518392644,23352.232948622444,28169.08899528374,30811.478905654076,33452.2176013337,35623.56282449239,37284.856357586905,38139.060838586665,38921.88538504092,39122.154520382355,39334.89556589639,39608.71406622076,40271.96298133295,40601.99536088358,41163.30752419271,42059.91239937647,42861.22096215424,54597.3735834883,32678.746330591584
2025-08-15 08:00:00+00:00,180,2715,9072.143798949357,9444.697408540205,18813.60716635306,27722.292384019092,31411.993383848723,34262.389721862455,37045.080435952426,38917.833539103725,40540.37899702305,41625.17434942445,41839.39131049639,42053.60827156832,42314.06165263694,42593.75696542438,43310.7331460379,43584.32082157574,44175.485592728015,45046.76064741126,45859.4706452944,58672.657439668335,35478.06766907392
2025-08-15 08:15:00+00:00,181,2730,9624.034083296778,10046.791456375046,20181.494323425854,30451.019283870257,33860.790494561494,36608.29258696173,40067.31540380733,42146.933644675686,43639.52493109998,44327.64855136338,44532.008057672756,44736.36756398214,45050.281807160194,45544.683256567594,46077.519073204414,46337.351892840714,46847.90517693908,47778.723522137814,48577.660926170414,62392.24306560699,37910.871880854356
2025-08-15 08:30:00+00:00,182,2745,10194.607431336448,10648.546228262598,23610.68748382036,32478.47068540626,37044.875864241054,38816.956673433815,42315.47099009911,44882.034944769934,46645.81026487277,46875.571325467754,47094.041582153295,47340.216047177,47666.638335927004,48349.36899004721,48665.37778541054,48898.62724800951,49310.193590327515,50293.14087458492,50931.56417254843,65938.84962048358,40280.07927478282
2025-08-15 08:45:00+00:00,183,2760,10752.764050946456,11252.095997057773,27581.48323749195,34804.14967789074,39062.6409149249,41024.76299912692,44378.2255850503,47354.4125180349,49031.14559932997,49267.50872677073,49503.87185421148,49780.348996144814,50102.457917894986,50814.10472693717,51091.87495340249,51312.417616710874,51582.07306197781,52631.637630096884,53431.197708584696,69299.87177611972,42498.17967119587
2025-08-15 09:00:00+00:00,184,2775,11025.691748214324,12383.969673721538,30693.953132776838,37666.73607869399,42267.408499503246,44488.16996143282,48458.396087837944,50407.15290106917,51252.507726782074,51503.848601212696,51755.18947564331,52099.639241493445,52497.71601579329,53164.023005513445,53377.63028243737,53591.23755936129,53966.61382108871,54909.0563723089,55733.38072898682,72382.67038614773,44896.13994764321
2025-08-15 09:15:00+00:00,185,2790,11111.476237609966,20406.12159172022,30379.16938737427,40502.330957361184,44576.07062569676,48624.44530796098,51607.73774491236,52867.38872341808,53097.18035893096,53326.97199444385,53646.61493285093,54158.98873398581,54697.0886442403,54971.76678099824,55153.23533702165,55334.703893045065,55520.86320989243,56314.443260133914,57326.27907653941,75168.35306294444,47068.574400861085
2025-08-15 09:30:00+00:00,186,2805,11496.448711419205,21792.489718602897,32084.05866002882,43133.25996461885,46904.93944476188,51670.74391111421,53862.615806112306,54704.11008072136,54952.63403665103,55201.1579925807,55650.004743285324,56195.820674822506,56701.21762321749,56877.239326224124,57053.26102923075,57229.282732237385,57504.99378848506,58282.46958411384,59271.63169783664,77640.1693101357,48979.87444001587
2025-08-15 09:45:00+00:00,187,2820,11896.119563042383,23500.340172694676,32782.376668150515,45066.420026254535,49574.78727239423,53599.239860724236,55651.46329109032,56207.714052255986,56455.79987437514,56703.88569649428,57189.91987479995,57751.75258865614,58232.36880532567,58400.958606180306,58569.548407034934,58738.13820788957,58906.72800874421,59644.78440949139,60664.46908193789,79783.47410345948,50479.46992214659
2025-08-15 10:00:00+00:00,188,2835,12566.860727585465,28828.62573631789,40231.68326304542,48392.6689970522,52900.47122693604,56100.769537047534,57314.740076625996,57564.27564861644,57806.09602047358,58047.916392330735,58612.70134793236,59179.46169910442,59608.16035319474,59768.0790858099,59927.99781842504,60087.9165510402,60247.83528365536,60917.65580462383,61852.19411409573,81585.71630518926,52543.631661639505
2025-08-15 10:15:00+00:00,189,2850,19997.99287793493,31426.388995098954,44614.73748426639,50249.827794227276,55098.42373513594,57464.58884382322,58473.296687660935,58699.89901258714,58926.50133751335,59153.10366243955,59886.2172098297,60344.26134726751,60734.579249124676,60893.89614239077,61053.21303565687,61212.52992892296,61371.846822189065,61823.28793174923,62801.24395265234,83036.44404250443,54398.82788524278
2025-08-15 10:30:00+00:00,190,2865,21918.867365495407,33300.1362559754,45486.28993660394,51310.34041336823,56327.45291164007,58447.03444692133,59366.85782142749,59677.10753809807,59988.45453548026,60357.95741057783,60814.240020892816,61430.453099824925,61597.9550288149,61765.456957804854,61932.95888679481,62127.678964088416,62385.42870816653,62643.17845224463,63587.66813691465,84127.3210110498,55248.61512146474
2025-08-15 10:45:00+00:00,191,2880,23505.562374311958,34064.31172537489,47016.40398826091,52590.610585916016,56996.10162168329,59485.587501539536,59807.80528567602,60095.90332089821,60431.2643798807,60804.25293353597,61689.146716790034,61898.278963166915,62107.41120954379,62316.54345592067,62491.56296244354,62665.24646022992,62838.9299580163,63012.613455802675,64020.32357647676,84852.14844687797,55942.9095358283
2025-08-15 11:00:00+00:00,192,2895,25698.29563734699,37716.45029282419,48800.52365993997,54707.83429645867,58041.68149646669,59753.81533102224,60038.97003073008,60324.124730437936,60685.307296986015,61070.750844565475,61908.67178036068,62115.94332146916,62323.214862577624,62524.31571059639,62689.84865174929,62855.38159290219,63020.91453405508,63186.44747520797,64145.5665465944,85206.8876107173,56635.25871445053
2025-08-15 11:15:00+00:00,193,2910,26720.99671131812,41312.757296324206,49964.20733048171,56335.60655485482,58772.55815128403,59788.159977136704,60068.50943846788,60350.920727302655,60736.45493530384,61476.59674496259,61929.36653066525,62138.11481246273,62346.86309426021,62527.807536256274,62682.43762986887,62837.06772348148,62991.697817094064,63146.32791070667,63990.621171766266,85189.67832447733,57058.13333500621
2025-08-15 11:30:00+00:00,194,2925,30981.535044334727,44694.59981660526,51783.140268201874,56611.10433479965,58839.68930312639,59504.53957063778,59788.89194703484,60104.37110192475,60532.03635429929,61458.77463273515,61665.72472669959,61872.67482066402,62079.624914628446,62238.337243279035,62390.336068509656,62542.33489374027,62694.33371897089,63006.15794152372,63811.021800458555,84800.84995409395,57369.62451393648
2025-08-15 11:45:00+00:00,195,2940,32530.935496987586,44645.000098092525,51343.08164023669,55389.22666765366,58105.41901374582,58875.627301365086,59175.058263039624,59514.98067315412,59955.4990254866,60840.436926659764,61032.45875618726,61224.48058571476,61416.50241524226,61577.46858788824,61729.27258725327,61881.07658661829,62032.880585983316,62332.91600475416,63172.82378305816,84042.92270666169,56853.96224091668
2025-08-15 12:00:00+00:00,196,2955,33375.0163412949,47482.19015415531,50908.34788471796,54797.044326579045,57511.96235994124,58098.78604299587,58407.001908995844,58793.58218770549,59286.41837299114,60015.81548962749,60196.690194073046,60377.564898518605,60558.439602964165,60716.6071316414,60868.67163464209,61020.73613764277,61172.80064064346,61520.90398333401,62307.64658560763,82920.59932931354,56357.15609434902
2025-08-15 12:15:00+00:00,197,2970,32963.4307548503,47059.33649809199,51144.35057914973,54115.12215288045,56561.09589382556,57047.105121702036,57329.0417063982,57582.57040481342,58201.06517830345,58896.65305107561,59181.34532450193,59313.91419101421,59446.483057526515,59579.0519240388,59711.62079055109,59919.41575436504,60174.22702899254,60433.41200040897,61169.697203089345,81440.74927155986,55429.59091454262
2025-08-15 12:30:00+00:00,198,2985,37438.11271548869,47779.19290288974,50773.46905977297,52850.78879018991,55149.28873161315,55691.06102181565,55994.19938604718,56370.52318837213,56871.3787953617,57533.75130340072,57721.370589781895,57908.989876163054,58090.649289619265,58238.355487624154,58386.06168562905,58533.76788363394,58681.47408163883,59246.1195945227,59951.549491036654,79612.38917086947,54546.89229302598
2025-08-15 12:45:00+00:00,199,3000,37483.48063713645,46206.40501088545,49859.46569466437,51789.044596300606,54050.57765500191,54402.78143305905,54744.2727719188,55052.211942726346,55530.291020692406,56229.02128168781,56470.38494335606,56704.633101524974,56846.11411638847,56987.595131251954,57129.07614611545,57270.55716097894,57521.72577243641,58027.93399982247,58666.90346135775,77446.66458833755,53508.24546801519
2025-08-15 13:00:00+00:00,200,3015,30931.69442584145,40744.38864831864,45049.186980212464,48777.3443611144,50837.03747445429,52746.90258317394,53277.72668001832,53497.09115256628,53716.45562511424,54425.4597756027,55087.84176326115,55256.62418958544,55392.40020588725,55528.17622218906,55663.952238490885,55841.581359453754,56175.34837128435,56604.386877210054,57387.24598567946,74956.83805694246,51222.448361142066
2025-08-15 13:15:00+00:00,201,3030,35107.3291826195,42254.454246964255,46595.58622338338,48262.108228451056,50268.8763214128,51205.159635608645,51496.56288546906,51830.97701528132,52209.58901928982,52900.60106012357,53091.60703201991,53255.196055110566,53418.78507820123,53582.95938578334,53811.80762967062,54040.65587355792,54334.65994615652,54924.50638561279,57704.27144476578,72158.28885363351,50395.06205831343
2025-08-15 13:30:00+00:00,202,3045,34414.95984408842,40801.89208297349,43093.37086969611,46076.61980505972,47706.022455358296,49253.480928961864,49565.69996078063,49878.17626742882,50259.30952131583,50721.562180251305,51254.05538681422,51410.89343423723,51567.73148166024,51724.56952908324,51892.66366013458,52233.70185216549,52612.417750229164,53317.19159314412,56085.66042524366,69068.5301518071,48620.1775914771
2025-08-15 13:45:00+00:00,203,3060,31586.284949650693,38132.25735136916,40776.61205142394,43282.04528526449,44623.5542257459,46150.80066787413,47045.89516041813,47328.10697866648,47663.65629056603,48060.44494702807,48706.49264559927,48899.512595639746,49063.213324920755,49226.91405420177,49406.327213095035,49775.59030673386,50237.70724292655,50881.12010655522,53357.80255127596,65707.2497911048,46045.0781611731
2025-08-15 14:00:00+00:00,204,3075,30996.761253011216,36839.200564199644,38766.4338787379,41162.94643918776,42224.936172428475,43698.7297069179,44560.12394386448,44847.04585712454,45165.759753681334,45514.306315955226,46044.66819532581,46318.71892442051,46494.862941144536,46671.00695786857,46889.64656954459,47186.97622263388,47560.89167028798,48109.09312402954,49574.51200868242,62096.383159813224,43415.8672284791
2025-08-15 14:15:00+00:00,205,3090,28738.55018237037,34496.51046405611,36245.84826274967,38176.94897190339,39501.06077364223,40811.59899408865,41710.84218325216,41988.47970152225,42261.256531918116,42528.680647733105,42963.14659859847,43351.915616141254,43559.28004117771,43766.64446621417,43992.554098894165,44219.29785925774,44561.56559359684,45083.76829320275,46913.43619099256,58318.633682139545,40597.87596644205
2025-08-15 14:30:00+00:00,206,3105,26830.553080396414,32153.203720871985,33736.404495329436,35564.49344571905,36814.553849918826,37959.43440354146,38780.69751827559,39022.91150057102,39267.439564996865,39516.37002957328,39870.55724642431,40294.844162805515,40506.348497868865,40718.30792932661,40939.81743215506,41161.32693498351,41527.33808571354,42062.80142922252,43765.430569088414,54355.934835475506,38250.72354539814
2025-08-15 14:45:00+00:00,207,3120,25834.757086938804,29574.301125487505,30921.112876393443,32692.04555643934,33664.33639725344,34762.09896595791,35661.64611358704,35875.562850866256,36089.47958814548,36315.06878234265,36541.41922373012,37041.05090836007,37279.98691015048,37518.65740006023,37751.08836077424,37986.89901813318,38362.566227467105,38904.930967750384,40673.07227127354,50130.03810391156,35240.00540636065
2025-08-15 15:00:00+00:00,208,3135,22687.572620698043,26804.174351363028,28251.07477098766,29804.172914061386,30738.353808440443,31547.839177566282,32247.90113860383,32686.508645091722,32900.61293027185,33112.02284975977,33320.71471736478,33674.82865972728,34082.44383504719,34383.16808833849,34623.09015918675,34932.04716368444,35375.267387508524,36449.210223972164,37581.410763045,45767.8110355468,32194.251274179125
2025-08-15 15:15:00+00:00,209,3150,20266.296174272484,23112.721000883626,24686.735492160748,25474.707119231818,26888.872195084346,27519.43982015518,28352.665600300683,28947.448415768635,29257.355269298794,29446.701391244904,29663.77851513519,29906.453486973936,30309.594947813108,30627.466139529202,30953.803408852087,31286.193461575313,31673.473035230123,32669.756561503567,33566.63843939966,41305.21576733921,28508.59510481082
2025-08-15 15:30:00+00:00,210,3165,17547.07617296633,20218.891098568452,21737.427893357035,22405.965676325915,23556.82736739177,24139.105063396535,24803.761289338596,25409.12907070493,25719.009774631195,25871.691023132764,26024.372271634336,26307.94379796506,26663.572380380007,27016.583949482538,27306.34155430715,27604.62758181072,27978.43307336273,28816.029796659717,29820.31037803187,36782.285760119805,25069.636949616146
2025-08-15 15:45:00+00:00,211,3180,14608.705348149846,16522.55594882524,17819.05238893641,18666.306326548307,19135.82226251744,19897.988416182518,20749.178567635354,21256.178173326094,21805.263070814275,22239.709056616,22443.527744029954,22594.928242910217,22956.669405853143,23315.213415045888,23639.966583719222,23907.483424357863,24223.553486075674,24918.200587980733,25544.44727978115,32243.97070608504,21243.255193358196
2025-08-15 16:00:00+00:00,212,3195,12076.446521497028,13312.654510938699,14242.984372234474,15443.187141451404,15927.71207099428,16241.4736749142,16907.352196484077,17608.310372951404,17969.01077740596,18382.54277324524,18832.697677335764,19019.97038039306,19192.7306853727,19506.559098481925,19872.424621520095,20177.757847495293,20469.079618138192,21131.210673354606,21688.276370254185,27741.23068568375,17674.101248056628
2025-08-15 16:15:00+00:00,213,3210,9732.39144145624,10608.002268760492,11644.210860310279,12451.988934591534,13010.661447014842,13295.360274428265,13616.374563211431,14226.438089593963,14685.96911389153,14989.318858914421,15331.883204941807,15639.401095881665,15870.074685976811,16069.414342021968,16385.047720679464,16712.380931954976,16974.61107794331,17577.985000996337,18119.612224716482,23321.21257768656,14488.50001959407
2025-08-15 16:30:00+00:00,214,3225,7783.30229949456,8496.10769283847,9189.18626491642,9630.671031848518,10159.656708096814,10523.956732002758,10758.019536357768,11005.554631832314,11324.187587508706,11755.117695178129,11974.148400393527,12249.26587530013,12539.899031382534,12754.907557208011,13026.251390009591,13297.334502893002,13616.818134699286,14050.915989550575,14612.022981399929,18917.03812561399,11489.191805680237
2025-08-15 16:45:00+00:00,215,3240,5684.661781121342,6435.8983028618695,6927.179888236697,7393.178337196791,7658.66164236053,8062.253448169572,8363.970570499589,8601.108268081782,8815.934567167425,9066.158285022404,9339.353794887684,9562.191074740731,9786.392018048195,10002.333943053956,10120.26043147707,10297.843067018483,10549.724644060276,10808.190130632433,11607.635279957698,14891.28814545591,8844.616218505917
2025-08-15 17:00:00+00:00,216,3255,3237.303764438359,4271.636675693789,4866.286360702426,5194.689585628169,5570.721880140689,5775.147058175446,6040.994239573618,6223.210858519635,6464.049958484244,6607.979161270997,6796.250440984074,7027.523238061333,7210.697459852928,7375.563914297661,7551.075383626985,7660.380451069779,7787.107213525581,8048.615347335673,8960.833761662572,11161.183902388624,6428.006265318376
2025-08-15 17:15:00+00:00,217,3270,2238.4054270939528,2725.8775147695887,3242.1749625620846,3563.2333832545846,3794.777958249247,3973.4976998601273,4128.302540580683,4262.767962784611,4449.625241076825,4558.178359125542,4703.816737112469,4884.7309358025595,5017.725053808688,5130.924200938447,5270.567277579484,5346.278258299675,5443.145128135777,5629.445246612978,6253.072364941985,7813.570291028836,4436.728581812217
2025-08-15 17:30:00+00:00,218,3285,1359.599599904246,1640.0580552652357,1986.4069512166743,2199.5119204116577,2324.6883264236067,2481.697146490171,2558.29589972857,2659.685129027098,2762.2951566116503,2843.083041073295,2915.825754255209,2993.612175016124,3111.1551592674123,3199.580938742491,3264.906773239115,3353.322064150133,3416.8823699194595,3534.520771578616,3895.8889536378533,4982.491304769146,2755.2444865351786
2025-08-15 17:45:00+00:00,219,3300,774.4942545855243,1000.5739915162422,1168.2611069002457,1396.7265122094716,1529.7680190459391,1600.7577863908928,1699.1497755144783,1765.3488902178012,1835.6192323685138,1888.869548366295,1966.3912308966185,2017.4512293402445,2103.007767848139,2173.3937035892172,2230.9872221936075,2287.330804753799,2377.29024158541,2467.432485345815,2766.028299240843,3478.315140941587,1840.3031638381347
2025-08-15 18:00:00+00:00,220,3315,476.1767637132817,668.3623085001368,766.3838925399376,845.7351739730999,949.0459752986889,1031.5176633413034,1070.2952683849812,1134.3835611921716,1182.6390655006207,1229.6458325760968,1266.7375178306163,1321.0037960964653,1372.9211470699472,1426.7233572467783,1474.4364010349386,1512.5750824778454,1591.6297437006383,1649.7552725275623,1761.8254003414909,2331.5202153694895,1195.6493612221097
2025-08-15 18:15:00+00:00,221,3330,223.64604408850104,333.9808527590054,378.63928406433865,417.1621870650218,470.8153001110172,511.4396229618757,532.4552843725646,564.9251074956991,589.5361400755916,614.6191445995031,630.8756511572911,659.6516946736061,689.9201966247113,709.3482129374918,735.9826633793045,756.3239651710555,792.5296972483708,820.5952472986055,941.7293005019885,1176.5388473158366,598.0771655736277
2025-08-15 18:30:00+00:00,222,3345,19.245419826843094,30.807537912492943,34.94873066525732,37.26150055157118,42.41034945288943,46.61841614580876,48.91832850188108,50.38834675729368,53.46087370995215,55.95593396609727,59.08306540552015,60.99440939403709,63.44507762861893,66.74598311885126,68.7962825965768,71.03415602670366,73.63552538927357,77.34788999211634,89.53303098733254,114.14967773916287,55.33811456669372
2025-08-15 18:45:00+00:00,223,3360,0.0,0.0,0.0,0.0,0.0,0.0,0.0,0.0,0.0,0.0,0.0,0.0,0.0,0.0,0.0,0.0,0.0,0.0,0.0,0.0,0.0
2025-08-15 19:00:00+00:00,224,3375,0.0,0.0,0.0,0.0,0.0,0.0,0.0,0.0,0.0,0.0,0.0,0.0,0.0,0.0,0.0,0.0,0.0,0.0,0.0,0.0,0.0
2025-08-15 19:15:00+00:00,225,3390,0.0,0.0,0.0,0.0,0.0,0.0,0.0,0.0,0.0,0.0,0.0,0.0,0.0,0.0,0.0,0.0,0.0,0.0,0.0,0.0,0.0
2025-08-15 19:30:00+00:00,226,3405,0.0,0.0,0.0,0.0,0.0,0.0,0.0,0.0,0.0,0.0,0.0,0.0,0.0,0.0,0.0,0.0,0.0,0.0,0.0,0.0,0.0
2025-08-15 19:45:00+00:00,227,3420,0.0,0.0,0.0,0.0,0.0,0.0,0.0,0.0,0.0,0.0,0.0,0.0,0.0,0.0,0.0,0.0,0.0,0.0,0.0,0.0,0.0
2025-08-15 20:00:00+00:00,228,3435,0.0,0.0,0.0,0.0,0.0,0.0,0.0,0.0,0.0,0.0,0.0,0.0,0.0,0.0,0.0,0.0,0.0,0.0,0.0,0.0,0.0
2025-08-15 20:15:00+00:00,229,3450,0.0,0.0,0.0,0.0,0.0,0.0,0.0,0.0,0.0,0.0,0.0,0.0,0.0,0.0,0.0,0.0,0.0,0.0,0.0,0.0,0.0
2025-08-15 20:30:00+00:00,230,3465,0.0,0.0,0.0,0.0,0.0,0.0,0.0,0.0,0.0,0.0,0.0,0.0,0.0,0.0,0.0,0.0,0.0,0.0,0.0,0.0,0.0
2025-08-15 20:45:00+00:00,231,3480,0.0,0.0,0.0,0.0,0.0,0.0,0.0,0.0,0.0,0.0,0.0,0.0,0.0,0.0,0.0,0.0,0.0,0.0,0.0,0.0,0.0
2025-08-15 21:00:00+00:00,232,3495,0.0,0.0,0.0,0.0,0.0,0.0,0.0,0.0,0.0,0.0,0.0,0.0,0.0,0.0,0.0,0.0,0.0,0.0,0.0,0.0,0.0
2025-08-15 21:15:00+00:00,233,3510,0.0,0.0,0.0,0.0,0.0,0.0,0.0,0.0,0.0,0.0,0.0,0.0,0.0,0.0,0.0,0.0,0.0,0.0,0.0,0.0,0.0
2025-08-15 21:30:00+00:00,234,3525,0.0,0.0,0.0,0.0,0.0,0.0,0.0,0.0,0.0,0.0,0.0,0.0,0.0,0.0,0.0,0.0,0.0,0.0,0.0,0.0,0.0
2025-08-15 21:45:00+00:00,235,3540,0.0,0.0,0.0,0.0,0.0,0.0,0.0,0.0,0.0,0.0,0.0,0.0,0.0,0.0,0.0,0.0,0.0,0.0,0.0,0.0,0.0
2025-08-15 22:00:00+00:00,236,3555,0.0,0.0,0.0,0.0,0.0,0.0,0.0,0.0,0.0,0.0,0.0,0.0,0.0,0.0,0.0,0.0,0.0,0.0,0.0,0.0,0.0
2025-08-15 22:15:00+00:00,237,3570,0.0,0.0,0.0,0.0,0.0,0.0,0.0,0.0,0.0,0.0,0.0,0.0,0.0,0.0,0.0,0.0,0.0,0.0,0.0,0.0,0.0
2025-08-15 22:30:00+00:00,238,3585,0.0,0.0,0.0,0.0,0.0,0.0,0.0,0.0,0.0,0.0,0.0,0.0,0.0,0.0,0.0,0.0,0.0,0.0,0.0,0.0,0.0
2025-08-15 22:45:00+00:00,239,3600,0.0,0.0,0.0,0.0,0.0,0.0,0.0,0.0,0.0,0.0,0.0,0.0,0.0,0.0,0.0,0.0,0.0,0.0,0.0,0.0,0.0
2025-08-15 23:00:00+00:00,240,3615,0.0,0.0,0.0,0.0,0.0,0.0,0.0,0.0,0.0,0.0,0.0,0.0,0.0,0.0,0.0,0.0,0.0,0.0,0.0,0.0,0.0
2025-08-15 23:15:00+00:00,241,3630,0.0,0.0,0.0,0.0,0.0,0.0,0.0,0.0,0.0,0.0,0.0,0.0,0.0,0.0,0.0,0.0,0.0,0.0,0.0,0.0,0.0
2025-08-15 23:30:00+00:00,242,3645,0.0,0.0,0.0,0.0,0.0,0.0,0.0,0.0,0.0,0.0,0.0,0.0,0.0,0.0,0.0,0.0,0.0,0.0,0.0,0.0,0.0
2025-08-15 23:45:00+00:00,243,3660,0.0,0.0,0.0,0.0,0.0,0.0,0.0,0.0,0.0,0.0,0.0,0.0,0.0,0.0,0.0,0.0,0.0,0.0,0.0,0.0,0.0
2025-08-16 00:00:00+00:00,244,3675,0.0,0.0,0.0,0.0,0.0,0.0,0.0,0.0,0.0,0.0,0.0,0.0,0.0,0.0,0.0,0.0,0.0,0.0,0.0,0.0,0.0
2025-08-16 00:15:00+00:00,245,3690,0.0,0.0,0.0,0.0,0.0,0.0,0.0,0.0,0.0,0.0,0.0,0.0,0.0,0.0,0.0,0.0,0.0,0.0,0.0,0.0,0.0
2025-08-16 00:30:00+00:00,246,3705,0.0,0.0,0.0,0.0,0.0,0.0,0.0,0.0,0.0,0.0,0.0,0.0,0.0,0.0,0.0,0.0,0.0,0.0,0.0,0.0,0.0
2025-08-16 00:45:00+00:00,247,3720,0.0,0.0,0.0,0.0,0.0,0.0,0.0,0.0,0.0,0.0,0.0,0.0,0.0,0.0,0.0,0.0,0.0,0.0,0.0,0.0,0.0
2025-08-16 01:00:00+00:00,248,3735,0.0,0.0,0.0,0.0,0.0,0.0,0.0,0.0,0.0,0.0,0.0,0.0,0.0,0.0,0.0,0.0,0.0,0.0,0.0,0.0,0.0
2025-08-16 01:15:00+00:00,249,3750,0.0,0.0,0.0,0.0,0.0,0.0,0.0,0.0,0.0,0.0,0.0,0.0,0.0,0.0,0.0,0.0,0.0,0.0,0.0,0.0,0.0
2025-08-16 01:30:00+00:00,250,3765,0.0,0.0,0.0,0.0,0.0,0.0,0.0,0.0,0.0,0.0,0.0,0.0,0.0,0.0,0.0,0.0,0.0,0.0,0.0,0.0,0.0
2025-08-16 01:45:00+00:00,251,3780,0.0,0.0,0.0,0.0,0.0,0.0,0.0,0.0,0.0,0.0,0.0,0.0,0.0,0.0,0.0,0.0,0.0,0.0,0.0,0.0,0.0
2025-08-16 02:00:00+00:00,252,3795,0.0,0.0,0.0,0.0,0.0,0.0,0.0,0.0,0.0,0.0,0.0,0.0,0.0,0.0,0.0,0.0,0.0,0.0,0.0,0.0,0.0
2025-08-16 02:15:00+00:00,253,3810,0.0,0.0,0.0,0.0,0.0,0.0,0.0,0.0,0.0,0.0,0.0,0.0,0.0,0.0,0.0,0.0,0.0,0.0,0.0,0.0,0.0
2025-08-16 02:30:00+00:00,254,3825,0.0,0.0,0.0,0.0,0.0,0.0,0.0,0.0,0.0,0.0,0.0,0.0,0.0,0.0,0.0,0.0,0.0,0.0,0.0,0.0,0.0
2025-08-16 02:45:00+00:00,255,3840,0.0,0.0,0.0,0.0,0.0,0.0,0.0,0.0,0.0,0.0,0.0,0.0,0.0,0.0,0.0,0.0,0.0,0.0,0.0,0.0,0.0
2025-08-16 03:00:00+00:00,256,3855,0.0,0.0,0.0,0.0,0.0,0.0,0.0,0.0,0.0,0.0,0.0,0.0,0.0,0.0,0.0,0.0,0.0,0.0,0.0,0.0,0.0
2025-08-16 03:15:00+00:00,257,3870,0.0,0.0,0.0,0.0,0.0,0.0,0.0,0.0,0.0,0.0,0.0,0.0,0.0,0.0,0.0,0.0,0.0,0.0,0.0,0.0,0.0
2025-08-16 03:30:00+00:00,258,3885,0.0,0.0,0.0,0.0,0.0,0.0,0.0,0.0,0.0,0.0,0.0,0.0,0.0,0.0,0.0,0.0,0.0,0.0,0.0,0.0,0.0
2025-08-16 03:45:00+00:00,259,3900,0.0,0.0,0.0,0.0,0.0,0.0,0.0,0.0,0.0,0.0,0.0,0.0,0.0,0.0,0.0,0.0,0.0,0.0,0.0,0.0,0.0
2025-08-16 04:00:00+00:00,260,3915,6.30141772996455,8.07429974479816,13.825525179479849,17.1184657664226,21.39210214671338,28.006028429687767,30.544567763231655,36.690063003628715,42.25408703655419,45.86768147093047,48.68834850338099,52.76311392629621,57.691997817382756,61.88938943312017,66.6219901460197,70.62226068578153,77.21911052230061,81.78084957853439,91.35842013517119,127.7790071544142,45.80327304878507
2025-08-16 04:15:00+00:00,261,3930,46.72893584241503,64.72312530843254,112.26017257579481,145.23124224970553,175.66305388819535,209.40157442717953,262.6198017570386,331.62698412510275,371.4890689173546,412.32467631837886,440.75862036510955,484.9525213843446,514.2575755860427,568.6980360398878,610.5789448702892,672.7490368997755,727.1381270800393,761.4567159512486,850.6737167064925,1222.5735516616144,414.9307797302605
2025-08-16 04:30:00+00:00,262,3945,79.60226413332201,142.13661738075825,239.6788777165992,302.7930460787877,380.4363071684509,479.4979955721725,569.9751170540882,685.0216939912026,767.7794700609062,839.2520799477405,919.5025243855152,968.1203910268448,1076.6920829049918,1150.4383305628528,1252.7488534174818,1371.7434668557955,1427.9058512392946,1497.1139770149255,1637.0880787900433,2372.9307125687587,840.5671973352271
2025-08-16 04:45:00+00:00,263,3960,543.2856963046193,708.8587803377649,811.439063313985,954.1489280217255,1052.519020131327,1232.5955005134902,1415.3250109104092,1598.9872761400243,1746.474850859796,1860.0610671947418,2046.5065324464467,2179.8538501188145,2346.9156708919822,2538.3275710517455,2656.9930767788005,2785.3265569770165,2979.107128456028,3121.1443454766663,3407.658578345152,4321.533637980067,1899.4006229120823
2025-08-16 05:00:00+00:00,264,3975,882.488045811198,1042.4435258228527,1312.798327715368,1574.486068898839,1790.495839463465,2140.787600713713,2509.8513616753876,2776.4834247564436,3008.9158131729023,3295.6208811313622,3510.9170711634824,3829.579458398818,4122.472863614593,4347.070522563288,4530.89636807308,4826.609243007647,5053.807441639932,5305.716469847242,5733.253828502945,7197.953528809065,3245.762322489417
2025-08-16 05:15:00+00:00,265,3990,1284.8075022697524,1490.1005390956275,1882.7082295976932,2265.1142962425797,2646.496981005832,3103.8055053884036,3704.6939438722607,4208.673076280745,4570.670387444359,5014.527009040447,5320.829710493372,5721.837281155466,6204.674068552048,6474.713889558107,6773.335675789117,7231.1230243516675,7460.487734846028,8063.450120511597,8456.11723422495,10591.782364334473,4856.640559459977
2025-08-16 05:30:00+00:00,266,4005,1647.8096344789797,1958.4715937763183,2506.1481526790426,3016.5021889188224,3652.5790548339683,4261.338564013873,5256.160670996799,5798.040574650435,6448.928518143081,7000.060727047944,7587.386657124377,8172.76224663495,8598.047699561776,9001.784848215886,9285.591663532647,9762.93299521771,10071.332744080531,10916.617212061898,11412.60015401596,14377.725465815787,6691.726321078047
2025-08-16 05:45:00+00:00,267,4020,2129.911383890197,2491.9100728093017,3496.8811973908587,4024.849679564393,5076.96901020245,6245.844504735075,7219.34133457095,8083.078420796867,8752.691938255162,9439.541939944644,10216.757652548338,10840.55396395815,11346.227829836906,11623.84330979475,12131.046524100344,12567.335929423543,13094.035578397146,14033.143895110476,14547.870866121502,18472.91208707896,8861.149595214656
2025-08-16 06:00:00+00:00,268,4035,2440.78080674588,2829.871469799286,3808.101585572137,4688.457187389564,5486.233444623008,7401.144189882217,8806.117123484695,10181.17901144538,10916.280900103555,11797.212933311655,13215.544378667826,13635.831938127973,14221.581209062428,14785.99852051839,15175.528564017208,15764.432255619153,16778.624531843518,17307.179458421866,17864.623869994408,22790.633054914884,10960.210792132442
2025-08-16 06:15:00+00:00,269,4050,3036.1503450948394,3938.6077313472642,5496.934676580808,6191.221286547267,7448.366553890672,9046.052608702308,10408.524837937512,11371.758057122055,12528.54184053201,13768.289953497366,14603.893880123234,15561.089242200274,16620.33150688998,17076.515090305813,17890.106602834545,18468.928848979114,19118.712373435956,20235.496984380312,21043.51955401972,27434.831762578364,12850.2831019009
2025-08-16 06:30:00+00:00,270,4065,3601.092762546979,5608.023880178081,6699.322897028229,7383.668295624398,9630.988522463482,10732.677457620079,12272.847731321419,13194.213329053195,14458.995598755613,16147.56919583375,17910.366958217644,19411.25288679647,20223.64672520035,20962.677121059805,21603.288016078353,22630.95007874476,23486.945515238254,24353.331534691923,25261.28407650548,32034.299107480187,15586.147909342913
2025-08-16 06:45:00+00:00,271,4080,4223.803120144875,6731.583135433717,7763.685423628303,8775.680243624327,11454.38099511776,12451.8298677548,14473.176861852085,16852.761524986665,18901.33226337526,20766.92717957363,22607.643595118552,23822.896887207375,24618.246011738844,24984.911686267686,26535.61725341586,27023.23621715291,27480.61048963871,28187.71055133613,29146.626289697142,36648.7788884797,18776.414871721172
2025-08-16 07:00:00+00:00,272,4095,4681.102598772806,7091.737269350023,8758.642000864416,9793.684186101817,11844.900003652985,15201.781545751606,17837.89587306177,20937.63485714467,24326.965537559186,26237.44544522346,27480.84092107873,28058.15762563468,28390.728813872876,30046.693473453794,30386.948533260056,30751.399942681976,31323.666326413877,32159.766471869087,33047.10657724782,41237.38953033797,21986.05766805458
2025-08-16 07:15:00+00:00,273,4110,5834.139511502604,8417.567452928324,10310.911513539348,11693.676244779437,13542.519765180366,17052.206195506697,20163.302415965707,23359.289225547396,28698.90026912808,29884.5702325841,30915.02102290382,31486.04402519861,32129.75538755943,33766.5340949644,34294.57682236202,34836.99296508313,35242.16017246486,36068.21521007731,37292.87674932884,45754.61678673393,24954.634828801725
2025-08-16 07:30:00+00:00,274,4125,7000.131775651146,10233.749435827738,12132.736818276335,14327.296622196736,17643.00112192862,21774.75150314817,25515.833684697107,30427.548046222775,33097.4627322264,34196.532667099396,35217.669764081606,35770.885293333915,37386.10927627911,38030.13991802445,38663.82443226063,39226.081552180774,39914.325779445884,40809.93618819216,43197.4399168595,50160.443559529675,29085.009050679397
2025-08-16 07:45:00+00:00,275,4140,7982.543905811902,9915.461733203376,12555.230903327469,14561.875839561164,17259.177365422507,21252.026664930727,25015.44004208674,30075.386604788833,35387.08954976166,36949.30505382249,37785.7068559181,38724.567605443764,40636.15029879049,41388.07621962814,42102.882748106174,42766.74788649647,43589.459320039285,44214.26362259477,47146.28605775286,54419.28422689197,30962.783758537877
2025-08-16 08:00:00+00:00,276,4155,8561.517264353002,11301.570931771676,14015.142191585108,16764.68314187539,20326.38915234807,23221.826242658837,25816.733497138855,32057.25672659454,37988.9617997097,39746.04026397984,40332.403556565296,41749.06678542395,43983.874430403754,44847.77080532652,45529.97895911124,46078.93423973902,46954.358333877164,47724.443161399424,50860.89847585927,58499.20372438284,33495.567617872795
2025-08-16 08:15:00+00:00,277,4170,12042.423751697008,14428.309774313053,16867.03731222765,19842.636879263893,22627.290929286435,26095.111133260732,30701.390577862392,36204.67812726147,40613.73304323912,42104.7446357865,43124.44014982492,45116.56743844222,46635.40288771354,47147.85531089879,48073.36549796682,48485.29079452572,49186.40503006966,49989.182181258424,53434.00628266296,62235.68699522169,36329.43583800739
2025-08-16 08:30:00+00:00,278,4185,12910.141292086057,15371.92083520775,18691.32420482711,22752.071609862043,25478.333586916997,28022.932949657858,32312.193452634343,37976.72785459017,41388.95546177764,43523.313303398725,44600.158470039074,45735.63358129758,48331.00481201623,49394.93482997626,50192.5346534443,50950.80899524925,51595.392922347375,52594.19714235233,56249.52933240785,65770.19186784726,38191.437371481574
2025-08-16 08:45:00+00:00,279,4200,13580.764945737541,16083.257964363158,19907.246361055142,23109.159922561594,25666.266489837784,28665.0880498273,32904.87461550086,37306.719286534026,42577.249017098,44938.56475501415,46353.7199290727,47397.68978410945,50409.01098898128,51534.414085626,52173.69004562003,53290.560735694286,53805.96139658252,54946.94086619321,58892.65526603351,69133.98348904749,39550.03237589392
2025-08-16 09:00:00+00:00,280,4215,14414.792551966766,17260.249964695584,20947.86146436829,23826.71489626603,25924.199407864293,30010.035892804925,34080.046296911496,40227.66698341826,43316.47154400908,45756.1115917154,48087.00114849411,49071.755330867716,49885.73930540785,53168.22916668448,54090.64191139038,54890.72777675442,55848.90439996475,56936.4499901229,58457.457690697884,72218.75356735979,40810.783990443655
2025-08-16 09:15:00+00:00,281,4230,14710.146291619945,17395.739434027026,21238.628259962763,23724.984915331654,26254.537968300607,29789.87454440276,33372.06333911636,39159.00824215484,43650.53733493013,46016.18531582809,48389.45086467746,50194.38005148655,50801.29198383034,52275.2768859708,55121.82845241798,56084.53641148957,57032.59459256141,58092.58556949108,59859.36530635846,75005.60102918431,41228.93737756375
2025-08-16 09:30:00+00:00,282,4245,14049.229690519851,17694.586527825846,19177.4288861455,22930.77301434429,26426.91332028554,29160.55528406132,32120.74552870769,38937.07345566762,44482.08783654306,46674.754853586215,49254.00963784471,51501.49089510943,52495.92486884952,53410.84196696148,56552.47476075982,57819.465993087775,58374.64068401309,59806.99873546333,61058.811015274114,77477.7737729898,41604.609598287505
2025-08-16 09:45:00+00:00,283,4260,10847.277892239179,18029.782570270094,22727.89456951451,24556.81650040255,27999.38754968303,31818.133325974028,39179.352614513606,45306.6451156804,46554.597696748046,48828.51741804548,51778.54833053141,52886.81042755822,53800.12790758889,54385.23251407928,57268.20207353783,58148.29670589591,59265.23259342502,59987.25606111069,61498.40578452992,79620.63107669033,43012.32038502641
2025-08-16 10:00:00+00:00,284,4275,9816.10493779116,17964.287852568257,19394.128726322342,26396.990919543405,30225.3651195508,35064.58851825439,44303.06927462466,46502.40518458737,48003.80192107575,50078.634902150414,52415.62995018018,53504.341213767664,54072.847932456876,54725.235340626794,55522.859839988596,58474.06684212703,58997.84537086971,60460.56044388064,61207.41409146138,81421.63130639603,43684.65131402047
2025-08-16 10:15:00+00:00,285,4290,10916.566196761856,19036.627498187012,23089.228551998058,28905.902576607263,33072.77440337534,39073.859570879526,45438.00932439447,47751.82166561014,48675.20419098579,50555.05253656264,52058.17448049467,54378.70778284268,54937.67247762665,55518.44232216686,56344.94314599884,57580.82280872046,59857.82786090185,60244.60880830443,62378.33217904606,82870.33684774837,44806.72018284723
2025-08-16 10:30:00+00:00,286,4305,12397.096621486848,19663.17736200215,26383.161055311095,30848.414545430733,34548.88567316857,43038.711148949646,46694.42564696223,48664.81859130598,49569.69587371201,51323.731514005936,52831.69861428794,54922.26967366203,55714.467180292326,56083.173168982896,56672.7498566502,57420.276605942716,60391.05738883575,60823.135578461515,62198.76336533768,83958.43008172685,45923.803408105945
2025-08-16 10:45:00+00:00,287,4320,19577.00551329818,25202.224695455352,31723.265913222862,37131.857789329784,42293.05688767726,44461.38624786019,46662.88730000624,48861.569595469125,49590.30580241213,51373.9859884222,52966.60020376435,54909.752281156376,55616.584127139155,56200.6917821189,56990.182433465336,57784.32844149891,59906.25609233247,60956.8541093075,61336.128649208644,84679.73506827488,47670.08615912093
2025-08-16 11:00:00+00:00,288,4335,19852.97473768394,28145.151241079027,33328.28455988289,39585.99192408279,42397.008240118215,44156.64958072137,46223.094558760116,48109.869530384116,49286.73587384996,50219.3992884004,51881.64093080547,53621.02542443942,55435.3475581572,56036.92022183803,56600.70315423325,59060.50316700806,60817.644846155374,61405.85862567131,61712.10421101484,85030.23976085063,47914.108766676865
2025-08-16 11:15:00+00:00,289,4350,27002.781671593955,31637.85434611026,35198.78258239779,40235.38611954254,43736.98238370183,45856.259224143214,48011.11092539827,49173.28838829954,50742.02774901143,51296.76875924393,52651.553924274725,55287.075706771175,55864.95163082714,56427.42974103482,59212.83971050167,60781.11029664632,61305.81540079262,61609.66520802247,63129.13962452966,85008.11431610184,49562.3992047121
2025-08-16 11:30:00+00:00,290,4365,31276.791205824557,33946.059363099266,40155.00529797129,43748.89362938272,45741.02079040625,47440.3179390653,48466.857699825996,49510.9960245554,51050.67912632441,52220.977870912495,54839.229086496816,55642.30256404028,56302.18347072315,58407.554355210166,60650.09633806347,60963.466971624104,61288.93821242679,61920.95817002804,63673.15718159964,84613.72194637284,51111.82139451873
2025-08-16 11:45:00+00:00,291,4380,31978.82368340069,39254.29961787439,41873.14179496586,43681.46398059486,45675.065030375445,47730.04202945658,48588.8751542086,50215.373519362634,51250.986539505946,54553.17563615473,55335.15565535694,56750.220170300134,58250.06406797603,59665.70238259107,60374.22344518921,60725.32936293826,61272.153954945636,62876.675173059135,63718.86110900061,83849.62024223062,51894.975811323246
2025-08-16 12:00:00+00:00,292,4395,31930.974083208206,38691.4441740936,41855.78098927087,43546.25160164742,45104.605613356915,47176.082801014214,48226.77342465802,50296.63351399481,53627.77903718878,54355.871903300926,55097.38832059199,56874.96603643567,58170.049718419505,59348.29416777096,59710.20788904471,60328.62657596274,61747.93941849036,62313.523427950815,63236.374003261735,82720.55307146035,51728.540067082205
2025-08-16 12:15:00+00:00,293,4410,23148.452762837474,32096.97820722844,40033.133360424945,41725.49547058733,44359.847932057426,46179.0319569814,48545.996449887214,50514.84021079135,53237.4303099479,53848.67074361747,56000.66852260485,57175.28745214808,58382.48254477253,58820.887670497876,59250.65363646422,59984.266577823924,60925.666088401755,61678.626221665916,62508.824310764714,81233.4351446564,50537.77176088187
2025-08-16 12:30:00+00:00,294,4425,21451.66115704382,31447.698782651845,39660.12671231801,41517.56261177188,43704.02079091433,45946.33204503377,48087.384906194246,51548.99434322344,52247.887895695705,54523.66359108093,56620.98917549598,57001.59972234157,57554.046372558405,58084.98924734408,58481.155820611544,59348.40178039169,59739.11597706677,60486.13339283018,61756.171707150614,79397.33305580053,49957.09594277923
2025-08-16 12:45:00+00:00,295,4440,20620.38818432424,29908.66881321102,38545.22994941276,40537.55400183129,42397.57827338623,45436.10519396526,47385.63367617218,50378.83291417648,51157.851336366686,53703.31350649892,55226.717337563976,55628.14644565102,56296.80195109211,56690.25942349505,57214.52633084638,57845.994342944585,58315.31165146674,58749.575784189954,60285.7740753621,77223.44772383044,48759.22226661953
2025-08-16 13:00:00+00:00,296,4455,19465.51102360317,28623.78976478198,36894.247439050516,38855.7915264585,40743.00628523723,43963.70319733107,48725.125719325726,51505.48996033508,53166.18297044978,53781.31504265174,54234.4474093405,54746.086692498444,55261.423329652294,55744.98650057671,56195.31244339009,56577.37835002698,57043.110963456726,58059.787849362205,59244.45472713581,74725.10332095888,48175.83662419989
2025-08-16 13:15:00+00:00,297,4470,18752.894951137958,28430.063263723638,36537.907542225345,38980.38522016312,41546.70647961319,43950.021774627196,48770.195426111495,50598.02466965526,51779.86384660305,52297.74048273905,52691.17983827344,53085.259460108085,53754.6509509709,54166.79250765278,54551.56007049578,54905.912084628915,55424.42196779918,56145.42532068233,57326.77452837067,71917.74817510677,47214.10812360018
2025-08-16 13:30:00+00:00,298,4485,18603.335830616546,27598.019971581158,35184.635229461346,37572.30065649191,40454.74503180103,44188.370114920624,46398.56022769688,48582.86782454598,49837.61085839692,50337.000079543715,50839.85505924153,51380.00563595073,51860.63429307682,52279.086886290854,52591.39044516839,52943.867072307425,53578.340706816394,54256.64329351912,55525.00634061362,68818.97345533523,45653.48953204668
2025-08-16 13:45:00+00:00,299,4500,17549.489345604397,26766.73137133081,33263.45899031201,35829.33741673269,38559.8114247552,41906.657752429506,44068.310946073645,46516.60041449237,47438.8177105717,47942.66760144689,48477.45295125279,49040.94425823527,49487.57660415633,49882.93333922537,50276.400823934426,50713.58691805559,51208.97966517777,52184.739267351164,52996.967755474376,65448.556112042934,43557.55347825694
2025-08-16 14:00:00+00:00,300,4515,16193.637633955792,29797.92056146899,32027.648734128663,35025.10231649366,36461.498697900424,39031.5292184761,41047.13231226798,43132.74766813889,44646.14639597997,45144.71840251706,45639.933605088925,46380.34976854164,46871.502559258646,47295.772245839515,47720.04193242037,48082.06709108862,48412.05462509596,49247.11244787134,50076.35282490728,61828.53489910176,41353.63719453988
2025-08-16 14:15:00+00:00,301,4530,14677.562796567132,21497.212041709736,29508.79745507284,32424.691591814673,33842.124879447176,36175.098249407136,38361.77713081742,39463.410972340534,41402.08863973946,42181.630214675715,42643.94255098578,43329.03141481988,44052.98618705376,44558.927580317926,44880.68525686631,45202.4429334147,45640.28289595977,46342.15761259975,46994.90496528139,58063.04238350807,38068.51213833649
2025-08-16 14:30:00+00:00,302,4545,11477.568933259801,20377.802250618966,27273.05239053324,29683.256196146365,31048.07128630726,33025.859282575526,35289.39075331008,36382.12323095212,37708.56024355409,39183.015416338836,39669.3727314744,40248.48297782558,40732.51468046117,41380.471561576924,41726.35696216761,42009.35410810544,42340.274591359055,43031.06311150206,43644.51744909063,54072.389591408566,35119.417286530195
2025-08-16 14:45:00+00:00,303,4560,10691.141963522738,18610.273930635376,25008.64215572939,26801.717491576303,28951.1619253876,31406.71646938223,32637.96483833965,33307.4929113503,34513.46256644643,36008.55163955115,36419.108426215535,36899.753967480814,37431.838600062605,38052.0492111874,38407.67026466481,38798.23539436737,39180.07993331567,39611.773824242795,40383.33542416741,49838.39064525821,32491.378716856725
2025-08-16 15:00:00+00:00,304,4575,9397.551171410274,19217.67055132957,23122.37959875985,25375.334499521374,26197.683302746602,28499.39250336498,29604.556916108264,30369.6751811885,31564.227788237175,32807.02144410357,33287.04134424637,33907.84896323645,34246.013719789866,34790.33578181299,35037.52724894634,35319.47985107954,35772.780522133435,36210.32064186069,36646.41582308643,45468.72013775329,29776.84199157434
2025-08-16 15:15:00+00:00,305,4590,9907.34693208412,17422.973075409907,20908.56707574231,23078.790097252997,23661.084922508082,25865.121963473615,26539.333887468096,27218.04211788179,28299.542305924533,29585.892555624683,30115.268604842728,30516.798512370126,30824.708623278668,31246.69935610433,31566.366594915533,31895.809919914253,32340.478583456963,32749.79211010973,33183.40235857575,40999.62624568868,26934.43488178676
2025-08-16 15:30:00+00:00,306,4605,9274.471165873243,15361.641951605654,17989.969146873416,19733.491853654137,21061.07578374092,22981.95011433044,23320.82493493122,24098.796192552625,25100.398542732655,26209.45373298681,26779.160790848815,27158.238321189467,27476.973394888486,27841.58559263646,28140.30974919542,28543.595075150548,28998.720986414828,29240.281931315072,30637.61099215824,36471.51517971994,23965.668199360814
2025-08-16 15:45:00+00:00,307,4620,9446.267966542917,13461.341682418702,15483.979845062799,17144.859712043988,18273.041452613146,18754.102781560403,20243.098275569242,20934.877658161742,21758.206363346464,22343.872786441872,23238.41215867224,23638.312080531497,23977.222934664598,24309.93762037733,24653.574231267437,25057.591099946738,25391.46934028973,25625.835561788677,27415.827048877436,31929.82768460052,20873.39161351918
2025-08-16 16:00:00+00:00,308,4635,3888.3476276749834,10802.98104311715,12162.904028861974,13464.15021086848,14268.765716080869,15554.751234691115,15804.029031608281,16866.15028892249,17473.0300757531,18051.378553889623,18661.361075916768,19144.588099893303,20077.192592007785,20418.93791628776,20797.91106910148,21147.09019320967,21581.154924721042,21907.730093611313,22974.700193353667,27426.173081692432,16952.952641273456
2025-08-16 16:15:00+00:00,309,4650,2762.053089923659,6388.157513189611,9303.720312265283,10195.259159860932,11133.6922133228,11916.175422863445,12851.287541905205,13264.815531003997,14490.926397023155,14652.950549267789,15102.87624843305,15545.50377767078,16093.389086377607,16894.942749643313,17293.49580905113,17663.736830908525,18072.129918907773,18427.42970141986,19422.857264445658,22986.236527576275,13661.626203361666
2025-08-16 16:30:00+00:00,310,4665,2152.286196606639,2493.117089601432,5764.873724173778,7644.231980795952,8208.850909890183,9024.959027040597,9578.489847365754,10307.309919001307,10722.315909105442,11060.254095853643,11843.001204151202,12171.028896514104,12555.917054273294,12953.826589943756,13554.815898818893,13935.492823658125,14417.202497774157,14834.103469932334,15612.863981561424,18611.32680511196,10464.338254826807
2025-08-16 16:45:00+00:00,311,4680,1562.1747886148826,1834.8253892208909,4237.733094323828,4964.754448197323,6124.291285148074,6443.7554208588135,7042.37277756311,7471.747530801271,7999.672172427364,8335.760765750443,8547.722072843706,9199.600922936077,9315.941148519807,9733.777417016852,10021.09443425528,10394.225497859457,10887.635742471744,11358.023108978014,11651.733683985807,14596.914418947332,7762.403891009905
2025-08-16 17:00:00+00:00,312,4695,1199.0352078604253,1345.6444543711777,2861.3050804655345,3514.0240826399086,4024.941528482888,4461.902162178862,4790.336975954357,5047.873501825005,5380.10311164909,5618.63266451514,6037.977749861742,6283.092888780607,6448.941311933078,6864.051389652191,6952.7918091815945,7210.060081659684,7612.756812222867,8051.337619277712,8631.63733179981,10884.62498797878,5451.678781437387
2025-08-16 17:15:00+00:00,313,4710,870.0675319902521,964.4782035919267,1749.2826641848703,2317.3126644326126,2584.7227477530128,2853.4201611002813,3082.680972723475,3323.736107991281,3533.262409033083,3751.0543666939934,3880.6182995521426,4179.932439173228,4397.126042224395,4494.767601198044,4773.773749706805,4870.67102837331,5174.241385894219,5524.039018126717,5981.075669049524,7562.582987799627,3610.370938261214
2025-08-16 17:30:00+00:00,314,4725,532.5296565260351,620.6424474609213,1144.632223998224,1478.552867237241,1611.2485328915438,1798.1205024576461,1869.1351987624455,2056.274494732477,2156.6792030761294,2229.597306320377,2343.097564471135,2421.1140532166237,2519.8174340186465,2696.961143478348,2806.9983773955446,2959.4685840099282,3064.0345907494116,3309.157850523418,3647.4667565295563,4788.391716495946,2178.192024526787
2025-08-16 17:45:00+00:00,315,4740,370.79903099193314,598.7348185177781,805.7516748593582,1041.4722181243656,1124.4017593117626,1239.03670598203,1272.0683215063327,1399.8214063052706,1474.368078930261,1535.9034672819384,1578.9805657946185,1633.4699118514459,1689.7165425597786,1796.3982144688625,1899.8671258083407,2030.5218343298889,2122.9914198589627,2266.2508797668647,2493.441832531391,3339.0893454530465,1498.6113053914899
2025-08-16 18:00:00+00:00,316,4755,228.01740662492293,386.7157163105379,509.3694207752633,678.963457143721,727.583915161891,804.0625814462217,826.9584319090427,908.9286671294201,952.9667974455041,996.5953552063507,1023.5571224414049,1054.5723005458367,1098.6351500735157,1186.8542098733826,1253.8475361089895,1326.3622739805307,1382.6869705723896,1480.4901876623253,1682.1182861147502,2196.4253504627145,974.7154583717248
2025-08-16 18:15:00+00:00,317,4770,99.36338803502899,204.6140625060764,252.913156598825,313.25828047418975,348.8494467487162,362.0370140198875,387.9942139638192,414.54811369386636,441.90364626323617,454.73401069533224,463.5418872973365,486.25819229543424,509.0646781368448,542.709148918907,583.6301927351681,608.5352599314364,631.0040602319996,671.4767907560113,761.4484480881227,989.8617558454001,450.2723086918717
2025-08-16 18:30:00+00:00,318,4785,6.185132670530594,12.53556650546741,16.730531443067676,18.714474282418113,20.871090872354497,21.96617857690842,23.57231304748747,25.463820021246253,26.534650132216154,27.278915658702047,28.021099326452592,29.36747825854276,30.585537829173283,32.6348539653377,34.37656342987,36.07520842411468,38.28434625682347,42.34915771526506,46.389286493438185,59.896189124370174,27.267284665125068
2025-08-16 18:45:00+00:00,319,4800,0.0,0.0,0.0,0.0,0.0,0.0,0.0,0.0,0.0,0.0,0.0,0.0,0.0,0.0,0.0,0.0,0.0,0.0,0.0,0.0,0.0
2025-08-16 19:00:00+00:00,320,4815,0.0,0.0,0.0,0.0,0.0,0.0,0.0,0.0,0.0,0.0,0.0,0.0,0.0,0.0,0.0,0.0,0.0,0.0,0.0,0.0,0.0
2025-08-16 19:15:00+00:00,321,4830,0.0,0.0,0.0,0.0,0.0,0.0,0.0,0.0,0.0,0.0,0.0,0.0,0.0,0.0,0.0,0.0,0.0,0.0,0.0,0.0,0.0
2025-08-16 19:30:00+00:00,322,4845,0.0,0.0,0.0,0.0,0.0,0.0,0.0,0.0,0.0,0.0,0.0,0.0,0.0,0.0,0.0,0.0,0.0,0.0,0.0,0.0,0.0
2025-08-16 19:45:00+00:00,323,4860,0.0,0.0,0.0,0.0,0.0,0.0,0.0,0.0,0.0,0.0,0.0,0.0,0.0,0.0,0.0,0.0,0.0,0.0,0.0,0.0,0.0
2025-08-16 20:00:00+00:00,324,4875,0.0,0.0,0.0,0.0,0.0,0.0,0.0,0.0,0.0,0.0,0.0,0.0,0.0,0.0,0.0,0.0,0.0,0.0,0.0,0.0,0.0
2025-08-16 20:15:00+00:00,325,4890,0.0,0.0,0.0,0.0,0.0,0.0,0.0,0.0,0.0,0.0,0.0,0.0,0.0,0.0,0.0,0.0,0.0,0.0,0.0,0.0,0.0
2025-08-16 20:30:00+00:00,326,4905,0.0,0.0,0.0,0.0,0.0,0.0,0.0,0.0,0.0,0.0,0.0,0.0,0.0,0.0,0.0,0.0,0.0,0.0,0.0,0.0,0.0
2025-08-16 20:45:00+00:00,327,4920,0.0,0.0,0.0,0.0,0.0,0.0,0.0,0.0,0.0,0.0,0.0,0.0,0.0,0.0,0.0,0.0,0.0,0.0,0.0,0.0,0.0
2025-08-16 21:00:00+00:00,328,4935,0.0,0.0,0.0,0.0,0.0,0.0,0.0,0.0,0.0,0.0,0.0,0.0,0.0,0.0,0.0,0.0,0.0,0.0,0.0,0.0,0.0
2025-08-16 21:15:00+00:00,329,4950,0.0,0.0,0.0,0.0,0.0,0.0,0.0,0.0,0.0,0.0,0.0,0.0,0.0,0.0,0.0,0.0,0.0,0.0,0.0,0.0,0.0
2025-08-16 21:30:00+00:00,330,4965,0.0,0.0,0.0,0.0,0.0,0.0,0.0,0.0,0.0,0.0,0.0,0.0,0.0,0.0,0.0,0.0,0.0,0.0,0.0,0.0,0.0
2025-08-16 21:45:00+00:00,331,4980,0.0,0.0,0.0,0.0,0.0,0.0,0.0,0.0,0.0,0.0,0.0,0.0,0.0,0.0,0.0,0.0,0.0,0.0,0.0,0.0,0.0
2025-08-16 22:00:00+00:00,332,4995,0.0,0.0,0.0,0.0,0.0,0.0,0.0,0.0,0.0,0.0,0.0,0.0,0.0,0.0,0.0,0.0,0.0,0.0,0.0,0.0,0.0
2025-08-16 22:15:00+00:00,333,5010,0.0,0.0,0.0,0.0,0.0,0.0,0.0,0.0,0.0,0.0,0.0,0.0,0.0,0.0,0.0,0.0,0.0,0.0,0.0,0.0,0.0
2025-08-16 22:30:00+00:00,334,5025,0.0,0.0,0.0,0.0,0.0,0.0,0.0,0.0,0.0,0.0,0.0,0.0,0.0,0.0,0.0,0.0,0.0,0.0,0.0,0.0,0.0
2025-08-16 22:45:00+00:00,335,5040,0.0,0.0,0.0,0.0,0.0,0.0,0.0,0.0,0.0,0.0,0.0,0.0,0.0,0.0,0.0,0.0,0.0,0.0,0.0,0.0,0.0
2025-08-16 23:00:00+00:00,336,5055,0.0,0.0,0.0,0.0,0.0,0.0,0.0,0.0,0.0,0.0,0.0,0.0,0.0,0.0,0.0,0.0,0.0,0.0,0.0,0.0,0.0
2025-08-16 23:15:00+00:00,337,5070,0.0,0.0,0.0,0.0,0.0,0.0,0.0,0.0,0.0,0.0,0.0,0.0,0.0,0.0,0.0,0.0,0.0,0.0,0.0,0.0,0.0
2025-08-16 23:30:00+00:00,338,5085,0.0,0.0,0.0,0.0,0.0,0.0,0.0,0.0,0.0,0.0,0.0,0.0,0.0,0.0,0.0,0.0,0.0,0.0,0.0,0.0,0.0
2025-08-16 23:45:00+00:00,339,5100,0.0,0.0,0.0,0.0,0.0,0.0,0.0,0.0,0.0,0.0,0.0,0.0,0.0,0.0,0.0,0.0,0.0,0.0,0.0,0.0,0.0
2025-08-17 00:00:00+00:00,340,5115,0.0,0.0,0.0,0.0,0.0,0.0,0.0,0.0,0.0,0.0,0.0,0.0,0.0,0.0,0.0,0.0,0.0,0.0,0.0,0.0,0.0
2025-08-17 00:15:00+00:00,341,5130,0.0,0.0,0.0,0.0,0.0,0.0,0.0,0.0,0.0,0.0,0.0,0.0,0.0,0.0,0.0,0.0,0.0,0.0,0.0,0.0,0.0
2025-08-17 00:30:00+00:00,342,5145,0.0,0.0,0.0,0.0,0.0,0.0,0.0,0.0,0.0,0.0,0.0,0.0,0.0,0.0,0.0,0.0,0.0,0.0,0.0,0.0,0.0
2025-08-17 00:45:00+00:00,343,5160,0.0,0.0,0.0,0.0,0.0,0.0,0.0,0.0,0.0,0.0,0.0,0.0,0.0,0.0,0.0,0.0,0.0,0.0,0.0,0.0,0.0
2025-08-17 01:00:00+00:00,344,5175,0.0,0.0,0.0,0.0,0.0,0.0,0.0,0.0,0.0,0.0,0.0,0.0,0.0,0.0,0.0,0.0,0.0,0.0,0.0,0.0,0.0
2025-08-17 01:15:00+00:00,345,5190,0.0,0.0,0.0,0.0,0.0,0.0,0.0,0.0,0.0,0.0,0.0,0.0,0.0,0.0,0.0,0.0,0.0,0.0,0.0,0.0,0.0
2025-08-17 01:30:00+00:00,346,5205,0.0,0.0,0.0,0.0,0.0,0.0,0.0,0.0,0.0,0.0,0.0,0.0,0.0,0.0,0.0,0.0,0.0,0.0,0.0,0.0,0.0
2025-08-17 01:45:00+00:00,347,5220,0.0,0.0,0.0,0.0,0.0,0.0,0.0,0.0,0.0,0.0,0.0,0.0,0.0,0.0,0.0,0.0,0.0,0.0,0.0,0.0,0.0
2025-08-17 02:00:00+00:00,348,5235,0.0,0.0,0.0,0.0,0.0,0.0,0.0,0.0,0.0,0.0,0.0,0.0,0.0,0.0,0.0,0.0,0.0,0.0,0.0,0.0,0.0
2025-08-17 02:15:00+00:00,349,5250,0.0,0.0,0.0,0.0,0.0,0.0,0.0,0.0,0.0,0.0,0.0,0.0,0.0,0.0,0.0,0.0,0.0,0.0,0.0,0.0,0.0
2025-08-17 02:30:00+00:00,350,5265,0.0,0.0,0.0,0.0,0.0,0.0,0.0,0.0,0.0,0.0,0.0,0.0,0.0,0.0,0.0,0.0,0.0,0.0,0.0,0.0,0.0
2025-08-17 02:45:00+00:00,351,5280,0.0,0.0,0.0,0.0,0.0,0.0,0.0,0.0,0.0,0.0,0.0,0.0,0.0,0.0,0.0,0.0,0.0,0.0,0.0,0.0,0.0
2025-08-17 03:00:00+00:00,352,5295,0.0,0.0,0.0,0.0,0.0,0.0,0.0,0.0,0.0,0.0,0.0,0.0,0.0,0.0,0.0,0.0,0.0,0.0,0.0,0.0,0.0
2025-08-17 03:15:00+00:00,353,5310,0.0,0.0,0.0,0.0,0.0,0.0,0.0,0.0,0.0,0.0,0.0,0.0,0.0,0.0,0.0,0.0,0.0,0.0,0.0,0.0,0.0
2025-08-17 03:30:00+00:00,354,5325,0.0,0.0,0.0,0.0,0.0,0.0,0.0,0.0,0.0,0.0,0.0,0.0,0.0,0.0,0.0,0.0,0.0,0.0,0.0,0.0,0.0
2025-08-17 03:45:00+00:00,355,5340,0.0,0.0,0.0,0.0,0.0,0.0,0.0,0.0,0.0,0.0,0.0,0.0,0.0,0.0,0.0,0.0,0.0,0.0,0.0,0.0,0.0
2025-08-17 04:00:00+00:00,356,5355,4.598929500882097,5.843210380369014,7.653089319875355,9.556431335335786,11.352102449134463,12.68039423958972,14.460009887213454,16.29301901914149,17.945821002948886,19.54495374698096,22.226430855491945,25.476849288677577,29.289297290307466,32.610447411376356,39.22483995595024,43.970121957406015,48.510150302171716,53.904152797116616,62.70866758061181,81.52297968273034,26.593118849098513
2025-08-17 04:15:00+00:00,357,5370,26.713698066043296,70.18133335294826,110.8027597419591,136.38163778007632,172.43058494784557,205.57679444001482,228.1373921503222,262.01809534850673,315.88020373404277,336.9530271713814,367.81456475710877,401.07946037158484,429.4542807437534,472.21024549476596,520.556741879129,559.5063956360498,626.968525844607,722.6252042993281,813.4213237492013,1074.1145206034082,372.32574013103647
2025-08-17 04:30:00+00:00,358,5385,65.51083962311581,179.7922104984417,225.40625113454362,316.07210833582315,405.8176084018351,503.80457149325235,640.7939578643735,702.5027339381821,776.8775814852604,850.8303182509723,927.154442259406,997.9724424066985,1083.041824436111,1125.7413659083836,1194.6974297572724,1263.6322673469251,1348.7180024272468,1527.349828541165,1744.3493561785017,2257.6659579388283,860.9791532584819
2025-08-17 04:45:00+00:00,359,5400,122.08910173703738,454.14416396132,567.6713337441757,676.3987831713692,811.699239894994,889.0336688241123,961.8189035418533,1040.203054882457,1255.857755675274,1441.667770290667,1583.1440532902589,1709.8768076815952,1817.6530975708326,1954.6245252923818,2137.9481908707967,2364.7565144344794,2477.526456806216,2715.882374125726,3107.664529394229,4149.26750185015,1506.4494849920393
2025-08-17 05:00:00+00:00,360,5415,679.2214827854416,852.7432699867369,1052.249560782873,1288.9302221142477,1493.8915581423819,1647.309382401191,2009.5109529026083,2246.422543307292,2381.175068871332,2649.255312917528,2824.78712672155,2979.75772780812,3240.556847102275,3492.1940219343114,3831.8369311846036,3958.550456592555,4292.634687991512,4619.517725634501,5197.409368055633,7001.676807600748,2671.5631198299766
2025-08-17 05:15:00+00:00,361,5430,974.4258018848693,1297.90774983017,1711.2907943922676,2061.8703737204273,2578.995143481727,2927.2483480493006,3197.6522048898087,3491.2884246955987,3920.284766620664,4150.528653812993,4314.6191547068065,4757.557945862103,5091.830647710086,5531.232539380928,5781.135734698806,5880.100557708714,6367.987258304163,6847.514894200634,7675.585596203976,10385.043477117464,4126.4482363400275
2025-08-17 05:30:00+00:00,362,5445,1239.5691468254,1562.326028769221,1934.6077853689578,2702.168760240565,3131.236258156541,3735.690771295986,4046.4370268709067,4665.563191646278,5465.873355335045,5776.54470610883,6418.0909441859285,6838.467550711003,7487.781490150847,7737.357107843937,8183.617392345579,8505.457265001905,8989.59951555086,9897.087159274148,10483.372536243109,14163.79492958616,5788.59480061074
2025-08-17 05:45:00+00:00,363,5460,1591.532893031497,1970.6205891776153,2431.22136360937,3305.840222341809,3946.8352787052063,4709.921728271579,5249.8248342378165,5968.399377779932,6910.162213298052,8047.4324174456915,8591.756150204008,9496.415834206278,10037.999595457723,10532.509711128914,10982.166455533052,11524.37833111808,12041.992888995213,12711.50207203062,13387.96343066083,18256.52769307713,7599.5962999702915
2025-08-17 06:00:00+00:00,364,5475,1967.0966717649405,2290.233481539456,2809.5899150174255,3877.64387580668,4865.750602881881,6205.4913557289265,7161.665403709881,8045.24062694495,9040.384993624864,10452.196886920186,11006.655144597802,12110.201257115325,12855.81621911579,13444.524461752884,14104.209884037251,14692.943790906576,15434.647091432555,16207.505974835853,16666.080278904854,22575.11845611351,9684.864210041229
2025-08-17 06:15:00+00:00,365,5490,818.1946092560335,2736.7520956859644,3851.0060498068497,7125.13250666195,8827.77815425141,11007.464194170614,12434.335927953369,13676.71218154147,15940.938864268046,16593.871351546346,17085.335004479064,17367.21097275348,17652.371611324346,17907.49161957436,18153.74537345106,18470.629100082722,19377.823489346716,19933.441854903973,20733.795011502174,27208.213359734935,13639.308952169597
2025-08-17 06:30:00+00:00,366,5505,1161.2282183608424,3379.172498647804,5922.216156328069,9730.493432723739,11172.673891112208,13390.898747511768,15637.715831734606,18078.139206849275,19045.683960447986,19789.901045240822,20259.03060512294,20489.246306511806,20881.156467497025,21170.24674443138,21512.37422965261,22310.14074314474,23081.38255552859,23773.87816296114,24360.09954094805,31824.163716555482,16514.54380135975
2025-08-17 06:45:00+00:00,367,5520,3519.0721318124156,4583.24990557832,7215.628749563471,9438.788504792428,11651.565784343968,12314.085614936535,14571.52892200632,17407.848275381817,19027.78073197848,21644.86944541338,22407.54631302109,23023.149397765115,23596.99734047031,23994.504286487678,24385.158582827535,24748.17830468982,25268.45871812382,27033.049464895023,28271.752428888398,36444.58001778882,18160.183951428866
2025-08-17 07:00:00+00:00,368,5535,3564.2358693465117,4714.320489454979,9350.447656982898,13095.295452751478,14934.770829948362,18854.68612699129,21211.771645444598,24264.597683611206,25193.274036829065,25934.504062024585,26389.653064839273,26833.86157433634,27180.448344509976,27543.90171277813,28897.212249509077,29751.475233227928,30544.859419491648,31469.13493574308,31957.307121152535,41039.34853483432,22029.410568456828
2025-08-17 07:15:00+00:00,369,5550,4568.979918237006,6188.663472579233,13699.824232217918,15531.877354715967,20333.944652398084,25718.97650977505,27490.36912977087,28452.488539885977,29169.438254266614,29679.561695535253,30169.01471392889,30512.04135730179,30885.40044212018,32755.50510856112,33418.28617407206,34058.04377929706,35007.83172936289,35460.94496460075,36515.68803456897,45562.61062716331,26045.69994925319
2025-08-17 07:30:00+00:00,370,5565,5609.720622524151,11213.03035474417,16095.61396002221,18698.11790810188,24924.032973552246,29062.082288620208,30773.69541891604,31872.690673288245,32537.895858096745,33071.598989534665,33557.30056346947,33979.08626545892,35619.11945614306,36720.60459168772,37161.897307268184,37894.64658894167,38672.38456811776,39224.19092923992,40316.16453280409,49974.114087073765,29527.464235239095
2025-08-17 07:45:00+00:00,371,5580,6006.036446439635,13845.758624826993,18209.358500630486,20476.37638859815,27356.14797508985,32501.442835310718,34238.604978978794,35128.79272146375,35725.538836180036,36298.8052523665,36783.4368395402,37596.05406417704,39741.12272044736,40286.20857511846,40664.790606118404,41305.70243443276,42147.62044147533,42763.62387965898,43745.32009104195,54238.113517532925,32525.845529869483
2025-08-17 08:00:00+00:00,372,5595,6745.183063059522,16689.545237063154,20660.971698273228,27540.11455054002,32694.579147896507,35595.51951164929,37367.1373000116,38025.404059738736,38709.05193305509,39456.49939876843,40264.72366636622,41908.22907991293,43265.56436646374,43584.44818801267,43955.47376310217,44570.973181229056,45610.36400464317,46248.732579072916,47463.66198691429,58322.5657119995,35917.85869495538
2025-08-17 08:15:00+00:00,373,5610,7653.899474873058,15818.575085086371,21659.063784032296,27500.81305956142,32144.145612317436,37062.28697309245,38998.26150679228,40365.01310181582,41098.14916370676,42202.307216265246,43023.649798281054,44487.641841662924,46032.492943069,46420.57381567092,46703.09015617744,47226.79990917868,48147.41885188173,48850.69727794237,49821.16243998947,62091.25661850969,37737.16448874933
2025-08-17 08:30:00+00:00,374,5625,7919.133405975525,18436.541521855394,25622.28100721362,30910.740360187618,35004.72283968513,38648.140165135024,40974.83595036604,43034.76517495207,44230.934974805816,45294.07720148484,46437.00221021022,47730.58618197851,48491.73785805661,48940.95421137439,49271.23361449275,49798.808191376476,50784.57844017485,51545.28128374842,52335.855903351156,65598.00297119925,40324.19439846504
2025-08-17 08:45:00+00:00,375,5640,8657.78150703132,14905.1787892942,25333.982767512363,32520.106206503315,35914.53118901498,39414.83643659599,41985.90067943846,44769.52661769314,46489.952266912354,47352.5281709411,48135.503837669734,49156.16033109201,50249.00486077981,50941.92699320879,51456.474049382596,51893.38365673425,52595.20477320099,53824.923079427004,54614.90067298772,68964.41356509732,41633.367222626715
2025-08-17 09:00:00+00:00,376,5655,8958.955768445823,18508.81609132443,27962.858559666103,34527.103130505006,38556.275021303976,40645.66821387834,44159.880449051416,46316.26697056262,48432.84162928055,49185.27423791805,49857.91606530658,50678.36991421762,51784.351250096464,52615.66303981425,53317.81147476575,53814.18837057891,54320.47560575836,55390.00524432702,56545.65131497334,72050.98903082249,43443.56962531471
2025-08-17 09:15:00+00:00,377,5670,2154.056365071947,9102.449178733752,15633.814318065339,22322.160640612674,27549.597794908015,33234.93991616838,37366.727908314555,41761.65055561579,44578.78506841314,47686.327162294365,50747.435891058114,51696.268880083386,52712.61267659726,53621.16978796173,54980.32233321364,55652.0060297831,56396.13903430644,57583.70919443585,58573.63700972851,74838.82179446008,40241.12727781903
2025-08-17 09:30:00+00:00,378,5685,2106.682245503186,9445.605197847804,16497.643335016895,23291.714300843094,28998.980715490827,35190.75644861444,38715.71637503651,43169.68990112967,45816.0072377042,49453.35955669084,52944.03826709169,54075.53931448533,54557.48291043871,55418.045421192015,56308.846268754314,57084.05668154419,57835.07505831826,59036.21078435101,60074.83256153022,77311.16027359935,41606.1941254654
2025-08-17 09:45:00+00:00,379,5700,2172.7779170319754,14375.530019209591,21139.29524815299,28213.60976463967,32161.51637899227,37406.8541052037,41060.37891370114,44563.013870974195,48954.72098984849,51289.013438828304,54849.209653930724,55550.93948738423,56275.30621215481,57209.47422494166,57842.522789012684,58571.08860389977,59247.99190229913,60065.69108676555,61391.09903020429,79453.3700956966,43755.22648941894
2025-08-17 10:00:00+00:00,380,5715,2118.6223231359927,13662.56432001363,20137.91794162908,26824.35673738296,30842.16922185859,36272.5504168199,39266.132845921566,43449.09050378589,46767.37254375249,51274.31554387155,55665.56073140979,56561.73279951006,57183.833480297355,57878.30550328388,58543.14426725257,59470.577661300274,59948.88702556394,60632.09670752062,61523.463179817176,81252.92109632937,43566.38219897959
2025-08-17 10:15:00+00:00,381,5730,2125.4453682770154,13741.669321826754,18901.98624035482,26211.316339992147,31389.673169169582,36838.67964845089,39826.11677907582,43311.72503919349,46831.28462829289,51274.65435887769,56100.04247688989,57177.844073824825,57922.81194920802,58416.95082008118,59313.35843342356,59823.131109136695,60806.8223549361,61497.462141287106,62466.543876783835,82699.39180124545,43893.38978494481
2025-08-17 10:30:00+00:00,382,5745,2146.848060120031,13649.385398730616,17921.84450741669,24992.141311493946,31206.78287014833,36571.272752956655,39573.694712701945,42785.725719276285,47090.439999668306,50955.4396465474,55061.61659072242,57963.11568571803,58653.12843572192,59097.836863562145,59983.370476565135,60634.70861057407,61452.76388474635,62047.83052957923,63147.16275811473,83784.48507444427,43948.336705413654
2025-08-17 10:45:00+00:00,383,5760,2138.140871324483,13688.690765923675,17998.86979062049,27759.97324833137,32511.215650715494,37677.024024700055,41006.30664258917,44070.300074718914,48496.922016237724,53029.3446345777,57794.73095224156,58600.71341991838,59148.11516933666,59577.05897241851,60512.14101562671,61067.104671379806,61876.23890597534,62502.2959512433,63595.454100458905,84502.04951468576,44866.57416112483
2025-08-17 11:00:00+00:00,384,5775,2741.1159436093344,16886.44267844771,25324.70170079421,32872.59930340795,38879.09989704214,42575.686427211425,47375.66785443794,52504.89197185961,56710.13624301656,57619.65815409395,58673.360389282614,59045.61834770838,59474.49019508631,59980.15685878697,60615.919760918485,61173.99497744935,62184.13191094655,63114.447922077656,65257.85199942511,84848.1014015255,47847.28957110225
2025-08-17 11:15:00+00:00,385,5790,2879.937899541369,15320.094685222779,25346.105696122555,34171.59243757979,39850.98785528443,44253.124741312306,48737.91831810736,53159.0984780174,56848.58599267116,57975.14787026348,58755.22645267843,59130.41154055521,59524.55772565055,59995.97209692017,60634.522309361455,61085.5074135552,62016.74274618064,63017.951016684274,64993.542543391064,84820.8427795421,48099.43473425764
2025-08-17 11:30:00+00:00,386,5805,6598.293865623635,15078.903756427027,28705.02993976886,34215.250757148766,40507.21815521183,45270.239640263586,48826.0286057014,53525.48936042891,56794.909375309595,58009.445815612424,58615.51437496552,59048.488169898774,59454.106635485594,59848.61672212033,60305.888822453504,60923.31999599133,61850.590559201235,62801.02250152577,64588.85900658024,84420.67218351374,48444.1739711099
2025-08-17 11:45:00+00:00,387,5820,2677.442425687829,14710.93245970425,28656.54612432269,33870.50737610385,40028.65206290359,45065.25867359725,48350.67794861743,54009.99702037926,56360.87745220689,57905.91217102405,58277.000921140556,58643.38747864431,58991.94135646628,59376.426799566354,59866.04329771402,60531.10423547899,61387.49354901732,62258.988720694586,64006.97850805748,83650.18598474334,47965.759724702344
2025-08-17 12:00:00+00:00,388,5835,2581.716469943434,14710.124025141771,30034.708012977586,36958.462743871096,42132.83204441971,46348.45826554603,49212.19914940503,53646.28776216455,55544.93919582753,56989.7511854977,57477.129192763634,57894.122315615736,58276.46200451789,58672.62400879816,59096.24881232911,59628.90401167811,60488.23645137161,61455.6370996235,63080.95979571457,82514.1705113941,47919.00941205115
2025-08-17 12:15:00+00:00,389,5850,8782.052214489257,22587.518433466757,32299.182090979444,38073.87988989716,43081.69556642988,46111.97847505369,49649.48597029727,53823.0053978183,54907.76830092028,55968.15444014122,56470.67219411501,56834.667820745584,57201.33061313742,57576.63399406485,58002.23810825402,58517.438138421254,59375.07707029815,60661.97383914788,62274.05492306013,81019.58700525519,48295.180989024106
2025-08-17 12:30:00+00:00,390,5865,1901.221890936917,20920.029927195104,31993.01961350771,39332.06074472455,42429.41979054485,45518.15858602143,48911.754781757954,52640.938171520575,53945.194542309444,54908.06819095916,55309.77999016469,55663.18194362936,56049.92806175754,56437.75065362418,56827.79807235576,57424.77004921686,58141.204694467306,59531.79042167147,60902.75245165767,79175.55323447533,47077.17581278931
2025-08-17 12:45:00+00:00,391,5880,1360.3579735785406,15148.973530451427,24015.47326930572,32968.842940212424,38335.04505520005,42201.8682556999,46774.65087599851,50428.38109228588,51223.547394236935,52355.35692554584,52882.89555580111,53255.48898301278,53758.295404201686,54213.387976470294,54547.78485080003,55030.25780597539,55544.31202426218,56047.36353058694,56812.57822681839,76993.32666524955,43854.07072820587
2025-08-17 13:00:00+00:00,392,5895,1272.6794895475668,21162.973397931433,28092.174767381857,34876.24874839686,38721.31712004405,41456.4619918066,45674.59800687284,48638.86603921346,49475.96419547383,50356.05979837746,50869.0266585011,51282.919886407704,51706.41394098423,52150.36375188477,52580.13545944705,52995.98684736815,53471.0256724062,53998.40195782105,54975.07235218266,74486.29429818125,43681.934472118184
2025-08-17 13:15:00+00:00,393,5910,1384.5328088059202,20305.151467798794,28028.891822670572,33756.82626538781,37403.475206498275,39726.07078514746,44527.98448713282,46949.38998363978,47928.066195552055,48582.00014448494,49064.73741987332,49480.26478068105,49895.9824505089,50311.85277171996,50759.91320987896,51223.04653667513,51732.754986507,52308.04390643701,53163.59702052576,71669.97474698492,42247.276124147655
2025-08-17 13:30:00+00:00,394,5925,1449.0959610040834,19669.92325516682,26680.949884947975,32242.99435278664,36501.83353328686,39590.91345640733,43764.878725822375,45283.732631808234,45789.666521489846,46536.515833771955,47114.25236134144,47481.85782127093,47828.248125332924,48190.15631048434,48557.32294111669,49116.93610137085,49662.81269368113,50128.1108994027,50981.86366087066,68562.0385244042,40683.92197201757
2025-08-17 13:45:00+00:00,395,5940,5440.290194556226,18676.10608759287,26704.28452230229,32541.852143389282,35483.0134593777,39668.898968135996,42532.357836506,43147.395776236786,43809.721616524424,44347.085627896704,44808.01817316487,45210.850073348985,45596.97998063483,45963.60118761677,46444.832543371194,47008.26073172988,47402.365197837134,48271.51484305591,48763.158680299675,65182.35325087818,39208.45018919904
2025-08-17 14:00:00+00:00,396,5955,5889.59995564639,22628.163532543724,28529.042882311463,32729.084403904624,37172.359035372174,40005.80468144879,40459.97717866207,41063.199512141146,41534.43675897267,41985.53246243212,42425.627389219335,42801.64528065727,43165.224252135195,43517.5549369561,44128.61632136456,44534.38091803644,45042.56756786361,45737.740152814484,46442.192842665194,61553.062960498224,38014.416939205454
2025-08-17 14:15:00+00:00,397,5970,5715.9654245570155,16820.315938397824,23786.019202625444,30651.22229200307,34930.45825286703,36899.72774288054,38625.775649603675,39713.88647497847,40317.10123211395,40602.60805916345,40977.3771209549,41366.31296765275,41714.36290658109,42192.68536369882,42767.610416882635,43436.09477718182,43989.14266325111,44702.6629582305,45638.839613303106,57811.412809914145,36203.71193461903
2025-08-17 14:30:00+00:00,398,5985,5975.09542911645,18111.00250015786,24004.76613334693,29722.68299785704,32773.84507501086,34534.35916271806,36105.19990347159,37124.9339768432,37580.78054624477,37850.68544830318,38201.21957220664,38571.38862504634,38940.520770891104,39525.03097176572,40145.192191626025,40720.809977446115,41207.121247820396,41833.23010420866,42661.02330377533,53781.1362458955,34143.26873207562
2025-08-17 14:45:00+00:00,399,6000,5528.542904637446,14853.728557384735,21459.44181811519,26339.173541387747,29440.152971871936,31549.349980211457,32908.193194352825,33550.29053828288,34542.574295644794,34919.99532993665,35264.48489708984,35611.653269425675,35989.539531782386,36611.384531792326,37136.44012557627,37622.83294494366,38138.651576044685,38701.150292945604,39711.666320699944,49538.998284630645,31256.543462536745
2025-08-17 15:00:00+00:00,400,6015,5084.648440714379,12596.28652540121,18031.11604313946,23014.312308013574,25299.877385537944,27970.8608389191,29069.089261659905,30289.45449740872,31233.298759104287,31820.65333013205,32199.249856038838,32549.499148594667,32901.13919231268,33548.513331691574,34036.444245220795,34522.35544496504,35052.94771997621,35682.98938162932,37614.10978982845,45161.8814161415,28283.26214596339
2025-08-17 15:15:00+00:00,401,6030,4685.39972958011,11200.480287323762,16215.853531156235,19923.929871429667,22153.968944147207,24179.908580360676,25447.216530819613,26699.369048934812,27556.6099183734,28474.73211915798,28873.48870388336,29325.085908934238,29714.436708479872,30331.201202322223,30910.476497007865,31441.74404450836,31868.253217661382,32391.178265793977,34075.59700402029,40686.32892275,25321.950591293295
2025-08-17 15:30:00+00:00,402,6045,4222.577987170909,6335.18420838584,14382.684216220605,17237.112118266043,19116.885116616995,20544.826320509685,22122.072495546356,23095.91116436833,23915.773491515192,24635.868257011985,25435.336335446827,25914.713671506255,26364.570833041613,26990.639053460443,27608.93600804318,28103.72082868825,28495.022227687306,29016.64900114819,30466.12186260865,36153.132706827695,22134.52710801704
2025-08-17 15:45:00+00:00,403,6060,3503.593091481651,5083.622529911569,12137.520488139475,14596.790368729928,15922.71292733754,17117.147685965854,17963.95087614586,19242.40175649147,20006.039677061664,20770.41016312294,21430.5897696022,22206.919216118447,22728.987290202305,23126.143471490086,23888.3404848478,24467.32497842568,24809.857530538782,25240.31527659693,26589.576625558053,31608.242920074354,18858.68787800502
2025-08-17 16:00:00+00:00,404,6075,2896.5706557947033,4830.378591599985,9411.669455467403,11112.004722538879,12671.494077147136,13377.4822019561,14617.942030739074,15206.63681353747,15961.540890933244,16654.58118940793,17365.087018819533,17850.210539010877,18426.80982159758,19255.638100618413,19752.27865498356,20451.926339670274,20934.48390398197,21250.087857972867,22365.917142199756,27103.943687621566,15422.669948556795
2025-08-17 16:15:00+00:00,405,6090,2198.116239018929,2912.3237706196,5766.429495737195,8407.837634720929,9288.530115244223,10359.814615810743,10948.345252942352,11532.69667291797,12374.617045258728,12774.658908347728,13442.887280218933,14045.122113563584,14704.136561122832,15225.30351480674,15980.024637588534,16492.962769397203,17139.460606257824,17566.98072673208,18106.204628858177,22644.552715218855,12050.285309919904
2025-08-17 16:30:00+00:00,406,6105,1651.4764771561872,2277.537955735667,3958.941936209798,5618.177438852492,6893.394467348548,7376.255597157143,8011.3631043946,8639.740379520123,8992.349352849333,9775.082593938614,10168.492986960428,10364.504790836321,10984.934853005454,11730.0058399592,12093.15283906279,12701.40777160805,13239.861911044165,13917.242445187925,14404.379752688932,18299.547618036613,9110.579235357503
2025-08-17 16:45:00+00:00,407,6120,1300.887965271758,1743.073816057054,2692.5375258505237,3902.184778818064,5079.931984083429,5662.802477293508,6037.6802109566115,6459.203076769886,6768.996799829568,6991.604830889215,7645.680672731671,7973.493621224607,8193.478608631867,8618.260450645594,9102.463850784941,9350.108827615695,10039.222798263583,10648.481614312326,11295.930951653978,14297.225241709366,6844.298737581307
2025-08-17 17:00:00+00:00,408,6135,931.7643754075857,1150.6330151045233,1963.1254426735918,2635.1922208969904,3381.3023153101644,4071.8764725575547,4355.959129680242,4660.487697403729,4912.427183928081,5121.067479980321,5517.994511887413,5834.246692440079,6049.61319849478,6304.8042397832205,6583.622905876877,6893.293340876586,7169.692307986147,7663.443572471876,8262.012509488506,10603.745472553104,4942.564497139477
2025-08-17 17:15:00+00:00,409,6150,657.4137147706889,908.5546042350975,1400.3896992689067,1928.8842943803015,2346.521191866137,2765.4957790921117,2938.040393343332,3153.5268150650404,3334.4311433494668,3515.0102508480986,3656.461024915287,3968.471248637541,4139.050031448126,4244.655776859534,4451.7552487253815,4703.108435440537,4887.318045454125,5268.483786513892,5692.11423734631,7308.508048250664,3384.050236069033
2025-08-17 17:30:00+00:00,410,6165,425.0631215508185,617.5390223209077,925.0948928845401,1182.5186741174,1477.1618330578376,1697.40834686324,1805.8104786282793,1891.0683597501268,2024.3068740240722,2112.073494640032,2217.1774731241508,2362.8792844926843,2510.4262884850964,2629.401314794353,2729.446761534712,2880.5006306933915,3046.6889158530926,3249.4699253128338,3564.3147621277003,4596.284211832393,2085.9307447536544
2025-08-17 17:45:00+00:00,411,6180,299.019193799397,450.8487770737237,640.8830736112177,774.8208645569938,982.52358788172,1099.267424103314,1190.1532701601907,1262.1554032083418,1344.486494621154,1436.7955051230035,1510.4001770388277,1573.222933914203,1683.568724167433,1797.2867685856622,1871.6962286299129,1969.1864070464865,2074.0858451532567,2229.77859738972,2471.438987735051,3194.121960219649,1438.5221008028896
2025-08-17 18:00:00+00:00,412,6195,183.36676806582378,324.70076935891353,420.92795241793414,494.690903173924,617.573406662461,691.4069338435052,752.9107977218985,784.4904076197039,830.8053178946542,894.8909707419259,935.1439995901002,996.7467508714899,1052.5992673790636,1118.78648647414,1178.9203714198445,1255.8553198180514,1326.1668710809288,1431.7663245131096,1576.7747405926407,2057.906592286664,911.0604550726671
2025-08-17 18:15:00+00:00,413,6210,75.48567387384153,114.52648921207457,170.99024400350842,203.34310990658204,253.16186543035892,278.98971354662353,297.7089904435839,318.10157683541746,338.00914025992404,360.3740770633002,373.4869642666441,390.3242308158661,411.0219601950586,439.46406476732835,467.5014855326919,495.8389541869105,521.5454966548895,554.6375029683355,618.0733485582829,803.9841775390573,360.7973579853112
2025-08-17 18:30:00+00:00,414,6225,2.444533668517761,5.054448817373553,6.250564062670056,7.603513623479135,8.496658748281785,9.071774328425628,9.700401336697064,10.150665064875499,10.800807545448246,11.223893698318445,11.663482150706201,12.248844083817556,12.918515427408213,13.687898353013436,14.483051208930549,15.161348753763034,16.083517741739897,17.174629199376962,18.87767767600423,24.471773473860914,11.234628702965955
2025-08-17 18:45:00+00:00,415,6240,0.0,0.0,0.0,0.0,0.0,0.0,0.0,0.0,0.0,0.0,0.0,0.0,0.0,0.0,0.0,0.0,0.0,0.0,0.0,0.0,0.0
2025-08-17 19:00:00+00:00,416,6255,0.0,0.0,0.0,0.0,0.0,0.0,0.0,0.0,0.0,0.0,0.0,0.0,0.0,0.0,0.0,0.0,0.0,0.0,0.0,0.0,0.0
2025-08-17 19:15:00+00:00,417,6270,0.0,0.0,0.0,0.0,0.0,0.0,0.0,0.0,0.0,0.0,0.0,0.0,0.0,0.0,0.0,0.0,0.0,0.0,0.0,0.0,0.0
2025-08-17 19:30:00+00:00,418,6285,0.0,0.0,0.0,0.0,0.0,0.0,0.0,0.0,0.0,0.0,0.0,0.0,0.0,0.0,0.0,0.0,0.0,0.0,0.0,0.0,0.0
2025-08-17 19:45:00+00:00,419,6300,0.0,0.0,0.0,0.0,0.0,0.0,0.0,0.0,0.0,0.0,0.0,0.0,0.0,0.0,0.0,0.0,0.0,0.0,0.0,0.0,0.0
2025-08-17 20:00:00+00:00,420,6315,0.0,0.0,0.0,0.0,0.0,0.0,0.0,0.0,0.0,0.0,0.0,0.0,0.0,0.0,0.0,0.0,0.0,0.0,0.0,0.0,0.0
2025-08-17 20:15:00+00:00,421,6330,0.0,0.0,0.0,0.0,0.0,0.0,0.0,0.0,0.0,0.0,0.0,0.0,0.0,0.0,0.0,0.0,0.0,0.0,0.0,0.0,0.0
2025-08-17 20:30:00+00:00,422,6345,0.0,0.0,0.0,0.0,0.0,0.0,0.0,0.0,0.0,0.0,0.0,0.0,0.0,0.0,0.0,0.0,0.0,0.0,0.0,0.0,0.0
2025-08-17 20:45:00+00:00,423,6360,0.0,0.0,0.0,0.0,0.0,0.0,0.0,0.0,0.0,0.0,0.0,0.0,0.0,0.0,0.0,0.0,0.0,0.0,0.0,0.0,0.0
2025-08-17 21:00:00+00:00,424,6375,0.0,0.0,0.0,0.0,0.0,0.0,0.0,0.0,0.0,0.0,0.0,0.0,0.0,0.0,0.0,0.0,0.0,0.0,0.0,0.0,0.0
2025-08-17 21:15:00+00:00,425,6390,0.0,0.0,0.0,0.0,0.0,0.0,0.0,0.0,0.0,0.0,0.0,0.0,0.0,0.0,0.0,0.0,0.0,0.0,0.0,0.0,0.0
2025-08-17 21:30:00+00:00,426,6405,0.0,0.0,0.0,0.0,0.0,0.0,0.0,0.0,0.0,0.0,0.0,0.0,0.0,0.0,0.0,0.0,0.0,0.0,0.0,0.0,0.0
2025-08-17 21:45:00+00:00,427,6420,0.0,0.0,0.0,0.0,0.0,0.0,0.0,0.0,0.0,0.0,0.0,0.0,0.0,0.0,0.0,0.0,0.0,0.0,0.0,0.0,0.0
2025-08-17 22:00:00+00:00,428,6435,0.0,0.0,0.0,0.0,0.0,0.0,0.0,0.0,0.0,0.0,0.0,0.0,0.0,0.0,0.0,0.0,0.0,0.0,0.0,0.0,0.0
2025-08-17 22:15:00+00:00,429,6450,0.0,0.0,0.0,0.0,0.0,0.0,0.0,0.0,0.0,0.0,0.0,0.0,0.0,0.0,0.0,0.0,0.0,0.0,0.0,0.0,0.0
2025-08-17 22:30:00+00:00,430,6465,0.0,0.0,0.0,0.0,0.0,0.0,0.0,0.0,0.0,0.0,0.0,0.0,0.0,0.0,0.0,0.0,0.0,0.0,0.0,0.0,0.0
2025-08-17 22:45:00+00:00,431,6480,0.0,0.0,0.0,0.0,0.0,0.0,0.0,0.0,0.0,0.0,0.0,0.0,0.0,0.0,0.0,0.0,0.0,0.0,0.0,0.0,0.0
2025-08-17 23:00:00+00:00,432,6495,0.0,0.0,0.0,0.0,0.0,0.0,0.0,0.0,0.0,0.0,0.0,0.0,0.0,0.0,0.0,0.0,0.0,0.0,0.0,0.0,0.0
2025-08-17 23:15:00+00:00,433,6510,0.0,0.0,0.0,0.0,0.0,0.0,0.0,0.0,0.0,0.0,0.0,0.0,0.0,0.0,0.0,0.0,0.0,0.0,0.0,0.0,0.0
2025-08-17 23:30:00+00:00,434,6525,0.0,0.0,0.0,0.0,0.0,0.0,0.0,0.0,0.0,0.0,0.0,0.0,0.0,0.0,0.0,0.0,0.0,0.0,0.0,0.0,0.0
2025-08-17 23:45:00+00:00,435,6540,0.0,0.0,0.0,0.0,0.0,0.0,0.0,0.0,0.0,0.0,0.0,0.0,0.0,0.0,0.0,0.0,0.0,0.0,0.0,0.0,0.0
2025-08-18 00:00:00+00:00,436,6555,0.0,0.0,0.0,0.0,0.0,0.0,0.0,0.0,0.0,0.0,0.0,0.0,0.0,0.0,0.0,0.0,0.0,0.0,0.0,0.0,0.0
2025-08-18 00:15:00+00:00,437,6570,0.0,0.0,0.0,0.0,0.0,0.0,0.0,0.0,0.0,0.0,0.0,0.0,0.0,0.0,0.0,0.0,0.0,0.0,0.0,0.0,0.0
2025-08-18 00:30:00+00:00,438,6585,0.0,0.0,0.0,0.0,0.0,0.0,0.0,0.0,0.0,0.0,0.0,0.0,0.0,0.0,0.0,0.0,0.0,0.0,0.0,0.0,0.0
2025-08-18 00:45:00+00:00,439,6600,0.0,0.0,0.0,0.0,0.0,0.0,0.0,0.0,0.0,0.0,0.0,0.0,0.0,0.0,0.0,0.0,0.0,0.0,0.0,0.0,0.0
2025-08-18 01:00:00+00:00,440,6615,0.0,0.0,0.0,0.0,0.0,0.0,0.0,0.0,0.0,0.0,0.0,0.0,0.0,0.0,0.0,0.0,0.0,0.0,0.0,0.0,0.0
2025-08-18 01:15:00+00:00,441,6630,0.0,0.0,0.0,0.0,0.0,0.0,0.0,0.0,0.0,0.0,0.0,0.0,0.0,0.0,0.0,0.0,0.0,0.0,0.0,0.0,0.0
2025-08-18 01:30:00+00:00,442,6645,0.0,0.0,0.0,0.0,0.0,0.0,0.0,0.0,0.0,0.0,0.0,0.0,0.0,0.0,0.0,0.0,0.0,0.0,0.0,0.0,0.0
2025-08-18 01:45:00+00:00,443,6660,0.0,0.0,0.0,0.0,0.0,0.0,0.0,0.0,0.0,0.0,0.0,0.0,0.0,0.0,0.0,0.0,0.0,0.0,0.0,0.0,0.0
2025-08-18 02:00:00+00:00,444,6675,0.0,0.0,0.0,0.0,0.0,0.0,0.0,0.0,0.0,0.0,0.0,0.0,0.0,0.0,0.0,0.0,0.0,0.0,0.0,0.0,0.0
2025-08-18 02:15:00+00:00,445,6690,0.0,0.0,0.0,0.0,0.0,0.0,0.0,0.0,0.0,0.0,0.0,0.0,0.0,0.0,0.0,0.0,0.0,0.0,0.0,0.0,0.0
2025-08-18 02:30:00+00:00,446,6705,0.0,0.0,0.0,0.0,0.0,0.0,0.0,0.0,0.0,0.0,0.0,0.0,0.0,0.0,0.0,0.0,0.0,0.0,0.0,0.0,0.0
2025-08-18 02:45:00+00:00,447,6720,0.0,0.0,0.0,0.0,0.0,0.0,0.0,0.0,0.0,0.0,0.0,0.0,0.0,0.0,0.0,0.0,0.0,0.0,0.0,0.0,0.0
2025-08-18 03:00:00+00:00,448,6735,0.0,0.0,0.0,0.0,0.0,0.0,0.0,0.0,0.0,0.0,0.0,0.0,0.0,0.0,0.0,0.0,0.0,0.0,0.0,0.0,0.0
2025-08-18 03:15:00+00:00,449,6750,0.0,0.0,0.0,0.0,0.0,0.0,0.0,0.0,0.0,0.0,0.0,0.0,0.0,0.0,0.0,0.0,0.0,0.0,0.0,0.0,0.0
2025-08-18 03:30:00+00:00,450,6765,0.0,0.0,0.0,0.0,0.0,0.0,0.0,0.0,0.0,0.0,0.0,0.0,0.0,0.0,0.0,0.0,0.0,0.0,0.0,0.0,0.0
2025-08-18 03:45:00+00:00,451,6780,0.0,0.0,0.0,0.0,0.0,0.0,0.0,0.0,0.0,0.0,0.0,0.0,0.0,0.0,0.0,0.0,0.0,0.0,0.0,0.0,0.0
2025-08-18 04:00:00+00:00,452,6795,3.6572939087888083,4.345010969378332,5.445363808994826,6.435136961582319,7.330052062435074,8.039340946368888,9.0434278621359,10.827952453465942,13.186654045467236,16.42695887514456,18.626388929180173,20.68476926730674,22.627007212419766,24.553687747497623,25.891110923349277,27.866596196096125,30.248556755145298,33.83764202066537,37.000560180103896,43.80340693601855,17.820380457322315
2025-08-18 04:15:00+00:00,453,6810,46.35915218642969,75.57621253607154,106.4561642503384,125.43749938671442,161.07907289850763,204.25322006256698,279.4645019257844,338.2726944037458,369.6115473943254,416.6186801167139,444.3127839258309,471.2559899047037,493.7297470154118,521.6784798269224,552.4439138588355,576.8829525266008,630.7995366931762,675.663771159215,726.7552751299929,922.6657528402382,382.91846753406463
2025-08-18 04:30:00+00:00,454,6825,91.15625432206713,168.15542161133504,275.74236020073965,394.40040991212516,607.9067684135399,730.9237359548482,824.7405568796823,904.4641739891388,978.0102317429134,1045.30239154422,1089.6172228744888,1141.9201815588954,1204.4739806579385,1246.5066304252741,1307.291279751538,1358.3877087002318,1469.8395367567894,1603.045632195024,1692.351453746393,2155.7549017357787,961.8663926703847
2025-08-18 04:45:00+00:00,455,6840,371.5382344979447,555.3787472090919,846.3324446967655,1242.134675622515,1471.760062390958,1624.7870553761952,1816.9154956237192,1906.0495557961294,2008.2405640372795,2114.9646753393963,2163.22354741495,2288.8109611403656,2372.091798897819,2459.3891041393813,2520.687019744202,2619.8054110260196,2793.5314060319106,2999.5556113009234,3202.242324363669,3976.2487602121623,1973.1919161708581
2025-08-18 05:00:00+00:00,456,6855,879.8229472475107,1351.0654235354643,2106.753817683007,2482.7661582021096,2782.811926329648,3014.979546856744,3206.034369213651,3414.553098064414,3521.882766339737,3706.382063367302,3816.060033483885,3989.4860544730413,4131.838093155189,4250.329201724598,4373.5231832324835,4573.489667242511,4799.102729949666,5129.477586431028,5488.611069627018,6800.556513278583,3532.0307671971373
2025-08-18 05:15:00+00:00,457,6870,1365.06082008489,1935.1516589767211,3258.8388269871734,4145.077566859541,4479.248465607124,4796.6545691072115,5138.850590890908,5455.4138734713815,5615.152400398567,5909.2105061286875,6118.049165223384,6297.814978139009,6453.878484592588,6627.361170618712,6840.711844347724,7032.4901537071555,7149.993027971206,7399.643037054847,8228.292154911793,10176.193099506781,5488.184210429612
2025-08-18 05:30:00+00:00,458,6885,2089.371307961993,3802.3527775822727,5000.43966415098,5749.565108729409,6450.718639976816,6983.211977891312,7407.561438459596,7775.089312353696,8170.230449434507,8476.723892490194,8803.029319248642,9038.3253066248,9280.221933355719,9484.816431097328,9706.750131035817,9902.034680488698,10196.204284248968,10640.163205928502,11181.33024099085,13947.45554811627,7849.032050607779
2025-08-18 05:45:00+00:00,459,6900,2712.719168631187,4905.5716723974665,6400.748404809887,7316.74642641883,8293.833343914865,9247.482356368266,9969.593201395257,10446.397622925613,10956.484532660621,11391.149407749008,11591.123127415429,11927.64793226856,12234.689772673357,12530.896146717296,12769.675783013054,13166.297760152713,13637.801798046596,14129.917704341502,14879.386999327064,18037.563010365637,10379.256299397288
2025-08-18 06:00:00+00:00,460,6915,3396.9686451897433,6792.810573934623,8294.76687118626,9539.062544624665,11361.34321460108,12564.90492420487,13159.686820197792,13808.928223175613,14205.7961839493,14489.573496980427,14919.063092681654,15227.796959448107,15537.695824256674,15804.920105235675,16164.028343199398,16876.016242874386,17185.87856803424,17966.03022340332,18606.891205774755,22356.930080579983,13410.907240229531
2025-08-18 06:15:00+00:00,461,6930,4251.675569670889,7276.225314678912,8291.848064856047,10207.8040233859,12060.608106108079,13887.204947108956,15558.021802692907,16772.00596461509,17392.72426109287,17818.664446342216,18327.208804784623,18765.25227925979,19096.143346202643,19896.403136672492,20281.028705696324,20614.670069366257,20912.46439726297,21644.13373985385,22272.094126299668,26967.33213409226,15993.06502387984
2025-08-18 06:30:00+00:00,462,6945,4902.34038768624,9155.321124776223,11449.932128767387,13351.195796257653,15255.796815493026,18146.018825957566,19767.415740360426,20338.27702031838,20928.66160125152,21340.15052877651,21886.414285845298,22281.438234291803,23114.585429211635,23587.11257338852,23996.09341223934,24267.03264454812,24695.09545764623,25505.92147475497,26107.320564027574,31611.062429439557,19386.714025319263
2025-08-18 06:45:00+00:00,463,6960,5238.412182121071,9654.873187361622,11690.5178597846,14635.11676928814,16576.33514110364,20722.45400103926,22853.5080234856,23780.652288969508,24318.146763487384,24818.96408146603,25282.96217278647,25760.107640163664,26823.731607727674,27318.44236418786,27552.65058096818,27983.045089859617,28708.373665684052,29465.70691893507,30176.144033153985,36237.41159383476,22171.90935737258
2025-08-18 07:00:00+00:00,464,6975,5891.053425137367,10504.993846584115,12438.614647081893,16180.098958878758,18764.50998617975,23294.40839352455,26114.325982397597,27080.648474567948,27772.51270293327,28365.09259332462,28819.83053773692,29981.242738555608,30528.633641815995,30869.401398192425,31228.770203678203,31789.049077262844,32654.954472396344,33291.24257000096,34020.49981121597,40838.320404358245,25105.568287319747
2025-08-18 07:15:00+00:00,465,6990,5837.163167823421,8761.436630680653,12334.35446094322,16202.002808991736,20599.588057245295,25472.278360841596,29367.173630245703,30633.052779954975,31282.733773974665,31791.64727049377,32734.684734770108,33368.01650834479,33828.22599207516,34174.01049534551,34586.26842843321,35795.58053805448,36298.429279852506,36701.38482143256,37366.41270447053,45367.57977164343,27570.042907556905
2025-08-18 07:30:00+00:00,466,7005,6195.893912825407,7880.502223055345,11947.188620756235,15660.312085551572,22543.405234151658,27959.80127496501,32192.301834856757,33628.599259070244,34414.46754476235,35004.49503848353,35824.868432398274,36547.84633357549,37003.397463158355,37374.51804485998,37731.65404220868,39070.4309077039,39670.96237361691,40153.705167384825,40790.03155062701,49784.69985671078,29906.992171776987
2025-08-18 07:45:00+00:00,467,7020,6254.079456911258,9635.65868121685,13071.986579906848,22563.34711779873,26051.223001362076,33556.09489966839,35641.31153570114,36793.51739842247,37380.578760583376,37948.20956088104,38982.46579562917,39566.0837925843,40016.67559127955,40392.77382714552,40717.2851802304,41992.47261566785,42613.16299556683,43221.94014567506,43890.997956746214,54053.77510588887,32944.694466821355
2025-08-18 08:00:00+00:00,468,7035,6642.094398917932,7390.0653794175705,11653.151718119407,17886.082375837523,27180.877472518747,33595.58990486979,37837.16336130633,39386.650294491315,39982.19763449221,40363.2185480699,41362.437009003006,42175.10148531847,42686.07197099553,43071.04904980502,43518.03247889255,44514.57243024927,45261.789689241734,45872.79584294748,46754.18928074646,58142.65503403775,34428.384488762415
2025-08-18 08:15:00+00:00,469,7050,6647.166173285529,7726.53577880626,11416.297962052586,14414.517823676764,28041.178546572057,34636.98117477606,40079.11903737245,41654.86414508292,42319.97337854895,42784.92541112278,43261.49138909418,44123.412294832044,44795.271732845344,45259.26153501308,45622.62220981115,46299.3932945183,47355.95080103501,48211.411907012916,49066.96798140668,61944.42699738509,35579.85768152065
2025-08-18 08:30:00+00:00,470,7065,6738.793236268638,7461.2145133156655,10090.858161984928,13164.000363720726,27893.106237106138,35915.62377424494,41913.50207257589,43878.16950172132,44645.37513198717,45131.885200291166,45633.68515031016,46499.4456347092,47010.32128921713,47606.70157130631,47939.68951439549,48731.12218425682,49613.44851126729,50393.00671707669,51223.38712116202,65422.18898619613,36970.99838904878
2025-08-18 08:45:00+00:00,471,7080,6782.178255127051,7143.012135966387,9153.075397073588,13106.374497520565,17915.469805155004,31732.94220326775,43017.1770801052,45917.29280016152,46635.80357216207,47102.33273054209,47531.607057297675,48097.03372917422,48877.42804666503,49363.83272109658,50052.777284768505,50542.84113591591,51414.337261790926,52413.79639381378,53274.67898857275,68791.06674180488,37432.28603668048
2025-08-18 09:00:00+00:00,472,7095,6800.297373022044,7264.97578220535,7745.6670988034,12648.482598849878,17117.17629713395,32594.28280199052,45869.039694354964,47760.611671306026,48534.090312319604,49094.01901659146,49498.60710053032,50158.66243518007,50722.44659117395,51066.72707832367,51862.72941325453,52441.46569747275,53302.4196404497,54275.852590950024,55243.87973942966,71879.28048518395,38700.85017998072
2025-08-18 09:15:00+00:00,473,7110,6573.049032056691,7329.9279348989285,7743.357188630671,10183.857819689423,14588.757463243555,26678.463143899604,42361.91846807387,48364.34891264353,49764.55322374901,50661.03027155139,51128.59590545972,51704.35311830264,52416.94985200217,52867.28453242727,53395.67443825708,54273.14452602154,54916.10326009738,56325.938882332535,57086.54616800769,74667.91839472695,38966.56704953398
2025-08-18 09:30:00+00:00,474,7125,6095.77749517905,7524.645012061551,8073.0646485811285,9946.672473734274,14898.52990926694,25927.11890732398,40034.311944863046,49705.17690600767,51145.65314691306,52131.98893985288,52726.436875770785,53131.01600080005,53956.417927254355,54513.93399391181,54839.957810281885,55813.09047472411,56517.11627884663,57875.32843882895,58941.34276112375,77140.2315866306,39790.85728994049
2025-08-18 09:45:00+00:00,475,7140,6102.094978714574,7866.562975939429,8378.973950051743,9005.79129563846,15604.704912869194,26987.32731967936,36594.55478373824,50444.332910569494,52299.38097243231,53071.32903161276,54070.03378534929,54464.182474308094,55186.94860778518,55928.50896385256,56279.400226897254,56968.40613778864,57950.477377752286,59239.85409794714,60457.438790524866,79281.59413003268,40459.167123170686
2025-08-18 10:00:00+00:00,476,7155,6886.127938356747,8396.790250345613,8764.692028075313,15951.550340051761,26051.202589779925,36428.98392489355,49721.97369076663,52326.57216594331,53844.1234897974,54535.554324927965,55443.602734506625,55773.207636622436,56675.63312575182,57223.89205747445,57564.51808664551,58111.27293050523,59360.44174069637,60554.70586602771,61794.34601664608,81079.48932850962,43400.43360193739
2025-08-18 10:15:00+00:00,477,7170,6467.214521203851,8500.44227992218,8881.546207191,16671.570179573322,28094.26182591807,38584.31889911885,51071.56538206556,53132.62500701997,54472.3396887616,55213.099988481554,56331.79836493461,56643.28866320417,57418.366689734605,58078.68378508947,58416.57841579193,58734.498542606816,60272.73188426398,61410.215227791174,62805.73713982869,82523.51375244565,44213.74515336217
2025-08-18 10:30:00+00:00,478,7185,6504.220597237286,8655.19319130333,9123.744650157985,18300.838524428786,30436.684717122247,46641.11616012689,52960.53942427164,54465.99810201955,55408.27327584053,56537.069326995006,57063.57182141384,57362.75903681869,57894.159133781424,58575.66305557667,59005.43199549021,59354.01252614719,60955.78933471812,62059.97205009885,63364.80858004551,83605.39256069568,45401.502249760044
2025-08-18 10:45:00+00:00,479,7200,5943.536376801088,7991.550214272273,9074.737246737594,17950.626855841787,28105.646598414623,42581.78779628121,52933.520623361226,54653.453579199515,55661.902989020055,56861.81946812455,57500.54422042457,57819.19212388157,58312.20935879378,58930.976459634476,59413.7834155143,59773.595123350235,61444.1355084974,62574.46011402666,63684.16293426722,84319.00061064705,45195.59255341094
2025-08-18 11:00:00+00:00,480,7215,5669.602881107895,7843.924624510206,8920.456223570594,17971.91822182862,31833.40388819689,45870.9848085493,53358.35991650648,55381.47077676266,55910.29589894527,57359.40511553369,57666.67817311663,57973.95123069956,58423.40087485594,58969.95545059681,59527.26406100372,60000.089913817304,61596.14002588731,62778.92704214247,63810.15864469171,84660.38413764612,45684.07172402597
2025-08-18 11:15:00+00:00,481,7230,5667.821112723632,7219.609356529422,9093.925143469594,17773.505182945053,32289.090433659585,46988.43345765371,53586.74283771464,55346.003147434014,55866.29556491421,57216.6201647422,57525.037996356696,57833.455827971185,58211.65447881588,58649.82323937318,59272.13096579068,59745.30155395721,61474.736053770925,62664.06739889567,63606.89252704939,84627.77861691399,45635.1690547786
2025-08-18 11:30:00+00:00,482,7245,5892.232696407268,7893.739756038074,10779.810365381456,18709.726524354544,31841.661841615733,46788.549520166715,53296.9173830631,55066.43926592804,55695.2445680005,56845.59795212192,57151.80944819654,57458.02094427117,57834.69494442484,58287.96352357576,58905.27888510146,59385.21731617588,61032.22048390199,62281.40911490582,63163.50409033839,84221.61936442138,45534.116916327555
2025-08-18 11:45:00+00:00,483,7260,5359.463796781143,7905.35808349728,12248.947746909365,21691.026195227052,38209.356070631555,50530.83726841964,53859.72987242715,54585.035941125854,55337.157171781546,56252.66975219612,56509.36381234303,56766.057872489946,57180.15334534234,57702.603588148624,58276.59116864488,58753.628270771405,60375.37821332753,61635.54323563601,62523.31704915681,83444.54291321058,45882.48138845712
2025-08-18 12:00:00+00:00,484,7275,5242.558937747582,6768.951922714208,11340.64485543263,19481.753242674313,33597.348393404594,48828.54468999019,53161.834236564566,53897.667681172476,54435.99300151108,55404.51016195463,55802.97887650576,56099.87004296629,56406.93276474878,56973.63623987038,57533.83674823753,58268.43856187576,59594.490670901854,60852.066123430275,61605.98552672942,82301.3793515202,44832.9277836404
2025-08-18 12:15:00+00:00,485,7290,4718.385249513796,6204.330830172518,10522.11181135681,18001.74571089437,30966.99224088947,45308.186665934634,51982.079134321066,52886.77557634755,53304.39984549359,54249.295083634795,54664.117548073125,54991.09503752326,55307.477521035325,55799.54876515417,56445.04552168824,57102.79826601417,58303.12767139435,59544.787245765525,60310.19597162328,80799.1376880531,43569.30878679767
2025-08-18 12:30:00+00:00,486,7305,4644.430001564892,7187.525604317232,12938.457377755334,20828.577232319352,29877.922986179485,44256.30159272818,50379.3584338532,51513.85296105942,51895.193262078355,52750.365542884225,53332.56418529184,53644.270125535535,53976.60648909906,54420.88698194254,55141.12361206549,55719.78915779996,57042.42373051195,58275.7639619274,59008.281463456726,78946.98804648845,42857.832338302695
2025-08-18 12:45:00+00:00,487,7320,4703.149442996721,7310.290233933825,13656.596003482044,22187.642919987593,35083.05347185544,45942.91603757571,48931.100116018584,50064.0969504158,50438.38359553926,51206.248194586704,51810.69937872921,52158.24756482608,52529.95685476925,52927.1547817371,53672.08512597832,54256.81201319097,55497.639839037176,56907.96631311841,57508.17229688577,76756.24558504784,42314.31844513329
