horizon,horizon_num,horizon_minutes,p_05,p_10,p_15,p_20,p_25,p_30,p_35,p_40,p_45,p_50,p_55,p_60,p_65,p_70,p_75,p_80,p_85,p_90,p_95,clear_sky,deterministic
2025-10-19 00:00:00+00:00,0,15,0.0,0.0,0.0,0.0,0.0,0.0,0.0,0.0,0.0,0.0,0.0,0.0,0.0,0.0,0.0,0.0,0.0,0.0,0.0,0.0,0.0
2025-10-19 00:15:00+00:00,1,30,0.0,0.0,0.0,0.0,0.0,0.0,0.0,0.0,0.0,0.0,0.0,0.0,0.0,0.0,0.0,0.0,0.0,0.0,0.0,0.0,0.0
2025-10-19 00:30:00+00:00,2,45,0.0,0.0,0.0,0.0,0.0,0.0,0.0,0.0,0.0,0.0,0.0,0.0,0.0,0.0,0.0,0.0,0.0,0.0,0.0,0.0,0.0
2025-10-19 00:45:00+00:00,3,60,0.0,0.0,0.0,0.0,0.0,0.0,0.0,0.0,0.0,0.0,0.0,0.0,0.0,0.0,0.0,0.0,0.0,0.0,0.0,0.0,0.0
2025-10-19 01:00:00+00:00,4,75,0.0,0.0,0.0,0.0,0.0,0.0,0.0,0.0,0.0,0.0,0.0,0.0,0.0,0.0,0.0,0.0,0.0,0.0,0.0,0.0,0.0
2025-10-19 01:15:00+00:00,5,90,0.0,0.0,0.0,0.0,0.0,0.0,0.0,0.0,0.0,0.0,0.0,0.0,0.0,0.0,0.0,0.0,0.0,0.0,0.0,0.0,0.0
2025-10-19 01:30:00+00:00,6,105,0.0,0.0,0.0,0.0,0.0,0.0,0.0,0.0,0.0,0.0,0.0,0.0,0.0,0.0,0.0,0.0,0.0,0.0,0.0,0.0,0.0
2025-10-19 01:45:00+00:00,7,120,0.0,0.0,0.0,0.0,0.0,0.0,0.0,0.0,0.0,0.0,0.0,0.0,0.0,0.0,0.0,0.0,0.0,0.0,0.0,0.0,0.0
2025-10-19 02:00:00+00:00,8,135,0.0,0.0,0.0,0.0,0.0,0.0,0.0,0.0,0.0,0.0,0.0,0.0,0.0,0.0,0.0,0.0,0.0,0.0,0.0,0.0,0.0
2025-10-19 02:15:00+00:00,9,150,0.0,0.0,0.0,0.0,0.0,0.0,0.0,0.0,0.0,0.0,0.0,0.0,0.0,0.0,0.0,0.0,0.0,0.0,0.0,0.0,0.0
2025-10-19 02:30:00+00:00,10,165,0.0,0.0,0.0,0.0,0.0,0.0,0.0,0.0,0.0,0.0,0.0,0.0,0.0,0.0,0.0,0.0,0.0,0.0,0.0,0.0,0.0
2025-10-19 02:45:00+00:00,11,180,0.0,0.0,0.0,0.0,0.0,0.0,0.0,0.0,0.0,0.0,0.0,0.0,0.0,0.0,0.0,0.0,0.0,0.0,0.0,0.0,0.0
2025-10-19 03:00:00+00:00,12,195,0.0,0.0,0.0,0.0,0.0,0.0,0.0,0.0,0.0,0.0,0.0,0.0,0.0,0.0,0.0,0.0,0.0,0.0,0.0,0.0,0.0
2025-10-19 03:15:00+00:00,13,210,0.0,0.0,0.0,0.0,0.0,0.0,0.0,0.0,0.0,0.0,0.0,0.0,0.0,0.0,0.0,0.0,0.0,0.0,0.0,0.0,0.0
2025-10-19 03:30:00+00:00,14,225,0.0,0.0,0.0,0.0,0.0,0.0,0.0,0.0,0.0,0.0,0.0,0.0,0.0,0.0,0.0,0.0,0.0,0.0,0.0,0.0,0.0
2025-10-19 03:45:00+00:00,15,240,0.0,0.0,0.0,0.0,0.0,0.0,0.0,0.0,0.0,0.0,0.0,0.0,0.0,0.0,0.0,0.0,0.0,0.0,0.0,0.0,0.0
2025-10-19 04:00:00+00:00,16,255,0.0,0.0,0.0,0.0,0.0,0.0,0.0,0.0,0.0,0.0,0.0,0.0,0.0,0.0,0.0,0.0,0.0,0.0,0.0,0.0,0.0
2025-10-19 04:15:00+00:00,17,270,0.0,0.0,0.0,0.0,0.0,0.0,0.0,0.0,0.0,0.0,0.0,0.0,0.0,0.0,0.0,0.0,0.0,0.0,0.0,0.0,0.0
2025-10-19 04:30:00+00:00,18,285,0.0,0.0,0.0,0.0,0.0,0.0,0.0,0.0,0.0,0.0,0.0,0.0,0.0,0.0,0.0,0.0,0.0,0.0,0.0,0.0,0.0
2025-10-19 04:45:00+00:00,19,300,0.0,0.0,0.0,0.0,0.0,0.0,0.0,0.0,0.0,0.0,0.0,0.0,0.0,0.0,0.0,0.0,0.0,0.0,0.0,0.0,0.0
2025-10-19 05:00:00+00:00,20,315,0.0,0.0,0.0,0.0,0.0,0.0,0.0,0.0,0.0,0.0,0.0,0.0,0.0,0.0,0.0,0.0,0.0,0.0,0.0,0.0,0.0
2025-10-19 05:15:00+00:00,21,330,0.0,0.0,0.0,0.0,0.0,0.0,0.0,0.0,0.0,0.0,0.0,0.0,0.0,0.0,0.0,0.0,0.0,0.0,0.0,0.0,0.0
2025-10-19 05:30:00+00:00,22,345,0.0,0.0,0.0,0.0,0.0,0.0,0.0,0.0,0.0,0.0,0.0,0.0,0.0,0.0,0.0,0.0,0.0,0.0,0.0,0.0,0.0
2025-10-19 05:45:00+00:00,23,360,0.722542158418864,1.506066590785446,3.181606152814959,3.9060177992478997,4.430070017969068,4.808442659189293,5.126841103542226,5.450418428364253,5.938785648343174,6.331649085802213,6.8429551547767336,7.509672859249989,8.467555810200038,9.673936517996607,11.158689138188,13.397923705413248,15.563578240077277,19.932048812264313,23.21879033633982,40.902968042284876,8.96926849571792
2025-10-19 06:00:00+00:00,24,375,35.22667375016692,57.36696401317795,93.20630230131567,114.24201931960448,128.28818490420315,138.94269634105802,151.85072844771693,164.96931335452524,181.30116222502951,205.24406772413744,226.18883548262522,252.52764832457092,311.9250738417475,364.2639000326383,404.2796267270021,487.17127060706974,547.3182381355246,583.9013716840961,687.7748688943439,990.009013817221,284.36433234204765
2025-10-19 06:15:00+00:00,25,390,144.0908163646617,418.31982079071037,535.9025941288014,629.5651513695552,698.5439501000842,765.9417741968557,879.2865793822168,997.3876528670867,1124.3845448362695,1272.6214905226236,1582.6819704260497,1746.9446552370075,1937.5872029914883,2187.80185343772,2417.4687228507187,2614.28678386343,2697.947934721992,2925.12458299669,3316.4661477179393,4735.943177969314,1573.032168054918
2025-10-19 06:30:00+00:00,26,405,272.4388775281567,1074.1865633194716,1279.913402858669,1509.0570221893977,1718.693314739008,2096.473143170439,2282.599289038184,2612.427592735749,3029.007751562407,3456.89312621457,3772.827502213973,4023.230108941152,4555.047259943217,4868.579896222527,5222.413692742332,5343.0669713844345,5531.268397693972,6381.46840919459,6936.400585453862,9574.761501474566,3556.929977038145
2025-10-19 06:45:00+00:00,27,420,1424.260355761422,1863.1997395612118,2409.2567079827577,2676.2998473667917,2995.317428938965,3439.5326934823115,3671.9794871794575,4332.391517621967,4798.123082921295,5214.393504415618,5748.662630508874,6138.781837405676,6771.021590895583,7310.0387825063335,7693.321112338246,7992.5981942988465,8467.88326363577,9616.122550356278,10144.250692891366,14081.303104862869,5519.009282528103
2025-10-19 07:00:00+00:00,28,435,2273.111689686688,2873.3121385166687,3631.5252794462626,3894.0748577341446,4453.905849352326,4905.050744925164,5482.812087221157,6031.250366456989,6508.850379869584,7191.246946646174,7833.726259816847,8424.83487881637,9239.041540138436,9921.508395754376,10550.4218175432,11740.364878651912,12876.81764135555,13408.370380301098,14050.227505696303,18975.768436365834,7787.174392317341
2025-10-19 07:15:00+00:00,29,450,2954.3204496196317,3742.9853020231335,4573.620389039654,4937.869239262872,5714.604529900948,6369.535776483798,7438.7676607573585,8090.365884691099,8899.506877628597,9671.12848830872,10632.112815943306,11541.531825174,12616.759005824151,13358.85067918174,14826.569015122708,15733.254852196487,16550.569250856173,16886.354751877807,17615.626177238584,23619.860653422857,10260.348301954135
2025-10-19 07:30:00+00:00,30,465,3582.029785129862,4669.35864320121,5545.279164936087,6029.769640354702,7413.493627119451,8967.63495190588,9797.020558103244,10703.3721218039,11961.39297254428,13399.588322554315,14414.554027620838,15445.582126289315,16509.524949350824,17979.227149346836,18763.155989665287,19481.25531158335,19892.344945252393,20272.094149695953,21265.732841128676,28160.231933453164,13085.115211356679
2025-10-19 07:45:00+00:00,31,480,4540.454484036002,5676.96863177111,6666.132843124641,7855.694546022745,9179.610047250331,10679.3954946178,11741.8678932907,12681.98842197574,14084.26691260439,15716.413846828324,17049.267859886495,17989.887360353492,20027.420486011615,21227.032708301762,22131.170769640594,22594.312022530918,23029.345849052635,23480.06438599867,24763.08050790853,32527.21085870604,15458.998356157912
2025-10-19 08:00:00+00:00,32,495,5325.243214209726,6644.987694031761,7822.791385616549,9730.432337933837,11457.91099957247,12515.83384265205,13586.805770531739,15150.55784381066,16551.305480036634,18529.701000066543,19912.53058462619,21414.617264224824,23107.894000632972,24136.235759495594,25015.981847134633,25494.280315371205,25981.752990308523,26560.86182155698,28315.195830910943,36671.472227230544,17717.11116363596
2025-10-19 08:15:00+00:00,33,510,5965.265286608522,7707.1327744372675,10108.86952354748,12150.731425717964,13498.357372014378,14619.83468923203,15850.97094782234,17439.96559799766,19384.421914262086,21128.18787229636,22330.650852262246,24503.67662399298,25733.53902218914,26769.789064347802,27630.310959627266,28099.009265469092,28606.38230829788,29221.836967121435,30902.766472964307,40612.82966165184,19975.158760534225
2025-10-19 08:30:00+00:00,34,525,6607.665625281186,8849.125890305157,11373.045295558324,13860.932577556567,14835.030219430935,16132.533158929013,17833.928470753526,19362.64873533058,21542.162753679917,23670.28123769071,24780.101865211327,27232.633030783545,28199.31091140664,29438.250576815553,30217.40575055926,30730.70304328608,31328.371824258727,32109.743950638585,34512.73734577043,44423.92855865562,22120.039817804358
2025-10-19 08:45:00+00:00,35,540,7167.646228734242,10206.344827476301,13252.03003550686,15526.262464082489,16936.910484725035,18787.21994616243,20497.383307623437,22828.241134932625,24833.404474679253,26104.3486004921,28345.94682386693,29642.58853153547,30707.415828456844,31798.985482925287,32321.19131301654,32867.42817557319,33617.351408361006,34496.961399314714,37578.87700572464,47788.67548954184,24404.957945185542
2025-10-19 09:00:00+00:00,36,555,7731.366856971703,10474.320267834004,14780.716758470442,16726.100029105575,18149.012919890905,20220.012881034996,22506.87586930005,25129.300752758758,26676.963000221054,27806.00925565527,30178.196744378747,31349.63662432663,32337.038833138442,33518.9262117095,34105.332647914845,34617.89010696938,35456.07089336991,36150.91921898588,40094.528335693016,50807.05855702525,26124.565207313717
2025-10-19 09:15:00+00:00,37,570,8110.184557747365,11042.927656164544,16327.513796485286,18307.704994872543,19891.40055335691,22166.493059093274,25660.24364078998,27321.277029516,28804.42096923304,30969.027828823146,32679.734051075287,33290.870458599544,34480.29511923265,35402.0909850133,35995.18630666604,36549.99170652645,37339.003047730206,38223.90926751752,42162.509223240566,53464.16732330522,27982.49220731666
2025-10-19 09:30:00+00:00,38,585,8460.727745583525,12803.9653095311,17315.516600726078,19588.337912189654,22372.556472799883,26202.600646627187,28217.689886777618,29634.35609618125,31287.649064746663,33074.20818255753,34297.25257319858,35146.04341157211,36098.92928363048,36773.674168610785,37465.42568447069,37961.628914590125,38719.8123569538,39807.719638027964,44386.86393054644,55747.60714235042,29777.16160584517
2025-10-19 09:45:00+00:00,39,600,8882.344854073124,13831.454145084492,18057.497442025408,20347.128504743043,23029.679894693316,26081.286585987265,29235.7141973898,30973.027080763553,32752.442999042232,34466.47913789366,35553.34853982896,36445.95866516781,37445.23937835855,38193.294151592934,38949.410462352076,39362.955111687224,40093.483467113576,41276.10003614436,45923.964509689,57647.16874563483,30896.182013516798
2025-10-19 10:00:00+00:00,40,615,9368.195885863175,14260.659107541283,18646.501017092723,21204.3780010063,24009.27705588289,28062.493613009832,30202.894381167716,31890.715026236565,34318.64726796007,35601.30637043388,36683.58833628688,37520.08741042678,38570.47551156859,39380.777242827724,40172.83755818551,40736.197036827834,41681.65943058822,42762.23206027876,47658.319041168914,59154.66992409481,32027.661807279637
2025-10-19 10:15:00+00:00,41,630,9678.810281202119,14710.542459108243,19517.477850145744,21918.883609450684,24613.002553057457,28810.422150416554,30963.164106982596,32749.250216455857,35188.65716824692,36598.88654063374,37681.70649665431,38569.57838450235,39440.864649503594,40289.299162536765,40996.290000133995,41509.827197950544,42477.55925878233,43526.40900166207,48268.03275437401,60263.89318297387,32793.38927471223
2025-10-19 10:30:00+00:00,42,645,9945.885198847463,14865.655480270623,19998.87697761973,22687.00092811782,25480.71952697719,30121.54996330356,32046.40906444359,33491.111194404075,35806.99956357311,37451.86035736091,38317.9119117342,39314.245355617044,40087.06781195229,40888.13731432784,41589.34801700755,42074.596746410665,43139.2464728901,44148.038404162035,47985.827465300245,60970.57493728425,33415.91978838612
2025-10-19 10:45:00+00:00,43,660,10124.520530000955,17678.210747713863,21466.628178188967,24911.899229595794,29203.930788638554,31458.495320007758,33258.22232451126,35613.572001061046,37120.85617084205,38202.493217868716,39024.68959972991,39971.571480981045,40674.436891752965,41498.92670193033,41909.47398198511,42534.97778820811,43637.411010517346,44728.03450264482,47708.42071455541,61272.420032997106,34483.18134167775
2025-10-19 11:00:00+00:00,44,675,10264.024592081645,17451.393658144727,21089.40638093288,24747.780905010462,27248.404766471434,30984.80159966166,32857.26858301044,34743.23262635095,36914.9395865632,38150.078682676154,39059.02867314286,39962.70053340359,40763.79663991916,41473.55496895123,41919.60365937956,42941.92634292025,43719.49414970997,44973.05230585185,47057.79301363698,61169.12620843321,34275.217404830284
2025-10-19 11:15:00+00:00,45,690,10290.748723605577,17004.799304333723,20312.87269231494,23996.27166509128,27112.096675613164,30851.54430030484,32935.76116764463,35385.283729931645,37294.087696173585,37946.05215187805,38902.068747364465,39889.84542668112,40645.56038001053,41173.233070956856,41759.48677019357,42640.72039169542,43529.73426601061,44445.87072591598,45756.5955210217,60662.410470501294,34031.362644730085
2025-10-19 11:30:00+00:00,46,705,10211.237682120527,15900.807731098905,20124.238024005033,24072.24233679194,27850.708334705767,31096.908936874242,33198.94629658869,35985.15990577165,37137.78903603937,38052.56472720262,38923.89800282334,39677.913241576556,40283.6477124789,40778.229531203186,41475.556396556545,42044.36021249971,42901.28882743576,43810.35456159779,45036.03001448982,59756.03433322006,33791.83005413851
2025-10-19 11:45:00+00:00,47,720,10040.164600829825,16826.12692903339,20518.528269865048,24074.791165340997,27471.21859770968,30782.975616579857,32959.97000470443,35361.026552690055,36319.15214122649,37057.57418079726,37897.84865085874,38620.95810705295,39265.833488755976,39800.65484890779,40585.55499659804,41082.45394450118,41913.58406447938,42762.77016030117,43919.96652177765,58455.82903065723,33189.5991954891
2025-10-19 12:00:00+00:00,48,735,9671.986571539648,17672.57588662322,20113.620158468573,23258.216043579992,26082.929357372683,29769.34158964046,32318.762154927572,34325.34235883895,35286.494274773984,35975.43890782424,36942.14432252326,37596.60217489916,38177.8239975496,38726.45399698664,39489.2785434388,40210.23371335945,40775.46973725407,41567.049472864324,42488.11314183637,56769.72603587365,32307.01032663611
2025-10-19 12:15:00+00:00,49,750,8985.164060847483,15442.517535449995,19228.40688665199,22406.03647988057,24632.224330129386,27984.54685428222,30015.078457286047,32864.013508373195,33775.5745005835,34356.064720594855,35248.15197216672,36048.946356550376,36689.322637537654,37232.926834801896,38012.35997228365,38543.80431143436,39076.153867708956,39696.09210036821,40402.85092129626,54707.802764888955,30707.136576093322
2025-10-19 12:30:00+00:00,50,765,8525.773101729375,14471.877822523442,18388.27407878824,21318.460646530533,24658.483079312475,27714.15612326299,30105.14692034513,31923.880173892056,32562.77487898872,33104.8288766507,34132.15885941506,34766.72287718288,35440.633310864694,35993.47534104099,36622.86960171625,37164.5314909392,37595.5919976244,38301.91713922734,39210.282399854004,52282.35985557409,29743.515419002197
2025-10-19 12:45:00+00:00,51,780,8273.67401528764,15029.465606943713,17956.46587391384,20720.820296106125,24639.66521561463,26737.765245915714,29563.693976315208,30484.234644909633,31047.466805116976,31773.096565866104,32571.28960814819,33242.53939701082,33757.415274635314,34420.91373296526,34874.88076349791,35317.609929073275,35827.14784522247,36449.20798106172,37779.03149094921,49508.05574546892,28681.629208986353
2025-10-19 13:00:00+00:00,52,795,7895.937828448792,14785.169807767763,16982.835844130597,19506.74175664955,22992.364776497787,25041.896966543776,27021.542709171525,28580.819883453845,29091.67297099808,29818.78454396766,30695.590134301183,31375.020346560523,31777.45390305752,32346.24925654235,32800.14346553865,33187.30074338774,33794.41913153583,34477.18758565841,35702.47336013062,46402.13851697176,26981.948722215522
2025-10-19 13:15:00+00:00,53,810,7214.399184747044,13456.950185984828,15659.231107570035,18503.846471738794,21668.254662549116,23498.16636041755,25366.25453605794,26567.994848072867,27090.77686373342,28103.351748903115,28753.52613500587,29296.54419049123,29828.379715755782,30201.799007371876,30637.355158886192,31110.781480032874,31628.741215897906,32315.76768401007,33587.14634686937,42984.83893591044,25210.785957655327
2025-10-19 13:30:00+00:00,54,825,6741.447764173247,11949.516531336987,14458.562924694417,17340.12340340139,20322.512635288345,22001.05370324512,23594.992830202,24436.922106648966,24817.36886230145,25815.093026530405,26475.263699967298,26906.481558679836,27345.82977969174,27758.034811000914,28141.650155254385,28419.083406804333,29040.492046120937,29780.4794226446,30963.657751336712,39197.70235289498,23217.912546085474
2025-10-19 13:45:00+00:00,55,840,5943.445396837503,8669.799089260518,12163.696314851597,14509.928782422012,17567.195946534037,19087.119476126292,20270.620082792193,21550.753550111524,22149.36554698862,22621.238110569928,23627.18615628405,24120.37246616419,24584.824487215337,24925.000941194532,25235.69829605191,25584.98017123885,26115.178250061028,26914.309998583056,27933.49348363679,35210.96631208844,20513.961654594405
2025-10-19 14:00:00+00:00,56,855,5011.616176626974,6269.394652786107,9624.611814095826,11377.955057028552,13659.148259606578,15864.009014382436,16902.173912080903,17798.963090031313,18888.20782431462,19520.033622592327,19902.000109973855,20679.333064725317,21286.50700728674,21771.543868018205,22071.593420953443,22377.576197814553,22904.39051064452,23570.36724333138,24585.4785665813,31129.562751541147,17441.852443629894
2025-10-19 14:15:00+00:00,57,870,3547.8056660390635,4642.46805752733,6143.8088256231495,8590.44575284706,9972.909140936335,11486.328538773878,13285.639531045821,14259.941712120764,15012.74380674864,15644.639884783646,16493.963249206863,16885.14267817735,17279.881624083704,18206.591059225786,18677.216596683003,18938.541506910264,19212.89657241004,19723.311839906917,20900.546978622486,26878.00202229047,14056.800158798957
2025-10-19 14:30:00+00:00,58,885,2905.408667137385,3811.2913946174035,4585.221556373239,7038.1811508353,8149.053384864781,9049.789430357507,10163.741369293111,11182.804988192109,11768.99348124319,12325.509914036242,12740.784527444921,13325.778421858833,13891.543726765849,14255.443964870952,14793.351572573143,15441.845533326223,15833.557332559905,16170.666386963801,17031.34159659636,22509.68449319551,11257.076965531945
2025-10-19 14:45:00+00:00,59,900,2264.9026764297046,3018.1819630787345,3609.500695347682,5027.430855815856,6115.008149465744,6678.138793799588,7549.289324335123,8286.042115651197,9012.392161731339,9363.593002392052,9805.487062873995,10188.704287531024,10549.302738267552,11096.551377903972,11420.882240496227,11923.800590512945,12530.80821232278,12845.65910179168,13218.734011632736,18094.737914918547,8640.47736890976
2025-10-19 15:00:00+00:00,60,915,1613.9389508585164,2177.7720719691865,2636.0083808472828,3251.9015762275135,4093.5632287042963,4652.554474680909,5100.2615523710765,5698.222738307285,6308.85824468822,6756.590641983098,7000.610255615669,7339.203843299385,7632.886765439043,7906.6282592109865,8270.852876385712,8572.707146278537,9034.08105456624,9504.707938589425,9851.548384369391,13591.00328831106,6210.7781169631135
2025-10-19 15:15:00+00:00,61,930,983.8156123882354,1390.7573493342534,1552.8198932252026,1950.8200100377062,2516.9387072630548,2900.6987202988594,3234.4178407117643,3470.4649241009174,3925.025835337062,4317.78125316435,4617.250812858707,4819.275892790391,5023.46480360752,5235.138876457542,5430.8303038255835,5628.007050197359,5805.088095049944,6244.259600591697,6706.704581310887,9333.490894784027,4014.1389169044296
2025-10-19 15:30:00+00:00,62,945,538.5004271526717,760.161926386651,861.4799254422969,1110.1180432974425,1394.4723967327054,1572.9738638009026,1789.7698430438334,1891.6318421140297,2084.0577909263666,2264.243648855887,2494.28160563872,2620.9781767206787,2756.600090588436,2880.0792519742777,2998.0877871194944,3128.6984465396276,3259.32689262516,3480.247189384222,3745.5330733009637,5300.709087163208,2203.388263928269
2025-10-19 15:45:00+00:00,63,960,118.95305855714169,195.4831413518444,227.8989208139977,287.4087490792201,357.1656805659183,427.9194904324247,482.8662584082817,513.4546549994634,556.4602203948122,613.9916561290024,658.2963285942109,726.0668881542726,767.960756201966,810.0704400391041,842.8800585007298,877.2039461332035,914.098865444602,995.0556447699412,1059.9496817348488,1511.5056137923386,622.063238639397
2025-10-19 16:00:00+00:00,64,975,12.783550432282823,20.139333871492656,23.998119949556862,28.819487602068993,35.706590503810574,42.699799004524074,48.34195029006221,51.94953631832705,54.58324830451281,61.48824223252768,66.16709614513331,72.95448422793915,77.95477922718854,81.79235554893584,85.19321428130873,88.5429329766336,92.54222219592836,100.65994921140044,108.47115609950872,155.55205247698026,62.92143712383225
2025-10-19 16:15:00+00:00,65,990,0.0,0.0,0.0,0.0,0.0,0.0,0.0,0.0,0.0,0.0,0.0,0.0,0.0,0.0,0.0,0.0,0.0,0.0,0.0,0.0,0.0
2025-10-19 16:30:00+00:00,66,1005,0.0,0.0,0.0,0.0,0.0,0.0,0.0,0.0,0.0,0.0,0.0,0.0,0.0,0.0,0.0,0.0,0.0,0.0,0.0,0.0,0.0
2025-10-19 16:45:00+00:00,67,1020,0.0,0.0,0.0,0.0,0.0,0.0,0.0,0.0,0.0,0.0,0.0,0.0,0.0,0.0,0.0,0.0,0.0,0.0,0.0,0.0,0.0
2025-10-19 17:00:00+00:00,68,1035,0.0,0.0,0.0,0.0,0.0,0.0,0.0,0.0,0.0,0.0,0.0,0.0,0.0,0.0,0.0,0.0,0.0,0.0,0.0,0.0,0.0
2025-10-19 17:15:00+00:00,69,1050,0.0,0.0,0.0,0.0,0.0,0.0,0.0,0.0,0.0,0.0,0.0,0.0,0.0,0.0,0.0,0.0,0.0,0.0,0.0,0.0,0.0
2025-10-19 17:30:00+00:00,70,1065,0.0,0.0,0.0,0.0,0.0,0.0,0.0,0.0,0.0,0.0,0.0,0.0,0.0,0.0,0.0,0.0,0.0,0.0,0.0,0.0,0.0
2025-10-19 17:45:00+00:00,71,1080,0.0,0.0,0.0,0.0,0.0,0.0,0.0,0.0,0.0,0.0,0.0,0.0,0.0,0.0,0.0,0.0,0.0,0.0,0.0,0.0,0.0
2025-10-19 18:00:00+00:00,72,1095,0.0,0.0,0.0,0.0,0.0,0.0,0.0,0.0,0.0,0.0,0.0,0.0,0.0,0.0,0.0,0.0,0.0,0.0,0.0,0.0,0.0
2025-10-19 18:15:00+00:00,73,1110,0.0,0.0,0.0,0.0,0.0,0.0,0.0,0.0,0.0,0.0,0.0,0.0,0.0,0.0,0.0,0.0,0.0,0.0,0.0,0.0,0.0
2025-10-19 18:30:00+00:00,74,1125,0.0,0.0,0.0,0.0,0.0,0.0,0.0,0.0,0.0,0.0,0.0,0.0,0.0,0.0,0.0,0.0,0.0,0.0,0.0,0.0,0.0
2025-10-19 18:45:00+00:00,75,1140,0.0,0.0,0.0,0.0,0.0,0.0,0.0,0.0,0.0,0.0,0.0,0.0,0.0,0.0,0.0,0.0,0.0,0.0,0.0,0.0,0.0
2025-10-19 19:00:00+00:00,76,1155,0.0,0.0,0.0,0.0,0.0,0.0,0.0,0.0,0.0,0.0,0.0,0.0,0.0,0.0,0.0,0.0,0.0,0.0,0.0,0.0,0.0
2025-10-19 19:15:00+00:00,77,1170,0.0,0.0,0.0,0.0,0.0,0.0,0.0,0.0,0.0,0.0,0.0,0.0,0.0,0.0,0.0,0.0,0.0,0.0,0.0,0.0,0.0
2025-10-19 19:30:00+00:00,78,1185,0.0,0.0,0.0,0.0,0.0,0.0,0.0,0.0,0.0,0.0,0.0,0.0,0.0,0.0,0.0,0.0,0.0,0.0,0.0,0.0,0.0
2025-10-19 19:45:00+00:00,79,1200,0.0,0.0,0.0,0.0,0.0,0.0,0.0,0.0,0.0,0.0,0.0,0.0,0.0,0.0,0.0,0.0,0.0,0.0,0.0,0.0,0.0
2025-10-19 20:00:00+00:00,80,1215,0.0,0.0,0.0,0.0,0.0,0.0,0.0,0.0,0.0,0.0,0.0,0.0,0.0,0.0,0.0,0.0,0.0,0.0,0.0,0.0,0.0
2025-10-19 20:15:00+00:00,81,1230,0.0,0.0,0.0,0.0,0.0,0.0,0.0,0.0,0.0,0.0,0.0,0.0,0.0,0.0,0.0,0.0,0.0,0.0,0.0,0.0,0.0
2025-10-19 20:30:00+00:00,82,1245,0.0,0.0,0.0,0.0,0.0,0.0,0.0,0.0,0.0,0.0,0.0,0.0,0.0,0.0,0.0,0.0,0.0,0.0,0.0,0.0,0.0
2025-10-19 20:45:00+00:00,83,1260,0.0,0.0,0.0,0.0,0.0,0.0,0.0,0.0,0.0,0.0,0.0,0.0,0.0,0.0,0.0,0.0,0.0,0.0,0.0,0.0,0.0
2025-10-19 21:00:00+00:00,84,1275,0.0,0.0,0.0,0.0,0.0,0.0,0.0,0.0,0.0,0.0,0.0,0.0,0.0,0.0,0.0,0.0,0.0,0.0,0.0,0.0,0.0
2025-10-19 21:15:00+00:00,85,1290,0.0,0.0,0.0,0.0,0.0,0.0,0.0,0.0,0.0,0.0,0.0,0.0,0.0,0.0,0.0,0.0,0.0,0.0,0.0,0.0,0.0
2025-10-19 21:30:00+00:00,86,1305,0.0,0.0,0.0,0.0,0.0,0.0,0.0,0.0,0.0,0.0,0.0,0.0,0.0,0.0,0.0,0.0,0.0,0.0,0.0,0.0,0.0
2025-10-19 21:45:00+00:00,87,1320,0.0,0.0,0.0,0.0,0.0,0.0,0.0,0.0,0.0,0.0,0.0,0.0,0.0,0.0,0.0,0.0,0.0,0.0,0.0,0.0,0.0
2025-10-19 22:00:00+00:00,88,1335,0.0,0.0,0.0,0.0,0.0,0.0,0.0,0.0,0.0,0.0,0.0,0.0,0.0,0.0,0.0,0.0,0.0,0.0,0.0,0.0,0.0
2025-10-19 22:15:00+00:00,89,1350,0.0,0.0,0.0,0.0,0.0,0.0,0.0,0.0,0.0,0.0,0.0,0.0,0.0,0.0,0.0,0.0,0.0,0.0,0.0,0.0,0.0
2025-10-19 22:30:00+00:00,90,1365,0.0,0.0,0.0,0.0,0.0,0.0,0.0,0.0,0.0,0.0,0.0,0.0,0.0,0.0,0.0,0.0,0.0,0.0,0.0,0.0,0.0
2025-10-19 22:45:00+00:00,91,1380,0.0,0.0,0.0,0.0,0.0,0.0,0.0,0.0,0.0,0.0,0.0,0.0,0.0,0.0,0.0,0.0,0.0,0.0,0.0,0.0,0.0
2025-10-19 23:00:00+00:00,92,1395,0.0,0.0,0.0,0.0,0.0,0.0,0.0,0.0,0.0,0.0,0.0,0.0,0.0,0.0,0.0,0.0,0.0,0.0,0.0,0.0,0.0
2025-10-19 23:15:00+00:00,93,1410,0.0,0.0,0.0,0.0,0.0,0.0,0.0,0.0,0.0,0.0,0.0,0.0,0.0,0.0,0.0,0.0,0.0,0.0,0.0,0.0,0.0
2025-10-19 23:30:00+00:00,94,1425,0.0,0.0,0.0,0.0,0.0,0.0,0.0,0.0,0.0,0.0,0.0,0.0,0.0,0.0,0.0,0.0,0.0,0.0,0.0,0.0,0.0
2025-10-19 23:45:00+00:00,95,1440,0.0,0.0,0.0,0.0,0.0,0.0,0.0,0.0,0.0,0.0,0.0,0.0,0.0,0.0,0.0,0.0,0.0,0.0,0.0,0.0,0.0
2025-10-20 00:00:00+00:00,96,1455,0.0,0.0,0.0,0.0,0.0,0.0,0.0,0.0,0.0,0.0,0.0,0.0,0.0,0.0,0.0,0.0,0.0,0.0,0.0,0.0,0.0
2025-10-20 00:15:00+00:00,97,1470,0.0,0.0,0.0,0.0,0.0,0.0,0.0,0.0,0.0,0.0,0.0,0.0,0.0,0.0,0.0,0.0,0.0,0.0,0.0,0.0,0.0
2025-10-20 00:30:00+00:00,98,1485,0.0,0.0,0.0,0.0,0.0,0.0,0.0,0.0,0.0,0.0,0.0,0.0,0.0,0.0,0.0,0.0,0.0,0.0,0.0,0.0,0.0
2025-10-20 00:45:00+00:00,99,1500,0.0,0.0,0.0,0.0,0.0,0.0,0.0,0.0,0.0,0.0,0.0,0.0,0.0,0.0,0.0,0.0,0.0,0.0,0.0,0.0,0.0
2025-10-20 01:00:00+00:00,100,1515,0.0,0.0,0.0,0.0,0.0,0.0,0.0,0.0,0.0,0.0,0.0,0.0,0.0,0.0,0.0,0.0,0.0,0.0,0.0,0.0,0.0
2025-10-20 01:15:00+00:00,101,1530,0.0,0.0,0.0,0.0,0.0,0.0,0.0,0.0,0.0,0.0,0.0,0.0,0.0,0.0,0.0,0.0,0.0,0.0,0.0,0.0,0.0
2025-10-20 01:30:00+00:00,102,1545,0.0,0.0,0.0,0.0,0.0,0.0,0.0,0.0,0.0,0.0,0.0,0.0,0.0,0.0,0.0,0.0,0.0,0.0,0.0,0.0,0.0
2025-10-20 01:45:00+00:00,103,1560,0.0,0.0,0.0,0.0,0.0,0.0,0.0,0.0,0.0,0.0,0.0,0.0,0.0,0.0,0.0,0.0,0.0,0.0,0.0,0.0,0.0
2025-10-20 02:00:00+00:00,104,1575,0.0,0.0,0.0,0.0,0.0,0.0,0.0,0.0,0.0,0.0,0.0,0.0,0.0,0.0,0.0,0.0,0.0,0.0,0.0,0.0,0.0
2025-10-20 02:15:00+00:00,105,1590,0.0,0.0,0.0,0.0,0.0,0.0,0.0,0.0,0.0,0.0,0.0,0.0,0.0,0.0,0.0,0.0,0.0,0.0,0.0,0.0,0.0
2025-10-20 02:30:00+00:00,106,1605,0.0,0.0,0.0,0.0,0.0,0.0,0.0,0.0,0.0,0.0,0.0,0.0,0.0,0.0,0.0,0.0,0.0,0.0,0.0,0.0,0.0
2025-10-20 02:45:00+00:00,107,1620,0.0,0.0,0.0,0.0,0.0,0.0,0.0,0.0,0.0,0.0,0.0,0.0,0.0,0.0,0.0,0.0,0.0,0.0,0.0,0.0,0.0
2025-10-20 03:00:00+00:00,108,1635,0.0,0.0,0.0,0.0,0.0,0.0,0.0,0.0,0.0,0.0,0.0,0.0,0.0,0.0,0.0,0.0,0.0,0.0,0.0,0.0,0.0
2025-10-20 03:15:00+00:00,109,1650,0.0,0.0,0.0,0.0,0.0,0.0,0.0,0.0,0.0,0.0,0.0,0.0,0.0,0.0,0.0,0.0,0.0,0.0,0.0,0.0,0.0
2025-10-20 03:30:00+00:00,110,1665,0.0,0.0,0.0,0.0,0.0,0.0,0.0,0.0,0.0,0.0,0.0,0.0,0.0,0.0,0.0,0.0,0.0,0.0,0.0,0.0,0.0
2025-10-20 03:45:00+00:00,111,1680,0.0,0.0,0.0,0.0,0.0,0.0,0.0,0.0,0.0,0.0,0.0,0.0,0.0,0.0,0.0,0.0,0.0,0.0,0.0,0.0,0.0
2025-10-20 04:00:00+00:00,112,1695,0.0,0.0,0.0,0.0,0.0,0.0,0.0,0.0,0.0,0.0,0.0,0.0,0.0,0.0,0.0,0.0,0.0,0.0,0.0,0.0,0.0
2025-10-20 04:15:00+00:00,113,1710,0.0,0.0,0.0,0.0,0.0,0.0,0.0,0.0,0.0,0.0,0.0,0.0,0.0,0.0,0.0,0.0,0.0,0.0,0.0,0.0,0.0
2025-10-20 04:30:00+00:00,114,1725,0.0,0.0,0.0,0.0,0.0,0.0,0.0,0.0,0.0,0.0,0.0,0.0,0.0,0.0,0.0,0.0,0.0,0.0,0.0,0.0,0.0
2025-10-20 04:45:00+00:00,115,1740,0.0,0.0,0.0,0.0,0.0,0.0,0.0,0.0,0.0,0.0,0.0,0.0,0.0,0.0,0.0,0.0,0.0,0.0,0.0,0.0,0.0
2025-10-20 05:00:00+00:00,116,1755,0.0,0.0,0.0,0.0,0.0,0.0,0.0,0.0,0.0,0.0,0.0,0.0,0.0,0.0,0.0,0.0,0.0,0.0,0.0,0.0,0.0
2025-10-20 05:15:00+00:00,117,1770,0.0,0.0,0.0,0.0,0.0,0.0,0.0,0.0,0.0,0.0,0.0,0.0,0.0,0.0,0.0,0.0,0.0,0.0,0.0,0.0,0.0
2025-10-20 05:30:00+00:00,118,1785,0.0,0.0,0.0,0.0,0.0,0.0,0.0,0.0,0.0,0.0,0.0,0.0,0.0,0.0,0.0,0.0,0.0,0.0,0.0,0.0,0.0
2025-10-20 05:45:00+00:00,119,1800,0.12534159215815197,0.325368568021697,0.848744604561183,1.050051269157903,1.2823332680844695,1.5346030254826242,1.7183151138176789,1.8384132526787609,1.9647842782846048,2.20465789524474,2.5970620444651864,2.8964934251329693,3.3602051238078023,3.957145349915187,4.899497798781235,5.444704342387367,6.361740505327787,7.407200189704115,8.291025170907353,14.559948602900905,3.2960557974194247
2025-10-20 06:00:00+00:00,120,1815,22.230170521643895,46.54444088417905,63.409039640375056,75.37026470884614,93.01372113472458,102.13609453604815,108.45150056942813,115.13689671563331,126.22826681223333,152.0611211854893,169.47781091640684,195.44403413467137,244.37133176161507,283.1845217924106,332.6318504155713,385.3995421702268,428.30295856586315,462.7938810113706,507.26357188374647,792.6216580298135,218.54099068409468
2025-10-20 06:15:00+00:00,121,1830,164.73145443615456,334.89780702308184,401.2280652710153,485.0446651438454,547.7083393476602,582.5740128426531,613.261694216286,670.2645091916803,821.6475132319563,970.1868121877854,1214.1743867831794,1425.8807846487796,1600.1415600783218,1861.072372595591,2073.193093488531,2250.935479285452,2378.477155399203,2559.8638079283464,3045.8789830346345,4094.1212582250873,1319.239500920085
2025-10-20 06:30:00+00:00,122,1845,710.5314737559326,862.6398430704756,1004.0608450099566,1218.9423038080502,1336.1540213917822,1422.9953705344733,1489.711994939544,1706.1020990954653,1987.3277198254864,2359.1995436366033,3049.6254082211835,3426.7425762155676,4034.6651203832366,4584.282946556776,4987.067674279051,5265.4670367505805,5654.888046191215,6211.697721262025,6917.978151963178,9071.950640286488,3165.0793137637015
2025-10-20 06:45:00+00:00,123,1860,1215.5966008809485,1467.9281495234902,1747.6304505059254,2037.379687556961,2163.9532666992523,2305.441339873,2615.3526802305782,3055.532872983631,3475.5364917376223,4463.9114470957375,5165.035646242882,6118.63525281898,6914.124669734415,7617.556736425328,8045.821488744917,8540.851864879278,9080.927235163066,9955.990249167051,10623.65141316961,13525.457771973068,5212.633736580262
2025-10-20 07:00:00+00:00,124,1875,1747.7463010700383,2377.4592552829918,2810.5226811355133,3078.2391972590463,3666.9456453976018,4285.390979034623,5195.98853396555,6550.883569814417,7522.465636278838,8560.481733264747,9262.066121852904,9968.84597758534,10696.528749276824,11281.505224459592,11876.033554068286,12784.834855312207,13403.870532445875,13866.055589078323,14648.736228246811,18446.383328176347,8198.531942973925
2025-10-20 07:15:00+00:00,125,1890,2307.738340809399,3375.612128265635,3906.7016240467046,4985.585660805211,5849.96700367846,7630.775994547494,8883.890317020021,10348.275318209768,11359.526235252524,12077.732151827535,12810.614324479171,13671.542125561331,14602.976340546267,15444.947244313149,16233.746434434708,16774.73086146312,17285.473557525853,18040.99847563574,18821.321117235722,23085.667172474445,11298.702858688634
2025-10-20 07:30:00+00:00,126,1905,2782.1786526416663,4584.020248760787,5992.284141260847,7013.54533351144,9179.175706477072,10584.715752709975,12634.526800345455,14109.439081946031,14970.260811730837,16371.098170641115,17510.013894992346,18478.44165856407,19058.429979888624,19594.855910220984,20130.79511358509,20646.15331870537,21447.880209728235,22286.403457671182,22987.474352324374,27625.937175841078,14713.400353299661
2025-10-20 07:45:00+00:00,127,1920,3228.7239534687496,5333.397045324231,7276.193514652459,8248.671575882936,10185.145318661667,11997.104232047575,13984.04823046314,16071.724834874283,17160.615290965605,19114.286376239714,20515.9333257625,21662.464302953922,22274.25591074928,22858.257989535767,23451.986891222394,24066.525634837726,25172.021943599448,25977.137719220384,26681.82004508693,31994.657372216105,17064.466151231125
2025-10-20 08:00:00+00:00,128,1935,3682.9278910268335,6604.1994413309385,8349.10944180353,9492.228414023431,11219.484296199586,13588.461176467184,16052.785305969592,18213.233744278674,19375.952240928542,21438.385985363955,23580.5730320647,24371.61124870395,25113.61355173892,25669.811875110045,26342.1998717682,27055.42081678191,28396.388735433702,29262.883090835105,30017.17283993092,36141.07481562471,19291.25810049602
2025-10-20 08:15:00+00:00,129,1950,5490.645405236337,8602.373453672266,9748.79730190785,11292.640849052397,13196.112976956121,15295.264643743782,18157.988691405608,20547.976323973264,21961.22577256658,25181.776840203507,26475.19546099201,27046.16476106689,27579.279220894834,28226.704953935332,29043.127105467996,29940.952310569486,31401.84461115383,32371.61275819904,33172.216886824375,40027.45618830806,21728.16998754987
2025-10-20 08:30:00+00:00,130,1965,7388.976013528994,9979.046915230814,11464.989600058469,13186.012756739996,14679.102458679397,17149.963639860554,20651.100498542382,23402.401244701025,25128.25177364433,28423.04076320528,29274.688837004007,29695.401720308935,30183.061483648202,30821.43589235773,31655.24822828801,32684.952996988337,34614.94716656291,35600.31509811541,36318.77432804653,43877.43072710866,24196.803984559214
2025-10-20 08:45:00+00:00,131,1980,9320.013039475332,11437.899723337776,13255.322604271047,14486.355394860046,16531.661781663835,18936.615751794696,21891.117576916487,25134.018090288235,26658.708284370634,29528.732273186117,31270.696514639072,31775.767528342312,32205.194993081346,32773.17771590239,33616.10510664851,34684.98715083059,36944.351985879075,38057.317721941865,39043.016140326625,47245.05681414872,25954.35278975679
2025-10-20 09:00:00+00:00,132,1995,11000.27871524278,13100.379320355203,14828.29091041296,16345.985589149754,18335.345017021984,20411.40218326124,23416.80613345617,26808.723193588263,28138.09055730982,30607.80777518836,31623.35000968281,33049.22975448854,34035.90175792078,34604.53345369795,35486.86245032974,36502.330077751634,38716.91861853068,40382.79468925368,41628.12907215958,50265.23464275396,27605.33812597584
2025-10-20 09:15:00+00:00,133,2010,12012.574417159927,14027.102612233919,15871.24539770965,17527.208445781558,19732.54080503827,21620.95748397511,25452.153441020808,28282.482717943196,30228.15319412517,32210.26898699799,33149.88263051716,34360.487337407714,35377.31648900017,36177.44387514217,37010.421184139595,37872.49035692477,41409.713253004404,42748.53824616433,44025.640370118046,52923.11874868514,29176.198114486917
2025-10-20 09:30:00+00:00,134,2025,11240.142877679722,14299.841597608354,16475.07015850831,18394.432154269183,20681.925318754737,22686.507166926604,26583.55676672973,29804.766803030176,31458.44559658074,33144.595597083295,34463.21870532012,35718.096586675245,36502.51963873497,37370.094698251254,38031.330020472946,39063.109293666166,39850.43482717225,43570.59410640695,45881.31267215335,55206.41561902842,30038.05116545588
2025-10-20 09:45:00+00:00,135,2040,10016.595296641797,14312.40610125589,16747.462215327807,18792.615706332024,21434.118695105124,24811.911188808073,28565.17192453524,31080.385759907535,33121.62334758823,34753.46740212087,36174.69005946372,37109.60358804464,37843.68010615192,38596.87034466521,39251.99225171048,40196.62447365044,40979.98454824741,42975.94587275767,46734.00744672665,57105.028162180686,30974.92539134541
2025-10-20 10:00:00+00:00,136,2055,10089.459596826267,14834.232403625785,17779.737023614867,20045.75688142653,23519.099271322153,26208.0985123381,29686.404817179107,32030.244601795963,34254.39417468561,36120.40265313728,37448.95481149304,38216.81977080907,39058.66867697214,39813.50083887732,40573.45575018969,41501.03364313476,42802.28776905622,44432.579488937845,46984.89630449317,58610.8840160782,32106.92715683982
2025-10-20 10:15:00+00:00,137,2070,9920.439151770262,15101.720165690936,18167.79456334333,20952.700326544113,24178.28982394754,27066.348531601223,30115.018691701487,32585.20034137396,34934.862682907624,36875.45494309202,38323.20679893144,39100.662817083285,39971.83514715363,40606.74696099674,41517.94479227943,42337.998753111286,43456.128523613224,44752.3894091891,47444.35853371657,59717.86622174698,32715.98153355244
2025-10-20 10:30:00+00:00,138,2085,10100.929618259082,15352.767239644902,18638.765569625997,21880.908336666194,24985.242099864154,27609.167816146954,30513.369425310542,33018.255905576756,35480.04006657964,37472.15472755194,38965.32799024378,39846.288487607264,40637.45621082862,41261.46262287466,42204.59317290318,42992.83704082087,44131.81907891233,45267.532739646624,47767.832749571244,60421.798930764126,33269.837715334914
2025-10-20 10:45:00+00:00,139,2100,6400.742020374656,13709.248666962696,17158.54864523942,19927.096880087756,23679.720827621048,26314.771093905452,29792.109943803367,32109.507204994014,34439.54749160887,36568.56546782688,38330.983781936215,39420.288944381726,40336.23422322138,41118.3545258099,42037.76210344204,42770.73946480786,43587.254673822754,44922.709791841495,46412.329420901806,60720.46035868735,32308.619632923826
2025-10-20 11:00:00+00:00,140,2115,5824.037551159408,12519.456175108551,16855.711199394846,19662.317817807692,23248.416734444512,25304.329763224338,28583.841519697005,31435.924716215974,34127.12403825422,36389.670486737945,38080.942168262205,39125.19349603174,40035.91177132793,40891.755747042065,41680.8790383165,42349.70431639195,43064.028418766015,44224.1109399679,45049.38888118765,60613.60676891121,31764.736676553526
2025-10-20 11:15:00+00:00,141,2130,5692.61664683849,11533.394929989396,15974.576548471394,18794.240814727986,22065.67566101593,24279.285262538877,26847.99145969397,30908.528990164516,33896.548984146546,36199.19509973974,37870.279095489255,38812.85713074657,39834.951478179326,40723.71169389361,41399.88593393368,42001.06622773252,42614.69247814808,43707.99399528409,44630.368526986305,60102.99905047764,31215.197055003722
2025-10-20 11:30:00+00:00,142,2145,7663.109095061642,12408.467837950351,16218.344112752444,18767.207604329924,21094.75164857665,24169.037743579058,26528.449248127046,30997.643150296168,33490.906693535675,35869.02609510398,37664.33206895783,38483.19136508263,39731.98374882499,40449.61276665207,41030.24626854149,41573.07651436473,42206.34139094966,43142.412090539074,44212.613031969035,59192.42869048562,31111.427554393224
2025-10-20 11:45:00+00:00,143,2160,7816.5039829888665,12368.01341398573,16012.681833469102,18438.804998756244,20542.406521453682,23519.668675878158,25484.920377626393,30519.088315241384,32703.703481507382,35150.95282408875,36807.03413427209,37746.35552790006,38889.97443884685,39570.07201681254,40105.410155854726,40632.10450212713,41171.758548290185,42078.55058269761,43099.836320846865,57887.744301742714,30459.58219035404
2025-10-20 12:00:00+00:00,144,2175,7684.791141943545,12435.069305463086,15559.438136683799,17716.991808267132,19323.977912412152,22162.112864728366,23904.880543860392,26884.045249415143,30692.49468306996,33780.072051048744,35480.55511413536,36439.128897867886,37519.78705969591,38411.35206542881,38952.15521787289,39417.92224006591,40000.460044069245,40781.22116332332,41972.342333629946,56196.88427793611,29267.28638620782
2025-10-20 12:15:00+00:00,145,2190,7553.5836630872345,12240.8063639871,15158.972117888274,17068.23040370458,18708.31407507763,20845.868068387725,22516.384063003472,25472.265484078107,28432.77723418011,31873.139446538997,33274.018829692825,34710.068674449394,35759.228649690995,36623.352086605315,37179.17316387961,37632.188221816665,38150.24035286265,39020.670542924854,41019.925004007295,54129.92594463042,27913.8024243725
2025-10-20 12:30:00+00:00,146,2205,6954.242849945195,11866.347513850927,14625.555994377355,16219.205093604098,17550.76747225666,19486.75131723661,21200.697644717096,24400.358894266916,27329.503667129105,30680.51151774085,32201.591234211162,33191.76177110037,34292.83914091938,35004.54754581051,35364.332241775635,35801.10016789694,36278.20438511752,37687.51084377017,39568.162745211914,51699.16846854635,26707.294642006156
2025-10-20 12:45:00+00:00,147,2220,8488.54434222232,12170.190987433287,14356.132292067017,15660.222280766557,17513.26404723371,19210.176073969287,21183.12416932957,24720.034987984112,27478.35853260437,29549.24941832395,30876.367786114504,31871.278775938274,32804.489137390905,33102.30635102996,33484.78099227652,33857.068324505206,34434.661549778706,35415.64034986554,37176.4746890255,48919.276769072036,25793.97667696484
2025-10-20 13:00:00+00:00,148,2235,6274.476004537402,10438.052626018762,13109.415766161315,14528.0093476111,16104.926584885796,17923.53932993877,19497.221888003485,22340.9347032056,25171.952263914518,27506.927173123866,28788.425827161453,29681.22586748688,30511.31943687978,30924.47153255053,31257.4453838784,31642.190794038117,32230.665527682107,33197.22225616605,34753.51183071282,45807.529023311195,23805.748517370303
2025-10-20 13:15:00+00:00,149,2250,5869.1003278532935,8459.646846658592,11082.106497483948,12988.64419299247,14281.903053567019,15745.276840955119,17612.24626688531,20409.177311302297,22235.86153692563,24568.406645960804,25676.333881982395,26702.67265704717,27782.54296668013,28531.445156297,28906.233711508656,29301.28124819181,29707.025493480982,30375.74718377701,32103.442933731694,42384.236268215835,21558.991546537047
2025-10-20 13:30:00+00:00,150,2265,5342.6107381932425,6948.864854122506,8953.175596366544,11125.488585116125,12375.151547357013,13363.311592044263,14556.68804755161,16654.152796514714,18758.746184076375,20337.639322229414,21689.70308026325,23425.686933183777,24359.150962634827,25395.6433623838,26152.113854728785,26573.590452741253,27213.73925462244,27942.93079528236,29542.086825956798,38550.59606556997,18968.421949652864
2025-10-20 13:45:00+00:00,151,2280,4672.778252614568,5496.964418164827,6918.473920753408,8524.904767859949,9808.50606647607,10884.306236020664,11811.022831368778,12576.021203676624,14299.864790658004,16652.81976968907,17473.969777458922,18703.519273212845,19952.036055852215,21138.14429498932,22049.298915789972,23186.083621791407,23904.82697998833,24910.79611886238,26533.00554508235,34621.87122024442,15763.622550385211
2025-10-20 14:00:00+00:00,152,2295,4317.112696798318,4830.553202214453,5940.222165581953,7321.532580621533,8292.503344271849,9058.516018487007,10104.610741069811,10821.247772097206,11679.0742409275,13768.398066582839,14904.733740272975,15778.96502093671,16893.359069639104,17666.55015502085,18789.588220828715,19886.649489240477,20705.941707363712,21695.723409290822,23403.837362807702,30538.419536337973,13788.056351515299
2025-10-20 14:15:00+00:00,153,2310,3758.286650679108,4219.6478524214335,5067.934739624408,5957.509035141301,6906.376230773061,7604.231214758493,8250.347689198767,8980.216072696558,9448.962450499248,10106.852723709453,12003.860193729264,13028.91553211022,13718.8116280132,14690.075373581061,15641.357431242375,16396.53952949817,17339.931427266103,17970.438538776492,19429.26809519137,26286.68687403895,11383.22896410052
2025-10-20 14:30:00+00:00,154,2325,3200.0977692012093,3531.7253675098355,4293.235670074849,5134.903244861336,5805.14592601222,6371.8743519115405,6985.887484072693,7487.384022879067,7818.444306426047,8302.801705822003,9258.420287996596,10728.964515789126,11333.03721705132,12230.622812053509,12908.414299342274,13523.440293513533,14381.21613809143,15017.852579170894,16041.307704743369,21921.5325680104,9433.539106053757
2025-10-20 14:45:00+00:00,155,2340,2482.4640845368835,2775.8449412154355,3371.977992116749,4048.5778403505647,4622.998904689944,5110.338282666439,5679.227751887992,6004.136782271541,6340.715858178013,6640.011779145942,7278.881229505068,8371.088384843848,8951.141984288617,9477.091850907966,10125.88213676584,10613.469838404571,11318.321059500578,11885.460787205842,12664.64282959889,17515.683424865,7460.114730613596
2025-10-20 15:00:00+00:00,156,2355,1692.474161202837,2027.204643435455,2457.4213110030805,2815.211358274639,3315.308006321568,3745.5691162265784,4215.501542584575,4427.028838210216,4689.224203141511,4953.626124803233,5502.023726793666,6186.226280335115,6569.3473567484225,6913.2323545369745,7393.722818549053,7766.805690814426,8234.685999313117,8703.566471134478,9242.546595647309,12998.23803008025,5466.661261915847
2025-10-20 15:15:00+00:00,157,2370,1121.1726783923361,1325.6448560982496,1587.422361125047,1916.6962605872245,2269.831227147171,2512.0337015995337,2795.3455544635117,2937.154279402844,3090.9511294169424,3318.123961587725,3732.4955544819127,4157.851949029242,4386.3594507361395,4680.10875904037,4993.561608926709,5236.856536429985,5542.1140955354085,5848.425827773249,6195.345934209197,8811.964517141978,3668.4471965074936
2025-10-20 15:30:00+00:00,158,2385,563.9378502675136,695.0934594620818,833.6937084521063,1011.6574673825785,1160.5258260968722,1279.9065206169128,1403.1464973385685,1546.8717468927966,1611.7450807940006,1706.1861298047593,1946.7494920404772,2147.608730379319,2315.4454172147566,2462.2547274589933,2640.324428098393,2772.268537616745,2957.350559768471,3123.3322388943348,3297.3467252684227,4700.667938394263,1926.5272396353548
2025-10-20 15:45:00+00:00,159,2400,146.90924241603406,189.91817110833992,212.64440878759999,250.76369239293837,288.4397973081164,316.56181557905074,344.70973238293,371.19000970556027,406.76138385065815,424.9800837178815,459.9906012235715,519.3566281856255,568.8871177998878,617.974909565121,680.4579870216569,714.7713562804447,762.6525302778822,802.5117157598504,860.1925776590236,1187.803780353714,486.1808933071078
2025-10-20 16:00:00+00:00,160,2415,9.852238793814992,13.809249851913052,15.26858842718987,17.687128602607025,20.181907931582426,21.78916258768359,23.78496067655775,25.7856987165034,28.654059785163927,30.14621734823038,31.819335595058817,34.695726869690986,37.955330622655566,43.11039376204662,45.93046653106919,50.12468059924364,53.5731577755313,57.58326791603844,61.62422702033662,84.21078443941003,33.61254215686965
2025-10-20 16:15:00+00:00,161,2430,0.0,0.0,0.0,0.0,0.0,0.0,0.0,0.0,0.0,0.0,0.0,0.0,0.0,0.0,0.0,0.0,0.0,0.0,0.0,0.0,0.0
2025-10-20 16:30:00+00:00,162,2445,0.0,0.0,0.0,0.0,0.0,0.0,0.0,0.0,0.0,0.0,0.0,0.0,0.0,0.0,0.0,0.0,0.0,0.0,0.0,0.0,0.0
2025-10-20 16:45:00+00:00,163,2460,0.0,0.0,0.0,0.0,0.0,0.0,0.0,0.0,0.0,0.0,0.0,0.0,0.0,0.0,0.0,0.0,0.0,0.0,0.0,0.0,0.0
2025-10-20 17:00:00+00:00,164,2475,0.0,0.0,0.0,0.0,0.0,0.0,0.0,0.0,0.0,0.0,0.0,0.0,0.0,0.0,0.0,0.0,0.0,0.0,0.0,0.0,0.0
2025-10-20 17:15:00+00:00,165,2490,0.0,0.0,0.0,0.0,0.0,0.0,0.0,0.0,0.0,0.0,0.0,0.0,0.0,0.0,0.0,0.0,0.0,0.0,0.0,0.0,0.0
2025-10-20 17:30:00+00:00,166,2505,0.0,0.0,0.0,0.0,0.0,0.0,0.0,0.0,0.0,0.0,0.0,0.0,0.0,0.0,0.0,0.0,0.0,0.0,0.0,0.0,0.0
2025-10-20 17:45:00+00:00,167,2520,0.0,0.0,0.0,0.0,0.0,0.0,0.0,0.0,0.0,0.0,0.0,0.0,0.0,0.0,0.0,0.0,0.0,0.0,0.0,0.0,0.0
2025-10-20 18:00:00+00:00,168,2535,0.0,0.0,0.0,0.0,0.0,0.0,0.0,0.0,0.0,0.0,0.0,0.0,0.0,0.0,0.0,0.0,0.0,0.0,0.0,0.0,0.0
2025-10-20 18:15:00+00:00,169,2550,0.0,0.0,0.0,0.0,0.0,0.0,0.0,0.0,0.0,0.0,0.0,0.0,0.0,0.0,0.0,0.0,0.0,0.0,0.0,0.0,0.0
2025-10-20 18:30:00+00:00,170,2565,0.0,0.0,0.0,0.0,0.0,0.0,0.0,0.0,0.0,0.0,0.0,0.0,0.0,0.0,0.0,0.0,0.0,0.0,0.0,0.0,0.0
2025-10-20 18:45:00+00:00,171,2580,0.0,0.0,0.0,0.0,0.0,0.0,0.0,0.0,0.0,0.0,0.0,0.0,0.0,0.0,0.0,0.0,0.0,0.0,0.0,0.0,0.0
2025-10-20 19:00:00+00:00,172,2595,0.0,0.0,0.0,0.0,0.0,0.0,0.0,0.0,0.0,0.0,0.0,0.0,0.0,0.0,0.0,0.0,0.0,0.0,0.0,0.0,0.0
2025-10-20 19:15:00+00:00,173,2610,0.0,0.0,0.0,0.0,0.0,0.0,0.0,0.0,0.0,0.0,0.0,0.0,0.0,0.0,0.0,0.0,0.0,0.0,0.0,0.0,0.0
2025-10-20 19:30:00+00:00,174,2625,0.0,0.0,0.0,0.0,0.0,0.0,0.0,0.0,0.0,0.0,0.0,0.0,0.0,0.0,0.0,0.0,0.0,0.0,0.0,0.0,0.0
2025-10-20 19:45:00+00:00,175,2640,0.0,0.0,0.0,0.0,0.0,0.0,0.0,0.0,0.0,0.0,0.0,0.0,0.0,0.0,0.0,0.0,0.0,0.0,0.0,0.0,0.0
2025-10-20 20:00:00+00:00,176,2655,0.0,0.0,0.0,0.0,0.0,0.0,0.0,0.0,0.0,0.0,0.0,0.0,0.0,0.0,0.0,0.0,0.0,0.0,0.0,0.0,0.0
2025-10-20 20:15:00+00:00,177,2670,0.0,0.0,0.0,0.0,0.0,0.0,0.0,0.0,0.0,0.0,0.0,0.0,0.0,0.0,0.0,0.0,0.0,0.0,0.0,0.0,0.0
2025-10-20 20:30:00+00:00,178,2685,0.0,0.0,0.0,0.0,0.0,0.0,0.0,0.0,0.0,0.0,0.0,0.0,0.0,0.0,0.0,0.0,0.0,0.0,0.0,0.0,0.0
2025-10-20 20:45:00+00:00,179,2700,0.0,0.0,0.0,0.0,0.0,0.0,0.0,0.0,0.0,0.0,0.0,0.0,0.0,0.0,0.0,0.0,0.0,0.0,0.0,0.0,0.0
2025-10-20 21:00:00+00:00,180,2715,0.0,0.0,0.0,0.0,0.0,0.0,0.0,0.0,0.0,0.0,0.0,0.0,0.0,0.0,0.0,0.0,0.0,0.0,0.0,0.0,0.0
2025-10-20 21:15:00+00:00,181,2730,0.0,0.0,0.0,0.0,0.0,0.0,0.0,0.0,0.0,0.0,0.0,0.0,0.0,0.0,0.0,0.0,0.0,0.0,0.0,0.0,0.0
2025-10-20 21:30:00+00:00,182,2745,0.0,0.0,0.0,0.0,0.0,0.0,0.0,0.0,0.0,0.0,0.0,0.0,0.0,0.0,0.0,0.0,0.0,0.0,0.0,0.0,0.0
2025-10-20 21:45:00+00:00,183,2760,0.0,0.0,0.0,0.0,0.0,0.0,0.0,0.0,0.0,0.0,0.0,0.0,0.0,0.0,0.0,0.0,0.0,0.0,0.0,0.0,0.0
2025-10-20 22:00:00+00:00,184,2775,0.0,0.0,0.0,0.0,0.0,0.0,0.0,0.0,0.0,0.0,0.0,0.0,0.0,0.0,0.0,0.0,0.0,0.0,0.0,0.0,0.0
2025-10-20 22:15:00+00:00,185,2790,0.0,0.0,0.0,0.0,0.0,0.0,0.0,0.0,0.0,0.0,0.0,0.0,0.0,0.0,0.0,0.0,0.0,0.0,0.0,0.0,0.0
2025-10-20 22:30:00+00:00,186,2805,0.0,0.0,0.0,0.0,0.0,0.0,0.0,0.0,0.0,0.0,0.0,0.0,0.0,0.0,0.0,0.0,0.0,0.0,0.0,0.0,0.0
2025-10-20 22:45:00+00:00,187,2820,0.0,0.0,0.0,0.0,0.0,0.0,0.0,0.0,0.0,0.0,0.0,0.0,0.0,0.0,0.0,0.0,0.0,0.0,0.0,0.0,0.0
2025-10-20 23:00:00+00:00,188,2835,0.0,0.0,0.0,0.0,0.0,0.0,0.0,0.0,0.0,0.0,0.0,0.0,0.0,0.0,0.0,0.0,0.0,0.0,0.0,0.0,0.0
2025-10-20 23:15:00+00:00,189,2850,0.0,0.0,0.0,0.0,0.0,0.0,0.0,0.0,0.0,0.0,0.0,0.0,0.0,0.0,0.0,0.0,0.0,0.0,0.0,0.0,0.0
2025-10-20 23:30:00+00:00,190,2865,0.0,0.0,0.0,0.0,0.0,0.0,0.0,0.0,0.0,0.0,0.0,0.0,0.0,0.0,0.0,0.0,0.0,0.0,0.0,0.0,0.0
2025-10-20 23:45:00+00:00,191,2880,0.0,0.0,0.0,0.0,0.0,0.0,0.0,0.0,0.0,0.0,0.0,0.0,0.0,0.0,0.0,0.0,0.0,0.0,0.0,0.0,0.0
2025-10-21 00:00:00+00:00,192,2895,0.0,0.0,0.0,0.0,0.0,0.0,0.0,0.0,0.0,0.0,0.0,0.0,0.0,0.0,0.0,0.0,0.0,0.0,0.0,0.0,0.0
2025-10-21 00:15:00+00:00,193,2910,0.0,0.0,0.0,0.0,0.0,0.0,0.0,0.0,0.0,0.0,0.0,0.0,0.0,0.0,0.0,0.0,0.0,0.0,0.0,0.0,0.0
2025-10-21 00:30:00+00:00,194,2925,0.0,0.0,0.0,0.0,0.0,0.0,0.0,0.0,0.0,0.0,0.0,0.0,0.0,0.0,0.0,0.0,0.0,0.0,0.0,0.0,0.0
2025-10-21 00:45:00+00:00,195,2940,0.0,0.0,0.0,0.0,0.0,0.0,0.0,0.0,0.0,0.0,0.0,0.0,0.0,0.0,0.0,0.0,0.0,0.0,0.0,0.0,0.0
2025-10-21 01:00:00+00:00,196,2955,0.0,0.0,0.0,0.0,0.0,0.0,0.0,0.0,0.0,0.0,0.0,0.0,0.0,0.0,0.0,0.0,0.0,0.0,0.0,0.0,0.0
2025-10-21 01:15:00+00:00,197,2970,0.0,0.0,0.0,0.0,0.0,0.0,0.0,0.0,0.0,0.0,0.0,0.0,0.0,0.0,0.0,0.0,0.0,0.0,0.0,0.0,0.0
2025-10-21 01:30:00+00:00,198,2985,0.0,0.0,0.0,0.0,0.0,0.0,0.0,0.0,0.0,0.0,0.0,0.0,0.0,0.0,0.0,0.0,0.0,0.0,0.0,0.0,0.0
2025-10-21 01:45:00+00:00,199,3000,0.0,0.0,0.0,0.0,0.0,0.0,0.0,0.0,0.0,0.0,0.0,0.0,0.0,0.0,0.0,0.0,0.0,0.0,0.0,0.0,0.0
2025-10-21 02:00:00+00:00,200,3015,0.0,0.0,0.0,0.0,0.0,0.0,0.0,0.0,0.0,0.0,0.0,0.0,0.0,0.0,0.0,0.0,0.0,0.0,0.0,0.0,0.0
2025-10-21 02:15:00+00:00,201,3030,0.0,0.0,0.0,0.0,0.0,0.0,0.0,0.0,0.0,0.0,0.0,0.0,0.0,0.0,0.0,0.0,0.0,0.0,0.0,0.0,0.0
2025-10-21 02:30:00+00:00,202,3045,0.0,0.0,0.0,0.0,0.0,0.0,0.0,0.0,0.0,0.0,0.0,0.0,0.0,0.0,0.0,0.0,0.0,0.0,0.0,0.0,0.0
2025-10-21 02:45:00+00:00,203,3060,0.0,0.0,0.0,0.0,0.0,0.0,0.0,0.0,0.0,0.0,0.0,0.0,0.0,0.0,0.0,0.0,0.0,0.0,0.0,0.0,0.0
2025-10-21 03:00:00+00:00,204,3075,0.0,0.0,0.0,0.0,0.0,0.0,0.0,0.0,0.0,0.0,0.0,0.0,0.0,0.0,0.0,0.0,0.0,0.0,0.0,0.0,0.0
2025-10-21 03:15:00+00:00,205,3090,0.0,0.0,0.0,0.0,0.0,0.0,0.0,0.0,0.0,0.0,0.0,0.0,0.0,0.0,0.0,0.0,0.0,0.0,0.0,0.0,0.0
2025-10-21 03:30:00+00:00,206,3105,0.0,0.0,0.0,0.0,0.0,0.0,0.0,0.0,0.0,0.0,0.0,0.0,0.0,0.0,0.0,0.0,0.0,0.0,0.0,0.0,0.0
2025-10-21 03:45:00+00:00,207,3120,0.0,0.0,0.0,0.0,0.0,0.0,0.0,0.0,0.0,0.0,0.0,0.0,0.0,0.0,0.0,0.0,0.0,0.0,0.0,0.0,0.0
2025-10-21 04:00:00+00:00,208,3135,0.0,0.0,0.0,0.0,0.0,0.0,0.0,0.0,0.0,0.0,0.0,0.0,0.0,0.0,0.0,0.0,0.0,0.0,0.0,0.0,0.0
2025-10-21 04:15:00+00:00,209,3150,0.0,0.0,0.0,0.0,0.0,0.0,0.0,0.0,0.0,0.0,0.0,0.0,0.0,0.0,0.0,0.0,0.0,0.0,0.0,0.0,0.0
2025-10-21 04:30:00+00:00,210,3165,0.0,0.0,0.0,0.0,0.0,0.0,0.0,0.0,0.0,0.0,0.0,0.0,0.0,0.0,0.0,0.0,0.0,0.0,0.0,0.0,0.0
2025-10-21 04:45:00+00:00,211,3180,0.0,0.0,0.0,0.0,0.0,0.0,0.0,0.0,0.0,0.0,0.0,0.0,0.0,0.0,0.0,0.0,0.0,0.0,0.0,0.0,0.0
2025-10-21 05:00:00+00:00,212,3195,0.0,0.0,0.0,0.0,0.0,0.0,0.0,0.0,0.0,0.0,0.0,0.0,0.0,0.0,0.0,0.0,0.0,0.0,0.0,0.0,0.0
2025-10-21 05:15:00+00:00,213,3210,0.0,0.0,0.0,0.0,0.0,0.0,0.0,0.0,0.0,0.0,0.0,0.0,0.0,0.0,0.0,0.0,0.0,0.0,0.0,0.0,0.0
2025-10-21 05:30:00+00:00,214,3225,0.0,0.0,0.0,0.0,0.0,0.0,0.0,0.0,0.0,0.0,0.0,0.0,0.0,0.0,0.0,0.0,0.0,0.0,0.0,0.0,0.0
2025-10-21 05:45:00+00:00,215,3240,0.015976649979224437,0.01855144867489522,0.02032453749753119,0.022563897329631155,0.023982798172870145,0.02673467917440961,0.02794004763614759,0.02922628611790703,0.03056342205864408,0.03263729277471114,0.0351041020936943,0.03846182859143248,0.04083950610088969,0.044677235100492735,0.04766294569427367,0.052922241066827455,0.056886915325771,0.06208942957885468,0.07116331952566574,0.14303052770747182,0.03773982788639668
2025-10-21 06:00:00+00:00,216,3255,72.98751228004784,85.48381904847417,93.49682750914882,99.8017346334091,109.8652495549905,118.16814511284657,122.69303359682964,127.59783200424671,134.23180194576707,141.50200235464004,149.8672805486346,160.31119570757514,171.29855562660376,183.50571554156883,195.78082427676233,208.8657421922539,235.2311036444055,256.22736004910394,290.25133977438475,616.9821651024479,160.05112547494286
2025-10-21 06:15:00+00:00,217,3270,380.9351874175006,464.0692668976126,515.9401513612794,567.1121124543213,617.630064010957,649.0698192593404,677.1882212381569,708.8901405679017,750.740267127629,804.5709002935971,848.1581028283546,896.8230575003504,969.0690469743907,1056.1577519049345,1133.4448305119429,1262.570954696132,1358.4941235285398,1458.0050764467148,1697.7505581982869,3480.4945397934916,908.2213591434369
2025-10-21 06:30:00+00:00,218,3285,899.4976632735127,1109.8908776914473,1216.074703164661,1318.5907585672326,1440.6572181030408,1574.4900779094353,1655.8485616620474,1760.9407807471239,1900.8847574305296,2010.7547849570722,2151.175532316481,2289.158469246103,2456.013009299876,2655.996842615062,2822.6736135621472,3078.786571900541,3366.991958890706,3666.3472311697,4505.919875933784,8555.031311355622,2257.049836216814
2025-10-21 06:45:00+00:00,219,3300,1272.2135120357987,1565.8142808801463,1739.6566358933364,1915.6489344586419,2091.3635209616723,2252.344456279865,2334.146497536163,2550.54947989438,2787.9798511427707,2932.26967743099,3154.3454566740597,3371.3879766623477,3692.302637064518,3912.4077722573875,4275.249810527335,4723.665786751332,5071.36147133609,5683.552254995108,7358.697652012855,12991.020487465468,3374.6325381164775
2025-10-21 07:00:00+00:00,220,3315,1603.884663538826,1978.6968929746924,2223.1850349242814,2435.5230733351054,2744.665767029497,2937.585067471128,3125.8976681800773,3340.8855462799606,3661.2491973079154,3888.3620084439394,4224.429478581255,4552.318540868422,5109.2557311434775,5390.6214149237585,5967.444418381331,6428.01282576085,6968.541493501547,8173.041382629044,10310.893340581782,17889.56219774743,4644.302871063107
2025-10-21 07:15:00+00:00,221,3330,1882.6342635765611,2266.5146533404322,2540.854212132022,2954.9201052317117,3362.771992379787,3590.6797077745864,3810.7634489762504,4183.819080081908,4522.1013543074305,4840.9016905520475,5312.410144929392,5770.9185448267635,6278.216256450632,6713.601171914734,7425.026782979936,7948.760508816451,8620.290956195278,10485.913882948471,13056.819538331289,22546.553992400055,5748.123749650863
2025-10-21 07:30:00+00:00,222,3345,2037.3579667893612,2539.7212139529333,2868.338780872782,3390.341457444457,3921.6135169389368,4212.437242655157,4742.400612069457,5171.883566945817,5593.4672152010335,6038.02302555848,6534.730006786508,7231.479541141765,7696.136551280088,8669.480626900318,9230.033168911199,9855.100431442363,11573.330373562467,13800.270798700583,16685.80831987004,27086.317777301054,7203.076030027878
2025-10-21 07:45:00+00:00,223,3360,2399.615349098205,2990.72657684247,3389.0141291576047,3994.9621741898095,4615.838275153822,5055.3326616804015,5612.481655112589,6131.708917609622,6685.0447763532,7026.599749356278,7823.335522084098,8590.87465424631,9424.93795782539,10307.913296431232,11051.721361438887,12196.738179626574,14302.9930208234,16532.930816664546,19690.243590952337,31456.686602372894,8603.851038992329
2025-10-21 08:00:00+00:00,224,3375,2698.388545521648,3332.2517640979586,3980.714849414251,4766.418415697479,5241.942338624877,5664.989115120449,6453.983562245376,7151.586661816066,7569.342354814803,8364.566671054265,9223.67792110901,10349.159059189897,11253.142118437096,12318.579105170138,14444.7060056541,16734.33970513807,18607.916719507513,21285.410587174625,25489.9210154484,35605.33359319997,10640.788553348852
2025-10-21 08:15:00+00:00,225,3390,3678.816455424585,4521.022176639412,5323.357712183735,6065.39022148413,7013.3090136303,7973.984069213585,8596.227949926468,9406.244077873505,10441.155217214955,11388.372920179123,12334.485284489123,13221.839816462554,14926.204954272549,16071.874120088612,18444.906400339456,20414.72988099834,22555.73088159913,25132.960927291842,29892.7830051895,39493.75508477309,13381.1778119859
2025-10-21 08:30:00+00:00,226,3405,4664.381878247909,6119.4864749989865,6956.488684716328,8037.394601478073,9073.256409711841,9791.160009090427,10722.2088653651,11837.559641894743,12885.501511189823,13850.49105487304,14804.00334299301,16122.629930798337,17274.710454416232,18797.194328907233,20839.46756836656,23481.505590551104,26211.73920705265,29222.29294426384,33096.02964356225,43286.23997805326,15785.373800495177
2025-10-21 08:45:00+00:00,227,3420,5492.810312422999,6710.998362417293,8074.717372113447,9521.895380756752,10451.597400027096,11573.642594141158,12816.557395653666,13912.6390867045,15127.46240934302,15944.189962857836,17307.838058759255,18525.937961257296,20081.976594420794,21797.809434878785,24559.672984341116,26915.710369308636,29350.25951254532,32957.78828497983,35968.406645042785,46695.97048952353,18040.619920849433
2025-10-21 09:00:00+00:00,228,3435,5875.217184063585,7524.380147169709,9025.109895083893,10728.974743782392,11932.382368267381,13316.336381334506,14602.854169240261,16158.67502936907,16985.364809280603,18344.445647066586,19717.070987044335,21082.645701058584,22959.981337051504,25762.45264201829,27607.26239871233,30186.27087688672,32834.13538285588,35872.30279357448,39719.07989441942,49718.260015314045,20326.87829137662
2025-10-21 09:15:00+00:00,229,3450,6670.421226376746,9095.834953355683,11056.197974045694,12504.854928169136,14096.44686434235,15277.078438551394,17016.283199373163,18078.585754986227,19560.36915831743,20926.45032946963,22312.10871677884,24136.675675024755,27249.864959489132,29017.124444465993,31711.877976236956,34502.570699897835,37207.42013187816,39419.90062441839,42448.97814351277,52377.244446158766,23001.989338595933
2025-10-21 09:30:00+00:00,230,3465,7645.44703486061,10540.152928819203,12679.518638897134,14348.90363246414,15902.900452452659,17619.963593142427,18855.22944118582,20379.846428696244,21986.606069390178,23309.952588760847,24956.659482785297,28100.870595502925,30121.690330990627,32513.430375818218,34912.4658493726,37071.168243016946,39504.38400745934,42097.74075449481,44750.36541976101,54660.72605914277,25328.7881439305
2025-10-21 09:45:00+00:00,231,3480,7965.000950959798,11431.708511101706,13688.974583308454,15781.044512395267,16896.479983465375,18740.80489681716,20724.787465909507,22523.83195032826,23708.07903459386,25465.111916980808,28317.76345107301,30649.5577610476,32663.905280669256,35783.99038352078,38179.598303096645,40531.33357011542,41436.873134304384,43979.027550647836,46351.93663954653,56558.71713402543,27235.136686202088
2025-10-21 10:00:00+00:00,232,3495,8118.588952715015,12457.937381694957,14933.098422243505,17011.01613632588,18362.885591891994,20436.197101584232,22553.327399222773,24247.538890032178,26011.606956220436,27909.469525697546,31580.19620654868,33491.42888722283,36449.75989795774,39102.88310276365,41594.66895542692,42571.91439927407,43607.82891535285,45458.45062411024,47842.22985582712,58063.25357737655,29246.895329354324
2025-10-21 10:15:00+00:00,233,3510,7637.864674033906,12949.313489304614,15775.43356071577,17978.095753969646,20343.385892587583,22766.413036911636,24367.49014414886,25892.739028575503,27828.62702181533,31441.75435825726,33094.634933831476,36325.407378981494,38620.128690630125,40632.53694375024,42763.65866556564,43620.92851429223,44663.10200936832,46411.25802274156,48809.41848634257,59168.31789302926,30582.546426540684
2025-10-21 10:30:00+00:00,234,3525,8155.6946739412415,13269.394526268723,17088.859240206002,19195.21757849713,21571.871185418237,23882.6505821861,25254.820171117542,27141.817157885984,29050.74933556886,32861.654803107915,35348.023298088745,38414.95477350858,40989.5212751295,43197.53824128098,44120.07170821567,45000.632095728164,46481.71248612764,47223.03534739872,49204.151805760855,59869.82100563964,31882.717610825297
2025-10-21 10:45:00+00:00,235,3540,7383.553033875629,9938.366495703458,16112.81451144564,18481.27022120202,21631.708025836888,23904.951475022135,25680.286169154395,27565.434196784452,29406.772443696795,33222.85778186282,35925.80068788034,38940.333976875176,41515.12511888924,43495.4510370869,44452.69355605795,45384.09233031052,46868.634361209784,47561.065450740025,48937.26147222013,60165.613440021574,31772.65716468749
2025-10-21 11:00:00+00:00,236,3555,6848.358119716977,9505.579057892588,15807.139704781375,18476.954133295938,21276.428177174796,23694.899881069414,25568.41668801485,27600.083331280715,29630.48948526477,33272.668679133945,36937.034772784966,39605.83167990406,42148.883439556725,43592.72715178658,44306.969426863674,45197.34579472144,46507.550455093035,47332.68235712487,48690.89924077747,60055.50872841931,31760.663441481815
2025-10-21 11:15:00+00:00,237,3570,6374.22503602367,8346.292123042811,11912.292839269187,18128.64092464241,20666.785851869914,23296.063531651474,25191.090129353965,27188.290388734422,29149.265652104346,33729.48006066759,38247.40655687885,40895.813597457935,42574.28540070564,43598.97617795893,44195.381023242284,45096.87185547402,46272.546292504165,46963.32435584832,48340.23077909653,59541.31015621066,31453.724686386187
2025-10-21 11:30:00+00:00,238,3585,6232.832632047161,8099.0913404563635,10633.004821327357,16865.6740334213,18908.741899278077,22483.69176596875,24494.169212169712,26716.0606787537,28569.396173265086,33401.169391818046,37651.5019328165,40216.411922994506,41935.100983009506,42979.66321775786,43582.49135368515,44449.15921770637,45521.954577239114,46146.47943255972,47253.76978944321,58626.83748422098,30809.418457169115
2025-10-21 11:45:00+00:00,239,3600,6171.7449122189655,7904.744702521079,10635.794872597988,16918.43089900964,18581.34432761078,21352.697258036493,23886.08860902947,26332.021155021994,28212.00551087944,33099.333369955006,36841.033845844395,39088.31183454413,41086.583932148016,42075.030154069624,42614.60186244761,43391.09860900011,44458.63049136938,45117.176721193675,46097.30125901036,57317.95485398627,30163.95399155854
2025-10-21 12:00:00+00:00,240,3615,6267.206142362728,7855.586703747043,10437.173255600712,15827.525230578483,17951.527432378858,19836.76460359757,22634.32357230123,24876.12548951656,26441.268186635265,30754.565670802887,34635.76540219466,37858.46004872041,39865.47880985868,40940.94628926105,41389.15874126182,42101.36518042697,43231.548155821656,43938.7046810901,44907.16395313501,55622.60570279558,29023.96271087868
2025-10-21 12:15:00+00:00,241,3630,6776.200172523599,9081.359093571391,13894.835212718055,16953.091759977026,18943.134622819405,21900.760196999145,24449.349537507413,26505.29391189769,31879.941174431508,34954.80785188864,37180.0043221899,38326.90197735772,39681.58666600316,40219.22021710294,40645.659282341534,41235.50979842878,42160.55342327906,42825.71669446401,43591.604216724074,53550.8655794233,29971.113230270406
2025-10-21 12:30:00+00:00,242,3645,6887.4801428822675,9038.759236124797,13583.023274441452,16465.05727174293,17977.645718966443,20641.55065488701,22823.613023717135,24850.104185278316,28800.059880150053,32590.862768572515,34267.89966816262,36206.57062834146,37347.30604113032,38376.99412317629,38823.479807768425,39206.98829263305,39874.33935283664,40964.52559969496,41715.840567899475,51115.03106574483,28380.328050432126
2025-10-21 12:45:00+00:00,243,3660,7204.157592167056,9399.165053783348,10610.619488630447,13449.623859668976,15386.48083903533,17116.05604730689,18520.06626204316,20542.432009560016,22454.332605485764,23887.124098178454,26504.118445380165,31246.232691378267,33573.69092345807,35657.17730887626,36562.773124538486,37267.183489798845,37721.12715887329,38428.57191239844,39399.14757790901,48329.77368683055,25065.987388000132
2025-10-21 13:00:00+00:00,244,3675,7048.953639948067,8758.948205682664,9729.662057476336,12390.021129523453,13333.464548438908,15416.715881833456,17081.44890462763,18061.6825028838,20400.40394616196,21699.41867475004,23365.750608271217,26231.715412062473,28489.32923486839,30349.0365768625,33052.1338139075,34558.47930476365,35336.04392703644,35960.349501771634,36702.18509015019,45212.404234609356,22666.185123506788
2025-10-21 13:15:00+00:00,245,3690,6048.0679090128115,7618.238751665194,8688.935533245183,11018.128742244578,11865.980684007898,13629.525237182525,14941.722584449015,15830.375120307977,16840.767268654832,18845.196848605643,19749.898198658037,20965.846126584187,23046.637445717264,25379.70846902295,27333.99925556923,30730.30235586564,32015.75379577356,32920.05663735586,33753.88049434339,41783.32099989639,19652.233559013184
2025-10-21 13:30:00+00:00,246,3705,4841.631019283317,6002.402893629011,7044.172711942824,8500.175620809345,10210.65228281183,11310.302970861912,12241.469516406083,13421.76221974303,13989.816242317691,14900.376967736574,16489.8007900435,17396.91507854009,18453.650077238748,19537.27311184808,22422.95047694952,24086.30889713326,26738.68271647772,28881.071741133615,30163.13799918556,37921.909935677824,16319.083717642741
2025-10-21 13:45:00+00:00,247,3720,4049.911616715662,5258.697553163763,6401.095318859933,7834.613123368165,8937.011870308766,9948.967305948549,10744.740515735248,11518.772135425183,12237.82110500521,13103.761098867002,14685.171530147598,15509.395929939657,16556.51583132151,17629.777784191345,19849.95281481781,21257.880731102447,22880.634736156288,25655.24207308977,26994.0744739619,34033.663191194275,14423.903828719043
2025-10-21 14:00:00+00:00,248,3735,3099.870709714375,4168.696494345643,5200.62002485063,6256.533082268414,7276.616938389262,7925.891477533123,8678.028250215768,9525.628142814756,10169.772907165589,10560.89391753819,11862.720477779932,12902.288145106497,13838.047936945546,15111.645584455313,17200.61284795873,18805.09438584643,20241.7894957124,21875.092198898456,23245.912247913187,29948.468732362144,12144.598049746062
2025-10-21 14:15:00+00:00,249,3750,2542.179738403036,3311.091036634406,3956.9245845308737,4949.881193990594,5967.512655405795,6430.962773980937,6987.169064642704,7698.335486347339,8167.815819629018,8600.795510357739,9029.723816323156,10086.673041903516,11058.331500887563,12263.801145524661,13516.369279204628,15559.655165043927,16572.341354006458,18051.602326632423,19852.114797598755,25696.9780629362,9852.2850172002
2025-10-21 14:30:00+00:00,250,3765,2105.1555459919873,2611.313289124251,3216.1860985517865,4108.7265246086945,4719.340537043903,5236.535642537947,5722.122735983335,6243.873003608058,6697.144313873095,6930.762527220176,7267.39406452411,7660.249866330149,8699.028165216936,9436.54345415579,10432.019461029446,11472.513041758333,13286.649996125121,14552.986841431231,16423.39217748935,21335.625913774013,7846.454031341008
2025-10-21 14:45:00+00:00,251,3780,1441.3760170469332,1919.3638480097618,2329.5280348850856,2916.7435451089586,3452.4662192954765,3910.3291185760995,4304.600114769212,4751.296347343432,5191.886829678535,5441.118436662504,5658.115248448581,5867.960776345056,6589.575247145082,7286.62880735875,8076.335439132734,8813.488436587279,9913.485486304122,11109.085390957298,12767.698305025751,16939.963900926086,5985.631542226047
2025-10-21 15:00:00+00:00,252,3795,934.333260458775,1308.6915105977378,1678.9382864250315,2056.9774741047954,2412.919333024661,2730.0161017697565,3034.1326934858635,3307.95328072909,3712.057981588484,3861.1338670433847,4072.4881123883615,4250.608144370325,5013.0021900893535,5390.26041364424,5832.708043066537,6350.199172337464,6963.613279304237,7832.329993200252,9291.563198638234,12391.62493718241,4290.588027900106
2025-10-21 15:15:00+00:00,253,3810,646.8785292516559,916.1121920925349,1128.2418885146956,1344.923096759118,1612.9616770895034,1829.3336083685574,2007.8700054892713,2235.3610808508915,2490.850852011139,2612.892798265405,2735.8537589852017,2835.2640711506606,3295.688473417738,3572.5919213796647,3887.6705228526407,4226.481970882755,4699.174328345364,5210.751075480086,6059.509653123958,8291.340969240138,2854.805666320722
2025-10-21 15:30:00+00:00,254,3825,298.81733910495154,436.9461815130074,538.2108349593277,631.2266728276782,784.3686628883972,897.9132524913275,976.9339717515567,1085.5035456094015,1214.700665505356,1270.0119705868258,1327.415787222419,1384.7618650244854,1628.0634420623535,1735.6985817693878,1887.6210954743317,2035.4822595619337,2285.1037751845097,2552.509184875955,3096.258224832188,4049.8704096391866,1394.843642891903
2025-10-21 15:45:00+00:00,255,3840,74.78074222518212,120.11698938919955,136.53250639595706,170.07009277466463,193.44474190429125,217.09635602970945,235.89201578376188,261.4952790451249,289.7271360915485,310.6037312557734,335.0865469517841,362.59359284136457,407.30115319889495,444.40407416648645,466.18931964090314,508.758592916831,543.0051238988569,582.8869301390461,652.1852528770376,944.6334885684519,347.59353865903375
2025-10-21 16:00:00+00:00,256,3855,3.1093226216482406,4.692803677921641,5.329492499071414,6.390660809501254,7.227880226853277,8.052843549995453,8.854249358472655,9.834192920314456,10.634602934119192,11.227102118506275,12.079996853353876,13.064025126676416,14.089081270252189,15.472444736106564,16.686557117314383,18.096862187826677,19.37695814828832,20.805214608776193,24.168728998731297,33.22953488168315,12.604019709084795
2025-10-21 16:15:00+00:00,257,3870,0.0,0.0,0.0,0.0,0.0,0.0,0.0,0.0,0.0,0.0,0.0,0.0,0.0,0.0,0.0,0.0,0.0,0.0,0.0,0.0,0.0
2025-10-21 16:30:00+00:00,258,3885,0.0,0.0,0.0,0.0,0.0,0.0,0.0,0.0,0.0,0.0,0.0,0.0,0.0,0.0,0.0,0.0,0.0,0.0,0.0,0.0,0.0
2025-10-21 16:45:00+00:00,259,3900,0.0,0.0,0.0,0.0,0.0,0.0,0.0,0.0,0.0,0.0,0.0,0.0,0.0,0.0,0.0,0.0,0.0,0.0,0.0,0.0,0.0
2025-10-21 17:00:00+00:00,260,3915,0.0,0.0,0.0,0.0,0.0,0.0,0.0,0.0,0.0,0.0,0.0,0.0,0.0,0.0,0.0,0.0,0.0,0.0,0.0,0.0,0.0
2025-10-21 17:15:00+00:00,261,3930,0.0,0.0,0.0,0.0,0.0,0.0,0.0,0.0,0.0,0.0,0.0,0.0,0.0,0.0,0.0,0.0,0.0,0.0,0.0,0.0,0.0
2025-10-21 17:30:00+00:00,262,3945,0.0,0.0,0.0,0.0,0.0,0.0,0.0,0.0,0.0,0.0,0.0,0.0,0.0,0.0,0.0,0.0,0.0,0.0,0.0,0.0,0.0
2025-10-21 17:45:00+00:00,263,3960,0.0,0.0,0.0,0.0,0.0,0.0,0.0,0.0,0.0,0.0,0.0,0.0,0.0,0.0,0.0,0.0,0.0,0.0,0.0,0.0,0.0
2025-10-21 18:00:00+00:00,264,3975,0.0,0.0,0.0,0.0,0.0,0.0,0.0,0.0,0.0,0.0,0.0,0.0,0.0,0.0,0.0,0.0,0.0,0.0,0.0,0.0,0.0
2025-10-21 18:15:00+00:00,265,3990,0.0,0.0,0.0,0.0,0.0,0.0,0.0,0.0,0.0,0.0,0.0,0.0,0.0,0.0,0.0,0.0,0.0,0.0,0.0,0.0,0.0
2025-10-21 18:30:00+00:00,266,4005,0.0,0.0,0.0,0.0,0.0,0.0,0.0,0.0,0.0,0.0,0.0,0.0,0.0,0.0,0.0,0.0,0.0,0.0,0.0,0.0,0.0
2025-10-21 18:45:00+00:00,267,4020,0.0,0.0,0.0,0.0,0.0,0.0,0.0,0.0,0.0,0.0,0.0,0.0,0.0,0.0,0.0,0.0,0.0,0.0,0.0,0.0,0.0
2025-10-21 19:00:00+00:00,268,4035,0.0,0.0,0.0,0.0,0.0,0.0,0.0,0.0,0.0,0.0,0.0,0.0,0.0,0.0,0.0,0.0,0.0,0.0,0.0,0.0,0.0
2025-10-21 19:15:00+00:00,269,4050,0.0,0.0,0.0,0.0,0.0,0.0,0.0,0.0,0.0,0.0,0.0,0.0,0.0,0.0,0.0,0.0,0.0,0.0,0.0,0.0,0.0
2025-10-21 19:30:00+00:00,270,4065,0.0,0.0,0.0,0.0,0.0,0.0,0.0,0.0,0.0,0.0,0.0,0.0,0.0,0.0,0.0,0.0,0.0,0.0,0.0,0.0,0.0
2025-10-21 19:45:00+00:00,271,4080,0.0,0.0,0.0,0.0,0.0,0.0,0.0,0.0,0.0,0.0,0.0,0.0,0.0,0.0,0.0,0.0,0.0,0.0,0.0,0.0,0.0
2025-10-21 20:00:00+00:00,272,4095,0.0,0.0,0.0,0.0,0.0,0.0,0.0,0.0,0.0,0.0,0.0,0.0,0.0,0.0,0.0,0.0,0.0,0.0,0.0,0.0,0.0
2025-10-21 20:15:00+00:00,273,4110,0.0,0.0,0.0,0.0,0.0,0.0,0.0,0.0,0.0,0.0,0.0,0.0,0.0,0.0,0.0,0.0,0.0,0.0,0.0,0.0,0.0
2025-10-21 20:30:00+00:00,274,4125,0.0,0.0,0.0,0.0,0.0,0.0,0.0,0.0,0.0,0.0,0.0,0.0,0.0,0.0,0.0,0.0,0.0,0.0,0.0,0.0,0.0
2025-10-21 20:45:00+00:00,275,4140,0.0,0.0,0.0,0.0,0.0,0.0,0.0,0.0,0.0,0.0,0.0,0.0,0.0,0.0,0.0,0.0,0.0,0.0,0.0,0.0,0.0
2025-10-21 21:00:00+00:00,276,4155,0.0,0.0,0.0,0.0,0.0,0.0,0.0,0.0,0.0,0.0,0.0,0.0,0.0,0.0,0.0,0.0,0.0,0.0,0.0,0.0,0.0
2025-10-21 21:15:00+00:00,277,4170,0.0,0.0,0.0,0.0,0.0,0.0,0.0,0.0,0.0,0.0,0.0,0.0,0.0,0.0,0.0,0.0,0.0,0.0,0.0,0.0,0.0
2025-10-21 21:30:00+00:00,278,4185,0.0,0.0,0.0,0.0,0.0,0.0,0.0,0.0,0.0,0.0,0.0,0.0,0.0,0.0,0.0,0.0,0.0,0.0,0.0,0.0,0.0
2025-10-21 21:45:00+00:00,279,4200,0.0,0.0,0.0,0.0,0.0,0.0,0.0,0.0,0.0,0.0,0.0,0.0,0.0,0.0,0.0,0.0,0.0,0.0,0.0,0.0,0.0
2025-10-21 22:00:00+00:00,280,4215,0.0,0.0,0.0,0.0,0.0,0.0,0.0,0.0,0.0,0.0,0.0,0.0,0.0,0.0,0.0,0.0,0.0,0.0,0.0,0.0,0.0
2025-10-21 22:15:00+00:00,281,4230,0.0,0.0,0.0,0.0,0.0,0.0,0.0,0.0,0.0,0.0,0.0,0.0,0.0,0.0,0.0,0.0,0.0,0.0,0.0,0.0,0.0
2025-10-21 22:30:00+00:00,282,4245,0.0,0.0,0.0,0.0,0.0,0.0,0.0,0.0,0.0,0.0,0.0,0.0,0.0,0.0,0.0,0.0,0.0,0.0,0.0,0.0,0.0
2025-10-21 22:45:00+00:00,283,4260,0.0,0.0,0.0,0.0,0.0,0.0,0.0,0.0,0.0,0.0,0.0,0.0,0.0,0.0,0.0,0.0,0.0,0.0,0.0,0.0,0.0
2025-10-21 23:00:00+00:00,284,4275,0.0,0.0,0.0,0.0,0.0,0.0,0.0,0.0,0.0,0.0,0.0,0.0,0.0,0.0,0.0,0.0,0.0,0.0,0.0,0.0,0.0
2025-10-21 23:15:00+00:00,285,4290,0.0,0.0,0.0,0.0,0.0,0.0,0.0,0.0,0.0,0.0,0.0,0.0,0.0,0.0,0.0,0.0,0.0,0.0,0.0,0.0,0.0
2025-10-21 23:30:00+00:00,286,4305,0.0,0.0,0.0,0.0,0.0,0.0,0.0,0.0,0.0,0.0,0.0,0.0,0.0,0.0,0.0,0.0,0.0,0.0,0.0,0.0,0.0
2025-10-21 23:45:00+00:00,287,4320,0.0,0.0,0.0,0.0,0.0,0.0,0.0,0.0,0.0,0.0,0.0,0.0,0.0,0.0,0.0,0.0,0.0,0.0,0.0,0.0,0.0
2025-10-22 00:00:00+00:00,288,4335,0.0,0.0,0.0,0.0,0.0,0.0,0.0,0.0,0.0,0.0,0.0,0.0,0.0,0.0,0.0,0.0,0.0,0.0,0.0,0.0,0.0
2025-10-22 00:15:00+00:00,289,4350,0.0,0.0,0.0,0.0,0.0,0.0,0.0,0.0,0.0,0.0,0.0,0.0,0.0,0.0,0.0,0.0,0.0,0.0,0.0,0.0,0.0
2025-10-22 00:30:00+00:00,290,4365,0.0,0.0,0.0,0.0,0.0,0.0,0.0,0.0,0.0,0.0,0.0,0.0,0.0,0.0,0.0,0.0,0.0,0.0,0.0,0.0,0.0
2025-10-22 00:45:00+00:00,291,4380,0.0,0.0,0.0,0.0,0.0,0.0,0.0,0.0,0.0,0.0,0.0,0.0,0.0,0.0,0.0,0.0,0.0,0.0,0.0,0.0,0.0
2025-10-22 01:00:00+00:00,292,4395,0.0,0.0,0.0,0.0,0.0,0.0,0.0,0.0,0.0,0.0,0.0,0.0,0.0,0.0,0.0,0.0,0.0,0.0,0.0,0.0,0.0
2025-10-22 01:15:00+00:00,293,4410,0.0,0.0,0.0,0.0,0.0,0.0,0.0,0.0,0.0,0.0,0.0,0.0,0.0,0.0,0.0,0.0,0.0,0.0,0.0,0.0,0.0
2025-10-22 01:30:00+00:00,294,4425,0.0,0.0,0.0,0.0,0.0,0.0,0.0,0.0,0.0,0.0,0.0,0.0,0.0,0.0,0.0,0.0,0.0,0.0,0.0,0.0,0.0
2025-10-22 01:45:00+00:00,295,4440,0.0,0.0,0.0,0.0,0.0,0.0,0.0,0.0,0.0,0.0,0.0,0.0,0.0,0.0,0.0,0.0,0.0,0.0,0.0,0.0,0.0
2025-10-22 02:00:00+00:00,296,4455,0.0,0.0,0.0,0.0,0.0,0.0,0.0,0.0,0.0,0.0,0.0,0.0,0.0,0.0,0.0,0.0,0.0,0.0,0.0,0.0,0.0
2025-10-22 02:15:00+00:00,297,4470,0.0,0.0,0.0,0.0,0.0,0.0,0.0,0.0,0.0,0.0,0.0,0.0,0.0,0.0,0.0,0.0,0.0,0.0,0.0,0.0,0.0
2025-10-22 02:30:00+00:00,298,4485,0.0,0.0,0.0,0.0,0.0,0.0,0.0,0.0,0.0,0.0,0.0,0.0,0.0,0.0,0.0,0.0,0.0,0.0,0.0,0.0,0.0
2025-10-22 02:45:00+00:00,299,4500,0.0,0.0,0.0,0.0,0.0,0.0,0.0,0.0,0.0,0.0,0.0,0.0,0.0,0.0,0.0,0.0,0.0,0.0,0.0,0.0,0.0
2025-10-22 03:00:00+00:00,300,4515,0.0,0.0,0.0,0.0,0.0,0.0,0.0,0.0,0.0,0.0,0.0,0.0,0.0,0.0,0.0,0.0,0.0,0.0,0.0,0.0,0.0
2025-10-22 03:15:00+00:00,301,4530,0.0,0.0,0.0,0.0,0.0,0.0,0.0,0.0,0.0,0.0,0.0,0.0,0.0,0.0,0.0,0.0,0.0,0.0,0.0,0.0,0.0
2025-10-22 03:30:00+00:00,302,4545,0.0,0.0,0.0,0.0,0.0,0.0,0.0,0.0,0.0,0.0,0.0,0.0,0.0,0.0,0.0,0.0,0.0,0.0,0.0,0.0,0.0
2025-10-22 03:45:00+00:00,303,4560,0.0,0.0,0.0,0.0,0.0,0.0,0.0,0.0,0.0,0.0,0.0,0.0,0.0,0.0,0.0,0.0,0.0,0.0,0.0,0.0,0.0
2025-10-22 04:00:00+00:00,304,4575,0.0,0.0,0.0,0.0,0.0,0.0,0.0,0.0,0.0,0.0,0.0,0.0,0.0,0.0,0.0,0.0,0.0,0.0,0.0,0.0,0.0
2025-10-22 04:15:00+00:00,305,4590,0.0,0.0,0.0,0.0,0.0,0.0,0.0,0.0,0.0,0.0,0.0,0.0,0.0,0.0,0.0,0.0,0.0,0.0,0.0,0.0,0.0
2025-10-22 04:30:00+00:00,306,4605,0.0,0.0,0.0,0.0,0.0,0.0,0.0,0.0,0.0,0.0,0.0,0.0,0.0,0.0,0.0,0.0,0.0,0.0,0.0,0.0,0.0
2025-10-22 04:45:00+00:00,307,4620,0.0,0.0,0.0,0.0,0.0,0.0,0.0,0.0,0.0,0.0,0.0,0.0,0.0,0.0,0.0,0.0,0.0,0.0,0.0,0.0,0.0
2025-10-22 05:00:00+00:00,308,4635,0.0,0.0,0.0,0.0,0.0,0.0,0.0,0.0,0.0,0.0,0.0,0.0,0.0,0.0,0.0,0.0,0.0,0.0,0.0,0.0,0.0
2025-10-22 05:15:00+00:00,309,4650,0.0,0.0,0.0,0.0,0.0,0.0,0.0,0.0,0.0,0.0,0.0,0.0,0.0,0.0,0.0,0.0,0.0,0.0,0.0,0.0,0.0
2025-10-22 05:30:00+00:00,310,4665,0.0,0.0,0.0,0.0,0.0,0.0,0.0,0.0,0.0,0.0,0.0,0.0,0.0,0.0,0.0,0.0,0.0,0.0,0.0,0.0,0.0
2025-10-22 05:45:00+00:00,311,4680,0.0006536588185931875,0.0008324871288310726,0.0010798070847544338,0.0013973676791971177,0.0016618347420791547,0.0018345444142354595,0.0020807534701992123,0.002233594874042315,0.0023930505507848017,0.002643367329374909,0.0029431289149263527,0.0032456152829546496,0.0036553750220771077,0.0039645776711592015,0.004406418749707924,0.004952741722146084,0.0057539676795757225,0.006824595434317761,0.009241978673261868,0.016213323477660014,0.0034308142744043945
2025-10-22 06:00:00+00:00,312,4695,19.70312273175604,27.736495162838,37.01839196091258,44.76518779086312,50.21011172670463,58.02983136027255,62.60593802657691,67.64650705735036,75.01316026453611,83.27050807862474,92.27061481405214,103.69256213750771,112.82190485075745,126.15813100016805,143.44843568053798,166.73641690276008,187.67512669784975,243.34232711277338,299.8024718322615,458.4969354772411,112.53797073513799
2025-10-22 06:15:00+00:00,313,4710,100.19887067620729,147.08650391941458,210.73712566740815,261.08575448681825,303.1671437562799,374.3774566537326,412.4392646587026,444.95536073130955,482.2621080331288,523.7349094388553,577.1405292070157,669.6386292869377,736.9741662374765,815.8244259269609,983.4116781173303,1108.830141501484,1251.7423138071695,1542.4891683830606,1869.8222040986116,2897.35210932043,718.3550929842337
2025-10-22 06:30:00+00:00,314,4725,290.6760643975385,474.2676497156499,660.6551563928431,820.4670253020012,941.6268765336497,1046.2236406338272,1168.9009831351684,1250.8889341358038,1360.9873154252336,1536.4275976562149,1760.9764893891916,1945.0511020359497,2134.8976280839547,2465.84378519804,2869.447467382368,3394.231546893842,3965.296059195578,4446.6229742336545,4954.527367173212,8025.393980869386,2092.309319756063
2025-10-22 06:45:00+00:00,315,4740,238.63640094526917,539.8861197572328,988.5143031429573,1245.333181308645,1403.7075056442402,1579.967430334794,1707.5721175037395,1836.539692289955,2043.378627926372,2327.258199855393,2671.0981755207686,3046.3678209754603,3569.432590417299,4300.29037955008,5123.345957288882,5689.443833204569,6391.144993541935,6842.203405794789,7815.116914442528,12477.860624285333,3300.5803006972005
2025-10-22 07:00:00+00:00,316,4755,94.55211677381142,482.14202318225995,909.7873033193998,1545.2990503451567,1849.4979879073835,2091.2035846788053,2321.261165676691,2666.7078203369047,3124.5528055364043,3712.3312124473487,4189.521742243273,4727.952236700687,5328.322231341055,6496.019926627126,7183.368263747238,7846.053228850378,8933.302888623715,9479.488998891977,10679.36037152669,17306.264814923514,4648.069281591968
2025-10-22 07:15:00+00:00,317,4770,146.8293807389986,626.9436795387334,1116.3371538692174,1953.3992405030701,2343.742620125097,2722.168760840544,2989.0510984832285,3465.9856198610246,4114.016301283415,4887.206067101346,5517.269861502994,6462.74560783431,7394.758775085027,8873.026940948295,9737.923064554352,11054.073515240292,11672.356501988681,12486.203662759086,14880.592123076,22002.82740042546,6214.649846151498
2025-10-22 07:30:00+00:00,318,4785,215.03666673529045,809.6462678230627,1578.0424172734615,2422.3240870747572,2801.9611528584437,3268.5639561381654,3651.1838569896545,4340.021647298688,5175.903801887313,6164.535125416508,6909.6428707499035,8174.428364468156,9612.832857495358,10985.007330690147,12057.655112657183,13668.98741122243,14621.654588768788,16144.609345001341,19283.49538598166,26541.619264698944,7810.18937444503
2025-10-22 07:45:00+00:00,319,4800,309.0197857864329,1400.1411185183329,2327.4165809850265,3005.626175263354,3448.931748447287,3998.848309891999,4429.613418671461,5391.172689813618,6350.622747315976,7389.2593521208555,8716.799142102018,9635.918841235325,11297.706488458127,12940.59520430209,14375.336112329303,16148.331266256693,17485.66818330469,19250.396655467117,23006.67815447538,30913.51466926747,9380.741696526322
2025-10-22 08:00:00+00:00,320,4815,1430.3749816875097,2545.285234273048,3159.0461302299973,3701.0177973857203,4213.6386579830105,4709.339965492216,5444.063583133168,6608.472736619882,7832.88542220508,9023.623991789185,10581.046026130121,12226.40779919177,13887.02977068045,15528.982118736363,16770.854215465708,18660.055453009238,19965.461693999685,22755.389766697972,26160.048052370108,35064.45187949381,11203.527881287471
2025-10-22 08:15:00+00:00,321,4830,1811.3278378549714,3025.7223199372675,3624.6503647831937,4193.639814177325,4887.12839248042,5474.747588938054,6710.282659438469,8123.383175329368,9539.757097756521,11112.979553771655,12486.61643083032,14681.269356437973,16548.25158581535,17850.417986471417,20015.061595972562,21467.835755699616,23590.317427686896,27343.26289608812,29701.990025822415,38955.07401765806,13159.795358723924
2025-10-22 08:30:00+00:00,322,4845,2380.765804352756,3522.5638651128543,4165.21283408519,5131.524981151199,5914.1523347020275,7448.344291925559,8464.874981234334,9617.292557552533,11169.906246302786,12940.785482409323,14636.560842554956,16315.71642003807,18831.234489668186,19765.636121270927,21972.147237529174,23651.151201023902,25765.76682646405,30144.349471731228,32851.826227738246,42694.16426965848,14699.54453254474
2025-10-22 08:45:00+00:00,323,4860,2742.2316973701368,4225.396794028872,5046.655342261296,6031.6120679479345,7208.501989562672,8722.028246168198,9930.556105839654,10846.777084698591,12384.442090270386,13941.718723281074,15902.145974132643,17795.578965896035,20252.661888627,21450.012065613042,23821.837460964485,25429.145441920136,27692.52933172165,31560.238239043414,35123.83806885369,46141.612887821895,16018.839586767568
2025-10-22 09:00:00+00:00,324,4875,3631.4663968522173,4672.748618859844,5768.725670530316,6907.90155826012,8826.916598399697,9934.282854683666,11187.86576337197,12233.288781402442,13443.796427498955,15227.765517699674,17234.12354210354,19083.31036960023,21776.56314243316,22959.392212714913,25443.70965253553,26698.721318042586,28583.854510283723,30838.52603233329,37816.98881751126,49166.33557462703,17199.62029583012
2025-10-22 09:15:00+00:00,325,4890,4384.1484753084,5250.568309360254,6396.733968972824,7567.953707068033,9300.152973548591,10423.837674976767,11573.509006222681,12664.822340055383,13845.602475398333,15784.360619269437,18098.57671147124,19774.95283117266,22408.64975488222,24219.81363550061,27163.02799782749,28406.691215128743,30484.827083239466,33016.70867871655,39616.14751591736,51826.75139664503,18166.60232420868
2025-10-22 09:30:00+00:00,326,4905,5302.602160747491,6062.90000205127,7429.518520734612,8333.596548628828,10228.96616520603,11399.849117869,12396.066932466509,13631.17068819406,14605.633151825834,16221.82954676238,18005.984928438276,19856.939274322263,21695.126352696934,24286.87817629658,26668.714468971284,29347.384909696273,30799.334293003834,34852.41340680419,42272.10279668053,54110.75229642398,18890.344751055956
2025-10-22 09:45:00+00:00,327,4920,7026.733373999634,7990.417759596887,9082.010360338778,9875.077930563208,11503.856885816609,13037.467945806658,14028.520053608503,14761.341924715307,15931.701497441458,16595.567373538004,18136.11405700814,19674.672640819517,21339.1849184783,22916.623816253592,25446.340944543805,27565.882988368125,31360.874724228393,34139.59103685269,42442.34113734603,56008.45664586006,19478.01290037898
2025-10-22 10:00:00+00:00,328,4935,7519.929973517686,8736.246219323459,10020.635059293627,10640.657568520528,12800.084812747935,13599.144931980407,14589.656899958656,15335.272551794442,16058.80013977576,17082.53045575271,18046.449432637128,19359.536927493966,20910.75895832851,22961.45256923636,25202.026876724303,27956.67351726833,31909.2294105344,34562.80006258884,43206.93008659993,57512.00674646762,19876.43107478515
2025-10-22 10:15:00+00:00,329,4950,7711.754885645928,8687.704321910898,9876.727958224332,10811.418963526237,11645.27619709038,13324.98442523332,14342.164297595082,15310.036899552633,15977.289668130465,17045.81949838195,18027.68930582144,19326.123023790067,20639.499177683276,22230.25474142965,24653.91751802048,27250.45149836115,31701.07040362794,34868.27392308036,41915.21053212622,58615.483304872636,19608.171362572775
2025-10-22 10:30:00+00:00,330,4965,7194.39502577439,8573.196639985883,9627.951193514205,10734.27252918771,11361.752475884723,12892.026899323273,14043.991908018043,14767.840004017335,15627.030373102196,16285.33495184978,17469.178261969602,18496.50286290154,19778.84533380469,22027.393774592427,24522.47286094915,26601.524321577792,29118.405426565172,34989.60461588462,42309.70225403144,59314.88293885854,19254.453678954735
2025-10-22 10:45:00+00:00,331,4980,7003.700944686552,8389.8927540431,9280.322073472993,10442.704197307134,11029.033160552797,12628.058632747618,13730.345829990709,14705.759586803406,15548.700594709546,16387.393853418405,17376.364203905337,18637.651437346365,19632.739476606,22268.21765690668,24342.475570692794,26219.19816199305,28935.42761361383,34393.00450768587,41580.58730278482,59608.12735220321,19075.19141812633
2025-10-22 11:00:00+00:00,332,4995,6437.731475953293,8038.58503247565,9036.586891419794,10309.235041474063,10923.151183066062,12244.227650782512,13625.843174525431,14462.336232870517,15408.387971750017,16154.721513806613,17215.14132768923,18307.653030629313,19438.718681616043,21719.23362079844,24005.90618272664,25457.384345330876,27705.438926935716,32687.560826638753,40829.818484951604,59495.08605148424,18639.286618619677
2025-10-22 11:15:00+00:00,333,5010,6315.838798352128,7730.07549293088,8769.954911419796,9963.069605377907,10730.000102319667,11378.745176601342,13293.747050003667,14267.5250969922,15028.268219980668,15772.803715544303,16869.944586313544,18115.32595446782,19138.398056591926,21176.072215568245,23449.132098922302,24828.433385152148,27150.181986105144,31996.5367596267,39114.67565291574,58977.60322214007,18203.64291941784
2025-10-22 11:30:00+00:00,334,5025,6269.835580782758,7652.063706819226,8662.331633145413,9509.351838826171,10283.730964090317,10994.30581996725,12892.386060962934,13883.127976993363,14614.864746798698,15311.456596247985,16098.560092330756,17545.245969487452,18735.41269102649,20711.662471898682,23089.719590638266,24557.3679419233,27015.359810846796,33370.87737191187,40196.89866241793,58059.52521517721,17991.64263304356
2025-10-22 11:45:00+00:00,335,5040,6083.210171699071,7648.491418839057,8720.972882291282,9661.496112626875,10445.616906681782,11966.051312314232,13374.034240917477,14139.490386293981,14915.685585025336,15675.41111476726,16893.997652182956,18190.91705503494,19643.76528176642,20991.0644700119,22887.83636470395,24686.072376802276,27459.64569138947,34234.84047550973,39777.0379123722,56746.729896033336,18382.33324747448
2025-10-22 12:00:00+00:00,336,5055,5883.079315500891,7351.954396444202,8499.32015713815,9613.23217225568,10408.069006682628,12404.930786611463,13250.20749310443,14058.711903714726,14827.396794621582,15807.577152049538,17163.710181761315,18240.22839898053,19701.730238764143,21360.47546325504,22720.540625764956,25003.583315983517,27480.909610940325,33205.61887006029,38377.27786420637,55047.163952160896,18237.0656786179
2025-10-22 12:15:00+00:00,337,5070,6081.466123485184,7307.517325936299,8479.89487128478,9397.973110491495,10217.533879752571,12047.72678036047,12926.189613594417,13657.953841434159,14534.321414807337,15822.87976890505,17234.69667136774,18247.34486660905,19454.59374971899,21082.612661563682,22791.167601563215,24862.048876535002,29355.629305345745,32496.62833195979,36928.27526363509,52970.899610109496,18067.263668158077
2025-10-22 12:30:00+00:00,338,5085,4924.121392744168,6330.240231194188,7492.254299008066,8726.095753228974,9518.830302890554,11157.438001436318,12219.51920055784,12981.260953311805,13967.844528918384,15368.438213380974,16582.868298090852,17954.226206083844,19076.380236629848,20610.463790953938,22214.360256428277,24584.863962923362,28465.677871211592,31106.64614902488,35302.86401250708,50530.229980882425,17283.11248874268
2025-10-22 12:45:00+00:00,339,5100,3769.1339065662983,5557.884031532598,6778.8330750738205,7801.677454222622,8750.163900805968,10322.512568767688,11369.034534372635,12291.188779980283,13369.060629449014,15090.29351012727,16869.693345098603,17989.33972441034,19174.06356977792,21282.927063112955,23087.163237206532,26779.079781961027,28730.952841267346,30838.963828372864,34116.856884310364,47739.83367983439,16963.24982999991
2025-10-22 13:00:00+00:00,340,5115,2708.2897901179113,4657.965584522633,5823.711558810181,6921.019768979822,8557.676003138884,9934.901899140583,11012.997045446386,12603.906958448335,14193.379430306777,15746.066622626135,17154.129313797574,19289.07972558043,20839.95457555556,23183.57901425966,25496.731740828905,26581.261152862895,28769.896038001847,31181.869584920914,34363.875743525656,44617.05722965055,17099.102497446947
2025-10-22 13:15:00+00:00,341,5130,2824.6736221776814,4206.065460130853,5533.912225298664,6651.381366852901,8541.70829523138,9607.369886503473,10793.163270875875,12397.626095814712,14139.035161592286,15863.025701345956,18657.395953386433,19847.671658501637,22141.225010282673,23514.509790401025,24466.494242446297,26020.804500097318,27593.85182812855,29370.933490673986,31429.088514903306,41143.93865787205,16715.593265771364
2025-10-22 13:30:00+00:00,342,5145,2349.815889785966,3706.041461040588,4698.028287149332,6032.488451351196,7910.337817070104,9252.543145868944,10629.22934330664,12210.520170269352,13236.536399336543,15684.514351446143,17221.82146493384,19524.20489751049,21022.559652405613,21887.667582354512,23214.192439104798,24497.544749528897,25558.55365937216,26867.35217462299,28752.57283081134,37324.056540860955,15646.200153002601
2025-10-22 13:45:00+00:00,343,5160,1859.8465527572935,3492.052453344468,4667.005648777895,5550.995102263289,7040.140351597212,8217.272729224713,9299.029402705417,10484.900721527856,11785.231040658264,13569.865333951793,15133.669108623211,16329.902557599578,17967.760170218193,19024.53304349839,19726.049074943945,21118.686740110028,22100.2750170148,23387.99165562365,25466.62113936574,33446.65490797592,13640.066118268767
2025-10-22 14:00:00+00:00,344,5175,1903.7424731142694,3676.9686112839754,4338.894861447985,5330.372383208604,6228.906162160929,7262.500106259956,8138.575472668334,9208.442511495668,10345.073886495209,11969.8157476081,13264.906726273892,14221.87800660664,15634.423286957088,16614.777793255817,17098.917172237158,18252.04629982988,19235.35240578207,20132.703385478042,21539.188300679038,29360.037845654242,11946.567503598913
2025-10-22 14:15:00+00:00,345,5190,1693.259069808471,2681.2723605873034,3602.6800030834306,4237.3347355345495,5057.849651971917,5587.132035117425,6330.094881057822,7380.7105771432325,8358.83682742304,9172.416590989396,10597.30192516575,11390.271844593073,12571.328548630705,13742.875909253296,14353.470442357617,14865.314325285008,16025.281987942533,16961.75937188822,17863.69631980754,25109.229253138365,9968.392744745126
2025-10-22 14:30:00+00:00,346,5205,1460.6361007577477,2538.064453516073,3036.9093683342267,3503.6623233884316,4184.982939226029,4764.009175530248,5266.608747505691,5865.079961020662,6672.892062150975,7477.724080976308,8462.588337330035,9288.175844283447,9780.982443891877,10603.168550829183,11520.57045157761,12095.14031113454,12645.326559224155,13589.394224049234,15357.132612498695,20752.366237901482,8067.7140191050885
2025-10-22 14:45:00+00:00,347,5220,1340.1739762812704,2152.7959659346066,2538.1078767083295,2949.735457345597,3461.469521217707,3801.532020914735,4256.119978383745,4709.417744087689,5156.787028952604,5587.562132902559,6069.226853705507,6687.638674884219,7353.610372665916,7788.299964158363,8306.63228157579,9036.645462747418,9646.177114437138,10437.601340524643,11668.874486930417,16368.071884428846,6173.846912220691
2025-10-22 15:00:00+00:00,348,5235,1110.7133883142158,1591.6225531006664,1872.437314402783,2113.8240553693363,2453.8272774063857,2687.8817539692363,3098.496809752469,3429.5043654449137,3763.16826451955,4200.988981767148,4517.45731850902,4995.341701571223,5461.748396615984,5726.0818874121605,6143.163465086804,6701.850392100699,7093.152299600472,7907.544677939872,9163.586931514037,11809.923677479412,4582.738708345167
2025-10-22 15:15:00+00:00,349,5250,611.9119472477806,938.8607671792389,1148.395347455705,1303.0899452586402,1488.1373005246921,1689.9192572140123,1933.2529802648505,2156.881809038483,2427.2286973116657,2674.437432451944,2885.203354196837,3197.8001437938424,3451.8217666892497,3724.3189079610243,3995.278233115448,4360.8568914657335,4734.992212942537,5334.338602807861,6073.845007923568,7763.266047040359,2958.6415732728155
2025-10-22 15:30:00+00:00,350,5265,223.8269315302091,333.032823763215,450.9739382682337,517.8783266224386,591.7988551374523,681.4531346811358,778.4696303296985,897.4882681512189,1016.2606654882953,1121.444411173798,1231.709174941025,1330.3335099565663,1480.3506328705896,1628.8228163581418,1707.5506998714695,1882.2519065047748,2060.2129496737894,2354.8986751942853,2724.010911368172,3433.2890114199495,1261.351866890669
2025-10-22 15:45:00+00:00,351,5280,39.708245799550255,67.81726654644737,94.79892764905057,110.1345744318661,123.69071276839924,145.4586589939239,160.9892024669199,177.83217420865412,196.73960644615542,216.09676878842913,247.02873966854395,272.21743076649904,301.8786251309975,335.0469722835232,359.7482038441176,397.24381786740855,430.3052565476472,456.3344723163756,547.7608962031094,729.0187061478531,257.5640305018202
2025-10-22 16:00:00+00:00,352,5295,0.3223912817999259,0.5324017394071547,0.7870957182225675,1.0149680037036215,1.153952007049547,1.2829200438054382,1.5381952234277418,1.7053629265893397,1.8776570211012802,2.0518812693300217,2.3574733446560847,2.6552164092738018,2.9150794264732642,3.155336787653165,3.5237640520762983,3.8565019338325817,4.2236456581859025,4.454581641286564,5.473076414562226,7.238347416547286,2.4792235238262257
2025-10-22 16:15:00+00:00,353,5310,0.0,0.0,0.0,0.0,0.0,0.0,0.0,0.0,0.0,0.0,0.0,0.0,0.0,0.0,0.0,0.0,0.0,0.0,0.0,0.0,0.0
2025-10-22 16:30:00+00:00,354,5325,0.0,0.0,0.0,0.0,0.0,0.0,0.0,0.0,0.0,0.0,0.0,0.0,0.0,0.0,0.0,0.0,0.0,0.0,0.0,0.0,0.0
2025-10-22 16:45:00+00:00,355,5340,0.0,0.0,0.0,0.0,0.0,0.0,0.0,0.0,0.0,0.0,0.0,0.0,0.0,0.0,0.0,0.0,0.0,0.0,0.0,0.0,0.0
2025-10-22 17:00:00+00:00,356,5355,0.0,0.0,0.0,0.0,0.0,0.0,0.0,0.0,0.0,0.0,0.0,0.0,0.0,0.0,0.0,0.0,0.0,0.0,0.0,0.0,0.0
2025-10-22 17:15:00+00:00,357,5370,0.0,0.0,0.0,0.0,0.0,0.0,0.0,0.0,0.0,0.0,0.0,0.0,0.0,0.0,0.0,0.0,0.0,0.0,0.0,0.0,0.0
2025-10-22 17:30:00+00:00,358,5385,0.0,0.0,0.0,0.0,0.0,0.0,0.0,0.0,0.0,0.0,0.0,0.0,0.0,0.0,0.0,0.0,0.0,0.0,0.0,0.0,0.0
2025-10-22 17:45:00+00:00,359,5400,0.0,0.0,0.0,0.0,0.0,0.0,0.0,0.0,0.0,0.0,0.0,0.0,0.0,0.0,0.0,0.0,0.0,0.0,0.0,0.0,0.0
2025-10-22 18:00:00+00:00,360,5415,0.0,0.0,0.0,0.0,0.0,0.0,0.0,0.0,0.0,0.0,0.0,0.0,0.0,0.0,0.0,0.0,0.0,0.0,0.0,0.0,0.0
2025-10-22 18:15:00+00:00,361,5430,0.0,0.0,0.0,0.0,0.0,0.0,0.0,0.0,0.0,0.0,0.0,0.0,0.0,0.0,0.0,0.0,0.0,0.0,0.0,0.0,0.0
2025-10-22 18:30:00+00:00,362,5445,0.0,0.0,0.0,0.0,0.0,0.0,0.0,0.0,0.0,0.0,0.0,0.0,0.0,0.0,0.0,0.0,0.0,0.0,0.0,0.0,0.0
2025-10-22 18:45:00+00:00,363,5460,0.0,0.0,0.0,0.0,0.0,0.0,0.0,0.0,0.0,0.0,0.0,0.0,0.0,0.0,0.0,0.0,0.0,0.0,0.0,0.0,0.0
2025-10-22 19:00:00+00:00,364,5475,0.0,0.0,0.0,0.0,0.0,0.0,0.0,0.0,0.0,0.0,0.0,0.0,0.0,0.0,0.0,0.0,0.0,0.0,0.0,0.0,0.0
2025-10-22 19:15:00+00:00,365,5490,0.0,0.0,0.0,0.0,0.0,0.0,0.0,0.0,0.0,0.0,0.0,0.0,0.0,0.0,0.0,0.0,0.0,0.0,0.0,0.0,0.0
2025-10-22 19:30:00+00:00,366,5505,0.0,0.0,0.0,0.0,0.0,0.0,0.0,0.0,0.0,0.0,0.0,0.0,0.0,0.0,0.0,0.0,0.0,0.0,0.0,0.0,0.0
2025-10-22 19:45:00+00:00,367,5520,0.0,0.0,0.0,0.0,0.0,0.0,0.0,0.0,0.0,0.0,0.0,0.0,0.0,0.0,0.0,0.0,0.0,0.0,0.0,0.0,0.0
2025-10-22 20:00:00+00:00,368,5535,0.0,0.0,0.0,0.0,0.0,0.0,0.0,0.0,0.0,0.0,0.0,0.0,0.0,0.0,0.0,0.0,0.0,0.0,0.0,0.0,0.0
2025-10-22 20:15:00+00:00,369,5550,0.0,0.0,0.0,0.0,0.0,0.0,0.0,0.0,0.0,0.0,0.0,0.0,0.0,0.0,0.0,0.0,0.0,0.0,0.0,0.0,0.0
2025-10-22 20:30:00+00:00,370,5565,0.0,0.0,0.0,0.0,0.0,0.0,0.0,0.0,0.0,0.0,0.0,0.0,0.0,0.0,0.0,0.0,0.0,0.0,0.0,0.0,0.0
2025-10-22 20:45:00+00:00,371,5580,0.0,0.0,0.0,0.0,0.0,0.0,0.0,0.0,0.0,0.0,0.0,0.0,0.0,0.0,0.0,0.0,0.0,0.0,0.0,0.0,0.0
2025-10-22 21:00:00+00:00,372,5595,0.0,0.0,0.0,0.0,0.0,0.0,0.0,0.0,0.0,0.0,0.0,0.0,0.0,0.0,0.0,0.0,0.0,0.0,0.0,0.0,0.0
2025-10-22 21:15:00+00:00,373,5610,0.0,0.0,0.0,0.0,0.0,0.0,0.0,0.0,0.0,0.0,0.0,0.0,0.0,0.0,0.0,0.0,0.0,0.0,0.0,0.0,0.0
2025-10-22 21:30:00+00:00,374,5625,0.0,0.0,0.0,0.0,0.0,0.0,0.0,0.0,0.0,0.0,0.0,0.0,0.0,0.0,0.0,0.0,0.0,0.0,0.0,0.0,0.0
2025-10-22 21:45:00+00:00,375,5640,0.0,0.0,0.0,0.0,0.0,0.0,0.0,0.0,0.0,0.0,0.0,0.0,0.0,0.0,0.0,0.0,0.0,0.0,0.0,0.0,0.0
2025-10-22 22:00:00+00:00,376,5655,0.0,0.0,0.0,0.0,0.0,0.0,0.0,0.0,0.0,0.0,0.0,0.0,0.0,0.0,0.0,0.0,0.0,0.0,0.0,0.0,0.0
2025-10-22 22:15:00+00:00,377,5670,0.0,0.0,0.0,0.0,0.0,0.0,0.0,0.0,0.0,0.0,0.0,0.0,0.0,0.0,0.0,0.0,0.0,0.0,0.0,0.0,0.0
2025-10-22 22:30:00+00:00,378,5685,0.0,0.0,0.0,0.0,0.0,0.0,0.0,0.0,0.0,0.0,0.0,0.0,0.0,0.0,0.0,0.0,0.0,0.0,0.0,0.0,0.0
2025-10-22 22:45:00+00:00,379,5700,0.0,0.0,0.0,0.0,0.0,0.0,0.0,0.0,0.0,0.0,0.0,0.0,0.0,0.0,0.0,0.0,0.0,0.0,0.0,0.0,0.0
2025-10-22 23:00:00+00:00,380,5715,0.0,0.0,0.0,0.0,0.0,0.0,0.0,0.0,0.0,0.0,0.0,0.0,0.0,0.0,0.0,0.0,0.0,0.0,0.0,0.0,0.0
2025-10-22 23:15:00+00:00,381,5730,0.0,0.0,0.0,0.0,0.0,0.0,0.0,0.0,0.0,0.0,0.0,0.0,0.0,0.0,0.0,0.0,0.0,0.0,0.0,0.0,0.0
2025-10-22 23:30:00+00:00,382,5745,0.0,0.0,0.0,0.0,0.0,0.0,0.0,0.0,0.0,0.0,0.0,0.0,0.0,0.0,0.0,0.0,0.0,0.0,0.0,0.0,0.0
2025-10-22 23:45:00+00:00,383,5760,0.0,0.0,0.0,0.0,0.0,0.0,0.0,0.0,0.0,0.0,0.0,0.0,0.0,0.0,0.0,0.0,0.0,0.0,0.0,0.0,0.0
2025-10-23 00:00:00+00:00,384,5775,0.0,0.0,0.0,0.0,0.0,0.0,0.0,0.0,0.0,0.0,0.0,0.0,0.0,0.0,0.0,0.0,0.0,0.0,0.0,0.0,0.0
2025-10-23 00:15:00+00:00,385,5790,0.0,0.0,0.0,0.0,0.0,0.0,0.0,0.0,0.0,0.0,0.0,0.0,0.0,0.0,0.0,0.0,0.0,0.0,0.0,0.0,0.0
2025-10-23 00:30:00+00:00,386,5805,0.0,0.0,0.0,0.0,0.0,0.0,0.0,0.0,0.0,0.0,0.0,0.0,0.0,0.0,0.0,0.0,0.0,0.0,0.0,0.0,0.0
2025-10-23 00:45:00+00:00,387,5820,0.0,0.0,0.0,0.0,0.0,0.0,0.0,0.0,0.0,0.0,0.0,0.0,0.0,0.0,0.0,0.0,0.0,0.0,0.0,0.0,0.0
2025-10-23 01:00:00+00:00,388,5835,0.0,0.0,0.0,0.0,0.0,0.0,0.0,0.0,0.0,0.0,0.0,0.0,0.0,0.0,0.0,0.0,0.0,0.0,0.0,0.0,0.0
2025-10-23 01:15:00+00:00,389,5850,0.0,0.0,0.0,0.0,0.0,0.0,0.0,0.0,0.0,0.0,0.0,0.0,0.0,0.0,0.0,0.0,0.0,0.0,0.0,0.0,0.0
2025-10-23 01:30:00+00:00,390,5865,0.0,0.0,0.0,0.0,0.0,0.0,0.0,0.0,0.0,0.0,0.0,0.0,0.0,0.0,0.0,0.0,0.0,0.0,0.0,0.0,0.0
2025-10-23 01:45:00+00:00,391,5880,0.0,0.0,0.0,0.0,0.0,0.0,0.0,0.0,0.0,0.0,0.0,0.0,0.0,0.0,0.0,0.0,0.0,0.0,0.0,0.0,0.0
2025-10-23 02:00:00+00:00,392,5895,0.0,0.0,0.0,0.0,0.0,0.0,0.0,0.0,0.0,0.0,0.0,0.0,0.0,0.0,0.0,0.0,0.0,0.0,0.0,0.0,0.0
2025-10-23 02:15:00+00:00,393,5910,0.0,0.0,0.0,0.0,0.0,0.0,0.0,0.0,0.0,0.0,0.0,0.0,0.0,0.0,0.0,0.0,0.0,0.0,0.0,0.0,0.0
2025-10-23 02:30:00+00:00,394,5925,0.0,0.0,0.0,0.0,0.0,0.0,0.0,0.0,0.0,0.0,0.0,0.0,0.0,0.0,0.0,0.0,0.0,0.0,0.0,0.0,0.0
2025-10-23 02:45:00+00:00,395,5940,0.0,0.0,0.0,0.0,0.0,0.0,0.0,0.0,0.0,0.0,0.0,0.0,0.0,0.0,0.0,0.0,0.0,0.0,0.0,0.0,0.0
2025-10-23 03:00:00+00:00,396,5955,0.0,0.0,0.0,0.0,0.0,0.0,0.0,0.0,0.0,0.0,0.0,0.0,0.0,0.0,0.0,0.0,0.0,0.0,0.0,0.0,0.0
2025-10-23 03:15:00+00:00,397,5970,0.0,0.0,0.0,0.0,0.0,0.0,0.0,0.0,0.0,0.0,0.0,0.0,0.0,0.0,0.0,0.0,0.0,0.0,0.0,0.0,0.0
2025-10-23 03:30:00+00:00,398,5985,0.0,0.0,0.0,0.0,0.0,0.0,0.0,0.0,0.0,0.0,0.0,0.0,0.0,0.0,0.0,0.0,0.0,0.0,0.0,0.0,0.0
2025-10-23 03:45:00+00:00,399,6000,0.0,0.0,0.0,0.0,0.0,0.0,0.0,0.0,0.0,0.0,0.0,0.0,0.0,0.0,0.0,0.0,0.0,0.0,0.0,0.0,0.0
2025-10-23 04:00:00+00:00,400,6015,0.0,0.0,0.0,0.0,0.0,0.0,0.0,0.0,0.0,0.0,0.0,0.0,0.0,0.0,0.0,0.0,0.0,0.0,0.0,0.0,0.0
2025-10-23 04:15:00+00:00,401,6030,0.0,0.0,0.0,0.0,0.0,0.0,0.0,0.0,0.0,0.0,0.0,0.0,0.0,0.0,0.0,0.0,0.0,0.0,0.0,0.0,0.0
2025-10-23 04:30:00+00:00,402,6045,0.0,0.0,0.0,0.0,0.0,0.0,0.0,0.0,0.0,0.0,0.0,0.0,0.0,0.0,0.0,0.0,0.0,0.0,0.0,0.0,0.0
2025-10-23 04:45:00+00:00,403,6060,0.0,0.0,0.0,0.0,0.0,0.0,0.0,0.0,0.0,0.0,0.0,0.0,0.0,0.0,0.0,0.0,0.0,0.0,0.0,0.0,0.0
2025-10-23 05:00:00+00:00,404,6075,0.0,0.0,0.0,0.0,0.0,0.0,0.0,0.0,0.0,0.0,0.0,0.0,0.0,0.0,0.0,0.0,0.0,0.0,0.0,0.0,0.0
2025-10-23 05:15:00+00:00,405,6090,0.0,0.0,0.0,0.0,0.0,0.0,0.0,0.0,0.0,0.0,0.0,0.0,0.0,0.0,0.0,0.0,0.0,0.0,0.0,0.0,0.0
2025-10-23 05:30:00+00:00,406,6105,0.0,0.0,0.0,0.0,0.0,0.0,0.0,0.0,0.0,0.0,0.0,0.0,0.0,0.0,0.0,0.0,0.0,0.0,0.0,0.0,0.0
2025-10-23 05:45:00+00:00,407,6120,0.0,0.0,0.0,0.0,0.0,0.0,0.0,0.0,0.0,0.0,0.0,0.0,0.0,0.0,0.0,0.0,0.0,0.0,0.0,0.0,0.0
2025-10-23 06:00:00+00:00,408,6135,0.0,0.0,0.17604773998530285,1.0082734199158239,1.8404990998463446,2.6727247797768663,7.306792361237066,10.715917699728347,14.543873302390837,17.84099016997536,23.69516711416216,28.931605033285855,38.04800714578609,44.76191694923031,54.59990184434023,65.14720812180751,77.91263303418746,96.67033188514736,137.26913013193408,328.95858870526376,38.11044470261516
2025-10-23 06:15:00+00:00,409,6150,0.0,0.0,2.5316809095707944,9.34102956289912,16.15037821622745,34.7041265307002,73.10740368698774,97.35670354812251,124.96504404726119,148.52343766799513,190.10717148792256,228.4862639972498,294.3277220903385,344.4750553155105,414.1713433764913,484.47795879846126,595.2224942522917,726.181740074092,1078.382669626465,2346.822595756176,293.2518080539386
2025-10-23 06:30:00+00:00,410,6165,0.0,0.0,17.518954186036336,40.67960548283011,63.84025677962388,188.51125813768124,324.56253577123675,400.59946394535064,473.4137989534782,552.2218166496608,686.2359068989385,808.9354985513028,1010.6020365896221,1173.5814052673547,1397.0338609351045,1638.6595877530872,2005.0687087591373,2348.196867477283,3532.623401011164,7484.6429856164,994.793410094678
2025-10-23 06:45:00+00:00,411,6180,0.0,8.076455952851058,49.80481170924815,91.53316746564523,217.58846640123295,417.78655474025027,597.5914023474799,748.4884078172131,873.6038008984323,1001.0715192752438,1215.844045255993,1411.51594411871,1728.1379532196117,2011.93960560355,2365.351203040501,2757.6345800202294,3330.245208495167,3908.338915847008,5737.351366123357,11962.761806334505,1685.0313546522984
2025-10-23 07:00:00+00:00,412,6195,0.0,54.24848007975347,124.31943351610172,283.7055014381181,493.1308167061883,736.2159937816114,937.9533264977753,1205.3299401761626,1383.2413757376833,1566.4248623028816,1854.4774819945014,2135.339843555605,2552.6467694490716,2939.047345261982,3503.603675364869,4110.918883722659,4982.78529485947,5875.438256045276,8310.206094803549,16720.589348997742,2521.6803863074856
2025-10-23 07:15:00+00:00,413,6210,0.7030957398503992,110.3860311565107,270.61940959093914,582.240949933661,863.8507232783909,1128.0265242979324,1516.4139759265943,1739.4499134884227,1982.1562213377756,2232.5353763541434,2537.751266661744,2882.522839066698,3463.936571797173,4017.872656222986,4541.240837289943,5324.229731623147,6392.07992739257,7575.082877892205,10941.20567425864,21454.819999513038,3379.653300585418
2025-10-23 07:30:00+00:00,414,6225,0.9896332795610866,155.37242489109116,420.36263110951137,786.5907611984837,1183.403723806659,1537.0812419712834,1933.2727563826395,2171.5696134986715,2502.997197173739,2861.080567378318,3293.108339439592,3983.4968173031625,4519.188105634966,5293.527236798233,5797.555294872669,6741.819667864921,7825.048256607128,9196.505277648534,13499.280449407275,25992.106955123832,4260.707956038042
2025-10-23 07:45:00+00:00,415,6240,43.290951884885516,261.1421936281803,707.32247307971,1293.9274276434558,1613.6950636835359,2205.6424483719597,2471.6040561865348,2777.5161851756343,3223.392662263867,3812.396730507659,4427.712533854025,5092.328505661773,5816.317161408241,6401.02737392519,7117.3147751055985,8108.128174774516,9555.007880307821,11792.353440893035,16257.731306292832,30365.37379305181,5322.869846375742
2025-10-23 08:00:00+00:00,416,6255,91.07651047693484,469.9041616627361,1314.945269941409,1809.6634070641305,2406.7525115642125,2801.709547105626,3233.1495459862945,3711.3250130704905,4232.246264237233,4910.81635354815,5627.734868543204,6144.469078442474,6973.274036742373,7453.319147279915,8315.204932762515,9436.329222377139,11172.145172200084,14937.788133893248,20165.994712476775,34518.64688281495,6527.266002015515
2025-10-23 08:15:00+00:00,417,6270,173.8766525531679,952.275146710459,1763.5145969277494,2409.3330161426534,2927.5673528152333,3548.996542286612,3934.057287694828,4417.895521808084,5249.064733109771,5910.418204834868,6606.710048365445,7402.1586961120765,8101.753510874729,8738.857005466816,9945.8730957341,10980.229252919851,12798.991457143697,17308.573980052584,22502.66221395414,38411.62502060937,7638.310499580968
2025-10-23 08:30:00+00:00,418,6285,366.0645474364032,1584.0160910372142,2330.697438259075,3078.1366726847423,3585.2598499609426,4101.165956335693,4618.396300679645,5733.998932630041,6413.424097817153,7190.456097437933,7822.351619809595,8812.288629215525,9398.50847817716,10287.971630820184,11857.822235177158,13524.410123331529,16163.083446320412,21294.80020780728,26957.835260996482,42088.09930267279,9197.13336080908
2025-10-23 08:45:00+00:00,419,6300,698.2654768293588,2047.3311513280576,2765.9290296177473,3486.0971419226735,4076.6210041010872,4805.837181994908,5338.5594407521285,6321.918162591294,7115.930273327033,8094.859497943707,8844.130948568029,9801.470503663268,10572.928396438088,11427.517581113423,13202.837271510161,15060.75922855718,18043.883465836218,23718.457832460605,31105.345727392276,45582.19285080061,10345.499764174365
2025-10-23 09:00:00+00:00,420,6315,1277.5651809775254,2628.1419712764327,3281.2686193466393,3889.634398072619,4541.35423853194,5278.074308562239,5942.143359490664,6933.004322106893,7945.967413205492,8977.204978053112,9762.834800507395,10935.429279152733,11773.969611763148,12566.836774981351,14512.850376287583,17104.960036826822,19960.054025015797,26140.187100778498,34344.38573138269,48609.6738480928,11490.004198913663
2025-10-23 09:15:00+00:00,421,6330,1711.1061424509705,2960.475461215372,3601.085553810507,4228.943816590278,4912.835814234452,5662.416745083889,6308.143518916831,7267.499569977978,8323.07379883421,9380.141064064293,10222.56350213167,11454.853236273299,12333.33977394259,13264.22527266545,15300.701305941258,17541.83799011038,21253.539438058557,27245.589968414126,33521.49919498242,51271.85756370593,11985.743163854459
2025-10-23 09:30:00+00:00,422,6345,2023.651327493615,3194.1321565584435,3776.670848818121,4638.235174363545,5219.416586285103,6050.060545684555,6880.334049361977,7909.679346122753,8978.713014151916,9951.851511883504,10906.854558618897,12201.028789023878,13278.208896597172,14739.213169493278,16330.352873910544,18770.764593376574,22762.6463725645,28607.845495248785,34929.478991689415,53556.71863293274,12769.668852062809
2025-10-23 09:45:00+00:00,423,6360,2291.108769290907,3342.584825681034,3920.0605950285335,4530.622940631274,5277.880872654129,5923.025386734326,6766.140648598164,7752.258100913439,8764.026217357507,9941.080439664076,11048.261858896378,12608.493053117068,13696.014160628501,15374.473712932342,17049.781876457742,19607.784327940248,25919.52687939927,30085.99413347823,35677.746223749746,55454.47772591431,13315.698466244874
2025-10-23 10:00:00+00:00,424,6375,2665.567102343014,3617.0023658491573,4058.655360445322,4690.04135305247,5434.499004866031,6113.9250107073185,7094.717590273636,7829.682749673062,8895.982651608681,10065.88725706609,11337.216900278365,12940.07626231702,13938.942872303942,16010.837538871607,17740.369336784428,20539.269452498167,26133.658959831,30657.878113024562,36316.80491739763,56957.381347306524,13389.974186767393
2025-10-23 10:15:00+00:00,425,6390,2881.8825840364448,3732.682841914583,4164.139918020318,4818.696744768312,5523.432764317923,6214.569270333298,7191.998484855328,7792.750875397793,8901.723816154368,10104.584056915675,11085.947712382562,12719.75132202333,13995.479741260408,16307.071473698223,18104.06783675378,21099.06177517972,26616.540213855675,31583.17709782481,37001.51258827663,58059.606946556276,13599.506422553522
2025-10-23 10:30:00+00:00,426,6405,2935.5811030445298,3854.25357767964,4305.345369967743,5048.12439120311,5742.765277092969,6515.610204175967,7301.6314792437515,7976.898877782903,8774.954568635289,9583.236635654504,10919.510954135118,12288.019574208836,13969.700643392922,16683.173184306528,18463.067210654248,21966.947790496983,28623.140191398026,32060.056131212234,37416.049713817934,58757.235630015006,13848.895786634976
2025-10-23 10:45:00+00:00,427,6420,2286.259645268785,3134.6592364661437,3595.4249672177166,4140.6165144279075,4988.931709160553,5646.504414752576,6452.555112657088,7053.925821950591,7859.533590232139,8578.864848311689,10009.708157859606,11651.735620058273,13949.189106219443,16494.01535826431,20176.165575858482,24096.421223561076,29936.403177357897,33351.731756829766,39180.198924589036,59048.25907476895,13877.542483058396
2025-10-23 11:00:00+00:00,428,6435,1593.1874477972597,2349.3393734641527,2769.0756052425563,3395.8706568936473,4166.031141539972,4847.535981144902,5904.246123907264,6869.365738415054,7681.5487266879,9340.096534816126,11027.114134616495,13124.007411787366,15112.699225950319,18147.552458172682,21978.402323050013,27018.97536945766,30340.13493939357,34734.26610365753,40155.40066795748,58932.601429730115,14249.068716475804
2025-10-23 11:15:00+00:00,429,6450,1079.5347718998912,1768.5997487359734,2241.486171139137,2631.27629387511,3489.1972926377753,4065.401734073412,4872.84651234746,5820.049825067583,6677.068180025824,7688.3521081731915,9163.889062606839,11203.048170900403,13090.778177560811,16538.330700414008,19937.18588172312,23337.408723709905,28641.271692433107,30723.87279118046,35838.30730446327,58412.14627589561,12643.920502447503
2025-10-23 11:30:00+00:00,430,6465,1094.592174725995,1765.6070428537205,2262.9831999482435,2732.4399050330344,3740.641162411427,4248.6879392652045,5253.393094951212,6042.796200689655,7115.800313624844,8751.04599493113,10328.213350048101,12393.287240438443,16289.827670294471,18778.803659287176,22690.022965089258,27321.205700936523,29573.48182556086,33415.48174505169,38080.80064848496,57490.76489122402,13781.060609082337
2025-10-23 11:45:00+00:00,431,6480,1252.167544372134,1930.936053983221,2410.398083076925,2955.8597505188154,3929.425954153541,4708.525282267136,5651.00985946291,6567.418161684969,7400.736220135939,8781.02886132884,10603.243855723767,12645.879363212316,15850.305164274825,18377.637098393483,22366.189043402606,27518.451363500368,29399.248670779092,34185.63441995078,38163.979511256424,56174.34711338293,13887.41176780264
2025-10-23 12:00:00+00:00,432,6495,1588.8163850848541,2352.1135210843618,2813.5594775132577,3657.8530019209456,4188.638118815121,5129.873995417863,5963.005210214945,6864.6080376421205,8121.366876629497,9831.641361533848,12396.852938792208,14246.223832432914,17437.99129311445,21106.555429472406,24910.00379256851,28090.098754320003,31748.871375133825,34725.20901042858,38040.49557445058,54470.84118130014,14779.095961899566
2025-10-23 12:15:00+00:00,433,6510,1424.5157275926038,2056.7379610168814,2759.3531582000674,3602.727742998046,4469.582179048571,5282.032006787835,6085.601657797805,6693.518164665068,7371.136614619718,8718.594407596063,10579.784179609045,12688.780984766277,14908.80699939174,17289.387957296207,20896.01251617743,24007.599131291925,26835.598692149106,29981.879072026666,33381.47152446745,52390.31460816241,13041.781352747701
2025-10-23 12:30:00+00:00,434,6525,1733.1977509401763,2413.3191433367997,3152.46035809485,4026.092695529887,4717.203131708143,5198.148877281259,5582.624543695433,6249.578658376346,6822.418178308297,7453.523429580614,8649.90676002722,9821.264788235067,11452.617337648171,13502.47379584246,15873.10109926818,20512.475789980712,24134.54308963249,28096.330155572763,31785.97473723499,49945.05639292227,11541.384950646003
2025-10-23 12:45:00+00:00,435,6540,2069.418747200027,2767.1113567612933,3478.751207486993,4406.194943635403,4937.699524375387,5418.03098160854,6072.65831371363,6788.722695165782,7507.147386715872,8906.905384345628,9969.58187757513,11852.28218299454,13173.709476095013,15056.168968957994,17741.922021289796,21349.014554884914,24542.984408200264,27050.291834433807,30371.585473235074,47149.75312185318,12158.23619271383
2025-10-23 13:00:00+00:00,436,6555,2497.648070578128,3300.600997582334,4126.747873323341,4930.728719362572,5520.9134573120755,6319.334059985136,6865.1134450755235,7873.454569206677,8792.365336186254,10016.551970252887,11758.269812950271,12809.458997163929,14996.890466537856,17736.866541690626,20333.248016617432,23143.669868777422,25316.32146894819,28073.534044688495,31293.19317587468,44021.79080273557,13276.86699960329
2025-10-23 13:15:00+00:00,437,6570,2361.521130297495,3060.802725859511,4068.406647125511,4574.752165471288,5138.283216927248,5874.071471624324,6564.031393725708,7508.745918457174,8516.289973940065,9509.893471904894,10790.387055984436,11706.145086785356,14078.59005759517,15994.045385091022,18895.170177415723,21291.735643362787,23163.88162691993,25449.88198783412,28799.03067517872,40496.38634393479,12278.428324900395
2025-10-23 13:30:00+00:00,438,6585,2385.149443691342,2961.3481983648444,3869.3936654039676,4292.745128613744,5041.091284665189,5556.921006746143,6439.801858201688,7137.073073802866,7920.654085089557,8794.068070400932,9867.114014585875,10850.164440514025,13142.782678179847,15563.045804191643,17683.024598127024,19926.3431535979,21202.424516996893,23128.408751107672,25858.24519728464,36740.86406438246,11407.80105820746
2025-10-23 13:45:00+00:00,439,6600,1931.9859232681704,2642.7017365400498,3394.3516535050753,3829.575366186523,4492.179862624876,4999.026640553329,5871.934776387662,6470.678924353251,7141.934038304783,7975.020176699135,8926.879444203865,10071.46886234537,11891.528263227867,13972.87647942836,15695.98362380583,17633.358964012456,18850.958225188737,20276.09502963443,22601.597463079248,32861.16813857726,10179.372544552503
2025-10-23 14:00:00+00:00,440,6615,1413.5964934979515,2213.7297241337546,2851.3244478577444,3320.4099709662673,3952.714532981702,4352.047382227583,5202.7085535944425,5734.091570506349,6276.298562085448,7142.653978589762,8241.85474830971,9416.87943397505,10803.826531106974,12527.601424125609,13787.038865426135,15369.754780699988,16435.48897664885,17639.144407682048,19292.41222588783,28773.46468775658,8873.528407849044
2025-10-23 14:15:00+00:00,441,6630,1114.3685124745934,1750.998947970797,2327.3685324054004,2777.8900227754098,3234.7400687591276,3637.883802283387,4268.75877665574,4827.41975843512,5257.644244698997,5957.892191149386,6818.240571793918,7788.297096615042,8978.366082344155,10169.358244154,11390.633543277365,12688.879282293963,13794.407451717818,14807.12080744253,16087.915078844375,24523.80645621588,7717.43756106047
2025-10-23 14:30:00+00:00,442,6645,724.3272969905083,1321.086122633214,1813.3252885620107,2203.800474876976,2575.787596370278,2951.4027447887975,3395.6267132506064,3822.335721205553,4235.795773266751,4665.880233340106,5396.450255328902,6144.641094565687,7305.973941363019,8304.987537833951,8919.436685694773,10179.11682156115,11064.621736481202,11538.546533227087,12829.761094548398,20172.171173157818,6153.69652525909
2025-10-23 14:45:00+00:00,443,6660,529.6378758342202,830.7139915023356,1073.7943366760026,1311.311236204323,1578.1141699885275,1779.31442660495,2127.3901285443767,2364.347898575701,2828.37165822398,3276.526058573855,3653.4383168943414,4190.3003752642335,4967.042753581712,5860.9544242346565,6592.238091361885,7285.753263243611,8434.966244682484,8934.095295867392,9696.010040708568,15761.721426021684,4399.18268622001
2025-10-23 15:00:00+00:00,444,6675,324.6831531994392,510.57896446951736,723.5048903154252,951.810255888576,1108.2590398333066,1245.1530658333068,1425.8809574209752,1605.6597015808454,1868.1845736746895,2093.089162967774,2327.8886208749063,2778.2760994721707,3206.3374989348226,3971.993695070596,4284.759190605695,4859.511188474614,5378.0528690362125,6240.261691980145,6881.2903879883615,11273.240097176871,2969.869199478368
2025-10-23 15:15:00+00:00,445,6690,53.5601533736304,219.6874334483842,368.2689750527694,499.67244766646377,632.5010968780387,731.6263305328596,820.153993741371,928.5912034504967,1080.2441143741487,1241.6760547046756,1391.869577638723,1586.211669530468,1912.2209830000452,2280.9842896132177,2691.814196929792,2877.650577075626,3220.4990301883627,3894.317636787121,4395.522208178947,7229.6370852512,1744.4267648139264
2025-10-23 15:30:00+00:00,446,6705,23.463178987985756,75.80880780567864,132.8284400555457,181.4086882511246,237.32687996245974,278.7919805922167,320.66607643165827,356.5070248282406,417.2328934531377,456.1965390701892,540.5930988972729,623.5669391327658,744.6457446531169,887.2353889916237,1066.654868637724,1132.4647549325214,1271.5214303052928,1544.3785266483826,1755.5176080350013,2875.345712929636,683.1741916997032
2025-10-23 15:45:00+00:00,447,6720,1.0908872525886837,6.545323515532101,16.318634439165482,25.978816927162793,35.03362241713345,42.3893993471367,49.75142952103544,57.43115612280839,67.65870370699051,78.28071954756078,92.00425897954561,105.62651414646781,124.27087457096599,142.31958613948015,181.0401556259153,200.90306949701937,223.10897694794375,269.0317796938362,309.022990188866,537.9748243241331,119.38638965212111
2025-10-23 16:00:00+00:00,448,6735,1.7991345385932874e-05,0.0006157038198741444,0.0015930629143432395,0.002890058686873516,0.004001969289762546,0.0048511209190153,0.005810880089830476,0.00703276255502947,0.00800581518004795,0.009550942212228578,0.01113603198771768,0.013008360681058826,0.015504062365974966,0.017521238138312006,0.02235016194589716,0.02486403932335911,0.027930677386589702,0.034248519291187406,0.03914661738415652,0.06689591489908922,0.014730429767341409
2025-10-23 16:15:00+00:00,449,6750,0.0,0.0,0.0,0.0,0.0,0.0,0.0,0.0,0.0,0.0,0.0,0.0,0.0,0.0,0.0,0.0,0.0,0.0,0.0,0.0,0.0
2025-10-23 16:30:00+00:00,450,6765,0.0,0.0,0.0,0.0,0.0,0.0,0.0,0.0,0.0,0.0,0.0,0.0,0.0,0.0,0.0,0.0,0.0,0.0,0.0,0.0,0.0
2025-10-23 16:45:00+00:00,451,6780,0.0,0.0,0.0,0.0,0.0,0.0,0.0,0.0,0.0,0.0,0.0,0.0,0.0,0.0,0.0,0.0,0.0,0.0,0.0,0.0,0.0
2025-10-23 17:00:00+00:00,452,6795,0.0,0.0,0.0,0.0,0.0,0.0,0.0,0.0,0.0,0.0,0.0,0.0,0.0,0.0,0.0,0.0,0.0,0.0,0.0,0.0,0.0
2025-10-23 17:15:00+00:00,453,6810,0.0,0.0,0.0,0.0,0.0,0.0,0.0,0.0,0.0,0.0,0.0,0.0,0.0,0.0,0.0,0.0,0.0,0.0,0.0,0.0,0.0
2025-10-23 17:30:00+00:00,454,6825,0.0,0.0,0.0,0.0,0.0,0.0,0.0,0.0,0.0,0.0,0.0,0.0,0.0,0.0,0.0,0.0,0.0,0.0,0.0,0.0,0.0
2025-10-23 17:45:00+00:00,455,6840,0.0,0.0,0.0,0.0,0.0,0.0,0.0,0.0,0.0,0.0,0.0,0.0,0.0,0.0,0.0,0.0,0.0,0.0,0.0,0.0,0.0
2025-10-23 18:00:00+00:00,456,6855,0.0,0.0,0.0,0.0,0.0,0.0,0.0,0.0,0.0,0.0,0.0,0.0,0.0,0.0,0.0,0.0,0.0,0.0,0.0,0.0,0.0
2025-10-23 18:15:00+00:00,457,6870,0.0,0.0,0.0,0.0,0.0,0.0,0.0,0.0,0.0,0.0,0.0,0.0,0.0,0.0,0.0,0.0,0.0,0.0,0.0,0.0,0.0
2025-10-23 18:30:00+00:00,458,6885,0.0,0.0,0.0,0.0,0.0,0.0,0.0,0.0,0.0,0.0,0.0,0.0,0.0,0.0,0.0,0.0,0.0,0.0,0.0,0.0,0.0
2025-10-23 18:45:00+00:00,459,6900,0.0,0.0,0.0,0.0,0.0,0.0,0.0,0.0,0.0,0.0,0.0,0.0,0.0,0.0,0.0,0.0,0.0,0.0,0.0,0.0,0.0
2025-10-23 19:00:00+00:00,460,6915,0.0,0.0,0.0,0.0,0.0,0.0,0.0,0.0,0.0,0.0,0.0,0.0,0.0,0.0,0.0,0.0,0.0,0.0,0.0,0.0,0.0
2025-10-23 19:15:00+00:00,461,6930,0.0,0.0,0.0,0.0,0.0,0.0,0.0,0.0,0.0,0.0,0.0,0.0,0.0,0.0,0.0,0.0,0.0,0.0,0.0,0.0,0.0
2025-10-23 19:30:00+00:00,462,6945,0.0,0.0,0.0,0.0,0.0,0.0,0.0,0.0,0.0,0.0,0.0,0.0,0.0,0.0,0.0,0.0,0.0,0.0,0.0,0.0,0.0
2025-10-23 19:45:00+00:00,463,6960,0.0,0.0,0.0,0.0,0.0,0.0,0.0,0.0,0.0,0.0,0.0,0.0,0.0,0.0,0.0,0.0,0.0,0.0,0.0,0.0,0.0
2025-10-23 20:00:00+00:00,464,6975,0.0,0.0,0.0,0.0,0.0,0.0,0.0,0.0,0.0,0.0,0.0,0.0,0.0,0.0,0.0,0.0,0.0,0.0,0.0,0.0,0.0
2025-10-23 20:15:00+00:00,465,6990,0.0,0.0,0.0,0.0,0.0,0.0,0.0,0.0,0.0,0.0,0.0,0.0,0.0,0.0,0.0,0.0,0.0,0.0,0.0,0.0,0.0
2025-10-23 20:30:00+00:00,466,7005,0.0,0.0,0.0,0.0,0.0,0.0,0.0,0.0,0.0,0.0,0.0,0.0,0.0,0.0,0.0,0.0,0.0,0.0,0.0,0.0,0.0
2025-10-23 20:45:00+00:00,467,7020,0.0,0.0,0.0,0.0,0.0,0.0,0.0,0.0,0.0,0.0,0.0,0.0,0.0,0.0,0.0,0.0,0.0,0.0,0.0,0.0,0.0
2025-10-23 21:00:00+00:00,468,7035,0.0,0.0,0.0,0.0,0.0,0.0,0.0,0.0,0.0,0.0,0.0,0.0,0.0,0.0,0.0,0.0,0.0,0.0,0.0,0.0,0.0
2025-10-23 21:15:00+00:00,469,7050,0.0,0.0,0.0,0.0,0.0,0.0,0.0,0.0,0.0,0.0,0.0,0.0,0.0,0.0,0.0,0.0,0.0,0.0,0.0,0.0,0.0
2025-10-23 21:30:00+00:00,470,7065,0.0,0.0,0.0,0.0,0.0,0.0,0.0,0.0,0.0,0.0,0.0,0.0,0.0,0.0,0.0,0.0,0.0,0.0,0.0,0.0,0.0
2025-10-23 21:45:00+00:00,471,7080,0.0,0.0,0.0,0.0,0.0,0.0,0.0,0.0,0.0,0.0,0.0,0.0,0.0,0.0,0.0,0.0,0.0,0.0,0.0,0.0,0.0
2025-10-23 22:00:00+00:00,472,7095,0.0,0.0,0.0,0.0,0.0,0.0,0.0,0.0,0.0,0.0,0.0,0.0,0.0,0.0,0.0,0.0,0.0,0.0,0.0,0.0,0.0
2025-10-23 22:15:00+00:00,473,7110,0.0,0.0,0.0,0.0,0.0,0.0,0.0,0.0,0.0,0.0,0.0,0.0,0.0,0.0,0.0,0.0,0.0,0.0,0.0,0.0,0.0
2025-10-23 22:30:00+00:00,474,7125,0.0,0.0,0.0,0.0,0.0,0.0,0.0,0.0,0.0,0.0,0.0,0.0,0.0,0.0,0.0,0.0,0.0,0.0,0.0,0.0,0.0
2025-10-23 22:45:00+00:00,475,7140,0.0,0.0,0.0,0.0,0.0,0.0,0.0,0.0,0.0,0.0,0.0,0.0,0.0,0.0,0.0,0.0,0.0,0.0,0.0,0.0,0.0
2025-10-23 23:00:00+00:00,476,7155,0.0,0.0,0.0,0.0,0.0,0.0,0.0,0.0,0.0,0.0,0.0,0.0,0.0,0.0,0.0,0.0,0.0,0.0,0.0,0.0,0.0
2025-10-23 23:15:00+00:00,477,7170,0.0,0.0,0.0,0.0,0.0,0.0,0.0,0.0,0.0,0.0,0.0,0.0,0.0,0.0,0.0,0.0,0.0,0.0,0.0,0.0,0.0
2025-10-23 23:30:00+00:00,478,7185,0.0,0.0,0.0,0.0,0.0,0.0,0.0,0.0,0.0,0.0,0.0,0.0,0.0,0.0,0.0,0.0,0.0,0.0,0.0,0.0,0.0
2025-10-23 23:45:00+00:00,479,7200,0.0,0.0,0.0,0.0,0.0,0.0,0.0,0.0,0.0,0.0,0.0,0.0,0.0,0.0,0.0,0.0,0.0,0.0,0.0,0.0,0.0
2025-10-24 00:00:00+00:00,480,7215,0.0,0.0,0.0,0.0,0.0,0.0,0.0,0.0,0.0,0.0,0.0,0.0,0.0,0.0,0.0,0.0,0.0,0.0,0.0,0.0,0.0
2025-10-24 00:15:00+00:00,481,7230,0.0,0.0,0.0,0.0,0.0,0.0,0.0,0.0,0.0,0.0,0.0,0.0,0.0,0.0,0.0,0.0,0.0,0.0,0.0,0.0,0.0
2025-10-24 00:30:00+00:00,482,7245,0.0,0.0,0.0,0.0,0.0,0.0,0.0,0.0,0.0,0.0,0.0,0.0,0.0,0.0,0.0,0.0,0.0,0.0,0.0,0.0,0.0
2025-10-24 00:45:00+00:00,483,7260,0.0,0.0,0.0,0.0,0.0,0.0,0.0,0.0,0.0,0.0,0.0,0.0,0.0,0.0,0.0,0.0,0.0,0.0,0.0,0.0,0.0
2025-10-24 01:00:00+00:00,484,7275,0.0,0.0,0.0,0.0,0.0,0.0,0.0,0.0,0.0,0.0,0.0,0.0,0.0,0.0,0.0,0.0,0.0,0.0,0.0,0.0,0.0
2025-10-24 01:15:00+00:00,485,7290,0.0,0.0,0.0,0.0,0.0,0.0,0.0,0.0,0.0,0.0,0.0,0.0,0.0,0.0,0.0,0.0,0.0,0.0,0.0,0.0,0.0
2025-10-24 01:30:00+00:00,486,7305,0.0,0.0,0.0,0.0,0.0,0.0,0.0,0.0,0.0,0.0,0.0,0.0,0.0,0.0,0.0,0.0,0.0,0.0,0.0,0.0,0.0
2025-10-24 01:45:00+00:00,487,7320,0.0,0.0,0.0,0.0,0.0,0.0,0.0,0.0,0.0,0.0,0.0,0.0,0.0,0.0,0.0,0.0,0.0,0.0,0.0,0.0,0.0
