horizon,horizon_num,horizon_minutes,p_05,p_10,p_15,p_20,p_25,p_30,p_35,p_40,p_45,p_50,p_55,p_60,p_65,p_70,p_75,p_80,p_85,p_90,p_95,clear_sky,deterministic
2025-09-23 00:00:00+00:00,0,15,0.0,0.0,0.0,0.0,0.0,0.0,0.0,0.0,0.0,0.0,0.0,0.0,0.0,0.0,0.0,0.0,0.0,0.0,0.0,0.0,0.0
2025-09-23 00:15:00+00:00,1,30,0.0,0.0,0.0,0.0,0.0,0.0,0.0,0.0,0.0,0.0,0.0,0.0,0.0,0.0,0.0,0.0,0.0,0.0,0.0,0.0,0.0
2025-09-23 00:30:00+00:00,2,45,0.0,0.0,0.0,0.0,0.0,0.0,0.0,0.0,0.0,0.0,0.0,0.0,0.0,0.0,0.0,0.0,0.0,0.0,0.0,0.0,0.0
2025-09-23 00:45:00+00:00,3,60,0.0,0.0,0.0,0.0,0.0,0.0,0.0,0.0,0.0,0.0,0.0,0.0,0.0,0.0,0.0,0.0,0.0,0.0,0.0,0.0,0.0
2025-09-23 01:00:00+00:00,4,75,0.0,0.0,0.0,0.0,0.0,0.0,0.0,0.0,0.0,0.0,0.0,0.0,0.0,0.0,0.0,0.0,0.0,0.0,0.0,0.0,0.0
2025-09-23 01:15:00+00:00,5,90,0.0,0.0,0.0,0.0,0.0,0.0,0.0,0.0,0.0,0.0,0.0,0.0,0.0,0.0,0.0,0.0,0.0,0.0,0.0,0.0,0.0
2025-09-23 01:30:00+00:00,6,105,0.0,0.0,0.0,0.0,0.0,0.0,0.0,0.0,0.0,0.0,0.0,0.0,0.0,0.0,0.0,0.0,0.0,0.0,0.0,0.0,0.0
2025-09-23 01:45:00+00:00,7,120,0.0,0.0,0.0,0.0,0.0,0.0,0.0,0.0,0.0,0.0,0.0,0.0,0.0,0.0,0.0,0.0,0.0,0.0,0.0,0.0,0.0
2025-09-23 02:00:00+00:00,8,135,0.0,0.0,0.0,0.0,0.0,0.0,0.0,0.0,0.0,0.0,0.0,0.0,0.0,0.0,0.0,0.0,0.0,0.0,0.0,0.0,0.0
2025-09-23 02:15:00+00:00,9,150,0.0,0.0,0.0,0.0,0.0,0.0,0.0,0.0,0.0,0.0,0.0,0.0,0.0,0.0,0.0,0.0,0.0,0.0,0.0,0.0,0.0
2025-09-23 02:30:00+00:00,10,165,0.0,0.0,0.0,0.0,0.0,0.0,0.0,0.0,0.0,0.0,0.0,0.0,0.0,0.0,0.0,0.0,0.0,0.0,0.0,0.0,0.0
2025-09-23 02:45:00+00:00,11,180,0.0,0.0,0.0,0.0,0.0,0.0,0.0,0.0,0.0,0.0,0.0,0.0,0.0,0.0,0.0,0.0,0.0,0.0,0.0,0.0,0.0
2025-09-23 03:00:00+00:00,12,195,0.0,0.0,0.0,0.0,0.0,0.0,0.0,0.0,0.0,0.0,0.0,0.0,0.0,0.0,0.0,0.0,0.0,0.0,0.0,0.0,0.0
2025-09-23 03:15:00+00:00,13,210,0.0,0.0,0.0,0.0,0.0,0.0,0.0,0.0,0.0,0.0,0.0,0.0,0.0,0.0,0.0,0.0,0.0,0.0,0.0,0.0,0.0
2025-09-23 03:30:00+00:00,14,225,0.0,0.0,0.0,0.0,0.0,0.0,0.0,0.0,0.0,0.0,0.0,0.0,0.0,0.0,0.0,0.0,0.0,0.0,0.0,0.0,0.0
2025-09-23 03:45:00+00:00,15,240,0.0,0.0,0.0,0.0,0.0,0.0,0.0,0.0,0.0,0.0,0.0,0.0,0.0,0.0,0.0,0.0,0.0,0.0,0.0,0.0,0.0
2025-09-23 04:00:00+00:00,16,255,0.0,0.0,0.0,0.0,0.0,0.0,0.0,0.0,0.0,0.0,0.0,0.0,0.0,0.0,0.0,0.0,0.0,0.0,0.0,0.0,0.0
2025-09-23 04:15:00+00:00,17,270,0.0,0.0,0.0,0.0,0.0,0.0,0.0,0.0,0.0,0.0,0.0,0.0,0.0,0.0,0.0,0.0,0.0,0.0,0.0,0.0,0.0
2025-09-23 04:30:00+00:00,18,285,0.0,0.0,0.0,0.0,0.0,0.0,0.0,0.0,0.0,0.0,0.0,0.0,0.0,0.0,0.0,0.0,0.0,0.0,0.0,0.0,0.0
2025-09-23 04:45:00+00:00,19,300,0.0,0.0,0.0,0.0,0.0,0.0,0.0,0.0,0.0,0.0,0.0,0.0,0.0,0.0,0.0,0.0,0.0,0.0,0.0,0.0,0.0
2025-09-23 05:00:00+00:00,20,315,3.8948690664454477,5.016978780461167,5.955975624700213,6.496044934219643,7.085976234263976,7.73756355155303,8.332395772566352,8.976601161357594,9.745416405443532,11.133739174733982,11.938230857060162,13.09237557507028,13.952589124337697,14.858293877405467,16.85160538726929,19.301089953357874,22.119391249704687,26.595737752429606,30.65570627051061,48.57717603395485,14.01054277122163
2025-09-23 05:15:00+00:00,21,330,56.666042197649574,103.00325716097365,131.80155548847353,149.96404053422745,170.94103980181995,207.40069533700873,234.33904052910077,259.0382175251513,294.6100002128524,336.9571692667221,381.5347118183033,422.03846101857374,464.5717091683355,515.4361256938566,554.1896343752956,595.3386205699538,641.232697547799,685.3665353418305,786.0081484988966,1062.830325078358,385.68236706093927
2025-09-23 05:30:00+00:00,22,345,256.23767533339924,452.08669793199886,609.1625544545993,863.1842808358408,1110.9182668102173,1336.2680018970375,1484.675616599057,1666.0103545133995,1811.007731562596,1947.526950817605,2012.412632900126,2121.6378388093863,2212.2635531143483,2362.7042108474434,2450.257950985238,2573.457442887823,2693.8039528311615,2853.074276390211,3111.9614157805668,4031.909100345574,1831.241555491813
2025-09-23 05:45:00+00:00,23,360,680.6259909732686,1050.255971532657,2164.818542924183,2638.532156562877,3023.5821126488167,3279.708070671049,3558.722724682704,3851.0598656007874,3981.8353468731566,4178.71100217356,4346.318800722927,4611.090155584095,4759.15786109481,4964.7488630809585,5196.432274589069,5307.044919558792,5523.293153371189,5814.050924666679,6208.47885698473,7868.152962491422,4021.396283565857
2025-09-23 06:00:00+00:00,24,375,1282.1587802075396,2225.083464704936,4097.964602789849,4806.451067576962,5251.968493676014,5695.456620370935,6093.711157899395,6441.0374273684165,6630.3917809559625,6943.795751260431,7273.179278762255,7449.737594927622,7818.043314722894,8098.158916383243,8286.46867789661,8577.137743704368,8929.861739786407,9318.885063928108,9874.038143888738,12070.090651232287,6668.083927307414
2025-09-23 06:15:00+00:00,25,390,1770.744266091165,3683.0043399433666,5824.194861791032,7101.190437522192,7725.014882966224,8451.503028950552,8932.035609528646,9357.9486828609,9899.840137463072,10133.853565865757,10417.415420042966,10866.66375572397,11190.74616873012,11385.857393190316,11601.424994157389,12059.287579787402,12473.068979561058,12834.100729663916,13561.897038824218,16626.727249494492,9417.508184466264
2025-09-23 06:30:00+00:00,26,405,2346.731485017544,5457.93640422602,7944.800665791566,9207.51043615226,10115.901239372486,11374.328387749641,12039.330586404963,12737.176802906964,13162.708722107192,13745.377363961956,14062.21546833986,14412.585307703055,14672.392924790494,15049.761212789897,15459.521641089308,15924.089826204385,16288.076430384293,17008.776777992392,17726.465311107073,21270.077179416738,12625.25508608233
2025-09-23 06:45:00+00:00,27,420,2972.3814504984102,6381.649670410083,8921.151886788957,11256.542456867404,13093.312981948613,14577.128312056459,15546.721496021919,15983.206231913387,16718.75700122066,17090.831149451766,17543.77022149795,17873.42648752087,18268.830484339738,18790.9920005216,19249.704176758736,19711.27970371135,20110.386089572003,21023.90475628186,21756.30115214699,25983.77483379713,15414.924952982716
2025-09-23 07:00:00+00:00,28,435,3664.642858518061,7507.968845988367,10561.017038039385,14193.928750572526,16978.850307847424,18370.180916071633,19039.4312435515,19794.041541283063,20194.411408681066,20788.805872920086,21205.19238240275,21703.543200553486,22291.60808741286,22883.340483994703,23259.720689995163,23695.65705689028,24139.70900772396,25131.918632913887,25833.649202080138,30685.146782931974,18740.02305614022
2025-09-23 07:15:00+00:00,29,450,4338.889336372603,7787.187534531875,11141.04574491582,16112.571405837394,20965.369170654594,21537.32981490782,22699.71407372096,23353.195090841484,23762.753046467118,24461.749982986952,24922.723620583183,25489.25888959454,26382.301205476746,26879.19603118787,27366.19549710195,27735.441925152387,28274.708747283505,29231.348768827684,29987.325230849063,35442.3477589965,21979.180460454652
2025-09-23 07:30:00+00:00,30,465,4854.447748095092,5262.0567391196355,9470.640128785466,14420.30057382833,24147.00462651488,24724.939283596374,26261.685424700372,26701.034615513327,27249.69401380654,27974.5513759441,28608.775355730537,29535.231963795184,30325.32684082752,30972.601963324847,31365.095111761075,31637.853991332733,32249.922589748516,33166.58886758277,34033.9095957097,40096.315645512455,24628.995065975912
2025-09-23 07:45:00+00:00,31,480,5265.592053150293,5861.666499362283,10039.760843771572,13491.505391559242,26524.60489464095,27217.276169651395,28882.730567711234,29476.655889894697,29951.69735700749,30898.71793297704,31489.807495096178,32557.917145188465,33561.530685094935,34379.35317574975,34793.180994175025,35086.3236188999,35629.08068223572,36678.94812738672,37571.93686225549,44499.404453496725,27067.766736483034
2025-09-23 08:00:00+00:00,32,495,5769.134242910086,6368.001118297859,10815.572437701563,14516.485771077561,29060.014451137624,29649.352311872783,31297.33216879338,32150.57866290266,32626.18181865877,33700.85635787741,34388.596296320495,35867.2500251512,37019.178121897996,37669.86516433264,38032.763121583564,38322.833387886116,38868.2362033358,39797.65860482682,40887.98351807246,48685.44990520493,29540.335420178908
2025-09-23 08:15:00+00:00,33,510,5977.652143710837,6557.979914668512,9161.144718931664,14529.16734714538,29279.750972057293,31793.761948082258,33230.30978191318,34510.84792569553,35017.96157772864,35682.719282629616,36832.76604949704,38398.23786376908,39830.55841837821,40535.76940792205,40968.52311809916,41273.5682895843,41813.33949681927,42745.78195436688,43940.10086609104,52624.14288755801,31409.587096280116
2025-09-23 08:30:00+00:00,34,525,6003.959182709479,6766.1477087254,8972.955484796123,15300.471739093538,24049.329405373337,33666.79196179565,34188.79476964487,36517.26410983358,37270.08024730332,38130.03484831012,39365.32678441212,41101.56587385449,42619.229868646784,43222.071283951766,43677.13580039429,43987.79049149904,44489.243525967664,45411.893184524386,46703.84327943092,56289.28605544318,32973.52967550843
2025-09-23 08:45:00+00:00,35,540,6090.4832150348075,7065.891600288142,7476.158524561909,15382.622570611811,25292.7245639972,35443.98562147034,36090.70008420704,38048.05848823349,39194.68265419954,40044.90942167071,41262.55109486698,42508.64785199757,44848.83794314287,45600.667405413325,46117.115675841706,46472.394830413396,46894.76278471848,47817.6470471409,49352.76757864925,59657.96114380691,34534.03573662725
2025-09-23 09:00:00+00:00,36,555,6318.114473125011,7431.137334670844,8033.773339864805,16780.49538147625,30469.168117870082,37120.304295414106,37797.42591284166,39697.44374725712,41013.54018903618,41727.92705212737,43219.701734568334,44159.230018751965,46400.082238231225,47348.78318105583,48120.83048702355,48586.647648245744,48978.509595024996,49641.08584533254,51387.983988724096,62710.01953101074,36096.7732466607
2025-09-23 09:15:00+00:00,37,570,6387.987185819745,7619.100897189577,8192.392154243684,16678.00505363892,27946.212273021887,37445.36227731144,39348.94279800126,41177.73305522456,42768.655670755245,43545.32008453531,45172.43665825693,46012.4901015847,48257.35505022918,49176.91555444785,49823.22250115103,50437.97154945881,50896.99780492658,51446.58929194665,53252.54058648336,65427.78008050598,37223.96795499506
2025-09-23 09:30:00+00:00,38,585,6446.892870872454,7817.534321837125,8236.53889839088,15644.240372359545,28413.328954242115,37838.89116534014,40542.234160675966,41671.32026232647,44040.673528710424,45123.4637077348,46826.40943601468,47972.8446601856,49280.83041993678,50676.17759502242,51330.17252517435,51909.21584597376,52496.64885079824,53089.57196638459,54726.89576834516,67795.85999254372,38161.43585120813
2025-09-23 09:45:00+00:00,39,600,6554.137162422596,7957.642306800239,8375.439380950811,16079.349274425516,29769.49363702683,39460.145349340506,41833.62686842771,43504.71956530258,45433.45093434254,46973.7905778206,48634.0183572006,49845.09912939922,51403.53596943506,52021.12917457512,52737.80055408551,53313.93710345821,53841.92729296465,54485.44605777627,56183.78978373807,69801.09076432331,39433.13471350658
2025-09-23 10:00:00+00:00,40,615,6396.24422363801,8100.589187633387,8482.037496687122,21133.632641555458,30613.882385797442,40183.78819775603,42837.25425479956,44406.17396804481,46295.28637331991,48226.154034478815,50012.379930483796,51317.403417518915,52625.95756437365,53312.69025080659,53914.50361150016,54562.563828323226,55161.93356361812,55966.90467246698,57470.85177814817,71432.4878491201,40613.677636594446
2025-09-23 10:15:00+00:00,41,630,6348.836904223546,8132.660961552563,8565.29820959023,24957.748146900944,31436.244490393732,39920.91848687564,43465.986937817404,44285.341912739495,46213.59023961182,48104.52507516925,50477.87936684564,51820.8162574142,53226.604070786074,54088.1290736687,54946.0893247337,55543.10150390337,56207.69166223273,57197.8254616641,58315.17109597846,72681.25245799893,41232.03373351345
2025-09-23 10:30:00+00:00,42,645,6449.413114272956,8252.919060456357,8762.781809921706,25385.32551009985,31774.322149874668,39853.183394362975,43631.35269302311,44628.481515598505,46681.89259333401,49076.49386018531,51317.46980064764,52746.52434130642,53991.645639043105,54685.495457244935,55497.6706311004,56258.487453563546,56856.27704346468,57948.06459815241,58938.08335847512,73540.79081650016,41733.703074646866
2025-09-23 10:45:00+00:00,43,660,5192.268499320817,7232.073585423552,20590.297995851626,29745.6660736731,35297.13504732903,39158.70195848982,42893.06353591134,43488.19251380253,44373.485809120735,45964.51124172338,48806.61368078292,50786.40974446373,52108.77880532529,53390.41604605255,54391.52795219146,55052.31164395083,55701.15990147069,56432.609319637675,57670.17989470054,74006.74053659978,41419.99317848062
2025-09-23 11:00:00+00:00,44,675,5001.491352366441,17793.17806086917,27778.740768918145,30657.89584846024,36068.592363102325,38093.918840424994,41781.58032277284,42918.63980660864,43433.57204868471,45225.52306093599,46705.58778204715,49052.12363238602,50743.12243350997,52499.70791473095,53838.34204242551,54528.29022901333,55072.259017068056,55568.37589843029,56490.95783457238,74076.9966278329,41616.17346201705
2025-09-23 11:15:00+00:00,45,690,15130.558950477385,22766.61605114709,27661.455940781114,29367.84835192039,32161.392667708675,36351.498687657346,38769.234387161545,42013.757712190854,42659.483736682334,43091.02917664136,44515.941346246575,45662.320767143196,48681.90714960176,50394.06377961055,52089.67968715345,53470.65868286006,54176.12541623863,54771.06499027208,55440.89777360199,73751.73241380072,40943.28439990587
2025-09-23 11:30:00+00:00,46,705,9615.900578307574,18191.410415059454,21074.381352295764,24921.81433937257,28547.796354229537,29717.912633884407,31185.396297622585,34734.71626770957,36830.364427416855,39461.18817140214,42383.93687825083,43302.3884301753,43816.181453493016,44882.65250054681,45867.154370140925,48666.180530209065,51747.15864594425,53912.40634606712,55835.639160854145,73033.4128029831,36732.78946343659
2025-09-23 11:45:00+00:00,47,720,5248.855881111859,9576.525948678767,15555.900690496803,19088.940703991808,21780.11174119659,24996.26936089656,27380.715064124113,30093.639569309245,31845.55788579548,34449.54786929957,37121.02907519535,39070.29188831625,41680.47988946299,43758.947652856536,44332.88183755733,45525.41497578949,48724.98375311973,51450.0966792651,55087.36480244573,71926.79954030062,32974.652412058356
2025-09-23 12:00:00+00:00,48,735,5654.237719759202,8869.640862503978,13657.757742765036,17217.172704219083,19646.631070842195,21872.923125743528,24005.184118010347,26592.919001726237,29028.62072091172,31401.92234584074,32589.52434445551,35394.24993435441,38020.111312853616,40530.563960243,43112.45817862411,44075.920272246054,46394.939132455605,50165.1914949735,54725.44860097529,70438.9504226908,30776.854253461766
2025-09-23 12:15:00+00:00,49,750,5624.2473407720545,7415.001914050139,9358.507318338061,12264.729669589098,15584.355525044308,17797.437982564374,19608.513353000068,21073.891053313175,22643.354262847926,24842.780204120012,26759.215284641323,28321.34506487501,30412.27910075353,32495.005447636464,35726.35241663513,40644.25911873538,43552.3153037738,47703.6701396145,52627.630061144875,68579.21648420753,26327.95211687418
2025-09-23 12:30:00+00:00,50,765,4716.551946280191,6311.883411356462,7982.793997797358,9389.621231381832,12258.02240939451,14769.238538053212,16774.44159531134,18662.012357641288,20490.675261662556,21885.901664017405,24383.70852240832,26075.554247052514,28957.48133872641,31305.23095193072,33717.09119985074,39389.65587106651,43526.91058604327,45866.553976630996,51578.945355998665,66359.2435463594,24380.312983536332
2025-09-23 12:45:00+00:00,51,780,4062.830762856357,5437.261988219766,7085.77538571851,8632.758417937768,11440.653463003575,13793.311850436514,15657.057130506317,17850.46712350784,19294.44871280016,21407.66965678713,23411.184133053597,25556.474842901225,27931.32751741037,30016.99342414287,33007.68638116411,37504.684036791055,41711.477286621295,45005.80903060205,49658.42501428462,63792.987016623716,23400.708012097773
2025-09-23 13:00:00+00:00,52,795,3533.7718390924533,4935.280799867461,6265.587580127862,8382.771006299341,11461.49895240972,12753.142357164892,15343.073054833094,17342.115859203714,18849.531755107833,20928.37605537368,22258.963204299198,24990.08226271602,26645.750001290307,28957.10198943019,31725.726028437097,35023.256034038306,38654.973208418094,42506.99922792925,46888.45725218396,60896.75152669692,22251.508958271785
2025-09-23 13:15:00+00:00,53,810,4192.246458813053,5816.360189620724,8020.898383403206,10703.754778592467,12507.329463674927,14908.15603589631,16679.0950809198,18291.829858758567,19992.68590013857,21795.423738384143,23774.00820585881,25395.642390816243,27235.17834343824,29807.41860213789,32219.973042774327,34379.8338658137,37981.73757864038,41247.61566090436,44353.26585497199,57689.27138727788,22910.784915162498
2025-09-23 13:30:00+00:00,54,825,3787.426415145327,5204.17899747704,8232.524351459992,10445.441265700098,12694.586788330667,14628.990042837424,16382.005387601552,18174.958301851842,20060.90625875112,21881.52547584758,23587.052820999976,25103.34423512667,27091.211433493463,29049.67827276149,30976.177993776353,32323.498874157136,36364.67865984894,39149.76638421509,41957.9801711696,54191.85371609988,22138.38283309335
2025-09-23 13:45:00+00:00,55,840,3909.979115249707,5311.6619485435,8925.806456906072,10443.07615870134,12800.660154210549,14742.54892279328,16790.041509033417,18464.67526743632,20222.832324957795,21419.62167177324,23073.966185104182,24319.316848539136,26230.135787615673,27873.40130587467,29152.83891845342,31614.43484410428,34232.78852550224,36942.0210675549,39672.777881137656,50428.61463890258,21534.76856930051
2025-09-23 14:00:00+00:00,56,855,3664.7504497774053,5881.84985555192,8377.401292734,9872.388966747296,12116.113731917136,14533.919464830899,15641.963765317303,17487.59453469666,18822.195918452468,20081.33664827007,21366.187574729673,23015.921654954833,24479.710133677865,25891.890437806218,27655.649324006063,29589.008480300297,31667.305672177445,34266.003066918114,36657.31022612208,46426.85283578945,20213.243991156014
2025-09-23 14:15:00+00:00,57,870,3313.578077954413,5645.001628073896,7704.849458377182,9565.220467512563,11273.728998276545,13205.318378424687,14132.397640475112,15558.67091724878,16920.037171468448,18398.606137131697,19476.685229525952,21064.860405463995,22157.36652697282,23539.53484934425,25116.800319739057,26769.499499800833,28659.59456219123,30938.90340048773,33124.24266514646,42217.62440325725,18377.316162082225
2025-09-23 14:30:00+00:00,58,885,2955.1455677791314,5216.6399122665225,6998.76060894278,8690.442541042476,10153.957845231405,12052.287334204657,12850.692500358702,14111.990613670638,15262.88955345714,16786.066557136528,17642.96006760185,19140.06035805214,20108.56891756313,21262.320422157743,22444.08226666805,24078.47584946748,25620.18743809941,27262.30868441883,29602.548725939905,37836.61149147453,16551.041217431077
2025-09-23 14:45:00+00:00,59,900,2653.988032548483,5455.200843108626,6664.391677558764,8373.639726541192,9656.029205085035,10724.296438198911,11466.059118809422,12766.85084281919,13966.355191468774,15092.579759307135,15768.407953924761,17081.8167313221,18059.335356765067,18962.127409063123,19860.473822165113,21148.78429822575,22492.022816361365,23919.29435255915,25847.39431873218,33301.1362653828,14824.007019188637
2025-09-23 15:00:00+00:00,60,915,2262.7448690476244,4359.679043015461,5765.692722537294,7442.835883094803,8494.360251074126,9383.481451260503,10225.038391885257,11403.92553378726,12104.765234417373,13041.753575588826,13742.617009472042,14833.279322741826,15679.303511227881,16380.504795672774,17270.272893372046,18233.98789946443,19379.593896063936,20575.52166802028,22299.115952563156,28592.29032532582,12856.136366308103
2025-09-23 15:15:00+00:00,61,930,1555.8268341561238,3515.068265841079,5157.148920815983,6581.015204344776,7663.027690619716,8195.227105274558,9139.354275035184,9923.233837751995,10654.534936523778,11182.494937987116,12046.318030897095,12629.06810643698,13296.6887329186,13869.43066396665,14535.274507319464,15342.745203106582,16287.728796930533,17289.519872985133,18608.966756666432,24050.86939381311,10948.360710775369
2025-09-23 15:30:00+00:00,62,945,1368.4218290124948,2882.7606312669045,4533.266159164421,5467.623522395396,6121.824093250405,6592.422876398168,7358.186319485276,8142.142112404876,8784.465597089084,9205.369093399979,9913.741832893902,10376.253673721269,10878.234690673533,11318.336376093595,11788.041668810361,12451.392639703163,13150.406285112032,13907.078796168336,14865.795004544772,19556.35931724647,8917.655945308876
2025-09-23 15:45:00+00:00,63,960,1082.2477525756397,2536.845603087696,3497.752454314921,4207.179869708864,4661.72034260371,5023.402654075517,5671.867579501049,6265.538372414226,6755.346729982074,7103.443832094295,7647.2037682754435,8021.523504363845,8391.800433235037,8739.491076401433,9111.20001493421,9611.187076699069,10160.778638041915,10588.507595725103,11394.014033708776,15192.44179958196,6882.348023692958
2025-09-23 16:00:00+00:00,64,975,978.6849469314384,2153.94829843155,2691.7560158784686,3154.79847543372,3498.6007227058203,3796.4193313309092,4319.7479719130815,4640.728717383972,4968.826218956566,5214.147052228262,5583.547657419822,5829.569520399458,6095.050356071636,6334.562590601937,6599.150777082877,6889.491251381177,7246.25492616385,7609.892508519537,8250.614521007803,11036.07583696591,5055.1202214100695
2025-09-23 16:15:00+00:00,65,990,644.0119492123182,1297.2213748866661,1652.3028466991389,2001.2185306540403,2198.859821961234,2372.9311468300684,2676.261065639401,2941.8423733948266,3090.9651517121783,3325.8344237627207,3565.103306018048,3767.143213402801,3932.925893580402,4090.068716882666,4248.65788284095,4424.419442342669,4636.690566423028,4919.722372692229,5329.6091214405,7190.973472342223,3230.9264855254482
2025-09-23 16:30:00+00:00,66,1005,413.32387138588837,757.7550919884145,943.5815347542283,1093.8472693328317,1199.2039062768183,1298.4564426036366,1449.7217947488687,1609.4947208605095,1698.7908196618632,1822.7643037608568,1937.3927196507605,2034.8743981230486,2131.2646672640644,2204.5537063925635,2319.100608887031,2418.6674772541323,2530.434446381042,2701.3559064727574,2956.1874998797243,3930.199721259884,1772.0245518756144
2025-09-23 16:45:00+00:00,67,1020,98.39055291776504,228.1405605510711,330.3108708531067,392.3732867947951,436.8197255940368,468.98676226126133,519.6717027805524,573.0225930443763,611.3954599804475,651.23289084155,696.8520739440386,735.5903861151324,777.4211430211182,814.2826649522805,847.1651114188247,901.1256098917056,951.178037204381,1013.7832018753925,1068.3909099257728,1459.5053256605072,635.8295838355225
2025-09-23 17:00:00+00:00,68,1035,8.791938700431958,19.439828834659213,29.541611060652134,40.48179587831306,44.77423431446883,49.651140344814785,52.463029398513676,58.31289935690873,64.25167537301031,67.96875441857095,72.16737816689061,77.83431860963502,82.90434057888062,87.1558782625027,91.41475836385469,96.3225980729672,102.74324379609784,110.07757743962044,117.45335152437116,162.15227725412666,67.00341274381098
2025-09-23 17:15:00+00:00,69,1050,0.0,0.0,0.0,0.0,0.0,0.0,0.0,0.0,0.0,0.0,0.0,0.0,0.0,0.0,0.0,0.0,0.0,0.0,0.0,0.0,0.0
2025-09-23 17:30:00+00:00,70,1065,0.0,0.0,0.0,0.0,0.0,0.0,0.0,0.0,0.0,0.0,0.0,0.0,0.0,0.0,0.0,0.0,0.0,0.0,0.0,0.0,0.0
2025-09-23 17:45:00+00:00,71,1080,0.0,0.0,0.0,0.0,0.0,0.0,0.0,0.0,0.0,0.0,0.0,0.0,0.0,0.0,0.0,0.0,0.0,0.0,0.0,0.0,0.0
2025-09-23 18:00:00+00:00,72,1095,0.0,0.0,0.0,0.0,0.0,0.0,0.0,0.0,0.0,0.0,0.0,0.0,0.0,0.0,0.0,0.0,0.0,0.0,0.0,0.0,0.0
2025-09-23 18:15:00+00:00,73,1110,0.0,0.0,0.0,0.0,0.0,0.0,0.0,0.0,0.0,0.0,0.0,0.0,0.0,0.0,0.0,0.0,0.0,0.0,0.0,0.0,0.0
2025-09-23 18:30:00+00:00,74,1125,0.0,0.0,0.0,0.0,0.0,0.0,0.0,0.0,0.0,0.0,0.0,0.0,0.0,0.0,0.0,0.0,0.0,0.0,0.0,0.0,0.0
2025-09-23 18:45:00+00:00,75,1140,0.0,0.0,0.0,0.0,0.0,0.0,0.0,0.0,0.0,0.0,0.0,0.0,0.0,0.0,0.0,0.0,0.0,0.0,0.0,0.0,0.0
2025-09-23 19:00:00+00:00,76,1155,0.0,0.0,0.0,0.0,0.0,0.0,0.0,0.0,0.0,0.0,0.0,0.0,0.0,0.0,0.0,0.0,0.0,0.0,0.0,0.0,0.0
2025-09-23 19:15:00+00:00,77,1170,0.0,0.0,0.0,0.0,0.0,0.0,0.0,0.0,0.0,0.0,0.0,0.0,0.0,0.0,0.0,0.0,0.0,0.0,0.0,0.0,0.0
2025-09-23 19:30:00+00:00,78,1185,0.0,0.0,0.0,0.0,0.0,0.0,0.0,0.0,0.0,0.0,0.0,0.0,0.0,0.0,0.0,0.0,0.0,0.0,0.0,0.0,0.0
2025-09-23 19:45:00+00:00,79,1200,0.0,0.0,0.0,0.0,0.0,0.0,0.0,0.0,0.0,0.0,0.0,0.0,0.0,0.0,0.0,0.0,0.0,0.0,0.0,0.0,0.0
2025-09-23 20:00:00+00:00,80,1215,0.0,0.0,0.0,0.0,0.0,0.0,0.0,0.0,0.0,0.0,0.0,0.0,0.0,0.0,0.0,0.0,0.0,0.0,0.0,0.0,0.0
2025-09-23 20:15:00+00:00,81,1230,0.0,0.0,0.0,0.0,0.0,0.0,0.0,0.0,0.0,0.0,0.0,0.0,0.0,0.0,0.0,0.0,0.0,0.0,0.0,0.0,0.0
2025-09-23 20:30:00+00:00,82,1245,0.0,0.0,0.0,0.0,0.0,0.0,0.0,0.0,0.0,0.0,0.0,0.0,0.0,0.0,0.0,0.0,0.0,0.0,0.0,0.0,0.0
2025-09-23 20:45:00+00:00,83,1260,0.0,0.0,0.0,0.0,0.0,0.0,0.0,0.0,0.0,0.0,0.0,0.0,0.0,0.0,0.0,0.0,0.0,0.0,0.0,0.0,0.0
2025-09-23 21:00:00+00:00,84,1275,0.0,0.0,0.0,0.0,0.0,0.0,0.0,0.0,0.0,0.0,0.0,0.0,0.0,0.0,0.0,0.0,0.0,0.0,0.0,0.0,0.0
2025-09-23 21:15:00+00:00,85,1290,0.0,0.0,0.0,0.0,0.0,0.0,0.0,0.0,0.0,0.0,0.0,0.0,0.0,0.0,0.0,0.0,0.0,0.0,0.0,0.0,0.0
2025-09-23 21:30:00+00:00,86,1305,0.0,0.0,0.0,0.0,0.0,0.0,0.0,0.0,0.0,0.0,0.0,0.0,0.0,0.0,0.0,0.0,0.0,0.0,0.0,0.0,0.0
2025-09-23 21:45:00+00:00,87,1320,0.0,0.0,0.0,0.0,0.0,0.0,0.0,0.0,0.0,0.0,0.0,0.0,0.0,0.0,0.0,0.0,0.0,0.0,0.0,0.0,0.0
2025-09-23 22:00:00+00:00,88,1335,0.0,0.0,0.0,0.0,0.0,0.0,0.0,0.0,0.0,0.0,0.0,0.0,0.0,0.0,0.0,0.0,0.0,0.0,0.0,0.0,0.0
2025-09-23 22:15:00+00:00,89,1350,0.0,0.0,0.0,0.0,0.0,0.0,0.0,0.0,0.0,0.0,0.0,0.0,0.0,0.0,0.0,0.0,0.0,0.0,0.0,0.0,0.0
2025-09-23 22:30:00+00:00,90,1365,0.0,0.0,0.0,0.0,0.0,0.0,0.0,0.0,0.0,0.0,0.0,0.0,0.0,0.0,0.0,0.0,0.0,0.0,0.0,0.0,0.0
2025-09-23 22:45:00+00:00,91,1380,0.0,0.0,0.0,0.0,0.0,0.0,0.0,0.0,0.0,0.0,0.0,0.0,0.0,0.0,0.0,0.0,0.0,0.0,0.0,0.0,0.0
2025-09-23 23:00:00+00:00,92,1395,0.0,0.0,0.0,0.0,0.0,0.0,0.0,0.0,0.0,0.0,0.0,0.0,0.0,0.0,0.0,0.0,0.0,0.0,0.0,0.0,0.0
2025-09-23 23:15:00+00:00,93,1410,0.0,0.0,0.0,0.0,0.0,0.0,0.0,0.0,0.0,0.0,0.0,0.0,0.0,0.0,0.0,0.0,0.0,0.0,0.0,0.0,0.0
2025-09-23 23:30:00+00:00,94,1425,0.0,0.0,0.0,0.0,0.0,0.0,0.0,0.0,0.0,0.0,0.0,0.0,0.0,0.0,0.0,0.0,0.0,0.0,0.0,0.0,0.0
2025-09-23 23:45:00+00:00,95,1440,0.0,0.0,0.0,0.0,0.0,0.0,0.0,0.0,0.0,0.0,0.0,0.0,0.0,0.0,0.0,0.0,0.0,0.0,0.0,0.0,0.0
2025-09-24 00:00:00+00:00,96,1455,0.0,0.0,0.0,0.0,0.0,0.0,0.0,0.0,0.0,0.0,0.0,0.0,0.0,0.0,0.0,0.0,0.0,0.0,0.0,0.0,0.0
2025-09-24 00:15:00+00:00,97,1470,0.0,0.0,0.0,0.0,0.0,0.0,0.0,0.0,0.0,0.0,0.0,0.0,0.0,0.0,0.0,0.0,0.0,0.0,0.0,0.0,0.0
2025-09-24 00:30:00+00:00,98,1485,0.0,0.0,0.0,0.0,0.0,0.0,0.0,0.0,0.0,0.0,0.0,0.0,0.0,0.0,0.0,0.0,0.0,0.0,0.0,0.0,0.0
2025-09-24 00:45:00+00:00,99,1500,0.0,0.0,0.0,0.0,0.0,0.0,0.0,0.0,0.0,0.0,0.0,0.0,0.0,0.0,0.0,0.0,0.0,0.0,0.0,0.0,0.0
2025-09-24 01:00:00+00:00,100,1515,0.0,0.0,0.0,0.0,0.0,0.0,0.0,0.0,0.0,0.0,0.0,0.0,0.0,0.0,0.0,0.0,0.0,0.0,0.0,0.0,0.0
2025-09-24 01:15:00+00:00,101,1530,0.0,0.0,0.0,0.0,0.0,0.0,0.0,0.0,0.0,0.0,0.0,0.0,0.0,0.0,0.0,0.0,0.0,0.0,0.0,0.0,0.0
2025-09-24 01:30:00+00:00,102,1545,0.0,0.0,0.0,0.0,0.0,0.0,0.0,0.0,0.0,0.0,0.0,0.0,0.0,0.0,0.0,0.0,0.0,0.0,0.0,0.0,0.0
2025-09-24 01:45:00+00:00,103,1560,0.0,0.0,0.0,0.0,0.0,0.0,0.0,0.0,0.0,0.0,0.0,0.0,0.0,0.0,0.0,0.0,0.0,0.0,0.0,0.0,0.0
2025-09-24 02:00:00+00:00,104,1575,0.0,0.0,0.0,0.0,0.0,0.0,0.0,0.0,0.0,0.0,0.0,0.0,0.0,0.0,0.0,0.0,0.0,0.0,0.0,0.0,0.0
2025-09-24 02:15:00+00:00,105,1590,0.0,0.0,0.0,0.0,0.0,0.0,0.0,0.0,0.0,0.0,0.0,0.0,0.0,0.0,0.0,0.0,0.0,0.0,0.0,0.0,0.0
2025-09-24 02:30:00+00:00,106,1605,0.0,0.0,0.0,0.0,0.0,0.0,0.0,0.0,0.0,0.0,0.0,0.0,0.0,0.0,0.0,0.0,0.0,0.0,0.0,0.0,0.0
2025-09-24 02:45:00+00:00,107,1620,0.0,0.0,0.0,0.0,0.0,0.0,0.0,0.0,0.0,0.0,0.0,0.0,0.0,0.0,0.0,0.0,0.0,0.0,0.0,0.0,0.0
2025-09-24 03:00:00+00:00,108,1635,0.0,0.0,0.0,0.0,0.0,0.0,0.0,0.0,0.0,0.0,0.0,0.0,0.0,0.0,0.0,0.0,0.0,0.0,0.0,0.0,0.0
2025-09-24 03:15:00+00:00,109,1650,0.0,0.0,0.0,0.0,0.0,0.0,0.0,0.0,0.0,0.0,0.0,0.0,0.0,0.0,0.0,0.0,0.0,0.0,0.0,0.0,0.0
2025-09-24 03:30:00+00:00,110,1665,0.0,0.0,0.0,0.0,0.0,0.0,0.0,0.0,0.0,0.0,0.0,0.0,0.0,0.0,0.0,0.0,0.0,0.0,0.0,0.0,0.0
2025-09-24 03:45:00+00:00,111,1680,0.0,0.0,0.0,0.0,0.0,0.0,0.0,0.0,0.0,0.0,0.0,0.0,0.0,0.0,0.0,0.0,0.0,0.0,0.0,0.0,0.0
2025-09-24 04:00:00+00:00,112,1695,0.0,0.0,0.0,0.0,0.0,0.0,0.0,0.0,0.0,0.0,0.0,0.0,0.0,0.0,0.0,0.0,0.0,0.0,0.0,0.0,0.0
2025-09-24 04:15:00+00:00,113,1710,0.0,0.0,0.0,0.0,0.0,0.0,0.0,0.0,0.0,0.0,0.0,0.0,0.0,0.0,0.0,0.0,0.0,0.0,0.0,0.0,0.0
2025-09-24 04:30:00+00:00,114,1725,0.0,0.0,0.0,0.0,0.0,0.0,0.0,0.0,0.0,0.0,0.0,0.0,0.0,0.0,0.0,0.0,0.0,0.0,0.0,0.0,0.0
2025-09-24 04:45:00+00:00,115,1740,0.0,0.0,0.0,0.0,0.0,0.0,0.0,0.0,0.0,0.0,0.0,0.0,0.0,0.0,0.0,0.0,0.0,0.0,0.0,0.0,0.0
2025-09-24 05:00:00+00:00,116,1755,1.551886432444795,2.1912944475581844,2.481357179962548,2.7645396147363286,3.0225016356231404,3.218299344160761,3.395150258071839,3.7097579067187856,4.309628603704189,4.88119433031602,5.742428416063661,6.573927515904261,7.212813925871164,7.874294080535362,8.818908594057515,10.370669528922207,11.130316743248281,11.839292977248485,13.146821293581999,18.725267263421106,6.375572701612116
2025-09-24 05:15:00+00:00,117,1770,77.3654246121302,90.5802622840209,107.68770034723575,124.69072926542037,139.93467406392386,158.69937057352882,203.03991038093767,243.17635725466116,290.4326165651652,321.84453108103406,348.8513171779988,393.02555041695075,451.00494093680516,482.3034846887661,505.3736587527403,542.2017765952086,581.3370162016789,628.2471732661425,689.5458812162108,880.2270189759817,348.90685172518397
2025-09-24 05:30:00+00:00,118,1785,301.3847892067738,368.417202807023,475.0277473248435,577.1010984135344,710.6664580563317,1047.264572022202,1273.6784007740398,1421.6364893003515,1616.3428863852025,1788.8885266685065,1931.5090820823461,2023.5642806990863,2134.344053903939,2241.2839960314423,2392.9664841661383,2497.08963827919,2622.74163486736,2754.264669993719,2897.6353928713916,3641.0424305882034,1679.760016243901
2025-09-24 05:45:00+00:00,119,1800,699.7606787214717,840.5755822494998,1117.059641359918,1368.5416134100053,2469.211356458657,2860.9905615351195,3266.7314738680575,3605.461752889855,3944.2164370232854,4138.924731375983,4335.117784205327,4580.287081863414,4784.617871472401,5018.676808247122,5203.232180673423,5361.509384272427,5609.185446194591,5845.02751116639,6124.213161551935,7527.141956769155,3736.4003530030727
2025-09-24 06:00:00+00:00,120,1815,1203.2884885211024,1497.359229762382,2062.527349904045,3877.221940371108,4722.911549487112,5304.297606365277,5944.880100669127,6382.546599823748,6628.517365291756,6926.963653139748,7290.627011119295,7609.996513923596,7950.484636865333,8177.070766788081,8335.273048243369,8680.910180322877,8989.219243058693,9360.739261421275,9906.120649436483,11679.69673585766,6323.749001668565
2025-09-24 06:15:00+00:00,121,1830,1775.510827749935,2496.78665506882,3821.2888449461657,6171.104217001894,7432.141420197615,8303.99158889744,8914.10587197443,9425.13205042977,9916.512003779284,10263.82220743445,10897.815657862138,11147.614940886318,11385.172574335202,11613.280415994335,11957.087180479559,12350.410479002758,12749.603806335379,13237.91267291638,13928.711968407944,16254.8464108907,9281.14506116418
2025-09-24 06:30:00+00:00,122,1845,2590.2415061696047,3495.997224947491,6012.129432184788,9291.411403828883,10787.117561907062,11733.91578700092,12721.609825426272,13075.612585581719,13731.748753866703,14159.111874965643,14516.030749961426,14749.154815019801,15011.539863981236,15422.828516543079,15767.780787290229,16243.215619429027,16812.12211383632,17654.865464961546,18002.135085117196,20896.009078038955,12588.55084452863
2025-09-24 06:45:00+00:00,123,1860,3206.7801749883506,3703.5345358227114,6287.782702565185,11907.25283519615,13719.86468964477,15228.664191657192,15981.77673982423,16782.00876121227,17306.026576605353,17803.808426860593,18058.38233991234,18377.07385732854,18854.838836101866,19188.715769250528,19640.776867201945,20188.46711677074,21018.233796359847,21720.35074821974,22091.04793746396,25610.900188663465,15665.003658591717
2025-09-24 07:00:00+00:00,124,1875,3957.1104617590845,5190.2960383625605,7275.127570069392,15433.821359844227,17507.763581301857,18801.77572676127,19755.157067529708,20493.94573843029,21040.850355205876,21396.84985836778,21845.878676489905,22361.694069424313,22642.560515152738,23138.497775793858,23630.466825350082,24202.942792390088,24909.176971199464,25728.34762653771,26273.762887728062,30314.747131369786,18987.9412527545
2025-09-24 07:15:00+00:00,125,1890,4806.626324967225,5236.739701150402,8556.90757501126,17632.180036120957,21241.481558699626,22010.193857876155,23034.061469005916,23855.099401859017,24515.911831900165,24924.21245758419,25565.251238665292,26103.81625300437,26692.738285859916,27212.380384050106,27764.340724529076,28103.880112659543,28563.871765609274,29655.148727096228,30468.326940473016,35042.42928482036,22121.372250078948
2025-09-24 07:30:00+00:00,126,1905,5608.287632897407,7224.79565744809,9990.522395029597,22404.28714344724,24800.951031295586,26096.42356489753,26967.109426979594,27707.751312575077,28275.24435476141,28799.52842066114,29572.852219400327,30138.638871665295,30816.53704011288,31376.86369341998,31831.883934270634,32161.32007853724,32717.903277985,33805.41152484636,34714.223587936016,39720.4115854391,25695.82753795997
2025-09-24 07:45:00+00:00,127,1920,6174.6254188433095,8016.296854723557,11156.39052775811,24850.54856930431,27541.526240206877,28865.11960239035,29781.6095967115,30341.782749705948,31308.668521058353,31936.49758005774,32732.043828497775,33382.42241242436,34249.8031601546,34895.942245718485,35246.65523311264,35623.12678909074,36072.16259196397,37387.359583226884,38473.36590108161,44126.854003342305,28452.032767055523
2025-09-24 08:00:00+00:00,128,1935,6589.363931292601,7202.300388698575,12129.098795694326,28605.290162973684,30219.4661684061,31633.722702081686,32685.74349337753,33492.510167955785,34455.57426121854,35042.848026641055,36034.236703089366,36774.469723648435,37650.50149999227,38163.34917152548,38457.966773736094,38839.53134585571,39351.30088808789,40458.35679059441,42171.33735698992,48314.96835478757,31165.2252874687
2025-09-24 08:15:00+00:00,129,1950,7071.38704505161,7526.079607608075,13119.79765457201,30149.375885804442,32714.735526949742,34191.146169963875,35397.119457145585,36526.73565768334,37377.696788672256,38119.007921609234,39119.48976203537,40118.035252680325,40867.46554956946,41238.74416248355,41576.844373520034,41985.310027113104,42566.5812429164,43722.168210796815,45501.33434468197,52254.408983126326,33652.54167207564
2025-09-24 08:30:00+00:00,130,1965,7593.032983243468,7992.602619706522,13847.208570970342,27808.734888699302,34861.665145609986,36348.73257804284,37728.85694022573,39088.24119573247,40035.262835297566,40817.9670209408,41763.48257974135,42682.211606791374,43541.16999128708,43987.62915364385,44356.724508483756,44719.05800017274,45339.71996612026,46659.655147638085,48751.35777341749,55919.014546142,35653.89979762981
2025-09-24 08:45:00+00:00,131,1980,7906.85685338208,8440.149805853258,14861.681731138782,32441.209228845604,37105.43343792505,38653.68501240211,40026.77068876224,41579.652486184015,42566.73728137928,43479.99167283459,44397.385250864194,45427.49096780464,46118.22151001485,46566.59864718684,46960.91972962207,47345.93130176126,47992.75016039092,49160.79923724026,51269.12359693951,59285.940150329305,38014.03738675789
2025-09-24 09:00:00+00:00,132,1995,8171.765319254328,8833.114423030143,17635.478427908893,36240.34678913018,39266.35186408439,40912.171497609,42259.4573422433,43966.56490736662,44983.690500909455,45772.618148067144,46743.06577028452,47647.99534430011,48380.60835654428,48792.25125107701,49200.09150225975,49618.77018758542,50227.35937139725,51386.11839817141,53461.92241518917,62335.128225018154,40145.547353923714
2025-09-24 09:15:00+00:00,133,2010,8634.4560556886,9239.616121094268,25442.70118896245,37354.573158125626,40738.45025052705,42602.67789954929,43961.812182455214,45710.80259834536,46763.5696694688,47625.43836645368,48571.98584307298,49341.81003777821,50181.684301755246,50637.07727152374,51187.40969431546,51624.07131334441,52136.586664438226,53400.48040680701,55457.04904621643,65048.99555008021,42062.24200559699
2025-09-24 09:30:00+00:00,134,2025,9201.969548924731,9637.25923390126,26829.5309067816,36347.45543499331,41712.974831379404,43715.73278327332,44595.77660046162,46699.44672272268,47994.50659640661,49124.95901967005,50114.35880567121,50829.958436702414,51708.523088014335,52411.85050384475,52979.341282336965,53421.72948355174,53793.69708193377,55163.16542161221,56899.61018656243,67412.25822618029,43249.33995649895
2025-09-24 09:45:00+00:00,135,2040,9405.757066089172,9914.647149373663,30338.411961492995,38461.90120079763,43442.829949198975,45290.43553541839,46180.74346824291,48182.95794453062,49611.90168875285,50664.49412373786,51463.97345317203,52349.649498857885,53365.51982719971,54101.37364087338,54652.3347892351,55167.0414663918,55639.602760752714,57040.811053179896,58692.95820349482,69411.84453009452,44825.1568081986
2025-09-24 10:00:00+00:00,136,2055,9624.490869021887,10396.690117235188,31671.769085353135,40502.92920927245,44922.510818486,46682.42534005776,47477.39185907708,49755.93472292835,51025.740101181436,52070.15067977899,52643.15834636593,53457.73615185833,54653.321980149805,55491.88282414247,56058.28137333126,56507.1777171975,57084.12519701633,58532.48394354109,60072.65291399465,71036.8629728032,46088.918527687616
2025-09-24 10:15:00+00:00,137,2070,9925.082212561148,11046.811829474043,36004.0005839964,40982.94319001668,45128.04889981432,47532.775389739494,48037.30549690273,50037.24062898245,51361.651872184455,52533.67115769971,53558.0777167527,54258.24636931219,55333.66913434062,56351.74648259251,57014.33483475259,57543.19549474643,58199.36465297996,59684.20146904461,61060.09196842958,72278.60328542089,46978.613208241375
2025-09-24 10:30:00+00:00,138,2085,10416.97399983259,31869.54645523085,39246.032808161995,42264.04498615755,45254.31254145076,48036.85818424411,48588.64035653994,50047.81934067145,51937.97877576877,53100.60775212157,54025.05288203617,54724.50886401551,55789.245061152265,57047.08744178648,57693.68275854551,58256.26212171694,58967.88376361422,60455.23611852289,61826.580710191105,73130.5552480376,48653.66823844959
2025-09-24 10:45:00+00:00,139,2100,10557.629551332895,32343.203875257223,38616.86788935853,41645.75181414326,44532.714007803625,47894.38159431495,48663.75130237006,49776.42014844551,51358.41226652116,52937.78768831756,54139.589890792355,54817.288102727405,55828.47603478487,57269.64468692117,58040.61341690503,58580.3491006835,59299.60096652117,60618.471413547035,62144.517472633735,73588.43482701057,48632.379582706424
2025-09-24 11:00:00+00:00,140,2115,10222.136060996985,32157.47652548579,36570.51775964066,41134.341552008846,44174.05438318638,46976.59119102342,48378.75669002865,49570.28686717111,51069.60093766734,52821.727562377295,54044.25460769311,54724.39377188242,55659.23505243466,57177.71214833897,57985.52457701817,58526.45201803068,59158.151633017565,60292.03780226426,61986.07253591262,73650.2100744037,48321.86420421412
2025-09-24 11:15:00+00:00,141,2130,10166.690371404417,29431.441046461547,33463.10130380615,39464.15149758576,42685.025589925324,45242.11433985136,47673.833206863084,48401.87503858335,50151.870527351384,51501.776566693916,53408.504132250644,54051.70041975095,54856.048647158794,56837.842502900836,57588.64342538561,58089.465216971555,58846.9081498804,59945.93216929177,61641.058698369365,73316.12205846139,47371.12092100553
2025-09-24 11:30:00+00:00,142,2145,10033.80155729464,26524.551148306837,32323.056132617225,37135.64430383961,41443.635529800944,44074.95847470226,46873.55414237029,47878.9147082851,49549.39600161239,50953.00714023843,52944.61372967398,53645.42396263541,54649.5114790576,56311.483443045414,57035.13170510196,57577.42939625038,58453.1498246488,59514.646355456025,61195.67918472343,72588.69831738394,46593.44586385068
2025-09-24 11:45:00+00:00,143,2160,9940.421622678741,26910.33995265734,32069.954049391457,37285.2587825837,41236.149683919786,43912.73512173882,46617.965370004924,47403.713432494435,48905.52465976168,50618.08397329123,52225.51871841066,52989.677642351744,54079.81883110006,55478.92135563143,56148.924054153125,56757.042990840484,57644.9591347714,58768.55403354083,60359.21200099558,71472.75852292406,46138.97450556692
2025-09-24 12:00:00+00:00,144,2175,9633.71046363747,25352.967573050817,31150.168997416084,34864.494401148106,39952.52836896916,42712.66848549601,45589.78476872132,46453.557928045586,48050.78868342382,49471.87070453178,50874.79180494874,51862.51401077224,52843.97861568235,54513.692989130825,55149.79451519025,55843.29790537941,56713.03583563851,57640.91301883468,59538.16098170809,69975.41441071847,45054.248300513435
2025-09-24 12:15:00+00:00,145,2190,9246.165116608825,10198.70608944262,30043.96861762076,33252.9681878474,38845.78274805404,41387.048938755695,43251.76955835231,44718.13430184141,45957.747286368736,47135.60550532602,48337.86492473122,49288.23035706234,50249.6689568191,51223.86019307979,52993.358418060154,53708.299582625325,54805.51496925325,55865.546302529634,57797.344475173304,68106.06807446368,42510.669714719465
2025-09-24 12:30:00+00:00,146,2205,9189.969298277436,10211.076671753837,27297.970698207566,30140.951453058966,33922.60573728236,38585.774710149395,41235.095833405285,42438.13632721127,43726.3559393336,44740.702625625774,45630.004542880764,46550.29309486096,47513.56109698272,48210.16392335058,49086.438132171774,50150.037085227596,51939.18147866773,53118.42315012578,54448.979313641416,65876.41516063164,39987.73305535381
2025-09-24 12:45:00+00:00,147,2220,9363.393496875467,10245.393724487469,24555.565740354585,29120.324324327372,32593.907371156438,35366.776242479886,37886.36833567066,39974.14045420724,40976.845230089726,42061.6468782866,43246.56870426899,44050.44266864308,44963.49386892382,45948.86738684275,46741.25651653104,47708.11828400063,48747.162392007725,49924.66427379722,51852.79946365124,63300.46207751599,37701.78529563625
2025-09-24 13:00:00+00:00,148,2235,9446.628720054025,17285.466384721454,24270.803223162296,28403.03200430284,31550.62456839797,33057.22365675785,34604.67655457797,36599.328067598784,38501.75765888297,39569.25683253228,40435.47763222307,41665.678499292604,42709.04064884218,43507.57113032453,44593.44117852739,45355.5703391789,46429.214284194946,47355.78794764295,49009.3875977522,60394.5691943688,36176.478329078
2025-09-24 13:15:00+00:00,149,2250,8939.560684103048,16376.518989484724,23408.578925577847,27755.459374486374,30472.64221265019,32059.73235205722,33700.104457769085,36103.58763587639,37135.374834701724,37916.830038574204,39018.44229444014,39916.63261042842,40823.67385371336,41620.68204914012,42418.52859141706,43143.323614584675,44141.579164309696,45076.919972064774,46578.760400817104,57177.536648376656,34709.292816516245
2025-09-24 13:30:00+00:00,150,2265,8774.092224440208,17474.182026696657,22559.34544081157,26572.917171195488,28772.038247042845,30496.89909208581,32334.756470959448,34177.047696328154,35147.09116740593,35858.17092107467,36820.11938751958,37718.35987987752,38474.849299148525,39344.80323488953,40103.30701828199,40923.76695967849,41683.984740260086,42449.05438795496,44161.15099154753,53670.75561673905,32990.74723579801
2025-09-24 13:45:00+00:00,151,2280,7870.726135746038,19052.608610001007,22914.80933850691,25752.558760769007,27207.352818233398,28829.449899135645,30604.121582844047,31879.05721981983,32596.089711450637,33170.5185345811,34022.667668087895,35013.47010706696,35792.232712612386,36607.060422478826,37286.464480611176,37941.94140171832,38605.58124481099,39326.984332605265,40917.56015716709,49898.457101103304,30988.422372904057
2025-09-24 14:00:00+00:00,152,2295,7451.180120317986,17902.56758206136,21749.06898416531,24415.213612347008,25822.042447137053,27059.88790949113,28358.074134640272,29402.560448853957,30096.28422048396,30739.76227647641,31425.12620185578,32219.879323317677,33006.178544983806,33588.861088736776,34263.737783833014,34739.69097883868,35510.635770620254,36294.64645196256,37495.88533036497,45888.10500742674,28720.99286658603
2025-09-24 14:15:00+00:00,153,2310,8848.81140981029,16534.540575076622,19604.35831019059,22126.73604191806,23427.60422586596,24376.93911843485,25202.636504493883,26335.718385792163,26955.382606175328,27434.344181925266,28049.460341762006,28630.97638557173,29337.03466032884,30116.581542423766,30663.979251537785,31180.83565884738,31960.83957830186,32686.31559042097,34248.37866245642,41671.00148931014,25953.065570209394
2025-09-24 14:30:00+00:00,154,2325,8856.088154490486,14902.448789597676,17948.90554093671,19774.13857329755,20871.489594298382,21701.908169259623,22267.022663512216,23304.670952613058,23898.125909068647,24228.43154928658,24756.337797863245,25284.332789103457,25880.66502699248,26556.295578238143,27174.331299882826,27682.017739965988,28346.613142194685,29096.178058308968,30497.024690301492,37283.20323962991,23090.28681318021
2025-09-24 14:45:00+00:00,155,2340,9289.885526648062,12909.365295816602,15204.826696303136,17213.669214718073,18025.816913608294,18927.79478283749,19199.161690117948,20008.551362395454,20554.46447094131,21028.76682273531,21387.759618437853,21794.096470054075,22284.42830307444,22785.957625424868,23483.41893171204,24101.576186439903,24493.512717200498,25327.129751159595,26348.940191438396,32720.5402205277,20037.968172038763
2025-09-24 15:00:00+00:00,156,2355,8885.24491367927,11540.725741168435,13404.430445874421,14544.706672283157,15311.66346278231,16033.67088695655,16344.530748974952,16717.583422342435,17425.467060334777,17944.018726793656,18239.166309270455,18586.785588633138,18997.76464627217,19393.904572426854,19951.61255878183,20605.94922360484,20947.688086940467,21652.435167539403,22529.752266705895,28045.410671803587,17154.696612952812
2025-09-24 15:15:00+00:00,157,2370,8072.063092975177,9279.447243700468,10276.562370374431,11474.414065053688,12303.871010048164,12957.254943864009,13522.734848202574,13717.41550945166,14080.74858893736,14609.530853677139,15060.369967138386,15403.934652593904,15740.004517904801,16099.532656615878,16587.300386100385,17171.03590234828,17456.7800467314,18080.440546448062,18823.133310472276,23506.878731241046,14122.34045703471
2025-09-24 15:30:00+00:00,158,2385,6423.586433489068,7220.434820747631,8101.550087769135,9033.634207705376,9593.485760644106,10062.08494476406,10478.036526589296,10922.232242612838,11140.691596099245,11488.166815271226,11924.64730945516,12232.124747112319,12560.632824407076,12850.257166294747,13183.09786132418,13687.128800324192,13956.289850639883,14432.372310070528,15113.61867083825,19020.541685336073,11208.957152568983
2025-09-24 15:45:00+00:00,159,2400,4752.176547637788,5321.409325610321,5819.934716526324,6398.249911093475,6943.44536730005,7299.459682690621,7643.357958062933,8018.5018931943705,8360.05025895487,8472.081350946013,8714.013552489956,9121.218888023719,9392.155871435394,9671.868604100498,9963.5045770057,10246.912543840364,10685.44414635218,11051.127129560384,11746.20809414085,14672.566267146749,8378.85813727283
2025-09-24 16:00:00+00:00,160,2415,3270.2219805863037,3645.2498453777216,3886.101185902006,4213.48430084363,4629.304415188562,4935.929770741704,5211.839153278014,5389.54580717109,5586.892089148193,5819.131802779138,6026.702284035409,6137.620891378607,6405.113012214846,6659.114920986838,6816.8254861885225,7146.4895336014215,7463.92571893213,7788.486327619155,8379.454994586336,10515.5914256331,5767.9114540441105
2025-09-24 16:15:00+00:00,161,2430,1994.546807723213,2238.042081400235,2403.959897591762,2610.8356227271306,2841.421673179364,3071.608124807264,3228.71524814361,3377.0477328746047,3487.390444150011,3615.2811866670577,3753.0819806214627,3889.173731846076,3998.424545821743,4197.186344738702,4338.15132901095,4476.653508783998,4795.824253008601,5018.432285547535,5521.650202544251,6744.340604828044,3694.3987672409758
2025-09-24 16:30:00+00:00,162,2445,991.7778039410508,1154.5550216677098,1243.4276875434502,1324.9598735813856,1432.4336209693836,1569.4580114163653,1661.0280258390285,1728.967528830222,1805.0387773816763,1872.0318526955607,1960.253681667687,2025.0947735979378,2080.700817592659,2183.4871595338586,2264.9638673863415,2331.7443072010433,2479.1918156094944,2623.031199587537,2937.0330994082424,3518.7864850542487,1902.6588692175064
2025-09-24 16:45:00+00:00,163,2460,321.16611074964067,408.1466870036854,447.6683399716929,481.6806093498204,534.1996482983448,570.3012630023476,602.9112056913391,624.681294218156,645.3779890168277,674.9718446584943,707.1779903466036,720.122104349067,747.3857447181375,778.0167581111168,797.3862871454174,826.8577749545536,857.3888490864659,902.9686762806948,963.1350738498917,1183.3708206925903,677.0735321480571
2025-09-24 17:00:00+00:00,164,2475,20.983641498493153,26.74015008791966,29.64055307776907,31.482073704894013,34.75187295813476,37.16811026436977,38.95880187641616,40.69785374932951,42.347091072648695,44.13682548918264,46.00147992851842,47.58541391367581,48.99213733920944,51.39975670961958,52.68455131938983,54.5425547149968,57.103530849993646,59.57398904505051,63.22712019243703,77.82158290401627,44.107406779653644
2025-09-24 17:15:00+00:00,165,2490,0.0,0.0,0.0,0.0,0.0,0.0,0.0,0.0,0.0,0.0,0.0,0.0,0.0,0.0,0.0,0.0,0.0,0.0,0.0,0.0,0.0
2025-09-24 17:30:00+00:00,166,2505,0.0,0.0,0.0,0.0,0.0,0.0,0.0,0.0,0.0,0.0,0.0,0.0,0.0,0.0,0.0,0.0,0.0,0.0,0.0,0.0,0.0
2025-09-24 17:45:00+00:00,167,2520,0.0,0.0,0.0,0.0,0.0,0.0,0.0,0.0,0.0,0.0,0.0,0.0,0.0,0.0,0.0,0.0,0.0,0.0,0.0,0.0,0.0
2025-09-24 18:00:00+00:00,168,2535,0.0,0.0,0.0,0.0,0.0,0.0,0.0,0.0,0.0,0.0,0.0,0.0,0.0,0.0,0.0,0.0,0.0,0.0,0.0,0.0,0.0
2025-09-24 18:15:00+00:00,169,2550,0.0,0.0,0.0,0.0,0.0,0.0,0.0,0.0,0.0,0.0,0.0,0.0,0.0,0.0,0.0,0.0,0.0,0.0,0.0,0.0,0.0
2025-09-24 18:30:00+00:00,170,2565,0.0,0.0,0.0,0.0,0.0,0.0,0.0,0.0,0.0,0.0,0.0,0.0,0.0,0.0,0.0,0.0,0.0,0.0,0.0,0.0,0.0
2025-09-24 18:45:00+00:00,171,2580,0.0,0.0,0.0,0.0,0.0,0.0,0.0,0.0,0.0,0.0,0.0,0.0,0.0,0.0,0.0,0.0,0.0,0.0,0.0,0.0,0.0
2025-09-24 19:00:00+00:00,172,2595,0.0,0.0,0.0,0.0,0.0,0.0,0.0,0.0,0.0,0.0,0.0,0.0,0.0,0.0,0.0,0.0,0.0,0.0,0.0,0.0,0.0
2025-09-24 19:15:00+00:00,173,2610,0.0,0.0,0.0,0.0,0.0,0.0,0.0,0.0,0.0,0.0,0.0,0.0,0.0,0.0,0.0,0.0,0.0,0.0,0.0,0.0,0.0
2025-09-24 19:30:00+00:00,174,2625,0.0,0.0,0.0,0.0,0.0,0.0,0.0,0.0,0.0,0.0,0.0,0.0,0.0,0.0,0.0,0.0,0.0,0.0,0.0,0.0,0.0
2025-09-24 19:45:00+00:00,175,2640,0.0,0.0,0.0,0.0,0.0,0.0,0.0,0.0,0.0,0.0,0.0,0.0,0.0,0.0,0.0,0.0,0.0,0.0,0.0,0.0,0.0
2025-09-24 20:00:00+00:00,176,2655,0.0,0.0,0.0,0.0,0.0,0.0,0.0,0.0,0.0,0.0,0.0,0.0,0.0,0.0,0.0,0.0,0.0,0.0,0.0,0.0,0.0
2025-09-24 20:15:00+00:00,177,2670,0.0,0.0,0.0,0.0,0.0,0.0,0.0,0.0,0.0,0.0,0.0,0.0,0.0,0.0,0.0,0.0,0.0,0.0,0.0,0.0,0.0
2025-09-24 20:30:00+00:00,178,2685,0.0,0.0,0.0,0.0,0.0,0.0,0.0,0.0,0.0,0.0,0.0,0.0,0.0,0.0,0.0,0.0,0.0,0.0,0.0,0.0,0.0
2025-09-24 20:45:00+00:00,179,2700,0.0,0.0,0.0,0.0,0.0,0.0,0.0,0.0,0.0,0.0,0.0,0.0,0.0,0.0,0.0,0.0,0.0,0.0,0.0,0.0,0.0
2025-09-24 21:00:00+00:00,180,2715,0.0,0.0,0.0,0.0,0.0,0.0,0.0,0.0,0.0,0.0,0.0,0.0,0.0,0.0,0.0,0.0,0.0,0.0,0.0,0.0,0.0
2025-09-24 21:15:00+00:00,181,2730,0.0,0.0,0.0,0.0,0.0,0.0,0.0,0.0,0.0,0.0,0.0,0.0,0.0,0.0,0.0,0.0,0.0,0.0,0.0,0.0,0.0
2025-09-24 21:30:00+00:00,182,2745,0.0,0.0,0.0,0.0,0.0,0.0,0.0,0.0,0.0,0.0,0.0,0.0,0.0,0.0,0.0,0.0,0.0,0.0,0.0,0.0,0.0
2025-09-24 21:45:00+00:00,183,2760,0.0,0.0,0.0,0.0,0.0,0.0,0.0,0.0,0.0,0.0,0.0,0.0,0.0,0.0,0.0,0.0,0.0,0.0,0.0,0.0,0.0
2025-09-24 22:00:00+00:00,184,2775,0.0,0.0,0.0,0.0,0.0,0.0,0.0,0.0,0.0,0.0,0.0,0.0,0.0,0.0,0.0,0.0,0.0,0.0,0.0,0.0,0.0
2025-09-24 22:15:00+00:00,185,2790,0.0,0.0,0.0,0.0,0.0,0.0,0.0,0.0,0.0,0.0,0.0,0.0,0.0,0.0,0.0,0.0,0.0,0.0,0.0,0.0,0.0
2025-09-24 22:30:00+00:00,186,2805,0.0,0.0,0.0,0.0,0.0,0.0,0.0,0.0,0.0,0.0,0.0,0.0,0.0,0.0,0.0,0.0,0.0,0.0,0.0,0.0,0.0
2025-09-24 22:45:00+00:00,187,2820,0.0,0.0,0.0,0.0,0.0,0.0,0.0,0.0,0.0,0.0,0.0,0.0,0.0,0.0,0.0,0.0,0.0,0.0,0.0,0.0,0.0
2025-09-24 23:00:00+00:00,188,2835,0.0,0.0,0.0,0.0,0.0,0.0,0.0,0.0,0.0,0.0,0.0,0.0,0.0,0.0,0.0,0.0,0.0,0.0,0.0,0.0,0.0
2025-09-24 23:15:00+00:00,189,2850,0.0,0.0,0.0,0.0,0.0,0.0,0.0,0.0,0.0,0.0,0.0,0.0,0.0,0.0,0.0,0.0,0.0,0.0,0.0,0.0,0.0
2025-09-24 23:30:00+00:00,190,2865,0.0,0.0,0.0,0.0,0.0,0.0,0.0,0.0,0.0,0.0,0.0,0.0,0.0,0.0,0.0,0.0,0.0,0.0,0.0,0.0,0.0
2025-09-24 23:45:00+00:00,191,2880,0.0,0.0,0.0,0.0,0.0,0.0,0.0,0.0,0.0,0.0,0.0,0.0,0.0,0.0,0.0,0.0,0.0,0.0,0.0,0.0,0.0
2025-09-25 00:00:00+00:00,192,2895,0.0,0.0,0.0,0.0,0.0,0.0,0.0,0.0,0.0,0.0,0.0,0.0,0.0,0.0,0.0,0.0,0.0,0.0,0.0,0.0,0.0
2025-09-25 00:15:00+00:00,193,2910,0.0,0.0,0.0,0.0,0.0,0.0,0.0,0.0,0.0,0.0,0.0,0.0,0.0,0.0,0.0,0.0,0.0,0.0,0.0,0.0,0.0
2025-09-25 00:30:00+00:00,194,2925,0.0,0.0,0.0,0.0,0.0,0.0,0.0,0.0,0.0,0.0,0.0,0.0,0.0,0.0,0.0,0.0,0.0,0.0,0.0,0.0,0.0
2025-09-25 00:45:00+00:00,195,2940,0.0,0.0,0.0,0.0,0.0,0.0,0.0,0.0,0.0,0.0,0.0,0.0,0.0,0.0,0.0,0.0,0.0,0.0,0.0,0.0,0.0
2025-09-25 01:00:00+00:00,196,2955,0.0,0.0,0.0,0.0,0.0,0.0,0.0,0.0,0.0,0.0,0.0,0.0,0.0,0.0,0.0,0.0,0.0,0.0,0.0,0.0,0.0
2025-09-25 01:15:00+00:00,197,2970,0.0,0.0,0.0,0.0,0.0,0.0,0.0,0.0,0.0,0.0,0.0,0.0,0.0,0.0,0.0,0.0,0.0,0.0,0.0,0.0,0.0
2025-09-25 01:30:00+00:00,198,2985,0.0,0.0,0.0,0.0,0.0,0.0,0.0,0.0,0.0,0.0,0.0,0.0,0.0,0.0,0.0,0.0,0.0,0.0,0.0,0.0,0.0
2025-09-25 01:45:00+00:00,199,3000,0.0,0.0,0.0,0.0,0.0,0.0,0.0,0.0,0.0,0.0,0.0,0.0,0.0,0.0,0.0,0.0,0.0,0.0,0.0,0.0,0.0
2025-09-25 02:00:00+00:00,200,3015,0.0,0.0,0.0,0.0,0.0,0.0,0.0,0.0,0.0,0.0,0.0,0.0,0.0,0.0,0.0,0.0,0.0,0.0,0.0,0.0,0.0
2025-09-25 02:15:00+00:00,201,3030,0.0,0.0,0.0,0.0,0.0,0.0,0.0,0.0,0.0,0.0,0.0,0.0,0.0,0.0,0.0,0.0,0.0,0.0,0.0,0.0,0.0
2025-09-25 02:30:00+00:00,202,3045,0.0,0.0,0.0,0.0,0.0,0.0,0.0,0.0,0.0,0.0,0.0,0.0,0.0,0.0,0.0,0.0,0.0,0.0,0.0,0.0,0.0
2025-09-25 02:45:00+00:00,203,3060,0.0,0.0,0.0,0.0,0.0,0.0,0.0,0.0,0.0,0.0,0.0,0.0,0.0,0.0,0.0,0.0,0.0,0.0,0.0,0.0,0.0
2025-09-25 03:00:00+00:00,204,3075,0.0,0.0,0.0,0.0,0.0,0.0,0.0,0.0,0.0,0.0,0.0,0.0,0.0,0.0,0.0,0.0,0.0,0.0,0.0,0.0,0.0
2025-09-25 03:15:00+00:00,205,3090,0.0,0.0,0.0,0.0,0.0,0.0,0.0,0.0,0.0,0.0,0.0,0.0,0.0,0.0,0.0,0.0,0.0,0.0,0.0,0.0,0.0
2025-09-25 03:30:00+00:00,206,3105,0.0,0.0,0.0,0.0,0.0,0.0,0.0,0.0,0.0,0.0,0.0,0.0,0.0,0.0,0.0,0.0,0.0,0.0,0.0,0.0,0.0
2025-09-25 03:45:00+00:00,207,3120,0.0,0.0,0.0,0.0,0.0,0.0,0.0,0.0,0.0,0.0,0.0,0.0,0.0,0.0,0.0,0.0,0.0,0.0,0.0,0.0,0.0
2025-09-25 04:00:00+00:00,208,3135,0.0,0.0,0.0,0.0,0.0,0.0,0.0,0.0,0.0,0.0,0.0,0.0,0.0,0.0,0.0,0.0,0.0,0.0,0.0,0.0,0.0
2025-09-25 04:15:00+00:00,209,3150,0.0,0.0,0.0,0.0,0.0,0.0,0.0,0.0,0.0,0.0,0.0,0.0,0.0,0.0,0.0,0.0,0.0,0.0,0.0,0.0,0.0
2025-09-25 04:30:00+00:00,210,3165,0.0,0.0,0.0,0.0,0.0,0.0,0.0,0.0,0.0,0.0,0.0,0.0,0.0,0.0,0.0,0.0,0.0,0.0,0.0,0.0,0.0
2025-09-25 04:45:00+00:00,211,3180,0.0,0.0,0.0,0.0,0.0,0.0,0.0,0.0,0.0,0.0,0.0,0.0,0.0,0.0,0.0,0.0,0.0,0.0,0.0,0.0,0.0
2025-09-25 05:00:00+00:00,212,3195,0.23772282718217827,0.37292312577834313,0.4575645975254704,0.5494612173937021,0.651019467881294,0.7346955700514087,0.8734835245524651,1.0093098824339752,1.169658578122736,1.329927370281832,1.4831421772194424,1.6886276054088583,1.8796463303114712,2.143008671925622,2.36750379329137,2.657208150784518,3.0626715694619673,3.497835332762787,4.059180704260252,5.49203498645201,1.695899826368341
2025-09-25 05:15:00+00:00,213,3210,43.022651545545756,58.988455940074786,69.2588883092968,86.12634026193302,105.88412662234323,129.01841287423647,164.46122669174605,189.49782335717777,218.93862538624646,239.9767036281177,275.83817105769435,303.11923929253646,332.92335002483816,355.79924808339445,390.9692678965675,427.0298724720842,466.9564590322028,509.67378744900293,551.572628946853,711.6794389768585,269.8797027035838
2025-09-25 05:30:00+00:00,214,3225,206.3123790068572,285.1467034550481,351.11685539050103,421.2060903114996,534.0410739807667,707.4885979631533,844.3399690460218,998.2384586960126,1166.7216762549465,1381.7511106497057,1513.1857666052895,1621.06423486148,1758.5615568538424,1844.5973209057258,1965.9394931328682,2105.643799560165,2231.3549968086263,2405.294575364184,2529.542367443424,3253.282555474075,1331.3098640055505
2025-09-25 05:45:00+00:00,215,3240,409.2856411966582,676.8181837816327,815.1476832718076,1114.7987817649746,1664.460080572288,2377.5237358118397,2878.898797385594,3092.6924040777863,3361.7044060915223,3683.7579758256775,3915.744337645126,4099.1282167212485,4284.993965801503,4456.479362853409,4752.893852337568,4920.306856763795,5217.341665015977,5433.585461231381,5695.322866877339,7177.595326327278,3292.623242396106
2025-09-25 06:00:00+00:00,216,3255,865.5506344728872,1228.1021921863924,2935.4518643246925,3926.3425721244985,4703.968303757635,5016.375885308843,5422.418261356741,5968.879209617884,6243.433343367234,6614.504900419961,6841.317691150544,7066.131553301469,7514.583098207775,7667.179956462891,7948.021422923808,8249.505170955794,8525.917419394074,8885.542334614305,9352.236644080298,11299.989082134165,5986.393510937484
2025-09-25 06:15:00+00:00,217,3270,1517.1121056368254,2525.4178200486426,5231.624973518233,6198.038650583727,6950.35281519525,7524.1827804884115,8410.677590488338,9100.457311021693,9479.65800628082,9814.177270921757,10402.36652451317,10761.497502375902,11089.605895335417,11309.555641278266,11623.41725301652,11961.081236656364,12363.388892650719,12946.413845122386,13218.065622138856,15877.664736053073,8967.527459817577
2025-09-25 06:30:00+00:00,218,3285,2132.1302032951558,2547.1327981776644,7066.465672221711,8703.406569331299,9630.001618755407,10877.421076245364,11958.498249459093,12583.48364717044,12912.000565504868,13779.206794248432,14165.361694245676,14537.825475542819,14804.836154128157,15145.637318104502,15549.695714971558,16000.769506919163,16637.34808654287,17105.961457771326,17310.262592884934,20516.023726808482,12129.049190729598
2025-09-25 06:45:00+00:00,219,3300,2812.8311551836096,3323.756295168915,10124.672658677431,11689.354753630772,13419.946821105748,14821.979314765707,15591.13440262182,16141.955438287876,17318.28570253078,17801.34710636204,18191.137938108874,18431.773775274174,18895.72190132478,19421.96446044928,19847.61053955871,20379.906946057366,20879.45196204208,21192.308885900213,21438.67901480528,25231.818875619796,15655.294962846881
2025-09-25 07:00:00+00:00,220,3315,3606.841496700158,6780.836708806301,13800.312222450419,16361.878016088294,18097.055076286586,18753.23838440381,20311.532111122808,20875.48066344908,21340.780628727396,21811.74220086123,22055.824650298553,22692.028462380833,23199.88626163478,23701.196399942728,24091.32541865112,24596.085447195335,24979.679502305797,25283.31904374926,25616.981359653324,29938.010018484212,19689.245405920214
2025-09-25 07:15:00+00:00,221,3330,4491.498084929371,8097.326130486018,16955.397363680164,21112.231855246995,22179.995873011554,23737.444074370345,24409.956873091076,24939.73953027817,25446.18371466074,25812.936191575693,26490.858265578696,27082.87379945112,27434.827403736108,27740.82774757221,28151.23031998335,28698.781948144086,29165.672819311138,29495.97265458416,29886.17861567822,34637.542593303355,23506.41218285137
2025-09-25 07:30:00+00:00,222,3345,5117.930568732782,9125.782245760352,21882.948576873638,24916.029072273108,26979.16132593831,27786.15068287535,28539.956439983576,29134.81597241655,29698.456665644935,30317.608994392896,30768.705956278496,31084.23289852719,31363.784501346443,31710.154518474807,32259.866569195656,32811.10296455108,33267.039526699606,33715.39234162233,34270.666810612885,39337.48499323799,27265.215752554133
2025-09-25 07:45:00+00:00,223,3360,5540.473896567878,9648.74700154341,24007.033471269668,28111.147935462748,30275.44825983238,31100.628187905062,31836.03087521243,32461.001656009117,33222.96517209944,33793.867474731014,34136.30276666991,34432.73852135552,34756.156578605616,35122.70217540971,35699.038893684374,36240.30856171547,36836.93443444999,37406.646612916426,38033.2235390843,43747.33928351952,30377.298412551438
2025-09-25 08:00:00+00:00,224,3375,5809.001945643643,6468.837273733406,19095.81870592839,30942.166776848473,33319.08140583663,34279.00759934388,35159.590707381096,35723.68994470696,36678.91826467815,37022.33048536122,37334.66356810514,37628.668636574315,37987.93780389268,38402.182847464836,38907.69312979296,39462.18975709614,40199.182420113146,40997.69256220604,41633.21924718089,47937.580067563256,32715.089528644992
2025-09-25 08:15:00+00:00,225,3390,6009.449933761015,6467.759625777222,12111.455977945689,31801.54523952216,35872.39396571454,37338.578849424994,38206.598959354254,38911.074152429865,39630.61252365654,39925.759926488696,40226.79302413812,40541.98366688167,40927.568662758116,41368.64091219695,41837.54442143858,42494.78564346962,43461.59631458522,44274.931509508446,44956.536679095734,51877.81917165525,34694.88291006751
2025-09-25 08:30:00+00:00,226,3405,6470.534700534261,6839.902634509714,13290.640657524806,34013.92811195378,38537.807462333454,40095.923937646214,40933.21885670967,41668.01010688626,42273.910413969825,42619.80712393945,42898.917992553375,43200.63662903904,43524.79734719395,43935.3910429546,44425.82636020161,45041.14155530485,46097.71179526338,47203.19275046071,48067.76115093987,55541.93016749138,36818.02485480318
2025-09-25 08:45:00+00:00,227,3420,6864.618185498665,7280.769260643588,26183.849127595753,36006.44077199847,40551.23585730953,42342.386677422335,43345.805078190046,44055.1581678598,44743.69212482253,45111.69293586692,45458.149774706966,45780.742195261155,46070.48738475837,46554.9827502082,47114.81727460478,47838.08687221554,48903.25608645695,49881.42652000447,50906.13568966223,58907.14275624961,39588.22179201699
2025-09-25 09:00:00+00:00,228,3435,7273.050411894412,7720.835180947853,31477.883595899184,37709.21788127651,41861.4824692284,43801.96638114538,45148.60082796189,45833.016089128694,46772.59637376215,47305.258130937036,47689.73673894959,48038.74265559352,48352.46472590731,48742.46041041109,49513.07272661086,50428.01821451013,51297.25334520159,52299.95125579751,53409.496214002196,61953.49265494048,41643.070080546626
2025-09-25 09:15:00+00:00,229,3450,7679.017094583136,8287.179117879039,34332.70023563068,38937.75626044186,42586.17568977092,44943.711296103305,46498.575035141286,47568.41546248816,48211.663272842576,49107.6293506316,49563.190527827566,49934.23635543559,50282.172988902086,50640.01643440998,51418.994253843106,52421.97555630717,53463.87917465117,54458.91857487705,55695.13283837797,64663.4970691918,43277.511534293364
2025-09-25 09:30:00+00:00,230,3465,8074.756520924144,8980.059557772718,36561.45785209979,42173.85577102622,44339.96970669791,46092.95883986804,47637.012396086095,48547.516313049564,49529.811840906325,50330.611388352,51192.55011763045,51688.63136778335,52055.27331107073,52441.24988179464,52862.123152501576,54079.760055359366,55326.71967074643,56343.40145302684,57563.48174836978,67021.97341582135,44829.74414149616
2025-09-25 09:45:00+00:00,231,3480,8329.456219407608,9072.595155273353,36955.65019690396,41236.113676739835,44566.39821540254,46608.00693119331,47928.94230884408,49429.440402158696,50056.70023695119,51130.89348887203,51959.75012730751,53025.32136786981,53481.45284904235,53901.24810836444,54384.72446194798,55461.27242578597,56496.66176988812,57816.545456920896,58755.85543425527,69015.9488828561,45619.250710388595
2025-09-25 10:00:00+00:00,232,3495,8987.041585277297,9452.156718468426,35517.73270959283,39284.96515715622,44295.78997839131,46096.33684873308,47849.561489830616,49460.61310346668,50995.44412315865,51665.00785727204,52608.0688926883,53893.49809402274,54622.334099009015,55105.71547596275,55588.36750968438,56454.25979901058,57818.45441616166,59224.78660045604,60272.154235734764,70634.62679929992,46089.60800526092
2025-09-25 10:15:00+00:00,233,3510,9151.574989975923,10036.412081163946,35111.75732517262,39854.90562805571,43808.81029141698,46502.86343385424,48102.633157355725,49383.22619138123,50947.23906108158,52159.143900571726,52767.452938145834,54100.71230550449,55489.58756516468,56031.06535699916,56534.4477254407,57306.02827645536,58730.75519510205,59942.36447575567,61195.155190017016,71869.38677167232,46500.17444438837
2025-09-25 10:30:00+00:00,234,3525,9742.04757973623,10405.60354026708,32119.445886239744,38843.06315740558,42023.49962972788,45670.08769484764,47835.43758988935,49451.17551591053,50665.8778649591,52161.49983108331,53277.24633425262,54067.09640681242,55711.75054211839,56826.00009743875,57369.613362470795,58191.54774533387,59286.84896873602,60692.11147413624,62101.41400103853,72713.80308050921,46487.19275831974
2025-09-25 10:45:00+00:00,235,3540,9631.069328621099,10303.565095807638,25841.79787451629,37087.85540397291,40845.78971181675,44898.98588481156,47505.11026258896,49256.013134730885,50291.751347336336,51631.88801625982,53289.051277244085,53929.26682016314,54854.92448871457,56844.318401656245,57492.27491634256,58212.84228719936,59384.37779303788,60667.14038961549,61988.48454264484,73163.67059545222,45862.906581290226
2025-09-25 11:00:00+00:00,236,3555,9307.83562199338,10024.251314106408,15123.29672709035,35504.06002275377,40507.27942360612,44171.85246025911,47147.32823791691,48964.85057025877,50078.01367178497,51218.98405957931,53302.88536533861,53834.4126849049,54464.880470280026,56793.617007993686,57449.337545028124,58231.98961058633,59342.75083767371,60488.254595968334,61740.009701932344,73217.03058313917,45069.53760985918
2025-09-25 11:15:00+00:00,237,3570,9307.734910441346,9978.080733804227,10958.509038840239,33634.66401090633,39459.83816008905,43036.681599552896,46704.275602443144,48748.077687655,49835.6672507153,50637.98043192337,52624.89442095104,53513.57398410332,54155.60090037319,56347.976948097676,57007.96911842677,57661.654814552356,59096.88347667965,60099.0923328602,61407.46785886571,72874.19167533383,44391.6786696128
2025-09-25 11:30:00+00:00,238,3585,9296.641746545305,10088.630179342055,10792.09388046971,32020.976941652018,38114.32258625946,42207.56213098371,44980.776404782,47557.25377178732,49021.72540702326,49812.8892081389,50979.01715450064,53010.501109460696,53445.275795809626,55643.289641766954,56523.09215940605,57208.74355712097,58344.79783586157,59760.92336066022,61021.47373302913,72137.7435281526,43641.170809361596
2025-09-25 11:45:00+00:00,239,3600,9280.829693564441,10133.099075248649,10801.28717510859,31342.795093141278,37317.55943392354,41461.13334611793,44659.411129535656,46838.11144258042,48351.84525156675,48956.63330150053,49972.34427416953,51723.42690957673,52560.92841194402,54827.45365218222,55764.3387500424,56565.9051676785,57790.865956782465,59329.21492128073,60651.1982161007,71012.56292075678,43066.54665547031
2025-09-25 12:00:00+00:00,240,3615,9304.85619572457,9999.53676859404,13242.49604333124,30687.72229206613,34710.32188320294,39962.71396256453,43201.69006589112,45851.7634188718,47306.594027763225,47962.378161256886,49359.920866705266,50557.13248389698,51402.06189326518,53200.492304507396,54534.94344270476,55275.060079233655,56570.29326967934,58133.84955888263,59466.209224212536,69505.81442507912,42153.204966754274
2025-09-25 12:15:00+00:00,241,3630,9171.731977383337,9765.473128169822,10252.876421554412,28420.23105318111,35336.738770382784,38724.60109576462,41904.965422602196,44434.03771858096,45669.89295253071,46631.439660201926,47719.3402097478,49195.005719223474,50184.26363319274,52773.34358384079,53409.007696090244,54614.659171575055,55644.785085370735,57098.779106141956,58149.43911649497,67626.94984031234,41036.64948797988
2025-09-25 12:30:00+00:00,242,3645,9003.10901070953,9534.240055772092,10007.45813019752,27578.97386341552,34936.05426831285,38675.304182109,41551.94990560132,43272.388264417044,44844.094456318,45556.23125108777,46882.24339494248,47810.13928552387,49111.60344791906,51193.23009186048,51789.75555201679,53041.69385181242,53932.853317668225,55192.35995214399,56188.391775057564,65387.71308228813,39964.53240695538
2025-09-25 12:45:00+00:00,243,3660,8523.724993916594,9133.964845910275,9593.675628425724,27323.676674537877,34165.28255409185,38143.53052226362,40509.811939208266,42015.24340713258,43336.4284102026,44244.01356731694,45429.11740208816,46380.05764674182,48207.44275442325,49370.65665499578,50153.185168107,51148.89026824548,52151.33340552403,53140.937613864764,54030.09454700574,62802.15988776455,38751.00986805583
2025-09-25 13:00:00+00:00,244,3675,8088.1985248437295,8676.049614740155,9109.930318917553,25140.995287876227,29946.099224188052,36249.6376130551,38938.609551549336,40317.30317691474,41590.240707556695,42698.40332062233,43594.541278225326,44528.92049954414,46525.06570742625,47323.143507702574,48064.41140578384,48725.09936932325,49732.76467473632,50746.61676423354,51566.752467407234,59886.704722433016,36914.120862869655
2025-09-25 13:15:00+00:00,245,3690,7844.262235383519,8329.824106090706,20646.77217427493,27334.36258261536,32179.61578528857,36097.33010356511,37699.484262306774,38923.362709339286,40051.130129140074,41036.678681028425,42002.42445108412,43620.60532223625,44575.467324456455,45178.178945367334,45761.395935384884,46383.50096346686,47373.484553915114,48305.49558111592,48931.74612152612,56660.21218633875,36717.81087343564
2025-09-25 13:30:00+00:00,246,3705,7350.661236032447,7855.827869587108,20596.000294965543,26425.85722296055,30175.893018634935,34188.58654130252,35938.41286076205,37044.379435648276,38082.69024837722,39061.04630664993,39846.03429650262,40840.710857460246,41965.37526585495,42520.40021542425,43011.24757720372,43599.991795600465,44586.83113463472,45457.52209500875,45943.75399842822,53144.156877015586,34731.17370726753
2025-09-25 13:45:00+00:00,247,3720,6371.179183080294,7306.898958658993,19659.9274936203,26090.358198600003,28139.774647833583,32088.693091587495,33663.393745338544,34572.06759002,35335.45202682893,36159.71750799266,37015.6783806041,37687.65841969853,38684.13116871942,39144.53602392245,39520.57488908557,40206.029228905776,41280.7036884756,41890.1758460454,42468.35699195167,49362.88545976852,32249.84690692061
2025-09-25 14:00:00+00:00,248,3735,5893.736860718355,6743.291017591298,19624.815099720574,24387.408875180743,25965.955978733713,29353.541602797213,30865.43047491914,31667.49688612257,32304.685709620393,32938.361648433034,33666.52054476171,34356.8785985268,35128.834030857055,35710.55945868741,36023.445484440126,36468.329512865224,37748.3275435726,38334.497574017594,38992.94700056405,45344.03050004875,29572.639071533373
2025-09-25 14:15:00+00:00,249,3750,5219.448979328711,11296.135554350043,17347.79274264268,21723.412060486793,23317.295141421386,25688.664997739626,27214.60788688762,28180.949637834703,28990.677897954763,29384.268270236807,29981.445750987175,30847.78236821138,31726.32214536236,32262.74708922466,32566.760491850484,32920.91482447343,34215.794913536476,34818.04808776218,35652.01350747664,41119.14833021103,26781.98951830493
2025-09-25 14:30:00+00:00,250,3765,4759.709086866349,11053.67418452507,16414.1399362846,19396.655654488244,20424.343346159,22411.061721826496,23733.135749525965,24670.926772438048,25413.95755696417,25884.299052699043,26312.385078094496,26851.951212886797,27567.062396710873,28261.751450673655,28924.90166928263,29168.149154411803,29770.970308145905,30967.40296601625,31927.542025680414,36724.686422851446,23691.881914383655
2025-09-25 14:45:00+00:00,251,3780,4184.863715531716,10385.942649034936,12968.340174860192,15529.25469715034,17120.127328976796,17940.03175165159,19181.121718310013,20329.46996251091,20879.082892286846,21669.62492428218,22409.746180897844,22806.03028434672,23228.595598660446,23970.763061292575,24562.11132058067,25291.51114277655,25629.646171430755,26835.356812958795,27898.52669579288,32125.2492295959,20007.971015572908
2025-09-25 15:00:00+00:00,252,3795,3661.623543274026,9046.28218266247,11039.655305315666,12571.636581337281,13557.517730055057,14534.788959309648,15264.178937798097,15892.057584597851,17064.26007326783,17697.823046796366,18464.01148433923,19007.232237549986,19429.20970743904,19839.182111251543,20638.53139070549,21531.52008351294,21880.1409406137,22875.92743048793,23874.103879529637,27494.618947553052,16635.09830066289
2025-09-25 15:15:00+00:00,253,3810,3628.071790725714,7320.791030680506,8234.252215423714,9310.219312151969,10369.938619277462,10937.887681491082,11708.138307396375,12638.629504143295,12904.450571202799,13955.76335951833,14602.794820930354,15138.30627193305,15597.498397472287,16051.884037538844,16435.960622343577,17366.729861739,18157.973764985534,18813.940154132928,19891.412315154023,22959.438792276407,13270.736524747814
2025-09-25 15:30:00+00:00,254,3825,4502.717406549645,5851.158214667961,6449.43724569339,7178.064320168874,7809.81595520141,8391.541448064942,8919.012108498027,9662.472273385854,10159.333614091258,10389.000693455411,11120.945245578392,11638.285887210246,11984.353356265427,12427.420137501882,12949.46521973064,13470.59856088162,14297.088227522067,14768.193226656856,15963.564343643107,18481.990436860407,10391.837426648804
2025-09-25 15:45:00+00:00,255,3840,3816.334489417739,4434.394184106245,4838.845629559542,5326.06740759037,5706.4950776373125,6268.793616994746,6530.020235541152,6904.139143823574,7402.767090821729,7731.384254506777,7911.863546262029,8462.314651715822,8790.518075942739,9100.814124882756,9461.031319952057,9956.134383337821,10495.202253500109,11026.792884802504,11846.862486033575,14151.106158735227,7681.074900329085
2025-09-25 16:00:00+00:00,256,3855,2735.0435432556324,3105.946175880323,3386.275564087134,3667.2201357766453,3984.970536499433,4278.153627189103,4526.087886494378,4724.933473862226,4956.721238623668,5290.379992422974,5452.90462287315,5717.857712106631,6025.580237860605,6302.573484722761,6612.370446046159,6966.196211875749,7291.4221635140175,7554.712502323648,8091.772914189752,10005.08066425942,5300.41867788755
2025-09-25 16:15:00+00:00,257,3870,1736.1425939396177,1935.2838641032909,2038.5021258039442,2163.6994293855637,2317.1181635949183,2551.616540913059,2657.592345347809,2763.1476118829723,2892.822827791164,3017.9777453856013,3236.3876805741224,3393.4421867562723,3498.5630494117313,3767.658211667218,3929.708379550443,4146.5409127779685,4350.635062182405,4642.422887278485,4928.751290275241,6300.401264106712,3164.147994917481
2025-09-25 16:30:00+00:00,258,3885,685.7539435373127,889.208893662892,971.028047475443,1025.7873339006728,1077.7019837845567,1137.2158726592068,1250.3652569852015,1317.1472903021847,1362.279220463609,1430.7661784058778,1500.7278545622007,1616.1573216951383,1688.3204629673048,1775.7698951416228,1877.3183965882668,1960.430605342272,2101.548075102743,2280.3023050862616,2367.8662103670595,3107.8452237690135,1495.7114862958706
2025-09-25 16:45:00+00:00,259,3900,257.686131721854,318.12538735069813,341.6333469026699,360.27399971556923,381.5450972284637,408.96968618696854,434.20710040200515,455.1515238186259,474.3989328022738,494.17266733709727,525.828014652394,551.6792333318558,595.5188642169761,623.2712756872896,658.5549139217701,685.258662436256,724.8635444224072,747.6504492053652,794.4291243563616,928.4993395716832,518.5251171888357
2025-09-25 17:00:00+00:00,260,3915,7.7738832301773995,9.868511096673044,10.656484696925832,11.347249161844505,11.907832926554919,12.77155577627401,13.5786618970153,14.084489261739565,14.70511835611754,15.229700895298196,15.932610127900489,17.183735453101274,18.085838544406293,19.146296042390432,20.077963893570534,21.06231003422729,22.10299862325669,23.391769262482626,24.821363322089013,29.324294612197708,16.01015731668909
2025-09-25 17:15:00+00:00,261,3930,0.0,0.0,0.0,0.0,0.0,0.0,0.0,0.0,0.0,0.0,0.0,0.0,0.0,0.0,0.0,0.0,0.0,0.0,0.0,0.0,0.0
2025-09-25 17:30:00+00:00,262,3945,0.0,0.0,0.0,0.0,0.0,0.0,0.0,0.0,0.0,0.0,0.0,0.0,0.0,0.0,0.0,0.0,0.0,0.0,0.0,0.0,0.0
2025-09-25 17:45:00+00:00,263,3960,0.0,0.0,0.0,0.0,0.0,0.0,0.0,0.0,0.0,0.0,0.0,0.0,0.0,0.0,0.0,0.0,0.0,0.0,0.0,0.0,0.0
2025-09-25 18:00:00+00:00,264,3975,0.0,0.0,0.0,0.0,0.0,0.0,0.0,0.0,0.0,0.0,0.0,0.0,0.0,0.0,0.0,0.0,0.0,0.0,0.0,0.0,0.0
2025-09-25 18:15:00+00:00,265,3990,0.0,0.0,0.0,0.0,0.0,0.0,0.0,0.0,0.0,0.0,0.0,0.0,0.0,0.0,0.0,0.0,0.0,0.0,0.0,0.0,0.0
2025-09-25 18:30:00+00:00,266,4005,0.0,0.0,0.0,0.0,0.0,0.0,0.0,0.0,0.0,0.0,0.0,0.0,0.0,0.0,0.0,0.0,0.0,0.0,0.0,0.0,0.0
2025-09-25 18:45:00+00:00,267,4020,0.0,0.0,0.0,0.0,0.0,0.0,0.0,0.0,0.0,0.0,0.0,0.0,0.0,0.0,0.0,0.0,0.0,0.0,0.0,0.0,0.0
2025-09-25 19:00:00+00:00,268,4035,0.0,0.0,0.0,0.0,0.0,0.0,0.0,0.0,0.0,0.0,0.0,0.0,0.0,0.0,0.0,0.0,0.0,0.0,0.0,0.0,0.0
2025-09-25 19:15:00+00:00,269,4050,0.0,0.0,0.0,0.0,0.0,0.0,0.0,0.0,0.0,0.0,0.0,0.0,0.0,0.0,0.0,0.0,0.0,0.0,0.0,0.0,0.0
2025-09-25 19:30:00+00:00,270,4065,0.0,0.0,0.0,0.0,0.0,0.0,0.0,0.0,0.0,0.0,0.0,0.0,0.0,0.0,0.0,0.0,0.0,0.0,0.0,0.0,0.0
2025-09-25 19:45:00+00:00,271,4080,0.0,0.0,0.0,0.0,0.0,0.0,0.0,0.0,0.0,0.0,0.0,0.0,0.0,0.0,0.0,0.0,0.0,0.0,0.0,0.0,0.0
2025-09-25 20:00:00+00:00,272,4095,0.0,0.0,0.0,0.0,0.0,0.0,0.0,0.0,0.0,0.0,0.0,0.0,0.0,0.0,0.0,0.0,0.0,0.0,0.0,0.0,0.0
2025-09-25 20:15:00+00:00,273,4110,0.0,0.0,0.0,0.0,0.0,0.0,0.0,0.0,0.0,0.0,0.0,0.0,0.0,0.0,0.0,0.0,0.0,0.0,0.0,0.0,0.0
2025-09-25 20:30:00+00:00,274,4125,0.0,0.0,0.0,0.0,0.0,0.0,0.0,0.0,0.0,0.0,0.0,0.0,0.0,0.0,0.0,0.0,0.0,0.0,0.0,0.0,0.0
2025-09-25 20:45:00+00:00,275,4140,0.0,0.0,0.0,0.0,0.0,0.0,0.0,0.0,0.0,0.0,0.0,0.0,0.0,0.0,0.0,0.0,0.0,0.0,0.0,0.0,0.0
2025-09-25 21:00:00+00:00,276,4155,0.0,0.0,0.0,0.0,0.0,0.0,0.0,0.0,0.0,0.0,0.0,0.0,0.0,0.0,0.0,0.0,0.0,0.0,0.0,0.0,0.0
2025-09-25 21:15:00+00:00,277,4170,0.0,0.0,0.0,0.0,0.0,0.0,0.0,0.0,0.0,0.0,0.0,0.0,0.0,0.0,0.0,0.0,0.0,0.0,0.0,0.0,0.0
2025-09-25 21:30:00+00:00,278,4185,0.0,0.0,0.0,0.0,0.0,0.0,0.0,0.0,0.0,0.0,0.0,0.0,0.0,0.0,0.0,0.0,0.0,0.0,0.0,0.0,0.0
2025-09-25 21:45:00+00:00,279,4200,0.0,0.0,0.0,0.0,0.0,0.0,0.0,0.0,0.0,0.0,0.0,0.0,0.0,0.0,0.0,0.0,0.0,0.0,0.0,0.0,0.0
2025-09-25 22:00:00+00:00,280,4215,0.0,0.0,0.0,0.0,0.0,0.0,0.0,0.0,0.0,0.0,0.0,0.0,0.0,0.0,0.0,0.0,0.0,0.0,0.0,0.0,0.0
2025-09-25 22:15:00+00:00,281,4230,0.0,0.0,0.0,0.0,0.0,0.0,0.0,0.0,0.0,0.0,0.0,0.0,0.0,0.0,0.0,0.0,0.0,0.0,0.0,0.0,0.0
2025-09-25 22:30:00+00:00,282,4245,0.0,0.0,0.0,0.0,0.0,0.0,0.0,0.0,0.0,0.0,0.0,0.0,0.0,0.0,0.0,0.0,0.0,0.0,0.0,0.0,0.0
2025-09-25 22:45:00+00:00,283,4260,0.0,0.0,0.0,0.0,0.0,0.0,0.0,0.0,0.0,0.0,0.0,0.0,0.0,0.0,0.0,0.0,0.0,0.0,0.0,0.0,0.0
2025-09-25 23:00:00+00:00,284,4275,0.0,0.0,0.0,0.0,0.0,0.0,0.0,0.0,0.0,0.0,0.0,0.0,0.0,0.0,0.0,0.0,0.0,0.0,0.0,0.0,0.0
2025-09-25 23:15:00+00:00,285,4290,0.0,0.0,0.0,0.0,0.0,0.0,0.0,0.0,0.0,0.0,0.0,0.0,0.0,0.0,0.0,0.0,0.0,0.0,0.0,0.0,0.0
2025-09-25 23:30:00+00:00,286,4305,0.0,0.0,0.0,0.0,0.0,0.0,0.0,0.0,0.0,0.0,0.0,0.0,0.0,0.0,0.0,0.0,0.0,0.0,0.0,0.0,0.0
2025-09-25 23:45:00+00:00,287,4320,0.0,0.0,0.0,0.0,0.0,0.0,0.0,0.0,0.0,0.0,0.0,0.0,0.0,0.0,0.0,0.0,0.0,0.0,0.0,0.0,0.0
2025-09-26 00:00:00+00:00,288,4335,0.0,0.0,0.0,0.0,0.0,0.0,0.0,0.0,0.0,0.0,0.0,0.0,0.0,0.0,0.0,0.0,0.0,0.0,0.0,0.0,0.0
2025-09-26 00:15:00+00:00,289,4350,0.0,0.0,0.0,0.0,0.0,0.0,0.0,0.0,0.0,0.0,0.0,0.0,0.0,0.0,0.0,0.0,0.0,0.0,0.0,0.0,0.0
2025-09-26 00:30:00+00:00,290,4365,0.0,0.0,0.0,0.0,0.0,0.0,0.0,0.0,0.0,0.0,0.0,0.0,0.0,0.0,0.0,0.0,0.0,0.0,0.0,0.0,0.0
2025-09-26 00:45:00+00:00,291,4380,0.0,0.0,0.0,0.0,0.0,0.0,0.0,0.0,0.0,0.0,0.0,0.0,0.0,0.0,0.0,0.0,0.0,0.0,0.0,0.0,0.0
2025-09-26 01:00:00+00:00,292,4395,0.0,0.0,0.0,0.0,0.0,0.0,0.0,0.0,0.0,0.0,0.0,0.0,0.0,0.0,0.0,0.0,0.0,0.0,0.0,0.0,0.0
2025-09-26 01:15:00+00:00,293,4410,0.0,0.0,0.0,0.0,0.0,0.0,0.0,0.0,0.0,0.0,0.0,0.0,0.0,0.0,0.0,0.0,0.0,0.0,0.0,0.0,0.0
2025-09-26 01:30:00+00:00,294,4425,0.0,0.0,0.0,0.0,0.0,0.0,0.0,0.0,0.0,0.0,0.0,0.0,0.0,0.0,0.0,0.0,0.0,0.0,0.0,0.0,0.0
2025-09-26 01:45:00+00:00,295,4440,0.0,0.0,0.0,0.0,0.0,0.0,0.0,0.0,0.0,0.0,0.0,0.0,0.0,0.0,0.0,0.0,0.0,0.0,0.0,0.0,0.0
2025-09-26 02:00:00+00:00,296,4455,0.0,0.0,0.0,0.0,0.0,0.0,0.0,0.0,0.0,0.0,0.0,0.0,0.0,0.0,0.0,0.0,0.0,0.0,0.0,0.0,0.0
2025-09-26 02:15:00+00:00,297,4470,0.0,0.0,0.0,0.0,0.0,0.0,0.0,0.0,0.0,0.0,0.0,0.0,0.0,0.0,0.0,0.0,0.0,0.0,0.0,0.0,0.0
2025-09-26 02:30:00+00:00,298,4485,0.0,0.0,0.0,0.0,0.0,0.0,0.0,0.0,0.0,0.0,0.0,0.0,0.0,0.0,0.0,0.0,0.0,0.0,0.0,0.0,0.0
2025-09-26 02:45:00+00:00,299,4500,0.0,0.0,0.0,0.0,0.0,0.0,0.0,0.0,0.0,0.0,0.0,0.0,0.0,0.0,0.0,0.0,0.0,0.0,0.0,0.0,0.0
2025-09-26 03:00:00+00:00,300,4515,0.0,0.0,0.0,0.0,0.0,0.0,0.0,0.0,0.0,0.0,0.0,0.0,0.0,0.0,0.0,0.0,0.0,0.0,0.0,0.0,0.0
2025-09-26 03:15:00+00:00,301,4530,0.0,0.0,0.0,0.0,0.0,0.0,0.0,0.0,0.0,0.0,0.0,0.0,0.0,0.0,0.0,0.0,0.0,0.0,0.0,0.0,0.0
2025-09-26 03:30:00+00:00,302,4545,0.0,0.0,0.0,0.0,0.0,0.0,0.0,0.0,0.0,0.0,0.0,0.0,0.0,0.0,0.0,0.0,0.0,0.0,0.0,0.0,0.0
2025-09-26 03:45:00+00:00,303,4560,0.0,0.0,0.0,0.0,0.0,0.0,0.0,0.0,0.0,0.0,0.0,0.0,0.0,0.0,0.0,0.0,0.0,0.0,0.0,0.0,0.0
2025-09-26 04:00:00+00:00,304,4575,0.0,0.0,0.0,0.0,0.0,0.0,0.0,0.0,0.0,0.0,0.0,0.0,0.0,0.0,0.0,0.0,0.0,0.0,0.0,0.0,0.0
2025-09-26 04:15:00+00:00,305,4590,0.0,0.0,0.0,0.0,0.0,0.0,0.0,0.0,0.0,0.0,0.0,0.0,0.0,0.0,0.0,0.0,0.0,0.0,0.0,0.0,0.0
2025-09-26 04:30:00+00:00,306,4605,0.0,0.0,0.0,0.0,0.0,0.0,0.0,0.0,0.0,0.0,0.0,0.0,0.0,0.0,0.0,0.0,0.0,0.0,0.0,0.0,0.0
2025-09-26 04:45:00+00:00,307,4620,0.0,0.0,0.0,0.0,0.0,0.0,0.0,0.0,0.0,0.0,0.0,0.0,0.0,0.0,0.0,0.0,0.0,0.0,0.0,0.0,0.0
2025-09-26 05:00:00+00:00,308,4635,0.0017768626394554458,0.0028008558224811354,0.0035634868106558418,0.00487924765376,0.005417374096652759,0.005986514257365772,0.0065460092127827335,0.007355930126925014,0.008238893699078643,0.009317942566817198,0.010907444926858476,0.012533007020772945,0.015382000234624634,0.018396143424706107,0.020934406093417745,0.024418445391265045,0.029983633119829847,0.03441795602175859,0.036053469898457355,0.04947065779731379,0.014654230601527702
2025-09-26 05:15:00+00:00,309,4650,20.214908665492395,31.716334577350036,42.03175328362158,60.32897678995031,67.4148915524487,76.60792124386538,87.14784625566747,97.39198439682887,107.62612527405939,128.38826109416135,145.18003341486047,190.0711867208358,216.84613443277271,245.31991118060938,274.24145258814485,326.05880157642537,363.2671068552789,391.12985802453187,408.30594244516635,555.4294495374617,183.16980420941758
2025-09-26 05:30:00+00:00,310,4665,58.01756693615797,113.32232965716314,190.87141901243206,262.5728673159365,328.8439976494622,419.8959648224449,511.8929702385691,620.9602114735275,851.36539640697,1000.4466978018168,1101.7614788829599,1244.9924174113273,1386.346709711482,1603.3796730971287,1711.8256629498055,1865.5878931648608,1952.8968884216551,2033.5547073426997,2210.5077892441755,2866.6318960813173,1070.2415147822824
2025-09-26 05:45:00+00:00,311,4680,157.0412396572773,466.30802260829375,608.18677022333,837.3830846356094,1194.6683392496968,1455.4096383765955,1977.9231146332795,2279.958063924309,2608.5358001673003,2821.9931833170085,3091.3933287309947,3458.904268412795,3741.5645134172382,3927.7460450518415,4065.1223066616462,4391.986153339565,4614.292584493648,4937.2485299531245,5256.858301776559,6818.505733542652,2822.072636711737
2025-09-26 06:00:00+00:00,312,4695,388.78253591595904,860.8028347810003,1291.867900154097,1745.7047342134865,2318.1907999725727,3158.267800448832,3752.7908238366877,4353.183132641171,4760.788060688277,5272.232845525267,5867.491688142809,6184.894999892997,6392.005112143845,6706.856762749808,7099.474666884426,7297.418122325974,7775.710808962802,8210.640169308901,8553.74359186391,10901.081133167321,4962.3317074935285
2025-09-26 06:15:00+00:00,313,4710,238.4144035942788,1229.296300587406,1938.8156709592267,2993.014976377448,3896.9662287995284,4955.978327463888,5953.798998202364,6543.268173724648,7121.238290699778,8010.961380680821,8511.553969647814,8940.689116580457,9228.136356564439,9809.833286319952,10128.008636241228,10464.422023685338,11141.65810025038,11730.396286343337,12239.887405032365,15495.249566882292,7268.084754813954
2025-09-26 06:30:00+00:00,314,4725,367.0586090848905,1536.8785130017586,3522.5976120895625,5533.197025945445,6386.569588990797,7802.80080511621,8632.144167796378,9297.653871401511,10205.546737079001,10959.075297144269,11444.926134178613,11866.81478863867,12428.534475060624,12906.02191244165,13230.020173372377,13676.947786170373,14589.290542569404,15215.768328358405,16085.238244201406,20130.121986579783,9949.088419035803
2025-09-26 06:45:00+00:00,315,4740,291.12281736872245,1852.8376307113863,4643.947697865264,7537.926214602312,9218.57415680145,10354.567613296285,11312.512557750279,12461.91135287514,13443.651705413802,14056.346592163953,14598.176182623261,15320.373366017906,15778.050468059664,16235.264164321296,16618.581871972066,17193.179927139652,18082.091836168885,18716.245705854235,19582.164239877275,24846.50177891365,12680.882195602115
2025-09-26 07:00:00+00:00,316,4755,1601.0287594099937,3388.983431969943,8490.688398338405,10476.41074487658,11874.992844358976,12819.858117562284,14646.33149897771,15623.075439951788,16423.43362491012,16805.054717056086,17578.44438135012,18506.945395818857,19085.419245306584,19621.37141714068,20136.1296107683,20887.292531515253,21674.021505786066,22234.14441236722,23265.272851109385,29554.894693441656,15724.297045238676
2025-09-26 07:15:00+00:00,317,4770,1668.9364157523876,3505.5948373306196,9665.33097712656,12424.164413668132,13978.431676449805,16276.338537965123,17703.918068455318,18634.920227867435,19327.914537299737,20523.382823826043,21284.28397019069,21954.870577416088,22614.656697094324,23241.395730540276,23937.522212566895,24688.676872860804,25078.40165639472,25766.515880767085,26778.833714140506,34227.79807493658,18476.185197562605
2025-09-26 07:30:00+00:00,318,4785,2150.01455340779,4408.732068968053,11950.481651637594,15243.26638680669,17134.30000448997,19571.12828339534,21188.544360917953,21996.84286522838,23465.566187143024,24110.775365138867,25254.50838544424,25878.303591917687,26359.483653990723,27224.82416050061,27983.800050702765,28366.541252299445,29252.59920531366,30052.771485007062,30552.69539465499,38947.47542934648,21513.13369764781
2025-09-26 07:45:00+00:00,319,4800,2524.2342388694556,10781.224968669012,13646.661806629687,17414.287586449856,19356.531975700665,22071.319750617793,23797.400298949193,24806.408138408497,26561.296352599136,27463.174561357206,28656.28711079424,29009.03774827249,29511.5635596389,30111.924208391,30821.418864815732,31465.89323268744,31823.997385096747,32932.61285400667,33953.673538429,43360.805960642916,24347.192990626256
2025-09-26 08:00:00+00:00,320,4815,2886.733169222199,3413.8332225693625,12409.9623232993,17600.00686930992,20423.159102607708,23398.212902238287,25489.32260977686,26681.31338473943,27981.752761898468,29671.616836358437,31299.316959952957,31941.861440368495,32477.600763386115,33181.63421850456,33833.80794110073,34595.76140178674,35102.43941307872,36069.9538699047,37234.44431296063,47553.23910467734,25903.68051012441
2025-09-26 08:15:00+00:00,321,4830,2957.914938514232,3694.3432822220643,5261.61178047108,15685.475406059855,21386.334219850076,25111.870749895475,27301.436623931262,29153.139084516602,30420.030166882836,32195.735978710753,33938.250421591714,34890.40697432658,35359.7954438209,36053.91031885205,36747.21862813342,37565.13750650523,38210.06767620356,39191.72028520173,40731.39859958405,51494.33709038089,27512.417419076723
2025-09-26 08:30:00+00:00,322,4845,3073.697285242482,4362.81452944615,5638.857022438332,15315.23930279787,21837.754198838076,25539.374380799596,27764.289091367133,30280.02965621155,31782.110745718204,33890.743055512,36066.948633940396,37494.42457121331,38073.38903396788,38642.1000545197,39454.11203193926,40156.848722963776,40899.99338786612,41752.352405672784,43604.14805729223,55158.00672298359,29105.64791246407
2025-09-26 08:45:00+00:00,323,4860,3500.9014989944603,4772.455029048861,5474.803259097161,11170.521746083818,18524.088602272914,24602.072867619347,28167.71574037171,30454.8938984334,33345.076491388994,35325.67817994058,37688.378700220084,39671.977579179045,40434.64791865274,41032.64231730994,41752.74305432806,42497.506947907255,43280.12953992764,44192.90364659675,46167.9910669866,58521.553209362806,30018.611550099416
2025-09-26 09:00:00+00:00,324,4875,2989.881033491885,4968.171927888221,5573.466976723891,9798.084909221947,18559.68115871238,23391.548515541377,27817.30887396475,30727.90321324574,34329.96838889389,36495.22085017232,38790.33992330346,41098.526014024515,42555.57908669296,43160.00860207478,43843.79624995271,44656.48999929399,45424.805107238215,46659.76981382813,49142.80563862277,61565.107611272804,30982.21668410086
2025-09-26 09:15:00+00:00,325,4890,2520.650887300723,4099.255267671641,5606.699776585952,9076.298704364037,17856.428813200233,21600.967549946825,28568.4041298363,31561.4211648085,35065.092390779864,37057.99240226384,39515.88323840446,42265.702182667446,44219.15638078875,44836.70451303743,45391.62230745993,46298.673612869374,47113.695195127104,48439.53266787283,51108.70600613262,64271.289970354796,31591.34072604654
2025-09-26 09:30:00+00:00,326,4905,1029.9409656188143,3553.332435264626,5482.066051110124,6167.207506924913,12027.482546276458,20949.290618682553,28614.92628021215,32433.310917637617,36140.74987858732,38327.828750360364,41055.75662359153,44258.41038894822,45686.230592744054,46504.41314237034,47086.46545156244,48008.15327817271,48810.046273480104,50457.94344655494,53404.888715866335,66625.02136975157,32035.107102210513
2025-09-26 09:45:00+00:00,327,4920,444.4412225983692,1608.9624082126602,3928.6253916280943,5737.307073952417,6381.072623407527,12761.583094858814,23031.526605715164,31647.71150477343,34381.68370115594,37998.82854949557,40151.8077966854,43219.33519868869,46399.39406903727,47640.63535081223,48341.71410873539,49383.12395538469,50181.919944689005,51214.789670123566,54818.70796066878,68613.42999329774,31050.1854720085
2025-09-26 10:00:00+00:00,328,4935,310.38909218898436,1223.6250150154597,3378.0852414395954,5311.671801059015,6088.5583220033095,8015.022805536018,19256.592276469644,30007.9467968077,34801.62017242321,38946.42508053372,41458.58701249357,44262.62939227371,47226.56477078314,48379.49779215433,49191.281696733466,50362.09545599652,51054.840998140804,52659.57653905817,55420.13277833821,70225.81570783164,30809.88663395494
2025-09-26 10:15:00+00:00,329,4950,344.4514067058798,1262.289568199295,3134.6308130753328,5295.776168213088,6211.3916412100125,7985.045553315304,13344.56605354542,27665.27760666272,34801.75465160791,38939.800958291125,41658.57351598553,44904.228052136175,47815.22882889009,49114.94994692397,50003.551560564374,51082.52908808434,52112.89566861217,53514.14381486577,56404.18753395247,71453.64930860615,30755.74788042075
2025-09-26 10:30:00+00:00,330,4965,376.95222078717586,1382.25719949744,3258.23379291,5393.8733479481725,6443.60000237267,10590.10667978375,15312.73170942081,27856.577805711328,35095.992649081294,39545.19265709295,43196.381745339226,46606.39676133436,48631.34870667783,49434.94868973645,50510.339902461725,51824.62053447224,52627.29429640027,53825.21189043444,57271.34463297735,72290.59047756343,31482.105515416064
2025-09-26 10:45:00+00:00,331,4980,389.81224219056116,1692.1962225775465,3590.16237290918,5627.080544830559,6928.468912479929,12695.74939255368,22542.25146568618,31310.047492265832,36738.9516022822,41364.90014222112,44114.99081019342,46898.422628191445,48688.7075996402,49494.57812215263,50401.812537798054,51435.5718980385,52990.972019977184,54629.077625519625,58302.13384041217,72732.51348790116,32566.842494395954
2025-09-26 11:00:00+00:00,332,4995,408.23925574526606,2044.8591689101816,3719.4880098375215,6446.11419191245,9472.464455700394,15982.860150651948,27136.866198460364,31922.388662008503,37977.20429709414,41339.493317301014,43491.02895487052,46579.7354912632,48595.143727871306,49422.58843294151,50269.16827388123,51319.94176067784,53019.142576306724,54827.64356702061,60060.49327750384,72777.53293901686,33281.90142726735
2025-09-26 11:15:00+00:00,333,5010,116.21351044986666,1298.924918000347,3253.0986852289752,5073.645381087832,7113.881132184666,12817.590425121365,18080.963327987232,28487.99266145886,33237.94722135038,37567.029145919136,40763.18313851964,43078.54287953419,45709.209777232645,47723.82516638037,48944.3378690313,49587.57586004114,50655.164599573036,51882.89053664436,59878.160821272504,72426.0247852305,30838.05240755766
2025-09-26 11:30:00+00:00,334,5025,111.02326846531092,1094.7243063225362,3372.3847043204833,5681.177627611122,7559.993437194492,13135.06211076728,20422.707934814967,28928.378940594856,34304.299885971835,37987.96024478226,40919.61921945724,43744.681374692555,45923.217534414594,47696.42137082939,48403.448770534735,49227.444904079806,50573.217367509314,54091.75946838632,59248.15109205017,71680.64022388423,31172.762283621123
2025-09-26 11:45:00+00:00,335,5040,107.59764614729728,1087.6897586972898,3551.3998598223766,5348.190715866469,6767.281428016302,13538.13907946717,21120.230136127066,27849.887542644534,33316.264649551376,37118.86498646032,39847.06313763909,42787.666979275804,45089.88475919459,46811.423941349,47660.712628363464,48736.64466787719,50313.60556938443,53771.118386705726,58080.89686292088,70546.31225212653,30666.87104926395
2025-09-26 12:00:00+00:00,336,5055,117.13346693170824,1570.2249931840977,4032.672572658082,5412.082677531399,6542.423262379737,12414.058213588936,16623.222494542882,25522.186380899486,29743.533924444473,33544.21656090019,37756.79353745067,40201.56683473282,43150.27910083988,45813.10501676174,46644.47029776277,47773.21850123675,49733.53931337148,52694.99343603796,56598.86899893306,69030.25710028097,29285.371179725862
2025-09-26 12:15:00+00:00,337,5070,259.30679865986065,2417.7658636689525,4040.6289355635527,5264.955061631863,6777.14375479292,14535.760994679036,22264.063926659925,27001.58884755291,31231.678515952568,35006.61689613854,38096.835661836194,41318.845706693304,43560.533056385444,44270.1101555426,45029.78039970662,46713.96132347805,49534.47733064972,52411.93186991543,55096.03944288351,67141.9748416206,29681.772935389832
2025-09-26 12:30:00+00:00,338,5085,492.31451927511193,2916.62918816915,4223.690446951983,5572.704952860459,11629.026913540738,16980.670380756692,23112.95267025282,27301.16617588209,30717.819028689737,33618.04860192907,36572.996181027316,39135.652312086604,41822.02669605479,42702.303083520346,43438.13037793238,45173.40509067678,47766.28801018707,50331.84186695938,53134.66533354642,64893.25602956639,29224.663374607415
2025-09-26 12:45:00+00:00,339,5100,1100.0699329566676,3095.4910872216274,4166.505450221621,5671.304513985098,12374.392054121927,18127.352016784414,23862.963550741082,26918.203162845228,29939.184271867744,32033.72644624496,34095.42109296916,36032.452543188556,39115.646250522834,40649.765042164996,41540.17316884342,43481.46199591706,45867.85423374854,48415.017280737266,51137.29103580125,62298.20398717896,28367.822837256455
2025-09-26 13:00:00+00:00,340,5115,1882.51344999761,3127.355156243538,4056.0968064594363,7265.653874538494,14030.306521316497,21153.79226156154,23939.29341124918,26671.42862677184,29608.580310481964,31005.234816292763,33717.429074172716,35512.728981093656,37772.893495200806,38872.68879684786,39820.30399152674,41926.326055937214,43660.23898353149,45923.928706013714,48690.68945658425,59373.28558241591,27847.531123626602
2025-09-26 13:15:00+00:00,341,5130,2330.2037609793733,3302.715256060303,4526.681924146751,10382.623272023216,16157.3750198637,21336.926849987383,23560.02082932981,26054.625507537883,28290.11875480671,29506.779826631682,31985.809644356963,33670.8217414213,35926.854585737216,36844.114829258135,37677.792774626556,39699.12372088908,41298.74663643381,43538.75767755938,46046.6289401247,56137.42850530876,26945.464568177264
2025-09-26 13:30:00+00:00,342,5145,2158.7613046570873,3128.5068307564848,4449.703640298334,10400.433740020078,17488.10607160451,20173.06925350417,21684.801648380773,23647.694784806117,26310.39106938866,27108.126784585635,29506.150204237707,30870.00257384398,32840.08534485406,34245.0274727769,34862.76151004383,36974.00824074233,38227.78790043054,40346.75020012364,42938.40795707283,52612.19017531446,25117.03706676795
2025-09-26 13:45:00+00:00,343,5160,2019.254849594994,2892.877565501798,4140.250392216732,10862.101536446728,15870.236374441896,18437.81638323753,19916.71635745929,21303.403646567534,23556.096654721554,24703.19502290703,26606.24260655213,27976.313852815547,30125.06439539291,31616.11791165487,32332.502580377408,34017.00417835251,35412.94293796264,37333.213980409244,39855.22474604657,48822.03388809015,23085.970851195958
2025-09-26 14:00:00+00:00,344,5175,2020.9546209315708,2873.879081646142,4644.214274093973,10902.27634167423,15418.832023650832,17233.204171737743,18505.75313602174,19730.53674492688,21635.826246722845,22686.886287519643,23991.038909453222,25628.3180096081,27292.961299337843,28953.257431680246,29673.083330150366,31307.66598984954,32477.86985648104,34265.23258026756,36517.98926151816,44794.76471104382,21332.937191534726
2025-09-26 14:15:00+00:00,345,5190,1758.90348915416,2629.821662266373,5829.353449210049,11130.518644150956,13937.483127341116,15484.488248219575,16681.790554713996,17943.067167303478,19635.985282983187,20462.656242465808,21514.574686647222,23073.651224904264,24391.008480247507,26017.875141754677,26644.634349664186,28300.50172572716,29388.532250528977,30975.632039542503,33091.7707034968,40562.20209563243,19389.48670519857
2025-09-26 14:30:00+00:00,346,5205,1641.319028230548,2551.188793241734,6076.470692142093,10216.290038307536,12438.61524461835,13782.137301965611,14770.48076230432,15726.312983436037,16794.376334174038,18091.755707600176,18481.842813747327,19596.5992822587,20810.493070303706,22144.271089039437,23645.57188870376,24829.338749014518,26065.054024844023,27165.1959802742,29460.93536004759,36161.20209067588,17073.003155076894
2025-09-26 14:45:00+00:00,347,5220,1466.0853148584704,2330.054813597645,7362.6975123574875,9347.88380899287,11009.096711665186,12174.933217988755,13074.367200729399,13848.644364982561,14866.460914443183,15746.693909658332,16047.075579932294,17158.573478232232,18246.857119595134,19022.468039575346,20470.46830925248,21274.852813441088,22264.90855968424,23223.103526058007,25328.00655064164,31527.945683668324,14995.07170897444
2025-09-26 15:00:00+00:00,348,5235,1360.3910463731263,1991.0728322840719,6390.250145384386,7887.076241553179,8907.384846743216,9749.383659982828,10652.120434316626,11393.486382192072,12035.14966244134,12975.120491079304,13503.517145671743,13937.324527485545,14853.143737314169,15833.374878921713,16894.194743247244,17660.47179645102,18712.541943947734,19643.403712644056,20828.881987634217,26940.09641713741,12379.342543266303
2025-09-26 15:15:00+00:00,349,5250,1088.8286701476395,1686.9593864828842,5743.817220747232,6539.711313130024,7348.044430151645,7952.204311239807,8693.337571598631,9271.904717284104,9932.383884780049,10700.417482058006,11227.208146106243,11475.07755755356,12180.611650733039,12915.317042261035,13772.046725536651,14611.52191370582,15422.07151438585,16097.764060621208,17028.913058409827,22408.754854768955,10200.341155390754
2025-09-26 15:30:00+00:00,350,5265,899.324178366577,1342.423577448533,4584.797307571278,4990.252399649523,5624.876524128081,6153.325239458844,6733.74455193909,7148.1514110706785,7527.309783276954,8117.760255625962,8710.246365847914,9061.66226153589,9286.731545959352,9967.898971471068,10373.128343353075,11109.611386949293,11775.226935509878,12574.360130159903,13313.154656711029,17940.95747557531,7892.847465423835
2025-09-26 15:45:00+00:00,351,5280,663.7816685747018,1662.1377718605704,3593.3998493782683,3920.9107517692064,4344.800965409728,4776.567639689193,5180.155917893233,5445.812652545883,5733.867809774623,6102.543948004997,6664.671822676156,6906.8112893553225,7113.748426578574,7566.114628828413,7890.847718271777,8283.129644679937,8865.93050946587,9507.816207475953,10026.87323865975,13628.402623581085,6034.24741615898
2025-09-26 16:00:00+00:00,352,5295,445.3603908768544,1289.1804460265635,2574.534787195622,2782.689548874713,3028.3759497434908,3337.320919141202,3509.4231369379727,3748.9821048145677,3961.90498611669,4161.084208974545,4604.63903599507,4797.451980874243,4897.997714353162,5162.298040039415,5441.595552933074,5689.500447361913,6110.7008927390525,6394.759920601391,6862.723911764892,9495.353783919685,4161.599142504658
2025-09-26 16:15:00+00:00,353,5310,299.73528193197905,769.4434141162908,1584.9709067500683,1704.7292638678007,1865.487061629,1984.7258908882084,2127.261753690175,2321.248021468173,2438.3406654860996,2582.4707291575196,2866.6548144994113,2999.9232312038544,3070.728672819126,3224.531426382546,3400.579446492623,3540.0869818476476,3781.4450039557673,3946.617891498028,4262.416181743088,5855.626094582022,2577.0184831861307
2025-09-26 16:30:00+00:00,354,5325,169.6242986978906,437.7700534262187,722.4073119236499,798.0384654797597,863.4240348888527,909.084805551248,987.2652069740644,1083.4128394888978,1143.6092525461622,1197.8411419495658,1272.5204047066593,1368.3177413674307,1433.8778049533455,1514.9239845446798,1579.4263262262543,1668.6960657245595,1758.1759903289424,1844.4921164397256,1958.722264181192,2707.380108010698,1200.8882132132624
2025-09-26 16:45:00+00:00,355,5340,116.28636534555055,216.55489525806354,265.0012241171206,281.47639879265836,300.35789210426896,318.12571519610435,333.1832810354085,353.47379998225085,370.9336651269071,388.0696636596905,422.1796682587924,440.52942617253234,462.5903728957963,484.76507372478744,501.01019559975913,528.8078606164971,552.4022503853131,579.9504053839531,621.7621498138251,697.6521929915972,397.434556534884
2025-09-26 17:00:00+00:00,356,5355,0.9158233902539724,1.811761282249355,2.0669002913356747,2.166058078520098,2.2957699900871478,2.42777118778597,2.5473587207948043,2.6868318950741377,2.820328811543551,2.931449497695427,3.171543969760659,3.329673626029752,3.4865400289651056,3.612261875144479,3.741897087082833,3.9144825391658693,4.091474284058736,4.323064782892222,4.628478975684773,5.231017295612914,3.004210582053831
2025-09-26 17:15:00+00:00,357,5370,0.0,0.0,0.0,0.0,0.0,0.0,0.0,0.0,0.0,0.0,0.0,0.0,0.0,0.0,0.0,0.0,0.0,0.0,0.0,0.0,0.0
2025-09-26 17:30:00+00:00,358,5385,0.0,0.0,0.0,0.0,0.0,0.0,0.0,0.0,0.0,0.0,0.0,0.0,0.0,0.0,0.0,0.0,0.0,0.0,0.0,0.0,0.0
2025-09-26 17:45:00+00:00,359,5400,0.0,0.0,0.0,0.0,0.0,0.0,0.0,0.0,0.0,0.0,0.0,0.0,0.0,0.0,0.0,0.0,0.0,0.0,0.0,0.0,0.0
2025-09-26 18:00:00+00:00,360,5415,0.0,0.0,0.0,0.0,0.0,0.0,0.0,0.0,0.0,0.0,0.0,0.0,0.0,0.0,0.0,0.0,0.0,0.0,0.0,0.0,0.0
2025-09-26 18:15:00+00:00,361,5430,0.0,0.0,0.0,0.0,0.0,0.0,0.0,0.0,0.0,0.0,0.0,0.0,0.0,0.0,0.0,0.0,0.0,0.0,0.0,0.0,0.0
2025-09-26 18:30:00+00:00,362,5445,0.0,0.0,0.0,0.0,0.0,0.0,0.0,0.0,0.0,0.0,0.0,0.0,0.0,0.0,0.0,0.0,0.0,0.0,0.0,0.0,0.0
2025-09-26 18:45:00+00:00,363,5460,0.0,0.0,0.0,0.0,0.0,0.0,0.0,0.0,0.0,0.0,0.0,0.0,0.0,0.0,0.0,0.0,0.0,0.0,0.0,0.0,0.0
2025-09-26 19:00:00+00:00,364,5475,0.0,0.0,0.0,0.0,0.0,0.0,0.0,0.0,0.0,0.0,0.0,0.0,0.0,0.0,0.0,0.0,0.0,0.0,0.0,0.0,0.0
2025-09-26 19:15:00+00:00,365,5490,0.0,0.0,0.0,0.0,0.0,0.0,0.0,0.0,0.0,0.0,0.0,0.0,0.0,0.0,0.0,0.0,0.0,0.0,0.0,0.0,0.0
2025-09-26 19:30:00+00:00,366,5505,0.0,0.0,0.0,0.0,0.0,0.0,0.0,0.0,0.0,0.0,0.0,0.0,0.0,0.0,0.0,0.0,0.0,0.0,0.0,0.0,0.0
2025-09-26 19:45:00+00:00,367,5520,0.0,0.0,0.0,0.0,0.0,0.0,0.0,0.0,0.0,0.0,0.0,0.0,0.0,0.0,0.0,0.0,0.0,0.0,0.0,0.0,0.0
2025-09-26 20:00:00+00:00,368,5535,0.0,0.0,0.0,0.0,0.0,0.0,0.0,0.0,0.0,0.0,0.0,0.0,0.0,0.0,0.0,0.0,0.0,0.0,0.0,0.0,0.0
2025-09-26 20:15:00+00:00,369,5550,0.0,0.0,0.0,0.0,0.0,0.0,0.0,0.0,0.0,0.0,0.0,0.0,0.0,0.0,0.0,0.0,0.0,0.0,0.0,0.0,0.0
2025-09-26 20:30:00+00:00,370,5565,0.0,0.0,0.0,0.0,0.0,0.0,0.0,0.0,0.0,0.0,0.0,0.0,0.0,0.0,0.0,0.0,0.0,0.0,0.0,0.0,0.0
2025-09-26 20:45:00+00:00,371,5580,0.0,0.0,0.0,0.0,0.0,0.0,0.0,0.0,0.0,0.0,0.0,0.0,0.0,0.0,0.0,0.0,0.0,0.0,0.0,0.0,0.0
2025-09-26 21:00:00+00:00,372,5595,0.0,0.0,0.0,0.0,0.0,0.0,0.0,0.0,0.0,0.0,0.0,0.0,0.0,0.0,0.0,0.0,0.0,0.0,0.0,0.0,0.0
2025-09-26 21:15:00+00:00,373,5610,0.0,0.0,0.0,0.0,0.0,0.0,0.0,0.0,0.0,0.0,0.0,0.0,0.0,0.0,0.0,0.0,0.0,0.0,0.0,0.0,0.0
2025-09-26 21:30:00+00:00,374,5625,0.0,0.0,0.0,0.0,0.0,0.0,0.0,0.0,0.0,0.0,0.0,0.0,0.0,0.0,0.0,0.0,0.0,0.0,0.0,0.0,0.0
2025-09-26 21:45:00+00:00,375,5640,0.0,0.0,0.0,0.0,0.0,0.0,0.0,0.0,0.0,0.0,0.0,0.0,0.0,0.0,0.0,0.0,0.0,0.0,0.0,0.0,0.0
2025-09-26 22:00:00+00:00,376,5655,0.0,0.0,0.0,0.0,0.0,0.0,0.0,0.0,0.0,0.0,0.0,0.0,0.0,0.0,0.0,0.0,0.0,0.0,0.0,0.0,0.0
2025-09-26 22:15:00+00:00,377,5670,0.0,0.0,0.0,0.0,0.0,0.0,0.0,0.0,0.0,0.0,0.0,0.0,0.0,0.0,0.0,0.0,0.0,0.0,0.0,0.0,0.0
2025-09-26 22:30:00+00:00,378,5685,0.0,0.0,0.0,0.0,0.0,0.0,0.0,0.0,0.0,0.0,0.0,0.0,0.0,0.0,0.0,0.0,0.0,0.0,0.0,0.0,0.0
2025-09-26 22:45:00+00:00,379,5700,0.0,0.0,0.0,0.0,0.0,0.0,0.0,0.0,0.0,0.0,0.0,0.0,0.0,0.0,0.0,0.0,0.0,0.0,0.0,0.0,0.0
2025-09-26 23:00:00+00:00,380,5715,0.0,0.0,0.0,0.0,0.0,0.0,0.0,0.0,0.0,0.0,0.0,0.0,0.0,0.0,0.0,0.0,0.0,0.0,0.0,0.0,0.0
2025-09-26 23:15:00+00:00,381,5730,0.0,0.0,0.0,0.0,0.0,0.0,0.0,0.0,0.0,0.0,0.0,0.0,0.0,0.0,0.0,0.0,0.0,0.0,0.0,0.0,0.0
2025-09-26 23:30:00+00:00,382,5745,0.0,0.0,0.0,0.0,0.0,0.0,0.0,0.0,0.0,0.0,0.0,0.0,0.0,0.0,0.0,0.0,0.0,0.0,0.0,0.0,0.0
2025-09-26 23:45:00+00:00,383,5760,0.0,0.0,0.0,0.0,0.0,0.0,0.0,0.0,0.0,0.0,0.0,0.0,0.0,0.0,0.0,0.0,0.0,0.0,0.0,0.0,0.0
2025-09-27 00:00:00+00:00,384,5775,0.0,0.0,0.0,0.0,0.0,0.0,0.0,0.0,0.0,0.0,0.0,0.0,0.0,0.0,0.0,0.0,0.0,0.0,0.0,0.0,0.0
2025-09-27 00:15:00+00:00,385,5790,0.0,0.0,0.0,0.0,0.0,0.0,0.0,0.0,0.0,0.0,0.0,0.0,0.0,0.0,0.0,0.0,0.0,0.0,0.0,0.0,0.0
2025-09-27 00:30:00+00:00,386,5805,0.0,0.0,0.0,0.0,0.0,0.0,0.0,0.0,0.0,0.0,0.0,0.0,0.0,0.0,0.0,0.0,0.0,0.0,0.0,0.0,0.0
2025-09-27 00:45:00+00:00,387,5820,0.0,0.0,0.0,0.0,0.0,0.0,0.0,0.0,0.0,0.0,0.0,0.0,0.0,0.0,0.0,0.0,0.0,0.0,0.0,0.0,0.0
2025-09-27 01:00:00+00:00,388,5835,0.0,0.0,0.0,0.0,0.0,0.0,0.0,0.0,0.0,0.0,0.0,0.0,0.0,0.0,0.0,0.0,0.0,0.0,0.0,0.0,0.0
2025-09-27 01:15:00+00:00,389,5850,0.0,0.0,0.0,0.0,0.0,0.0,0.0,0.0,0.0,0.0,0.0,0.0,0.0,0.0,0.0,0.0,0.0,0.0,0.0,0.0,0.0
2025-09-27 01:30:00+00:00,390,5865,0.0,0.0,0.0,0.0,0.0,0.0,0.0,0.0,0.0,0.0,0.0,0.0,0.0,0.0,0.0,0.0,0.0,0.0,0.0,0.0,0.0
2025-09-27 01:45:00+00:00,391,5880,0.0,0.0,0.0,0.0,0.0,0.0,0.0,0.0,0.0,0.0,0.0,0.0,0.0,0.0,0.0,0.0,0.0,0.0,0.0,0.0,0.0
2025-09-27 02:00:00+00:00,392,5895,0.0,0.0,0.0,0.0,0.0,0.0,0.0,0.0,0.0,0.0,0.0,0.0,0.0,0.0,0.0,0.0,0.0,0.0,0.0,0.0,0.0
2025-09-27 02:15:00+00:00,393,5910,0.0,0.0,0.0,0.0,0.0,0.0,0.0,0.0,0.0,0.0,0.0,0.0,0.0,0.0,0.0,0.0,0.0,0.0,0.0,0.0,0.0
2025-09-27 02:30:00+00:00,394,5925,0.0,0.0,0.0,0.0,0.0,0.0,0.0,0.0,0.0,0.0,0.0,0.0,0.0,0.0,0.0,0.0,0.0,0.0,0.0,0.0,0.0
2025-09-27 02:45:00+00:00,395,5940,0.0,0.0,0.0,0.0,0.0,0.0,0.0,0.0,0.0,0.0,0.0,0.0,0.0,0.0,0.0,0.0,0.0,0.0,0.0,0.0,0.0
2025-09-27 03:00:00+00:00,396,5955,0.0,0.0,0.0,0.0,0.0,0.0,0.0,0.0,0.0,0.0,0.0,0.0,0.0,0.0,0.0,0.0,0.0,0.0,0.0,0.0,0.0
2025-09-27 03:15:00+00:00,397,5970,0.0,0.0,0.0,0.0,0.0,0.0,0.0,0.0,0.0,0.0,0.0,0.0,0.0,0.0,0.0,0.0,0.0,0.0,0.0,0.0,0.0
2025-09-27 03:30:00+00:00,398,5985,0.0,0.0,0.0,0.0,0.0,0.0,0.0,0.0,0.0,0.0,0.0,0.0,0.0,0.0,0.0,0.0,0.0,0.0,0.0,0.0,0.0
2025-09-27 03:45:00+00:00,399,6000,0.0,0.0,0.0,0.0,0.0,0.0,0.0,0.0,0.0,0.0,0.0,0.0,0.0,0.0,0.0,0.0,0.0,0.0,0.0,0.0,0.0
2025-09-27 04:00:00+00:00,400,6015,0.0,0.0,0.0,0.0,0.0,0.0,0.0,0.0,0.0,0.0,0.0,0.0,0.0,0.0,0.0,0.0,0.0,0.0,0.0,0.0,0.0
2025-09-27 04:15:00+00:00,401,6030,0.0,0.0,0.0,0.0,0.0,0.0,0.0,0.0,0.0,0.0,0.0,0.0,0.0,0.0,0.0,0.0,0.0,0.0,0.0,0.0,0.0
2025-09-27 04:30:00+00:00,402,6045,0.0,0.0,0.0,0.0,0.0,0.0,0.0,0.0,0.0,0.0,0.0,0.0,0.0,0.0,0.0,0.0,0.0,0.0,0.0,0.0,0.0
2025-09-27 04:45:00+00:00,403,6060,0.0,0.0,0.0,0.0,0.0,0.0,0.0,0.0,0.0,0.0,0.0,0.0,0.0,0.0,0.0,0.0,0.0,0.0,0.0,0.0,0.0
2025-09-27 05:00:00+00:00,404,6075,0.0,0.0,0.0,0.0,1.4146606720656805e-06,3.0578434526958188e-06,4.701026233325955e-06,6.344209013956091e-06,1.3127855431803355e-05,2.7181133437972514e-05,3.607897181104405e-05,6.383338957110476e-05,0.00010653705379616782,0.0001499719692384829,0.0004232302104587158,0.00045527883509715466,0.000509463805309193,0.0005769445705526345,0.0006210623176420393,0.0010457592160713985,0.00016891315059882077
2025-09-27 05:15:00+00:00,405,6090,0.0,0.0,1.1005979499103324,2.4283034132942247,5.665323483225972,12.18440579809421,18.380846077439042,28.333318800932318,32.33782994109763,44.82577379483489,65.33795138373914,115.47383053592438,188.05722103737318,200.17917438294702,209.0225446025792,242.74694006308016,253.36174524351404,269.1945534407602,301.91973445389254,417.25301546192566,107.76055228028815
2025-09-27 05:30:00+00:00,406,6105,0.0,13.745417296793368,57.531001008428824,137.65215654126817,196.20845724725817,253.36645013517278,304.8876401103332,397.0308550741939,497.4012395181675,861.5458904861913,1193.982652074082,1296.7069682007298,1333.2354229112348,1429.22852302636,1552.6093662923706,1624.274583835549,1673.0333923752653,1847.9248580463384,1963.344840684439,2509.0805556000364,883.9384132646258
2025-09-27 05:45:00+00:00,407,6120,221.16297076619546,373.13352084406745,631.1705815349048,771.4700524219039,944.7753377665902,1112.4722676725241,1242.2652739916384,1586.0020103444263,2316.4210344792405,2839.9380072626054,3152.1320894186356,3422.9918285958242,3627.48248907077,3769.8098436875557,4003.4993141131367,4349.678522301966,4624.9214053869455,5035.890708547353,5297.768491585912,6450.694579889385,2711.1848970918027
2025-09-27 06:00:00+00:00,408,6135,913.0120723027778,1574.1651868225028,1810.7654877647508,2170.747069133683,2344.6520792575757,2798.0802972306055,3595.688701336874,4599.537573435017,5184.310039219255,5769.231548364912,6226.906652005495,6453.792308083467,6688.538555396179,7081.848878997488,7571.379469152201,7912.821918209571,8406.998475732082,8804.504944223941,9226.142979996785,10497.937529673432,5249.9053219774105
2025-09-27 06:15:00+00:00,409,6150,1302.4897388496652,2301.87141764132,2690.205851373086,3210.2292968013426,3532.3941231070003,4060.6746925311604,5224.249160899621,7288.194268915295,8231.012626884198,8940.720595318418,9294.217331902939,9647.357057673393,10169.024388364489,10663.791198897437,11233.47533636982,11556.208793682872,12200.05724470302,12720.990637317214,13421.22433449781,15107.68678451815,7774.291989218022
2025-09-27 06:30:00+00:00,410,6165,1711.6206303591864,2864.937692482237,3422.4981827897413,4184.287848341355,5005.340557477845,5766.759487316422,9473.347549608494,11240.485843863245,11821.521924645382,12308.015993929035,13074.799194675747,13671.330590704962,14173.396245682596,14617.205488299067,14975.374977571575,15540.50129441954,16305.603003676564,16818.532599440972,17620.48342541541,19738.31544419681,10713.008919297687
2025-09-27 06:45:00+00:00,411,6180,2290.4085776363477,3722.513357131958,4231.397455950663,5184.264649122287,6193.681723398791,7396.5900730841395,12997.784985974395,14667.406603693644,15312.655362024838,16196.821281166174,16715.05135306908,17251.780898907095,17819.10580315706,18173.29551512609,18750.6947059561,19326.090239773435,20329.449767303613,21289.20031208326,21794.546666029437,24454.926700399268,13576.415127315495
2025-09-27 07:00:00+00:00,412,6195,3507.6532787868346,4550.068352775017,5110.2173916359825,6228.108643729592,7970.600897590243,12860.638902811112,17133.46224362931,18238.413116090454,19050.59949631794,19678.36029381177,20348.578419854417,20931.651549202114,21327.98276818933,21907.26516946464,22520.16248748562,23627.55659694717,24640.61843055184,25597.14668912415,25954.65455059631,29165.36547898067,16753.960584113498
2025-09-27 07:15:00+00:00,413,6210,4106.045967079858,5374.0159395367245,6558.374404017643,7683.29367878248,9855.494793541267,19472.153630275705,21219.625173427557,22058.843550659665,23021.67189770782,23615.434888767886,24186.00640639778,24615.210557516566,25180.203055257592,25897.11386594616,26762.370424709774,27793.566600912112,28889.798069854824,29733.905328863886,30131.625237371616,33813.31676357007,20138.484189625902
2025-09-27 07:30:00+00:00,414,6225,4877.908673453886,6128.888924344057,7104.779026076939,8877.70955402355,12895.793673359243,23063.27633022877,25002.380049004332,25855.065586473378,26675.605187169418,27214.863215590536,27815.508753011578,28313.642610505238,29052.400694184522,29679.80673393926,30784.30401241735,31953.083382422148,33211.54609405605,33940.24307460944,34415.357322991214,38550.326419923374,23291.81885647805
2025-09-27 07:45:00+00:00,415,6240,5715.243021048813,6865.155749667238,8885.464937474273,15077.000904694862,25170.04508040884,27541.278386312475,28471.95984952262,29461.29036861535,30146.918993397576,30686.615321644487,31350.842467165498,31892.654107423485,32719.540657622034,33612.352454230546,34707.89285845922,35921.083377915784,36976.93422296187,37710.129573672006,38332.78966813242,42967.20336569299,27121.50746365072
2025-09-27 08:00:00+00:00,416,6255,6342.42453903151,7505.475259547931,11076.388553617655,21760.421759767276,28512.849058648593,30588.214266396968,31524.7964196486,32478.02407127511,33104.89102889822,33702.32257206741,34501.54403614252,35159.14629422158,36096.15348705369,37138.90292855682,38448.4654054846,39439.18422840067,40484.60578253852,41344.801343557825,42029.12920623343,47161.903154768836,30223.891093701022
2025-09-27 08:15:00+00:00,417,6270,7081.392235117743,8284.479101524734,22874.696811006153,29152.058805514003,32384.22428566113,33396.88081687485,34842.777698893806,35581.250100920624,36210.43932260725,36943.946755359786,37659.07758975984,38650.362896708706,39608.140094631155,40506.13760158963,41759.02189171199,42523.89058598962,43459.48968813672,44579.02084332886,45401.86356490988,51103.930109161236,33797.09720594747
2025-09-27 08:30:00+00:00,418,6285,7727.416967420104,9010.380770482145,24445.586813996684,30753.95380640163,34159.578167862484,36213.530724574695,37396.08265191996,38271.39761319297,39254.1249934165,40075.84513480998,40821.09140137144,42020.69689526934,42775.74666896741,43624.093854324004,44659.427972590536,45415.27531877368,46195.465772831834,47572.859982642476,48480.13099587248,54767.22191390365,36284.34205468093
2025-09-27 08:45:00+00:00,419,6300,8200.885774748402,9710.979956316045,23289.268034472705,32096.125842178255,35211.349543110235,38574.063374631834,39686.15030009994,40683.03843540935,41577.8284774293,42498.26316379868,43421.601313004765,44592.80402052411,45394.229337131546,46237.665706758016,47305.192435426645,48191.59618869796,48869.035485720124,50209.555192134794,51371.578682935324,58129.15986884231,38289.02771661299
2025-09-27 09:00:00+00:00,420,6315,8214.22844413789,9458.795065558323,21121.130151758378,32180.732710601736,35477.53679910471,39674.82167103624,41557.46654900863,42604.30721102085,43744.36026687579,44873.57355835508,45924.03861995127,46984.2049401115,47834.73055551603,48747.24718084517,49624.65751530721,50506.25301045194,51336.90958182267,52452.247787667206,53764.94847618147,61169.97223234847,39784.56849023027
2025-09-27 09:15:00+00:00,421,6330,8570.907659631173,9770.365592910099,15801.259754309132,32946.085349552806,36854.858371091665,41047.95218880492,43199.223575301075,44304.731569792355,45618.23957435464,46955.68476553037,47996.89682522051,49051.4261789101,50077.023185637954,50869.061837574256,51712.69221320362,52634.254847741904,53659.06751054025,54794.68673807939,56102.07162614634,63872.38417005778,41148.803207314144
2025-09-27 09:30:00+00:00,422,6345,9192.233232032988,10226.646729449723,20942.327154987543,31935.91327221684,37830.33097174458,41348.510729264875,44227.127455625036,45452.445934415744,46720.14408046333,48283.978480877995,49498.6255903835,50621.438709158065,51744.84229083019,52597.47395314831,53557.4685174341,54493.64033438061,55475.37693590246,56629.8433153778,57837.10341627852,66221.42270861143,42536.533572427725
2025-09-27 09:45:00+00:00,423,6360,9755.115532147014,10680.79797393562,23892.501109165605,35492.19439745928,39098.63863450133,42581.91149523377,45712.26686508544,46901.74903284427,48164.98500960657,49668.51399850787,50967.74244703454,52064.76414770579,53475.2575620314,54304.91739194536,55245.86237031886,56272.08573009824,57438.77876259656,58588.17022279849,59680.550844342215,68204.31905914377,44158.24317970035
2025-09-27 10:00:00+00:00,424,6375,10255.020097858882,11577.434706854816,25077.341820565394,36261.353984217436,39653.26601109848,41288.20571236734,45574.38919800786,47527.157242323374,48967.04147926277,50666.71401810756,51956.319816014606,53179.787334092616,54648.23603603969,55638.071098559914,56435.25696542516,57542.638659059165,58777.74543480137,59947.28077140829,61059.23796698327,69810.4712992391,44982.97595738215
2025-09-27 10:15:00+00:00,425,6390,10565.128676913855,13151.175310211207,26671.643476590143,37344.17894287004,40611.07136720505,42192.80954204184,46160.12560317701,47996.59632695561,49157.19316545687,50848.94877594129,52223.25091002507,53507.927145872716,54567.56330408401,56315.11276373914,57111.27245647047,58187.64258554198,59471.80318605423,60812.457944370166,62037.538215108434,71031.4426820948,45667.76855406065
2025-09-27 10:30:00+00:00,426,6405,10787.970162061887,16108.621227693286,27586.094801611882,37823.37191005504,40887.312129549755,42207.93487087371,45439.949861934896,48263.78074454356,49459.78481804221,50926.14772172526,52249.98208103337,53638.234989377415,54800.88214768841,56771.47068366496,57626.88407247872,58758.373404878694,60155.165607952724,61563.34377453982,62761.49993010282,71860.97914693298,46129.51951928263
2025-09-27 10:45:00+00:00,427,6420,10736.662282848376,12352.517122423256,26045.045018546614,32301.945452914148,38231.876910013074,41283.887544989,43710.00191320602,46780.179993911566,48885.44385203137,50364.75058620134,51765.29975452275,53468.98599013264,54363.11246973734,56616.80045741563,57571.38474702309,58728.19630724759,60217.725070984634,61678.917440789424,62910.50611100598,72295.034819842,45144.29520881683
2025-09-27 11:00:00+00:00,428,6435,10188.13682967849,11172.940801720119,17556.853634054278,27998.91387746282,37260.09641045258,39455.52145383812,42330.57273253698,44707.88643241394,47153.58709211313,49088.03470977943,50950.831203519425,52429.86520176858,53708.51059827731,55195.27601547802,57317.376228109264,58245.56305421244,59493.32520750698,61181.09669216623,62573.32443222934,72331.79769609236,43633.18193534938
2025-09-27 11:15:00+00:00,429,6450,10014.070209622849,11099.601147027557,17170.602684566074,27832.947705834285,35295.417897473235,39049.96667473952,41606.50822790014,43647.672634819326,46144.68703422816,48351.626972576785,50477.867735687934,51881.14170017811,53315.34598483319,54624.999702088775,56799.08316642207,57823.299984132595,59067.14718912402,60816.062141346345,62204.91962379925,71971.71075157382,43090.010685396344
2025-09-27 11:30:00+00:00,430,6465,9757.737027928566,10866.094700216532,13547.226602648461,26343.648627307255,32381.001353684547,37427.32039719416,40382.94168085274,42110.81097928796,44493.48052682382,47461.15624730653,49690.20536277164,51378.3000326098,52654.92989933975,53776.74117733719,56098.32341424199,57156.14584696841,58379.981492994346,60026.44772405631,61526.859278394404,71217.48608260912,41986.31111080351
2025-09-27 11:45:00+00:00,431,6480,9601.757548289552,10692.140863341092,13330.071689818076,26081.062897442574,30878.080717130153,36606.32013688587,39291.75596088245,41183.38180234236,42826.235122694336,45785.12049061257,48687.391636971806,50537.98588702654,51741.506671196126,52688.58194207956,55209.99661709371,56240.441140085284,57443.97280905802,58953.89600341942,60542.1870351541,70074.11194411077,41101.996909587055
2025-09-27 12:00:00+00:00,432,6495,9255.770043759092,10462.718916945752,12838.386974168827,25736.43214082129,30496.907270100248,35967.37815823638,38732.14388553886,40841.466452996676,42827.56291564015,45890.419534695524,48057.691668367166,49589.4915392886,50953.96199101766,52016.786995300536,54130.04642714532,55103.49372992142,56292.81589828975,57574.787346259036,59482.296610484,68548.85497337297,40467.140397206436
2025-09-27 12:15:00+00:00,433,6510,8808.932259704745,10095.246721776879,12368.058088823429,24443.115060826636,28791.8132363486,34647.81289582484,37090.55440632256,39283.73958760246,40631.176222109745,43732.904806857776,45494.67054807643,47305.134254095385,48572.36636386606,50030.32397958583,52067.857719462736,53058.58367748916,54259.94260550746,55424.55249316609,57612.620573688364,66651.26201047369,38783.90757009104
2025-09-27 12:30:00+00:00,434,6525,8823.931459102363,9739.712918929534,13068.542077278315,23893.368876037657,27942.793932224715,33326.33252145151,35800.735773458924,38211.2311928252,40429.18466522794,43093.11367511108,45055.467378521964,46491.63594081001,47585.198015120775,49268.72198413278,50391.934901769615,51554.47319853715,52513.993876543966,53496.434881229914,55892.50699287662,64393.168538933554,37872.341435868715
2025-09-27 12:45:00+00:00,435,6540,8482.827527928881,8987.163688185929,16820.030665759692,22977.768874215086,27307.833975917394,32237.440101139913,34987.336423910936,36983.75699324486,39806.79476594515,41837.30708634293,43590.65282964954,44982.660161311054,46196.88829274643,47398.91303429116,48272.50871469438,49412.59299765055,50285.97339440053,51164.01467141977,53583.77574463965,61788.7236598055,36736.50221567795
2025-09-27 13:00:00+00:00,436,6555,7927.063890242401,8486.463007442391,15886.234362518191,21519.648022820296,25442.288901454587,30397.23665841594,33151.1027478056,35265.552963591166,38411.73312528361,39966.51129226955,41372.044137878074,42589.742785246744,43820.98520034727,45044.72323844779,45832.56093807952,47025.46758930243,47718.268684083385,48490.18136255852,50912.425750733004,58854.44490310118,34846.91893316651
2025-09-27 13:15:00+00:00,437,6570,7599.963963832398,8619.97107467784,17098.214007071325,20745.5051068089,25025.28079450728,29189.243713485914,31952.95740074422,34602.84362316433,36913.01994272412,38517.54257061488,39831.28002025408,40581.52555978345,41690.8363317568,42892.11540207133,43455.549355686475,44569.409563094945,45116.714693750095,45863.14308802161,48136.91486912332,55609.321669390905,33424.567794591574
2025-09-27 13:30:00+00:00,438,6585,6969.5867111034295,7834.668040076544,17017.89883833132,19943.696130300294,23778.387583915603,27133.474089848893,30321.888486258085,32624.899476739156,34417.53253732138,36020.847071270604,37023.933839075195,37767.49643166803,39084.309713657734,39982.393009375,40772.89364168625,41641.08106994214,42190.07584000662,43042.88256776976,45003.283190316,52074.99367324035,31480.970177834864
2025-09-27 13:45:00+00:00,439,6600,5930.705831938567,6842.276091643797,13312.62857412822,17619.462347669007,21019.854534685437,24974.62842701458,28112.90173859759,30129.028846490295,31940.481614776436,33520.94062903552,34492.9556437002,35184.693550890035,36317.53238523691,37231.96780508998,37847.43628968326,38751.07364992687,39125.47762837318,40270.16150712372,41787.12494870752,48276.0420131364,28920.55668323218
2025-09-27 14:00:00+00:00,440,6615,5470.371262504078,6278.7704224485515,10290.657321016464,14731.32461866297,17287.010900426325,20769.10169030583,24715.261180695983,27079.946555350718,28663.80661004523,29863.479046836943,31260.28295526075,31984.854801362195,32994.84291928193,33855.29822682363,34539.34929764726,35435.74838096463,35843.49364130518,37008.20820088123,38432.77222312922,44240.4485664412,25990.4800484667
2025-09-27 14:15:00+00:00,441,6630,4672.403316973997,5517.09413746673,8219.070844553595,12822.60571724868,14841.402611091895,17807.597180005334,21080.64797036017,23368.100593870204,24831.60821452105,26176.413566304156,27472.984779954848,28623.830616948475,29202.83316249869,30232.43475639679,31056.835197240278,31776.702107000307,32357.826422003058,32922.07739347273,34701.02518173921,40000.305761587835,22945.12913701566
2025-09-27 14:30:00+00:00,442,6645,4050.2377725499755,4922.5246791722475,8055.485833789766,11497.948598557186,13300.2088433208,16179.36731201956,18628.276646020637,20517.328052665842,21937.752475308942,22941.26165245167,23940.64864237757,24979.34501375531,25782.707457314267,26517.19694039614,27448.286380038604,28011.40068756502,28680.66127233502,29216.0597593961,30763.11777522192,35592.89775857109,20277.17097627731
2025-09-27 14:45:00+00:00,443,6660,3565.185656011602,4348.967304907105,7018.3512249118585,9625.030558720093,11476.545525825906,13734.352546759303,15406.133826564683,17226.452521160347,18565.82797677522,19677.437071652217,20145.14096905609,20796.882666348145,21774.9731685072,22503.021791206604,23341.24768826932,24180.719593411046,24803.283561526092,25335.116061217646,26797.28494398527,30929.02547376564,17384.63271804293
2025-09-27 15:00:00+00:00,444,6675,2864.0274205656747,3606.0815190878234,5999.112423989926,8209.930493126141,9820.191084533484,11715.834375340775,12987.688589874551,14398.799475250209,15365.014154981693,16161.27808454724,16892.220134492167,17219.01408123706,17907.96216919589,18853.852103548157,19437.722469708202,20227.766506087217,20967.135315107476,21496.744024360727,22783.51362265165,26382.032212481972,14547.972486257944
2025-09-27 15:15:00+00:00,445,6690,2279.086143615763,2798.5056508608905,3314.3235788008587,6151.536407718838,7296.867510657479,8768.620861759777,9946.518667944581,11084.284125390202,12333.963346729854,12840.193191025515,13497.180239732068,14025.659344193009,14329.916930437725,15096.202860023528,15813.429399888426,16386.972241842173,17143.25354458573,17757.542716316315,18879.382088218215,21855.042849858448,11569.393417798796
2025-09-27 15:30:00+00:00,446,6705,1772.0752553593154,2179.7422480608147,2811.016290307651,4988.6026835500115,6094.860203428275,7152.701389766281,8026.397236695991,8675.150209066964,9582.611479443744,10060.79002156445,10587.153131973642,11049.135606883565,11333.584221169072,11741.294413421881,12417.76937251661,12872.12840233413,13419.289896036882,14002.92193273632,14782.851947161233,17397.710958446372,9139.296719831604
2025-09-27 15:45:00+00:00,447,6720,1141.2049716172562,1424.6914016519245,1803.9728041625365,3518.5178844320035,4242.135557097132,4970.499775257429,5476.3348704774035,6131.65554061902,6612.817496041374,7163.450651251168,7585.4069595389,7979.291756079272,8293.923968505,8519.969889034774,8853.447540797553,9267.037825388701,9752.919679541943,10198.819433534389,10855.16040891282,13104.824179563238,6523.236573287817
2025-09-27 16:00:00+00:00,448,6735,786.9711322433556,1011.3371920063275,1331.9464481157047,2541.11496973556,2933.9729750347537,3211.9446595483173,3617.5165511546165,3926.4912193137425,4226.168669421588,4492.024626200896,4808.032149233884,5175.565519562253,5444.648214677981,5638.245797829791,5833.270813267915,6157.1109446509845,6554.816776908214,6840.787079283826,7205.194404944301,8976.07042964254,4299.891307343609
2025-09-27 16:15:00+00:00,449,6750,429.37338196992863,606.2662699645756,934.7760575659356,1572.935558129058,1759.1109359529726,1893.5634977673844,2081.4960861887153,2268.629648655964,2448.4662940930057,2582.0714902727195,2752.755690152108,2962.0161646980923,3105.5635921492117,3269.031183407281,3385.679322905716,3552.6247666420854,3820.793651156076,4016.277212139723,4265.8295794859405,5406.441402316347,2513.023946827146
2025-09-27 16:30:00+00:00,450,6765,184.98395024907012,268.65179104126395,533.48520183572,663.9515972558071,736.8273495263257,787.2253938720806,841.6876151206093,925.8434827278231,984.5634677308783,1062.6478741157962,1122.026962087633,1187.8522102318282,1285.5444967122498,1341.1316432099063,1411.6320166456476,1487.06162638266,1596.0758063636413,1694.7747264577974,1782.7678905365615,2317.8038473073752,1050.3787022898214
2025-09-27 16:45:00+00:00,451,6780,41.84307518638067,57.759081774054586,78.25756696818814,143.09974141162226,162.45004195227628,173.0448085028145,185.75680728416296,204.1137197034836,223.8830965095751,238.58736233550295,256.86599091746393,280.5850964470557,289.9181989316893,303.90208311291383,315.17091250053903,335.0631538078032,356.23853401711466,373.36604543589857,392.4138831942934,488.9989032498561,233.19264158206462
2025-09-27 17:00:00+00:00,452,6795,0.001314045726713227,0.002037483772522089,0.0029438833380798315,0.004549178683229706,0.005074034194849843,0.005431529459353799,0.005837324776529691,0.0063181890496778305,0.0067802684917370615,0.0072895727314226605,0.007745898813816842,0.008344977263908641,0.008918850133069273,0.009359794852187901,0.009728874430061304,0.010200341831120627,0.01099664982060553,0.011556525424550818,0.01215247349011107,0.015336610425274495,0.007224906362584515
2025-09-27 17:15:00+00:00,453,6810,0.0,0.0,0.0,0.0,0.0,0.0,0.0,0.0,0.0,0.0,0.0,0.0,0.0,0.0,0.0,0.0,0.0,0.0,0.0,0.0,0.0
2025-09-27 17:30:00+00:00,454,6825,0.0,0.0,0.0,0.0,0.0,0.0,0.0,0.0,0.0,0.0,0.0,0.0,0.0,0.0,0.0,0.0,0.0,0.0,0.0,0.0,0.0
2025-09-27 17:45:00+00:00,455,6840,0.0,0.0,0.0,0.0,0.0,0.0,0.0,0.0,0.0,0.0,0.0,0.0,0.0,0.0,0.0,0.0,0.0,0.0,0.0,0.0,0.0
2025-09-27 18:00:00+00:00,456,6855,0.0,0.0,0.0,0.0,0.0,0.0,0.0,0.0,0.0,0.0,0.0,0.0,0.0,0.0,0.0,0.0,0.0,0.0,0.0,0.0,0.0
2025-09-27 18:15:00+00:00,457,6870,0.0,0.0,0.0,0.0,0.0,0.0,0.0,0.0,0.0,0.0,0.0,0.0,0.0,0.0,0.0,0.0,0.0,0.0,0.0,0.0,0.0
2025-09-27 18:30:00+00:00,458,6885,0.0,0.0,0.0,0.0,0.0,0.0,0.0,0.0,0.0,0.0,0.0,0.0,0.0,0.0,0.0,0.0,0.0,0.0,0.0,0.0,0.0
2025-09-27 18:45:00+00:00,459,6900,0.0,0.0,0.0,0.0,0.0,0.0,0.0,0.0,0.0,0.0,0.0,0.0,0.0,0.0,0.0,0.0,0.0,0.0,0.0,0.0,0.0
2025-09-27 19:00:00+00:00,460,6915,0.0,0.0,0.0,0.0,0.0,0.0,0.0,0.0,0.0,0.0,0.0,0.0,0.0,0.0,0.0,0.0,0.0,0.0,0.0,0.0,0.0
2025-09-27 19:15:00+00:00,461,6930,0.0,0.0,0.0,0.0,0.0,0.0,0.0,0.0,0.0,0.0,0.0,0.0,0.0,0.0,0.0,0.0,0.0,0.0,0.0,0.0,0.0
2025-09-27 19:30:00+00:00,462,6945,0.0,0.0,0.0,0.0,0.0,0.0,0.0,0.0,0.0,0.0,0.0,0.0,0.0,0.0,0.0,0.0,0.0,0.0,0.0,0.0,0.0
2025-09-27 19:45:00+00:00,463,6960,0.0,0.0,0.0,0.0,0.0,0.0,0.0,0.0,0.0,0.0,0.0,0.0,0.0,0.0,0.0,0.0,0.0,0.0,0.0,0.0,0.0
2025-09-27 20:00:00+00:00,464,6975,0.0,0.0,0.0,0.0,0.0,0.0,0.0,0.0,0.0,0.0,0.0,0.0,0.0,0.0,0.0,0.0,0.0,0.0,0.0,0.0,0.0
2025-09-27 20:15:00+00:00,465,6990,0.0,0.0,0.0,0.0,0.0,0.0,0.0,0.0,0.0,0.0,0.0,0.0,0.0,0.0,0.0,0.0,0.0,0.0,0.0,0.0,0.0
2025-09-27 20:30:00+00:00,466,7005,0.0,0.0,0.0,0.0,0.0,0.0,0.0,0.0,0.0,0.0,0.0,0.0,0.0,0.0,0.0,0.0,0.0,0.0,0.0,0.0,0.0
2025-09-27 20:45:00+00:00,467,7020,0.0,0.0,0.0,0.0,0.0,0.0,0.0,0.0,0.0,0.0,0.0,0.0,0.0,0.0,0.0,0.0,0.0,0.0,0.0,0.0,0.0
2025-09-27 21:00:00+00:00,468,7035,0.0,0.0,0.0,0.0,0.0,0.0,0.0,0.0,0.0,0.0,0.0,0.0,0.0,0.0,0.0,0.0,0.0,0.0,0.0,0.0,0.0
2025-09-27 21:15:00+00:00,469,7050,0.0,0.0,0.0,0.0,0.0,0.0,0.0,0.0,0.0,0.0,0.0,0.0,0.0,0.0,0.0,0.0,0.0,0.0,0.0,0.0,0.0
2025-09-27 21:30:00+00:00,470,7065,0.0,0.0,0.0,0.0,0.0,0.0,0.0,0.0,0.0,0.0,0.0,0.0,0.0,0.0,0.0,0.0,0.0,0.0,0.0,0.0,0.0
2025-09-27 21:45:00+00:00,471,7080,0.0,0.0,0.0,0.0,0.0,0.0,0.0,0.0,0.0,0.0,0.0,0.0,0.0,0.0,0.0,0.0,0.0,0.0,0.0,0.0,0.0
2025-09-27 22:00:00+00:00,472,7095,0.0,0.0,0.0,0.0,0.0,0.0,0.0,0.0,0.0,0.0,0.0,0.0,0.0,0.0,0.0,0.0,0.0,0.0,0.0,0.0,0.0
2025-09-27 22:15:00+00:00,473,7110,0.0,0.0,0.0,0.0,0.0,0.0,0.0,0.0,0.0,0.0,0.0,0.0,0.0,0.0,0.0,0.0,0.0,0.0,0.0,0.0,0.0
2025-09-27 22:30:00+00:00,474,7125,0.0,0.0,0.0,0.0,0.0,0.0,0.0,0.0,0.0,0.0,0.0,0.0,0.0,0.0,0.0,0.0,0.0,0.0,0.0,0.0,0.0
2025-09-27 22:45:00+00:00,475,7140,0.0,0.0,0.0,0.0,0.0,0.0,0.0,0.0,0.0,0.0,0.0,0.0,0.0,0.0,0.0,0.0,0.0,0.0,0.0,0.0,0.0
2025-09-27 23:00:00+00:00,476,7155,0.0,0.0,0.0,0.0,0.0,0.0,0.0,0.0,0.0,0.0,0.0,0.0,0.0,0.0,0.0,0.0,0.0,0.0,0.0,0.0,0.0
2025-09-27 23:15:00+00:00,477,7170,0.0,0.0,0.0,0.0,0.0,0.0,0.0,0.0,0.0,0.0,0.0,0.0,0.0,0.0,0.0,0.0,0.0,0.0,0.0,0.0,0.0
2025-09-27 23:30:00+00:00,478,7185,0.0,0.0,0.0,0.0,0.0,0.0,0.0,0.0,0.0,0.0,0.0,0.0,0.0,0.0,0.0,0.0,0.0,0.0,0.0,0.0,0.0
2025-09-27 23:45:00+00:00,479,7200,0.0,0.0,0.0,0.0,0.0,0.0,0.0,0.0,0.0,0.0,0.0,0.0,0.0,0.0,0.0,0.0,0.0,0.0,0.0,0.0,0.0
2025-09-28 00:00:00+00:00,480,7215,0.0,0.0,0.0,0.0,0.0,0.0,0.0,0.0,0.0,0.0,0.0,0.0,0.0,0.0,0.0,0.0,0.0,0.0,0.0,0.0,0.0
2025-09-28 00:15:00+00:00,481,7230,0.0,0.0,0.0,0.0,0.0,0.0,0.0,0.0,0.0,0.0,0.0,0.0,0.0,0.0,0.0,0.0,0.0,0.0,0.0,0.0,0.0
2025-09-28 00:30:00+00:00,482,7245,0.0,0.0,0.0,0.0,0.0,0.0,0.0,0.0,0.0,0.0,0.0,0.0,0.0,0.0,0.0,0.0,0.0,0.0,0.0,0.0,0.0
2025-09-28 00:45:00+00:00,483,7260,0.0,0.0,0.0,0.0,0.0,0.0,0.0,0.0,0.0,0.0,0.0,0.0,0.0,0.0,0.0,0.0,0.0,0.0,0.0,0.0,0.0
2025-09-28 01:00:00+00:00,484,7275,0.0,0.0,0.0,0.0,0.0,0.0,0.0,0.0,0.0,0.0,0.0,0.0,0.0,0.0,0.0,0.0,0.0,0.0,0.0,0.0,0.0
2025-09-28 01:15:00+00:00,485,7290,0.0,0.0,0.0,0.0,0.0,0.0,0.0,0.0,0.0,0.0,0.0,0.0,0.0,0.0,0.0,0.0,0.0,0.0,0.0,0.0,0.0
2025-09-28 01:30:00+00:00,486,7305,0.0,0.0,0.0,0.0,0.0,0.0,0.0,0.0,0.0,0.0,0.0,0.0,0.0,0.0,0.0,0.0,0.0,0.0,0.0,0.0,0.0
2025-09-28 01:45:00+00:00,487,7320,0.0,0.0,0.0,0.0,0.0,0.0,0.0,0.0,0.0,0.0,0.0,0.0,0.0,0.0,0.0,0.0,0.0,0.0,0.0,0.0,0.0
