horizon,horizon_num,horizon_minutes,p_05,p_10,p_15,p_20,p_25,p_30,p_35,p_40,p_45,p_50,p_55,p_60,p_65,p_70,p_75,p_80,p_85,p_90,p_95,clear_sky,deterministic
2025-10-19 10:45:00+00:00,0,15,37785.082651236444,39257.50663053754,39903.12175722742,40443.69419135062,40936.66494053768,41300.897143862145,41547.32610577071,41800.18422937202,42076.158665977084,42352.10400814594,42628.00047166196,42911.89573296436,43202.93727179575,43414.925609618134,43604.508221320146,43829.82291092826,44409.34149557285,44995.63490557562,45778.40446365975,61272.420032997106,41730.55697949746
2025-10-19 11:00:00+00:00,1,30,37524.17020638715,38989.675866854435,39891.91050397794,40458.77315690863,41055.22707902293,41382.86631033067,41685.051782950824,41953.884054532085,42266.430607509516,42662.60448141873,42934.3205485466,43195.999695772756,43455.31124862523,43713.94995880337,44020.15043245554,44357.17099961577,44969.08541300368,45470.905653288704,46343.69413301564,61169.12620843321,41796.85606508956
2025-10-19 11:15:00+00:00,2,45,34072.12857482011,37796.810958410046,39177.25888706696,40109.23519358592,40704.03818813558,41255.11224737521,41617.925522933554,41987.696537051495,42355.5763966204,42708.989223932665,43078.41769746697,43422.16040853122,43620.715112049686,43819.26981556816,44121.70903833478,44607.14513794634,45206.18810044611,45894.60619679488,46973.83994785601,60662.410470501294,41603.90123934295
2025-10-19 11:30:00+00:00,3,60,33822.71015634034,37678.22279910182,38984.50643465385,39896.584482690894,40539.31726448507,41061.35301657523,41402.71082892722,41690.63201463787,42220.843707924614,42618.04028163505,42961.45823186371,43274.07093289917,43512.1061707029,43742.963338382186,44072.845912312965,44484.86473363863,45025.30623721622,45868.92800670855,47086.48980698864,59756.03433322006,41511.40771405592
2025-10-19 11:45:00+00:00,4,75,33062.23356905196,36882.61657879013,38214.136659203265,39286.18953362741,39834.50725299403,40413.092277153446,40783.861790683666,41224.437654701855,41672.844580155775,42084.86084355653,42439.44757034229,42665.78370361963,42892.11983689697,43277.32768132384,43713.49334156198,44262.49398442683,44963.2307150846,45940.427751113006,46919.10411677248,58455.82903065723,41044.23085224616
2025-10-19 12:00:00+00:00,5,90,32257.042394396543,35953.978524062,37365.03795244365,38220.50361979164,38923.73757653662,39322.712693414156,39727.064310120266,40155.054226897075,40602.5499331473,41005.68091331785,41229.408363404094,41453.13581349033,41899.445026855865,42310.67931315562,42874.20994245767,43415.8949720082,44128.19780355696,45002.36983139745,45917.846694154396,56769.72603587365,40023.95902394738
2025-10-19 12:15:00+00:00,6,105,31136.004776030783,34887.561655652185,36246.28911755072,37383.27333009287,37814.69425925322,38174.852160567556,38638.34384983778,39093.630632382956,39433.300976683364,39712.415056940146,39993.329304407904,40275.49366799441,40642.77547538571,41069.905715177454,41844.31793596014,42328.29309428269,42968.60717470661,43682.3614933156,44676.72446612103,54707.802764888955,38897.35812724575
2025-10-19 12:30:00+00:00,7,120,29581.213629188198,33054.68888868943,35187.18156582496,35855.96678888962,36341.733547791875,36770.720167952626,37225.47675379094,37562.22565633005,37843.89126142427,38112.63936062979,38349.544284511314,38632.7934256486,39058.17595988931,39582.71753198713,40266.93508660742,40787.48116230698,41344.52695518455,41977.97773559341,42960.17742199385,52282.35985557409,37402.3819797002
2025-10-19 12:45:00+00:00,8,135,26613.844855238935,30229.281987955514,32486.965582448407,33112.50168672617,33589.1373611448,34031.6331806454,34399.881845354364,34722.88657698059,35179.1813655988,35400.98843924988,35633.310613829184,36054.34307927998,36422.161593359466,37023.385228632076,37436.286525837684,37941.1000946861,38408.423507368745,38914.86786346762,39635.39827459125,49508.05574546892,34794.40184691429
2025-10-19 13:00:00+00:00,9,150,25087.729819022006,28721.16853917147,30480.122710324493,31067.318972978395,31503.90231823736,31944.19055376576,32332.114022123907,32669.230356282285,32963.51247556974,33206.812012084476,33559.44710335205,33989.45561017807,34545.18149801295,34951.78266468724,35454.50068653792,35795.39246194781,36154.59971543992,36560.29877158808,37829.73295103508,46402.13851697176,32804.00820437008
2025-10-19 13:15:00+00:00,10,165,22108.824525789303,26373.778709424776,28235.669458644294,28869.42424562334,29239.77969801168,29676.45824910823,30030.173136705547,30357.365048963176,30639.305103254883,30981.939600702666,31404.67132620353,31905.72003172915,32288.799197082546,32659.02374983436,33086.14815428092,33455.1336946407,33766.65205708076,34100.86269399663,35780.53922740313,42984.83893591044,30291.72922602359
2025-10-19 13:30:00+00:00,11,180,19692.14218102845,24045.381143438808,25678.556018430136,26419.20167665629,26866.387462014714,27226.731313420725,27514.291041001965,27831.977708759896,28051.400223644123,28355.389608469617,28863.56713606348,29335.91352855682,29643.791047324634,30010.334528674462,30408.951832981264,30711.872882145468,31048.520936151665,31824.14016948025,32969.94667955466,39197.70235289498,28041.927976774263
2025-10-19 13:45:00+00:00,12,195,14162.679293203495,19924.671089578387,21593.000733460798,22469.99099933508,23426.572299304786,23902.64719778799,24321.240105005807,24614.202053737055,25011.786525692663,25291.08902978727,25739.63241280872,26091.598080202293,26525.91652511051,26832.59981045031,27190.883128365687,27441.235321589164,27738.802655958163,28576.09560897057,29369.39603943213,35210.96631208844,24411.5191526612
2025-10-19 14:00:00+00:00,13,210,13447.23010204774,16374.236079484792,17440.064147302084,18541.724879224086,19049.307806463257,19890.98346839343,20295.506060797947,20728.473748941335,21130.25068183009,21446.799958354855,21748.285737077706,22294.238226565787,22755.64784822461,23109.946445519105,23429.514694146663,23733.340953261468,24160.23094670265,24989.125660562964,25626.089784667172,31129.562751541147,20917.96848788722
2025-10-19 14:15:00+00:00,14,225,8606.08040256052,11567.486482639015,13535.486274868397,14666.361364089838,15209.731258534652,16110.788153389847,16488.13288793024,17205.378762414497,17877.220362440148,18283.121206647735,18583.72630640723,18930.812416047916,19250.772840660076,19752.890596862777,20146.443412730838,20584.626613304434,20910.594588986456,21382.091092752675,22242.19788457967,26878.00202229047,17238.984821058315
2025-10-19 14:30:00+00:00,15,240,6866.8048330895335,8489.061542676662,9882.627277817572,11155.16941865048,11985.892500393638,12312.77155685222,12744.468716056695,13473.813465150037,13829.5950960236,14405.293373128605,15009.205893273047,15397.735726247593,15637.411101729474,15944.044657032397,16371.195393657492,16830.08763227389,17239.254150362845,17566.943344625935,18274.029014673102,22509.68449319551,13772.924930007295
2025-10-19 14:45:00+00:00,16,255,3871.6090803525744,6382.190081376278,7506.194406855389,8328.20405212655,8988.16353046975,9494.929340170353,9854.03120637494,10269.748905160302,10610.789256743437,10990.433038855761,11477.68984536863,11954.37682525493,12368.704038408996,12672.029350811834,12920.836968397172,13336.913739172127,13708.378281504902,14069.659135459082,14710.449325103222,18094.737914918547,10657.040024722044
2025-10-19 15:00:00+00:00,17,270,2202.380495770203,4155.579524185082,5181.3045406176,5874.008276489039,6526.65671652317,6815.030957633907,7223.835308101697,7398.749515571507,7628.520851040115,7863.218613045118,8216.03790204335,8508.748467861911,8896.896161499704,9254.766297204395,9482.45116863821,9655.25789949154,10095.442307942054,10421.917529886454,10852.077656751675,13591.00328831106,7646.931265927089
2025-10-19 15:15:00+00:00,18,285,1279.0854684365258,2169.6429322694767,3274.67251850014,3893.0812889318345,4089.081552955577,4444.624542289255,4609.511087373191,4848.871338342081,5049.8374448066415,5207.630133189306,5395.2982867024075,5621.178228125136,5826.543939175064,6143.050006975464,6423.772607256847,6585.847699176207,6772.5731158110475,7083.007453857958,7728.046043009202,9333.490894784027,5041.188572944688
2025-10-19 15:30:00+00:00,19,300,650.2711804254193,1138.712514637378,1596.5657759778624,1862.9059544367449,2052.4123901433773,2300.2223367445245,2439.627631033392,2610.035399797821,2695.8278516899873,2841.5514861269344,2949.534278320815,3060.618000685278,3163.0897099679337,3306.15991187158,3509.930822288204,3657.2692472883673,3750.9279220090853,3906.7743271039712,4229.503625795976,5300.709087163208,2724.181686186758
2025-10-19 15:45:00+00:00,20,315,298.9753050581561,446.4489599393404,518.9318896754565,551.5409972691667,632.8143003745388,674.0159384044942,726.8058595989359,757.1635892141488,790.116090864425,819.0598121473266,858.457500160404,888.836194772687,915.8327212675994,960.812805895379,995.7421975033806,1035.7528637140508,1067.7348802374254,1111.3555782866174,1203.0977127443248,1511.5056137923386,803.2783040567286
2025-10-19 16:00:00+00:00,21,330,30.674400358550933,43.4060707860623,51.453622068613896,54.75665675004593,58.464180475960234,65.87536302057894,72.16065389847756,75.58034905993718,78.77188633673993,81.23209869679052,84.30745080991194,86.93975200257739,90.27044465353609,93.25300129552838,98.08173785508791,102.35686329334821,106.8186605931524,110.25656192186405,116.89000775973854,155.55205247698026,79.1278006349969
2025-10-19 16:15:00+00:00,22,345,0.0,0.0,0.0,0.0,0.0,0.0,0.0,0.0,0.0,0.0,0.0,0.0,0.0,0.0,0.0,0.0,0.0,0.0,0.0,0.0,0.0
2025-10-19 16:30:00+00:00,23,360,0.0,0.0,0.0,0.0,0.0,0.0,0.0,0.0,0.0,0.0,0.0,0.0,0.0,0.0,0.0,0.0,0.0,0.0,0.0,0.0,0.0
2025-10-19 16:45:00+00:00,24,375,0.0,0.0,0.0,0.0,0.0,0.0,0.0,0.0,0.0,0.0,0.0,0.0,0.0,0.0,0.0,0.0,0.0,0.0,0.0,0.0,0.0
2025-10-19 17:00:00+00:00,25,390,0.0,0.0,0.0,0.0,0.0,0.0,0.0,0.0,0.0,0.0,0.0,0.0,0.0,0.0,0.0,0.0,0.0,0.0,0.0,0.0,0.0
2025-10-19 17:15:00+00:00,26,405,0.0,0.0,0.0,0.0,0.0,0.0,0.0,0.0,0.0,0.0,0.0,0.0,0.0,0.0,0.0,0.0,0.0,0.0,0.0,0.0,0.0
2025-10-19 17:30:00+00:00,27,420,0.0,0.0,0.0,0.0,0.0,0.0,0.0,0.0,0.0,0.0,0.0,0.0,0.0,0.0,0.0,0.0,0.0,0.0,0.0,0.0,0.0
2025-10-19 17:45:00+00:00,28,435,0.0,0.0,0.0,0.0,0.0,0.0,0.0,0.0,0.0,0.0,0.0,0.0,0.0,0.0,0.0,0.0,0.0,0.0,0.0,0.0,0.0
2025-10-19 18:00:00+00:00,29,450,0.0,0.0,0.0,0.0,0.0,0.0,0.0,0.0,0.0,0.0,0.0,0.0,0.0,0.0,0.0,0.0,0.0,0.0,0.0,0.0,0.0
2025-10-19 18:15:00+00:00,30,465,0.0,0.0,0.0,0.0,0.0,0.0,0.0,0.0,0.0,0.0,0.0,0.0,0.0,0.0,0.0,0.0,0.0,0.0,0.0,0.0,0.0
2025-10-19 18:30:00+00:00,31,480,0.0,0.0,0.0,0.0,0.0,0.0,0.0,0.0,0.0,0.0,0.0,0.0,0.0,0.0,0.0,0.0,0.0,0.0,0.0,0.0,0.0
2025-10-19 18:45:00+00:00,32,495,0.0,0.0,0.0,0.0,0.0,0.0,0.0,0.0,0.0,0.0,0.0,0.0,0.0,0.0,0.0,0.0,0.0,0.0,0.0,0.0,0.0
2025-10-19 19:00:00+00:00,33,510,0.0,0.0,0.0,0.0,0.0,0.0,0.0,0.0,0.0,0.0,0.0,0.0,0.0,0.0,0.0,0.0,0.0,0.0,0.0,0.0,0.0
2025-10-19 19:15:00+00:00,34,525,0.0,0.0,0.0,0.0,0.0,0.0,0.0,0.0,0.0,0.0,0.0,0.0,0.0,0.0,0.0,0.0,0.0,0.0,0.0,0.0,0.0
2025-10-19 19:30:00+00:00,35,540,0.0,0.0,0.0,0.0,0.0,0.0,0.0,0.0,0.0,0.0,0.0,0.0,0.0,0.0,0.0,0.0,0.0,0.0,0.0,0.0,0.0
2025-10-19 19:45:00+00:00,36,555,0.0,0.0,0.0,0.0,0.0,0.0,0.0,0.0,0.0,0.0,0.0,0.0,0.0,0.0,0.0,0.0,0.0,0.0,0.0,0.0,0.0
2025-10-19 20:00:00+00:00,37,570,0.0,0.0,0.0,0.0,0.0,0.0,0.0,0.0,0.0,0.0,0.0,0.0,0.0,0.0,0.0,0.0,0.0,0.0,0.0,0.0,0.0
2025-10-19 20:15:00+00:00,38,585,0.0,0.0,0.0,0.0,0.0,0.0,0.0,0.0,0.0,0.0,0.0,0.0,0.0,0.0,0.0,0.0,0.0,0.0,0.0,0.0,0.0
2025-10-19 20:30:00+00:00,39,600,0.0,0.0,0.0,0.0,0.0,0.0,0.0,0.0,0.0,0.0,0.0,0.0,0.0,0.0,0.0,0.0,0.0,0.0,0.0,0.0,0.0
2025-10-19 20:45:00+00:00,40,615,0.0,0.0,0.0,0.0,0.0,0.0,0.0,0.0,0.0,0.0,0.0,0.0,0.0,0.0,0.0,0.0,0.0,0.0,0.0,0.0,0.0
2025-10-19 21:00:00+00:00,41,630,0.0,0.0,0.0,0.0,0.0,0.0,0.0,0.0,0.0,0.0,0.0,0.0,0.0,0.0,0.0,0.0,0.0,0.0,0.0,0.0,0.0
2025-10-19 21:15:00+00:00,42,645,0.0,0.0,0.0,0.0,0.0,0.0,0.0,0.0,0.0,0.0,0.0,0.0,0.0,0.0,0.0,0.0,0.0,0.0,0.0,0.0,0.0
2025-10-19 21:30:00+00:00,43,660,0.0,0.0,0.0,0.0,0.0,0.0,0.0,0.0,0.0,0.0,0.0,0.0,0.0,0.0,0.0,0.0,0.0,0.0,0.0,0.0,0.0
2025-10-19 21:45:00+00:00,44,675,0.0,0.0,0.0,0.0,0.0,0.0,0.0,0.0,0.0,0.0,0.0,0.0,0.0,0.0,0.0,0.0,0.0,0.0,0.0,0.0,0.0
2025-10-19 22:00:00+00:00,45,690,0.0,0.0,0.0,0.0,0.0,0.0,0.0,0.0,0.0,0.0,0.0,0.0,0.0,0.0,0.0,0.0,0.0,0.0,0.0,0.0,0.0
2025-10-19 22:15:00+00:00,46,705,0.0,0.0,0.0,0.0,0.0,0.0,0.0,0.0,0.0,0.0,0.0,0.0,0.0,0.0,0.0,0.0,0.0,0.0,0.0,0.0,0.0
2025-10-19 22:30:00+00:00,47,720,0.0,0.0,0.0,0.0,0.0,0.0,0.0,0.0,0.0,0.0,0.0,0.0,0.0,0.0,0.0,0.0,0.0,0.0,0.0,0.0,0.0
2025-10-19 22:45:00+00:00,48,735,0.0,0.0,0.0,0.0,0.0,0.0,0.0,0.0,0.0,0.0,0.0,0.0,0.0,0.0,0.0,0.0,0.0,0.0,0.0,0.0,0.0
2025-10-19 23:00:00+00:00,49,750,0.0,0.0,0.0,0.0,0.0,0.0,0.0,0.0,0.0,0.0,0.0,0.0,0.0,0.0,0.0,0.0,0.0,0.0,0.0,0.0,0.0
2025-10-19 23:15:00+00:00,50,765,0.0,0.0,0.0,0.0,0.0,0.0,0.0,0.0,0.0,0.0,0.0,0.0,0.0,0.0,0.0,0.0,0.0,0.0,0.0,0.0,0.0
2025-10-19 23:30:00+00:00,51,780,0.0,0.0,0.0,0.0,0.0,0.0,0.0,0.0,0.0,0.0,0.0,0.0,0.0,0.0,0.0,0.0,0.0,0.0,0.0,0.0,0.0
2025-10-19 23:45:00+00:00,52,795,0.0,0.0,0.0,0.0,0.0,0.0,0.0,0.0,0.0,0.0,0.0,0.0,0.0,0.0,0.0,0.0,0.0,0.0,0.0,0.0,0.0
2025-10-20 00:00:00+00:00,53,810,0.0,0.0,0.0,0.0,0.0,0.0,0.0,0.0,0.0,0.0,0.0,0.0,0.0,0.0,0.0,0.0,0.0,0.0,0.0,0.0,0.0
2025-10-20 00:15:00+00:00,54,825,0.0,0.0,0.0,0.0,0.0,0.0,0.0,0.0,0.0,0.0,0.0,0.0,0.0,0.0,0.0,0.0,0.0,0.0,0.0,0.0,0.0
2025-10-20 00:30:00+00:00,55,840,0.0,0.0,0.0,0.0,0.0,0.0,0.0,0.0,0.0,0.0,0.0,0.0,0.0,0.0,0.0,0.0,0.0,0.0,0.0,0.0,0.0
2025-10-20 00:45:00+00:00,56,855,0.0,0.0,0.0,0.0,0.0,0.0,0.0,0.0,0.0,0.0,0.0,0.0,0.0,0.0,0.0,0.0,0.0,0.0,0.0,0.0,0.0
2025-10-20 01:00:00+00:00,57,870,0.0,0.0,0.0,0.0,0.0,0.0,0.0,0.0,0.0,0.0,0.0,0.0,0.0,0.0,0.0,0.0,0.0,0.0,0.0,0.0,0.0
2025-10-20 01:15:00+00:00,58,885,0.0,0.0,0.0,0.0,0.0,0.0,0.0,0.0,0.0,0.0,0.0,0.0,0.0,0.0,0.0,0.0,0.0,0.0,0.0,0.0,0.0
2025-10-20 01:30:00+00:00,59,900,0.0,0.0,0.0,0.0,0.0,0.0,0.0,0.0,0.0,0.0,0.0,0.0,0.0,0.0,0.0,0.0,0.0,0.0,0.0,0.0,0.0
2025-10-20 01:45:00+00:00,60,915,0.0,0.0,0.0,0.0,0.0,0.0,0.0,0.0,0.0,0.0,0.0,0.0,0.0,0.0,0.0,0.0,0.0,0.0,0.0,0.0,0.0
2025-10-20 02:00:00+00:00,61,930,0.0,0.0,0.0,0.0,0.0,0.0,0.0,0.0,0.0,0.0,0.0,0.0,0.0,0.0,0.0,0.0,0.0,0.0,0.0,0.0,0.0
2025-10-20 02:15:00+00:00,62,945,0.0,0.0,0.0,0.0,0.0,0.0,0.0,0.0,0.0,0.0,0.0,0.0,0.0,0.0,0.0,0.0,0.0,0.0,0.0,0.0,0.0
2025-10-20 02:30:00+00:00,63,960,0.0,0.0,0.0,0.0,0.0,0.0,0.0,0.0,0.0,0.0,0.0,0.0,0.0,0.0,0.0,0.0,0.0,0.0,0.0,0.0,0.0
2025-10-20 02:45:00+00:00,64,975,0.0,0.0,0.0,0.0,0.0,0.0,0.0,0.0,0.0,0.0,0.0,0.0,0.0,0.0,0.0,0.0,0.0,0.0,0.0,0.0,0.0
2025-10-20 03:00:00+00:00,65,990,0.0,0.0,0.0,0.0,0.0,0.0,0.0,0.0,0.0,0.0,0.0,0.0,0.0,0.0,0.0,0.0,0.0,0.0,0.0,0.0,0.0
2025-10-20 03:15:00+00:00,66,1005,0.0,0.0,0.0,0.0,0.0,0.0,0.0,0.0,0.0,0.0,0.0,0.0,0.0,0.0,0.0,0.0,0.0,0.0,0.0,0.0,0.0
2025-10-20 03:30:00+00:00,67,1020,0.0,0.0,0.0,0.0,0.0,0.0,0.0,0.0,0.0,0.0,0.0,0.0,0.0,0.0,0.0,0.0,0.0,0.0,0.0,0.0,0.0
2025-10-20 03:45:00+00:00,68,1035,0.0,0.0,0.0,0.0,0.0,0.0,0.0,0.0,0.0,0.0,0.0,0.0,0.0,0.0,0.0,0.0,0.0,0.0,0.0,0.0,0.0
2025-10-20 04:00:00+00:00,69,1050,0.0,0.0,0.0,0.0,0.0,0.0,0.0,0.0,0.0,0.0,0.0,0.0,0.0,0.0,0.0,0.0,0.0,0.0,0.0,0.0,0.0
2025-10-20 04:15:00+00:00,70,1065,0.0,0.0,0.0,0.0,0.0,0.0,0.0,0.0,0.0,0.0,0.0,0.0,0.0,0.0,0.0,0.0,0.0,0.0,0.0,0.0,0.0
2025-10-20 04:30:00+00:00,71,1080,0.0,0.0,0.0,0.0,0.0,0.0,0.0,0.0,0.0,0.0,0.0,0.0,0.0,0.0,0.0,0.0,0.0,0.0,0.0,0.0,0.0
2025-10-20 04:45:00+00:00,72,1095,0.0,0.0,0.0,0.0,0.0,0.0,0.0,0.0,0.0,0.0,0.0,0.0,0.0,0.0,0.0,0.0,0.0,0.0,0.0,0.0,0.0
2025-10-20 05:00:00+00:00,73,1110,0.0,0.0,0.0,0.0,0.0,0.0,0.0,0.0,0.0,0.0,0.0,0.0,0.0,0.0,0.0,0.0,0.0,0.0,0.0,0.0,0.0
2025-10-20 05:15:00+00:00,74,1125,0.0,0.0,0.0,0.0,0.0,0.0,0.0,0.0,0.0,0.0,0.0,0.0,0.0,0.0,0.0,0.0,0.0,0.0,0.0,0.0,0.0
2025-10-20 05:30:00+00:00,75,1140,0.0,0.0,0.0,0.0,0.0,0.0,0.0,0.0,0.0,0.0,0.0,0.0,0.0,0.0,0.0,0.0,0.0,0.0,0.0,0.0,0.0
2025-10-20 05:45:00+00:00,76,1155,0.7062854508928725,1.1539155482191008,1.3905934655396897,1.64884113026428,1.8316264448075295,1.9631558687913737,2.1114439907444518,2.2978713963655357,2.445553421834732,2.549575186983752,2.67827184485464,2.8908030548237518,3.124820295771935,3.494473620939165,3.9455235458714375,4.567002002242583,5.544004407709668,6.366373543622655,7.9447091964755145,14.559948602900905,3.349790626286141
2025-10-20 06:00:00+00:00,77,1170,29.31748464117987,63.94861740043221,80.97628771496842,91.48077047143614,104.71664319908884,118.29305062991787,125.95969329116485,131.47657450237313,145.30628424886226,171.68889231544492,196.8238524413918,224.5572103945898,270.6608151858532,304.2945504096371,335.6808287025844,364.0721693154061,407.8363332896079,443.39286709565926,497.57624935832774,792.6216580298135,227.51189890817855
2025-10-20 06:15:00+00:00,78,1185,139.73649129428466,354.64157172276003,449.1954807323957,522.022540169629,574.1442812472618,615.1356901511311,705.3977741135058,802.3652702627429,906.3343073267891,992.5889712680731,1121.8986481409556,1342.474418936647,1533.5350470239307,1790.3392085147332,2015.2693390855984,2200.8446367234505,2323.276410975531,2526.323717507735,2867.6646296257613,4094.1212582250873,1276.597813103369
2025-10-20 06:30:00+00:00,79,1200,405.9083837600727,806.9168440889231,1093.8175654254844,1213.3370746477126,1326.5916690329884,1443.4745990524866,1713.4472574612266,2076.826117601401,2361.054665016868,2972.4644595892596,3622.796313367157,4012.3894653544417,4487.692770519058,4854.856807239871,5057.952906335515,5385.139292934231,5782.168516770539,6277.992455863719,6834.044037101057,9071.950640286488,3276.748685191175
2025-10-20 06:45:00+00:00,80,1215,1003.8925189245418,1635.8476179035129,1952.675977860225,2126.0376782273706,2390.310862597761,2785.624007234281,3377.6722349271968,4268.28111262922,5069.6805898956645,5802.6055992124575,6527.837607172899,7006.447961041478,7567.629549398697,7962.099145063119,8479.585254836706,9015.55711737494,9510.10198186792,9943.040895796255,10511.59171544485,13525.457771973068,5637.4304539443665
2025-10-20 07:00:00+00:00,81,1230,1726.7940754383096,2694.557788046593,3061.4321375895825,3360.538706590859,4089.8051221063015,4807.182519603883,6293.920794421404,7082.063617488501,8382.364775525604,9349.758584401097,10072.483667276907,10795.944264299254,11322.351066962465,12040.119130391291,12710.55951213711,13382.541890040562,13781.822730813761,14289.954320477907,14925.138521074186,18446.383328176347,8681.570377508999
2025-10-20 07:15:00+00:00,82,1245,2367.8666511735446,3586.5676256421657,4121.1437073484385,4871.210965636464,5737.5775163387925,7362.16202135106,8724.458279377175,10097.388602184383,11789.121084824776,12596.907197785938,13573.354590380808,14446.925951396655,15477.0129281994,16221.00746409695,16908.905952162706,17275.582873139392,17866.10511280536,18599.56589629078,19121.297722800304,23085.667172474445,11612.257383726303
2025-10-20 07:30:00+00:00,83,1260,3208.0770478041177,4382.154965195725,5164.573771257044,6582.421242788913,7272.348562403228,9595.714371786786,11129.667200795402,13858.788117684679,15198.14500600239,17096.641353868115,18457.04470266923,19044.986144356673,19688.740312429596,20344.878249408972,20713.217230501214,21396.256327831346,22286.42745706931,22940.77214302203,23519.6200250466,27625.937175841078,14780.739165690815
2025-10-20 07:45:00+00:00,84,1275,4280.286546959004,5331.014852146521,6673.07111927227,8028.437415338884,9496.050473291472,12092.992123935379,16050.783451758698,17827.163725141487,20575.883139487203,21682.509107186906,22097.096774897243,22587.676994616344,23190.29891520181,23614.708618263216,24208.89428342796,25152.353786024116,26009.17428104163,26731.618058953583,27249.611497403886,31994.657372216105,17953.23843660003
2025-10-20 08:00:00+00:00,85,1290,4976.994977832669,6000.657941892826,8551.655422954655,9617.63151239306,11683.040128056196,15197.38143500126,18830.31173580822,22903.4910540249,24439.66125067137,24904.078813122793,25405.14893412685,25895.9808094414,26393.306025184007,26928.262060169673,27826.287331330008,28907.485183231413,29704.387988675186,30319.276204133992,30777.743089827087,36141.07481562471,20875.397705012434
2025-10-20 08:15:00+00:00,86,1305,5498.632909878861,7734.044509894957,9813.777490190207,11738.347188019443,13919.453534658003,17033.544902391743,22196.99348309493,26807.522551701753,27346.35470892063,27775.297466290605,28279.560921182863,28897.381880893616,29558.997069236175,30641.914897644907,31798.827856287226,32500.5856304643,33096.16151980438,33558.40323201415,34086.11342595876,40027.45618830806,23613.940037619657
2025-10-20 08:30:00+00:00,87,1320,6204.28032612517,9952.106875492922,11328.849197927639,13184.982542599297,15786.84136800486,22472.695311458883,28593.609900559575,29719.33189280151,30214.756478032155,30708.23344237538,31173.21281383157,31784.775838165802,32635.497470667873,34514.544940994325,35216.47117657999,35845.7750157944,36333.245612811996,36738.72267678982,37546.07217876907,43877.43072710866,26635.955552916115
2025-10-20 08:45:00+00:00,88,1335,6759.472331235344,10958.608293080815,12577.507872587068,14511.768238746881,18979.015204304564,26338.38113439035,31495.91100364053,32150.543902077025,32739.147742494646,33229.95482281455,33675.850003690815,34372.43310269579,35546.94189395212,37245.047964455654,37972.81451665485,38675.97787800629,39189.27303693328,39688.574759320574,40659.25278655895,47245.05681414872,29056.93201337262
2025-10-20 09:00:00+00:00,89,1350,9344.64004507636,12142.792401023426,14414.390346704966,18075.333001705618,25658.08337855001,31844.876524974286,33732.55419926011,34341.74822586929,34976.865889726956,35432.94147475386,35969.67117562135,36517.22959534979,37368.07009492439,39562.33932857958,40516.95062105986,41192.60710141236,41722.583893342184,42238.89672971456,43489.639881618226,50265.23464275396,31573.142258539567
2025-10-20 09:15:00+00:00,90,1365,9877.608965071551,12899.374251511,15267.751163057059,17728.514406867052,24399.42188177343,31129.533667367163,35594.8433345281,36268.364095982935,36929.26534393512,37480.81868622027,38055.01606736632,38609.37156717482,39539.506358719795,41300.23938617739,42322.57176983627,43115.28459133732,43938.80459054949,44481.53877447534,45901.016244837745,52923.11874868514,33054.44535351423
2025-10-20 09:30:00+00:00,91,1380,11019.06957013804,13961.739222211796,16343.331182363856,19928.5619895457,27721.938927338066,36040.53701931328,37586.30901797037,38143.72976906334,38830.04141883696,39377.67900465973,39881.377451082764,40487.361984472554,41394.846624587015,42613.65321312395,43886.91700447675,44779.48473233029,45738.54686308732,46443.101958923966,47926.635552470645,55206.41561902842,35004.96555705035
2025-10-20 09:45:00+00:00,92,1395,12571.71247228392,15198.840785201259,18290.616076447997,24096.868265398087,36608.556790763,38840.224814230714,39524.06607363833,40171.14486373545,40751.49581787395,41250.388337791715,41760.5602413181,42461.06793082355,43161.226454150725,44115.92122026317,45342.932175251946,46201.60321902993,47001.41204371532,48065.5485834774,49326.6399850231,57105.028162180686,37207.850517568244
2025-10-20 10:00:00+00:00,93,1410,13600.440757963303,17375.623993637113,19959.01836251034,30592.903734054158,38064.13797574374,39964.78275238737,40740.80932678031,41407.07336985046,42054.61470276951,42591.910085096,43177.83644880398,43963.46138298443,44558.575540678845,45317.20369654999,46511.822425719256,47219.654647565534,48134.69998532642,49069.32498041737,50220.69150669359,58610.8840160782,38747.60228643128
2025-10-20 10:15:00+00:00,94,1425,15481.572308388426,18606.96398509277,24049.916017727814,33641.04199402698,39012.97421855438,40908.66042101855,41673.66428533733,42365.95301691466,42855.506017038446,43571.25950828215,44127.242609101726,44940.610243519295,45638.32137729515,46158.81137371146,46856.18407951998,47791.07575034002,48741.10976722513,49647.02157456524,50718.689089482934,59717.86622174698,39881.42685212396
2025-10-20 10:30:00+00:00,95,1440,15352.688601015225,19124.8749867666,24245.765128136874,33729.98913718507,38815.83764144053,40408.87887360708,42112.39989278027,42888.76597821086,43461.592287244006,44088.6664770582,44692.790278153414,45467.6874986153,46333.44696529805,46874.678237626584,47406.75124610704,48367.24416003779,49411.21110941291,50501.02802284339,51547.28119813507,60421.798930764126,40319.30167847494
2025-10-20 10:45:00+00:00,96,1455,14210.535095500112,18691.35673280574,22272.076615309386,30197.430263955106,36232.23218268946,39774.198374229985,41480.68985508377,42476.470403189574,43186.601987809074,43796.756830883474,44430.80345654423,45087.70757078329,45987.0947806459,46724.6366019338,47253.53959963733,48249.89527139472,49158.625101878286,50427.84371619456,51355.18794624295,60720.46035868735,39509.01043544109
2025-10-20 11:00:00+00:00,97,1470,15798.565473076565,19224.09383189042,24486.740886760737,30593.17843069876,34491.34528902825,38819.35167902378,40733.944521728066,42243.63091425365,43011.01612583397,43671.29169568872,44328.52097667355,45040.02933241277,45768.638143175165,46371.231747502075,46920.3496756815,47953.99836140806,48870.32956135244,50171.37523704237,51112.630554389936,60613.60676891121,39444.03539109511
2025-10-20 11:15:00+00:00,98,1485,14807.92140860467,18215.01552137561,21213.385963768123,27043.718671838426,32258.593272704493,36410.67901287585,39592.968469067644,41427.25059383281,42463.0783091516,43168.1153563032,43855.378246809974,44510.50234327353,45123.30041088219,45749.00382212298,46242.61400175865,46941.81503821137,48156.3842534335,49435.367219348576,50491.167766280414,60102.99905047764,38300.259273085714
2025-10-20 11:30:00+00:00,99,1500,13768.231269367418,17730.910054869968,20191.847581560538,25212.712289154573,28565.15807222158,32926.22240353265,37064.578457216085,39013.75285648098,40912.171871139544,41815.556649671984,42652.18219787496,43330.32233766427,43922.23170455321,44498.30508447044,45035.61983626226,45622.49308052888,46796.55104538372,48590.119156895,49704.74523995933,59192.42869048562,36786.08852565121
2025-10-20 11:45:00+00:00,100,1515,13322.834768222217,16259.205831714438,17789.322420131557,19907.561755293384,23776.03650914497,26667.672680019972,30047.406709578914,33336.718872506084,36873.710867975125,38665.07321702363,39940.87726077959,41372.3144047163,42268.41373961399,42924.02636135527,43717.85074802006,44475.364880370784,45395.27563583104,47357.54228373152,48969.192644837254,57887.744301742714,34062.99883691433
2025-10-20 12:00:00+00:00,101,1530,11460.321725982003,14642.073143784655,16885.181359263705,17946.57937612379,19917.399114719847,22337.015956659376,25341.113054962272,27273.662314539273,30399.062244900833,33267.509212045145,35850.57824969057,37483.66521847196,38831.026932113375,40230.72301147727,41079.863012449416,41779.09848223388,42636.88608210529,44206.41448864842,47653.571704594135,56196.88427793611,30853.371195985997
2025-10-20 12:15:00+00:00,102,1545,10228.131778930878,14002.224633312602,15874.3178166426,17035.23483837049,19072.025429824942,20983.197687813918,22595.592809054182,24937.696132594403,27576.23189974045,30034.57786113141,32795.537903624245,34852.60634445899,36224.044384255154,37668.78331416103,38699.92945380521,39313.016714477744,40061.48470269497,40814.561785724,42717.366483646365,54129.92594463042,28517.703729082143
2025-10-20 12:30:00+00:00,103,1560,9111.374847638874,11445.184579476607,13932.601957241804,15879.408308027532,17217.05687130821,18836.501226638706,20449.29024202017,21668.237056324087,23141.014043481588,25340.18905011231,27437.478952155932,29143.484965682543,31593.441046387074,33530.087160580195,34883.73843824441,36576.89017852512,37753.9166637905,38670.10474772664,40067.86984248557,51699.16846854635,25566.12974682744
2025-10-20 12:45:00+00:00,104,1575,8689.64447269774,10495.034789647249,12884.214093527677,14776.250278147678,15752.019531975435,17632.782463191095,19138.19219041591,20205.774273266587,21450.017508113186,23375.245908111807,25909.568993983416,27096.054754583423,29108.67486114116,30983.48316256445,32441.84586560598,34626.70858759622,35751.69824458176,36747.68455871107,38282.34508981651,48919.276769072036,23935.29227244926
2025-10-20 13:00:00+00:00,105,1590,7931.686156894676,9962.545955679672,12027.111693667717,13765.077021234058,14772.93705505934,16072.047437627829,17252.319278220366,18413.799930303885,19579.439232994624,21582.417419103876,23749.61367507546,25014.88040617407,26588.63242186079,28738.823985079343,30130.098148127763,31693.591281273468,33332.36032739958,34255.50776129136,35318.081895947675,45807.529023311195,22092.271624849993
2025-10-20 13:15:00+00:00,106,1605,7129.071130526287,9265.957775820725,10966.961362612983,12399.20089855598,13522.282304734854,14602.962449679018,15418.14331455043,16556.475247237846,17317.398575125877,18611.466772606498,20916.256913120957,22570.568469267415,23848.362223331085,25687.952710375645,27051.623188156238,28810.585722887794,29790.28351945706,31625.014290736406,32597.78330539918,42384.236268215835,19943.2571819121
2025-10-20 13:30:00+00:00,107,1620,6501.506723245774,8135.146489371546,9811.436396674626,11091.562967576772,12288.29291606779,13052.264020899305,13953.084610749314,14690.263906817712,15536.833890630533,16179.167639442583,17448.155879877213,19940.261794933987,21172.746725534147,22343.46670811095,23841.867690788993,25282.29807823576,26462.71121777382,27790.426733978245,30487.794334305854,38550.59606556997,18198.74071759222
2025-10-20 13:45:00+00:00,108,1635,5519.735873091334,7571.6348378165885,8794.581573932373,10016.004683376068,10988.681648845202,11744.250431291224,12444.422582464122,13371.298524439184,13945.068359401153,15021.539611909984,16775.394891394208,18365.143964902516,19455.886747423345,20633.919766822317,21764.368538218394,22767.20208469149,23766.81699734449,25339.30051706244,26997.276365815997,34621.87122024442,16502.90895304319
2025-10-20 14:00:00+00:00,109,1650,4700.9871711144015,6627.0318838184385,7859.119423218893,9005.01751806946,9586.304162347198,10366.781855657953,10963.324689202582,11769.28487257921,12336.447789107195,13273.781455083925,14966.873374803454,15921.37817599671,16991.684313150996,18084.4961318954,18947.20588823051,19795.12219077282,20760.957702652864,22163.744833202723,23621.84668516258,30538.419536337973,14402.013853908456
2025-10-20 14:15:00+00:00,110,1665,3737.6718911348935,5434.103748800214,6601.071491099157,7576.121723389099,8234.599275828912,8780.78620518677,9404.589874924888,10028.667156204128,10595.809165616321,11738.684074053983,13014.948957150136,13540.633800426047,14268.299203434237,15148.421147609974,15978.396534453343,16719.67212885891,17528.276139249105,18595.009995914374,20197.447132271467,26286.68687403895,12223.421469841003
2025-10-20 14:30:00+00:00,111,1680,3071.723695995179,4022.4439677992023,5025.726007203482,5944.084230479018,6529.854503975712,7107.095887254859,7660.512330143592,8174.885044863663,8630.905715984447,9384.484338089078,10688.846695711582,11206.226106357082,11881.34862209861,12540.007029882318,13242.698778757123,13878.644559659884,14616.362411118285,15538.352271197955,16747.229121362674,21921.5325680104,10015.898081694522
2025-10-20 14:45:00+00:00,112,1695,2339.944546836857,2920.30139934278,3566.906498739202,4431.775730756951,4928.9074861406525,5334.482426551401,5894.810972794899,6312.9437642114,6684.245412057272,7251.6656292039415,8002.381342306268,8759.984811212493,9229.857505900602,9734.99768674607,10401.426488519293,10761.801050367281,11546.144349183141,12368.666370838908,13298.809957243679,17515.683424865,7773.885454625645
2025-10-20 15:00:00+00:00,113,1710,1717.7303312028762,2159.898071358477,2643.7679882607476,3216.7090774572807,3619.229031902079,3910.533851771038,4314.539532090989,4567.724978637055,4832.992500496412,5082.7526073940335,5663.020811024069,6304.85833005503,6665.18366132568,7055.4958646840305,7580.458394293365,7873.582669991008,8442.278882816865,8945.733373062583,9772.475119581408,12998.23803008025,5651.494307564877
2025-10-20 15:15:00+00:00,114,1725,1036.7111257428453,1388.4207390062036,1715.1133495994143,2104.9299581113273,2344.5319180003203,2553.4032449914707,2817.5612829263723,3007.413134713309,3197.8615622043512,3393.895332531114,3787.8199522636237,4220.22042002641,4457.505861126195,4684.706088304631,4997.418830807829,5264.644082613051,5546.362766596673,5943.16069535633,6522.828288477147,8811.964517141978,3739.1448441467173
2025-10-20 15:30:00+00:00,115,1740,528.0577703086656,720.0133374621299,886.3558469983901,1073.4519876342692,1211.9109719665537,1334.3146919581295,1446.0989251863825,1563.746999998444,1648.9535555761383,1742.8840878588285,1919.6541861819774,2150.7173000846346,2336.863697338887,2455.2827275750146,2593.993053296755,2778.66697895352,2892.831959554629,3126.0951892873168,3471.485576280777,4700.667938394263,1947.2081560606616
2025-10-20 15:45:00+00:00,116,1755,129.49427176033836,176.96856857473009,227.54951386827392,270.3833658524489,310.94298946836983,347.12879484654036,383.4729159340677,405.92523218592055,436.64187790153153,479.8522071874147,543.3254126551562,571.923201939033,603.4092143007006,631.2046952088277,664.8123893666387,698.2884350264288,752.2342196486658,787.8297170752332,864.8736192895559,1187.803780353714,502.62182573911105
2025-10-20 16:00:00+00:00,117,1770,8.189662662220043,12.040548480162839,15.2989877680029,17.954103626288628,20.433879372157993,22.78860076850144,25.60488476697954,27.942504806356407,29.715886783305237,31.630781016942265,35.495124249908926,39.07888784816277,41.27214436767026,43.33969113733761,46.217171920886756,48.82794569267372,51.66756329872912,55.573482333321046,59.8442808273613,84.21078443941003,34.3673004209058
2025-10-20 16:15:00+00:00,118,1785,0.0,0.0,0.0,0.0,0.0,0.0,0.0,0.0,0.0,0.0,0.0,0.0,0.0,0.0,0.0,0.0,0.0,0.0,0.0,0.0,0.0
2025-10-20 16:30:00+00:00,119,1800,0.0,0.0,0.0,0.0,0.0,0.0,0.0,0.0,0.0,0.0,0.0,0.0,0.0,0.0,0.0,0.0,0.0,0.0,0.0,0.0,0.0
2025-10-20 16:45:00+00:00,120,1815,0.0,0.0,0.0,0.0,0.0,0.0,0.0,0.0,0.0,0.0,0.0,0.0,0.0,0.0,0.0,0.0,0.0,0.0,0.0,0.0,0.0
2025-10-20 17:00:00+00:00,121,1830,0.0,0.0,0.0,0.0,0.0,0.0,0.0,0.0,0.0,0.0,0.0,0.0,0.0,0.0,0.0,0.0,0.0,0.0,0.0,0.0,0.0
2025-10-20 17:15:00+00:00,122,1845,0.0,0.0,0.0,0.0,0.0,0.0,0.0,0.0,0.0,0.0,0.0,0.0,0.0,0.0,0.0,0.0,0.0,0.0,0.0,0.0,0.0
2025-10-20 17:30:00+00:00,123,1860,0.0,0.0,0.0,0.0,0.0,0.0,0.0,0.0,0.0,0.0,0.0,0.0,0.0,0.0,0.0,0.0,0.0,0.0,0.0,0.0,0.0
2025-10-20 17:45:00+00:00,124,1875,0.0,0.0,0.0,0.0,0.0,0.0,0.0,0.0,0.0,0.0,0.0,0.0,0.0,0.0,0.0,0.0,0.0,0.0,0.0,0.0,0.0
2025-10-20 18:00:00+00:00,125,1890,0.0,0.0,0.0,0.0,0.0,0.0,0.0,0.0,0.0,0.0,0.0,0.0,0.0,0.0,0.0,0.0,0.0,0.0,0.0,0.0,0.0
2025-10-20 18:15:00+00:00,126,1905,0.0,0.0,0.0,0.0,0.0,0.0,0.0,0.0,0.0,0.0,0.0,0.0,0.0,0.0,0.0,0.0,0.0,0.0,0.0,0.0,0.0
2025-10-20 18:30:00+00:00,127,1920,0.0,0.0,0.0,0.0,0.0,0.0,0.0,0.0,0.0,0.0,0.0,0.0,0.0,0.0,0.0,0.0,0.0,0.0,0.0,0.0,0.0
2025-10-20 18:45:00+00:00,128,1935,0.0,0.0,0.0,0.0,0.0,0.0,0.0,0.0,0.0,0.0,0.0,0.0,0.0,0.0,0.0,0.0,0.0,0.0,0.0,0.0,0.0
2025-10-20 19:00:00+00:00,129,1950,0.0,0.0,0.0,0.0,0.0,0.0,0.0,0.0,0.0,0.0,0.0,0.0,0.0,0.0,0.0,0.0,0.0,0.0,0.0,0.0,0.0
2025-10-20 19:15:00+00:00,130,1965,0.0,0.0,0.0,0.0,0.0,0.0,0.0,0.0,0.0,0.0,0.0,0.0,0.0,0.0,0.0,0.0,0.0,0.0,0.0,0.0,0.0
2025-10-20 19:30:00+00:00,131,1980,0.0,0.0,0.0,0.0,0.0,0.0,0.0,0.0,0.0,0.0,0.0,0.0,0.0,0.0,0.0,0.0,0.0,0.0,0.0,0.0,0.0
2025-10-20 19:45:00+00:00,132,1995,0.0,0.0,0.0,0.0,0.0,0.0,0.0,0.0,0.0,0.0,0.0,0.0,0.0,0.0,0.0,0.0,0.0,0.0,0.0,0.0,0.0
2025-10-20 20:00:00+00:00,133,2010,0.0,0.0,0.0,0.0,0.0,0.0,0.0,0.0,0.0,0.0,0.0,0.0,0.0,0.0,0.0,0.0,0.0,0.0,0.0,0.0,0.0
2025-10-20 20:15:00+00:00,134,2025,0.0,0.0,0.0,0.0,0.0,0.0,0.0,0.0,0.0,0.0,0.0,0.0,0.0,0.0,0.0,0.0,0.0,0.0,0.0,0.0,0.0
2025-10-20 20:30:00+00:00,135,2040,0.0,0.0,0.0,0.0,0.0,0.0,0.0,0.0,0.0,0.0,0.0,0.0,0.0,0.0,0.0,0.0,0.0,0.0,0.0,0.0,0.0
2025-10-20 20:45:00+00:00,136,2055,0.0,0.0,0.0,0.0,0.0,0.0,0.0,0.0,0.0,0.0,0.0,0.0,0.0,0.0,0.0,0.0,0.0,0.0,0.0,0.0,0.0
2025-10-20 21:00:00+00:00,137,2070,0.0,0.0,0.0,0.0,0.0,0.0,0.0,0.0,0.0,0.0,0.0,0.0,0.0,0.0,0.0,0.0,0.0,0.0,0.0,0.0,0.0
2025-10-20 21:15:00+00:00,138,2085,0.0,0.0,0.0,0.0,0.0,0.0,0.0,0.0,0.0,0.0,0.0,0.0,0.0,0.0,0.0,0.0,0.0,0.0,0.0,0.0,0.0
2025-10-20 21:30:00+00:00,139,2100,0.0,0.0,0.0,0.0,0.0,0.0,0.0,0.0,0.0,0.0,0.0,0.0,0.0,0.0,0.0,0.0,0.0,0.0,0.0,0.0,0.0
2025-10-20 21:45:00+00:00,140,2115,0.0,0.0,0.0,0.0,0.0,0.0,0.0,0.0,0.0,0.0,0.0,0.0,0.0,0.0,0.0,0.0,0.0,0.0,0.0,0.0,0.0
2025-10-20 22:00:00+00:00,141,2130,0.0,0.0,0.0,0.0,0.0,0.0,0.0,0.0,0.0,0.0,0.0,0.0,0.0,0.0,0.0,0.0,0.0,0.0,0.0,0.0,0.0
2025-10-20 22:15:00+00:00,142,2145,0.0,0.0,0.0,0.0,0.0,0.0,0.0,0.0,0.0,0.0,0.0,0.0,0.0,0.0,0.0,0.0,0.0,0.0,0.0,0.0,0.0
2025-10-20 22:30:00+00:00,143,2160,0.0,0.0,0.0,0.0,0.0,0.0,0.0,0.0,0.0,0.0,0.0,0.0,0.0,0.0,0.0,0.0,0.0,0.0,0.0,0.0,0.0
2025-10-20 22:45:00+00:00,144,2175,0.0,0.0,0.0,0.0,0.0,0.0,0.0,0.0,0.0,0.0,0.0,0.0,0.0,0.0,0.0,0.0,0.0,0.0,0.0,0.0,0.0
2025-10-20 23:00:00+00:00,145,2190,0.0,0.0,0.0,0.0,0.0,0.0,0.0,0.0,0.0,0.0,0.0,0.0,0.0,0.0,0.0,0.0,0.0,0.0,0.0,0.0,0.0
2025-10-20 23:15:00+00:00,146,2205,0.0,0.0,0.0,0.0,0.0,0.0,0.0,0.0,0.0,0.0,0.0,0.0,0.0,0.0,0.0,0.0,0.0,0.0,0.0,0.0,0.0
2025-10-20 23:30:00+00:00,147,2220,0.0,0.0,0.0,0.0,0.0,0.0,0.0,0.0,0.0,0.0,0.0,0.0,0.0,0.0,0.0,0.0,0.0,0.0,0.0,0.0,0.0
2025-10-20 23:45:00+00:00,148,2235,0.0,0.0,0.0,0.0,0.0,0.0,0.0,0.0,0.0,0.0,0.0,0.0,0.0,0.0,0.0,0.0,0.0,0.0,0.0,0.0,0.0
2025-10-21 00:00:00+00:00,149,2250,0.0,0.0,0.0,0.0,0.0,0.0,0.0,0.0,0.0,0.0,0.0,0.0,0.0,0.0,0.0,0.0,0.0,0.0,0.0,0.0,0.0
2025-10-21 00:15:00+00:00,150,2265,0.0,0.0,0.0,0.0,0.0,0.0,0.0,0.0,0.0,0.0,0.0,0.0,0.0,0.0,0.0,0.0,0.0,0.0,0.0,0.0,0.0
2025-10-21 00:30:00+00:00,151,2280,0.0,0.0,0.0,0.0,0.0,0.0,0.0,0.0,0.0,0.0,0.0,0.0,0.0,0.0,0.0,0.0,0.0,0.0,0.0,0.0,0.0
2025-10-21 00:45:00+00:00,152,2295,0.0,0.0,0.0,0.0,0.0,0.0,0.0,0.0,0.0,0.0,0.0,0.0,0.0,0.0,0.0,0.0,0.0,0.0,0.0,0.0,0.0
2025-10-21 01:00:00+00:00,153,2310,0.0,0.0,0.0,0.0,0.0,0.0,0.0,0.0,0.0,0.0,0.0,0.0,0.0,0.0,0.0,0.0,0.0,0.0,0.0,0.0,0.0
2025-10-21 01:15:00+00:00,154,2325,0.0,0.0,0.0,0.0,0.0,0.0,0.0,0.0,0.0,0.0,0.0,0.0,0.0,0.0,0.0,0.0,0.0,0.0,0.0,0.0,0.0
2025-10-21 01:30:00+00:00,155,2340,0.0,0.0,0.0,0.0,0.0,0.0,0.0,0.0,0.0,0.0,0.0,0.0,0.0,0.0,0.0,0.0,0.0,0.0,0.0,0.0,0.0
2025-10-21 01:45:00+00:00,156,2355,0.0,0.0,0.0,0.0,0.0,0.0,0.0,0.0,0.0,0.0,0.0,0.0,0.0,0.0,0.0,0.0,0.0,0.0,0.0,0.0,0.0
2025-10-21 02:00:00+00:00,157,2370,0.0,0.0,0.0,0.0,0.0,0.0,0.0,0.0,0.0,0.0,0.0,0.0,0.0,0.0,0.0,0.0,0.0,0.0,0.0,0.0,0.0
2025-10-21 02:15:00+00:00,158,2385,0.0,0.0,0.0,0.0,0.0,0.0,0.0,0.0,0.0,0.0,0.0,0.0,0.0,0.0,0.0,0.0,0.0,0.0,0.0,0.0,0.0
2025-10-21 02:30:00+00:00,159,2400,0.0,0.0,0.0,0.0,0.0,0.0,0.0,0.0,0.0,0.0,0.0,0.0,0.0,0.0,0.0,0.0,0.0,0.0,0.0,0.0,0.0
2025-10-21 02:45:00+00:00,160,2415,0.0,0.0,0.0,0.0,0.0,0.0,0.0,0.0,0.0,0.0,0.0,0.0,0.0,0.0,0.0,0.0,0.0,0.0,0.0,0.0,0.0
2025-10-21 03:00:00+00:00,161,2430,0.0,0.0,0.0,0.0,0.0,0.0,0.0,0.0,0.0,0.0,0.0,0.0,0.0,0.0,0.0,0.0,0.0,0.0,0.0,0.0,0.0
2025-10-21 03:15:00+00:00,162,2445,0.0,0.0,0.0,0.0,0.0,0.0,0.0,0.0,0.0,0.0,0.0,0.0,0.0,0.0,0.0,0.0,0.0,0.0,0.0,0.0,0.0
2025-10-21 03:30:00+00:00,163,2460,0.0,0.0,0.0,0.0,0.0,0.0,0.0,0.0,0.0,0.0,0.0,0.0,0.0,0.0,0.0,0.0,0.0,0.0,0.0,0.0,0.0
2025-10-21 03:45:00+00:00,164,2475,0.0,0.0,0.0,0.0,0.0,0.0,0.0,0.0,0.0,0.0,0.0,0.0,0.0,0.0,0.0,0.0,0.0,0.0,0.0,0.0,0.0
2025-10-21 04:00:00+00:00,165,2490,0.0,0.0,0.0,0.0,0.0,0.0,0.0,0.0,0.0,0.0,0.0,0.0,0.0,0.0,0.0,0.0,0.0,0.0,0.0,0.0,0.0
2025-10-21 04:15:00+00:00,166,2505,0.0,0.0,0.0,0.0,0.0,0.0,0.0,0.0,0.0,0.0,0.0,0.0,0.0,0.0,0.0,0.0,0.0,0.0,0.0,0.0,0.0
2025-10-21 04:30:00+00:00,167,2520,0.0,0.0,0.0,0.0,0.0,0.0,0.0,0.0,0.0,0.0,0.0,0.0,0.0,0.0,0.0,0.0,0.0,0.0,0.0,0.0,0.0
2025-10-21 04:45:00+00:00,168,2535,0.0,0.0,0.0,0.0,0.0,0.0,0.0,0.0,0.0,0.0,0.0,0.0,0.0,0.0,0.0,0.0,0.0,0.0,0.0,0.0,0.0
2025-10-21 05:00:00+00:00,169,2550,0.0,0.0,0.0,0.0,0.0,0.0,0.0,0.0,0.0,0.0,0.0,0.0,0.0,0.0,0.0,0.0,0.0,0.0,0.0,0.0,0.0
2025-10-21 05:15:00+00:00,170,2565,0.0,0.0,0.0,0.0,0.0,0.0,0.0,0.0,0.0,0.0,0.0,0.0,0.0,0.0,0.0,0.0,0.0,0.0,0.0,0.0,0.0
2025-10-21 05:30:00+00:00,171,2580,0.0,0.0,0.0,0.0,0.0,0.0,0.0,0.0,0.0,0.0,0.0,0.0,0.0,0.0,0.0,0.0,0.0,0.0,0.0,0.0,0.0
2025-10-21 05:45:00+00:00,172,2595,0.005097769854941162,0.0065206170019627375,0.00859376668672751,0.009948910884077471,0.011254178172894718,0.012673792308184053,0.014562634074292655,0.01667573182437182,0.018776338481707993,0.020760203474126417,0.02332376326163656,0.02562918992987579,0.02820235482413476,0.030720842538043296,0.0341341251853617,0.03965743192044605,0.04600245497970291,0.05075389655107242,0.06329466772173266,0.14303052770747182,0.025922032510324117
2025-10-21 06:00:00+00:00,173,2610,38.27000089924231,46.589114488209916,54.41807254492679,59.77067528099312,66.12413867515093,72.50515735762369,81.11769121015097,91.59030031124435,97.8051209782076,105.09974220839244,116.1211995331561,125.77627836359538,137.2261316830463,146.91685523825558,159.55954722749155,187.77699548018833,212.87038418360092,237.21965635293768,289.6745472459577,616.9821651024479,128.2791263866209
2025-10-21 06:15:00+00:00,174,2625,219.7916718795937,265.6914718731672,307.26821939306916,338.0557856413068,376.61806151373094,406.36940898411723,435.07551223640263,495.9223878231303,560.2572530209707,604.9103628948096,670.5152611061039,746.3044609397409,855.0954287173681,936.0680112846502,1037.2358094527206,1160.5599888371794,1260.5211750636797,1452.0035518144955,1682.9767496833501,3480.4945397934916,756.3327620364556
2025-10-21 06:30:00+00:00,175,2640,529.8941177941985,650.5319504966203,769.2627221157899,842.8688440339662,918.6129819408546,1004.8024628328927,1114.1816811559606,1259.8739348806755,1391.6936360239567,1511.7497683562651,1680.4387935716522,1883.098256110597,2113.572399204332,2298.526881927008,2556.577456612991,2920.0221999220958,3114.232986528535,3658.9784968165927,4166.700774726107,8555.031311355622,1877.1262446771782
2025-10-21 06:45:00+00:00,176,2655,830.7762600823484,1030.1575407598596,1197.8011159863229,1308.294202507506,1428.6134128119647,1555.8297742613427,1717.5597832360236,1931.7890521289064,2104.4263171826324,2287.3486010529923,2563.76282789047,2875.4374597950514,3198.021074977603,3455.8176698729026,3915.659129817246,4486.431118901486,4789.1392447349845,5411.936579080116,6318.721572317025,12991.020487465468,2859.5506055352516
2025-10-21 07:00:00+00:00,177,2670,1141.8599458286976,1385.5226147642088,1591.3789074410981,1756.0996113894591,1944.2159239456334,2095.2814297300874,2375.015244810945,2717.276560581908,2960.9322516650273,3178.8705664698014,3572.781581680655,3962.6324479996174,4380.037960161885,4752.420614403266,5403.742575882233,6140.616563502536,6550.768502926763,7356.009364643035,8627.568431445157,17889.56219774743,3921.11100050458
2025-10-21 07:15:00+00:00,178,2685,1334.1912241088849,1684.3391262972018,1887.1000737762731,2122.501498179677,2399.0781318210875,2705.423564878995,3084.0799623066173,3380.499045368914,3699.1919473321873,4105.365693126029,4536.659653868853,5133.3421794807255,5398.39667560133,6089.7811636786855,6857.322877382413,7566.518209889313,8457.75253764244,9463.422791266961,11339.68622421741,22546.553992400055,4960.588890197184
2025-10-21 07:30:00+00:00,179,2700,1344.614618153999,1675.407223269771,2019.2161621391554,2336.7405140755354,2622.490188104602,3158.7559643782192,3512.310614068882,3952.9075786417898,4460.3306803238365,4975.031854468789,5469.348783613343,5939.532993210322,6386.273178266516,7309.700712705852,8087.561582555511,9023.792376029556,10006.423728962587,11346.50950741365,14745.803998932179,27086.317777301054,5975.745375935601
2025-10-21 07:45:00+00:00,180,2715,1419.9585196670748,1861.9488128246078,2381.640951360015,2826.3036240485926,3517.142124145434,3992.4665499162343,4452.35837063721,4944.3619374096215,5545.087933278344,6057.931109324657,6408.59437668303,6777.553258924025,7435.556090003684,8312.916781657319,8980.440815871912,10043.251805757747,11262.419996582283,12651.13099241374,16912.238669100523,31456.686602372894,6924.237497694594
2025-10-21 08:00:00+00:00,181,2730,1477.8719210230302,2004.1860045280894,2707.396179176209,3256.40959982095,4112.898642885812,4656.589866688123,5108.449915041715,5772.053141305482,6412.5858091013115,6985.71172602976,7340.461349148883,7816.561069676292,8571.45908380947,9358.29959633015,10274.986994816147,11396.121387903044,12429.296601391343,13869.938758840173,18559.6648033111,35605.33359319997,7821.118723514571
2025-10-21 08:15:00+00:00,182,2745,1660.2590201859932,2339.4034649488453,3065.3829258140213,3772.1323816131944,4610.02908039736,5034.721967803418,5360.760501136568,5993.16299639261,6623.285655384035,7211.294465842418,7788.943867717045,8174.174925726323,8874.767150057389,9809.776897417842,10714.802240400453,12156.60098634826,13624.704356061702,15086.668125528298,20134.941489593075,39493.75508477309,8392.559806783176
2025-10-21 08:30:00+00:00,183,2760,2144.9900022348725,3070.6564773637033,3703.511057687247,4959.333457563714,5350.6283329733105,5709.880890619993,6210.646190277547,6701.330196954245,7321.4190819030155,8055.605000051082,8657.121126530197,8925.421049831959,9520.628372471947,10594.041960700504,11595.962492875624,12889.015394919363,14541.871683486886,16385.390129994004,20670.044229366755,43286.23997805326,9057.483721639885
2025-10-21 08:45:00+00:00,184,2775,3097.38751410668,3927.175040792604,5376.8052855358155,5904.101775279855,6268.140158543005,6694.127565454764,7331.728352799206,7972.531997705432,8491.787375741282,9127.845966282044,9608.125891708914,10083.617134285601,10741.686997322517,11805.657025890585,12776.960571679636,14009.426381056988,15400.787724062382,17142.45051756907,20216.2938238588,46695.97048952353,10126.92130535044
2025-10-21 09:00:00+00:00,185,2790,3538.484100695041,4537.108512648308,5997.677062978007,6527.712422812871,7023.012454311302,7741.65110591016,8344.962701444829,8976.97865719165,9610.743651986659,10088.073302780429,10598.744466302192,11281.057268133298,12285.13650243067,13043.016647107195,13927.101528160832,15344.747807762596,16587.265163122654,18173.66600999142,22170.564105655754,49718.260015314045,11463.034636276081
2025-10-21 09:15:00+00:00,186,2805,4260.623185220021,5768.029671245722,6728.086565587505,7280.36464451928,8020.499762237981,8736.130217826347,9401.366195561703,10045.677230236723,10568.92359227206,11154.22376388632,11978.76551093078,13190.702649614073,13975.79198579211,14970.699488460556,16290.137936710582,17344.798705007757,18523.22604065966,20718.605532644484,28133.562385732945,52377.244446158766,12967.470725160925
2025-10-21 09:30:00+00:00,187,2820,3963.6688690650685,5271.746140061469,6514.320110650411,7053.221209875022,7627.32144218762,8545.37803659968,9328.349643262603,10026.397016187664,10588.207016809469,11083.67073454344,12030.37320439662,13130.331708508,14201.685406814633,15403.089975282792,16759.19668981265,17997.866889096895,19485.81584834534,23441.55369008493,29586.01324314813,54660.72605914277,13218.781877896106
2025-10-21 09:45:00+00:00,188,2835,4852.865341529736,6485.845965046283,7399.483562829242,7934.961081160574,8913.580892065045,9785.706385129624,10502.171010577551,11192.96990682248,11736.040261702745,12498.044699710077,13391.885918406448,14466.669581854065,15133.106528911185,16429.46204312918,17843.479674784438,18961.546106272657,20258.69831297533,24684.08912426271,30653.016987294555,56558.71713402543,14329.807195632982
2025-10-21 10:00:00+00:00,189,2850,6081.404166910344,7780.88708294015,8416.584722266914,9132.140460367347,10012.050350100522,10813.321763180797,11673.405329862862,12234.544982022388,12715.608740399806,13624.006499653726,14500.331764478155,15650.025562323282,16408.499945249638,17713.50776231791,19086.049565471578,20415.176222279693,22168.000749600153,26631.780824517915,31913.05479085852,58063.25357737655,15596.154928961947
2025-10-21 10:15:00+00:00,190,2865,7199.127994657481,8449.956815862408,9236.758547992824,10209.370045312502,10947.814874681628,11902.220452667281,12680.348565365173,13260.448710230323,14376.198060520086,15252.761489032446,16403.5755661365,17318.543364774327,18921.010213009016,20225.8111994637,21534.108725450715,23388.063684507175,27478.383800530144,31834.631339319672,35713.713002478544,59168.31789302926,17635.751770286322
2025-10-21 10:30:00+00:00,191,2880,7794.955482961639,9000.545710011958,9979.937049762728,11002.224091269158,12052.713199614505,13221.590556464593,13804.689693702932,15149.757588497463,16349.778096537555,17527.158074282128,18955.84910421244,20589.769866274026,21457.406190844795,23427.12719156463,25909.78461207407,28033.342195650748,30696.349694799483,34292.84810976643,39393.90237997659,59869.82100563964,19785.96622593891
2025-10-21 10:45:00+00:00,192,2895,7736.436509609371,9001.828952716483,9897.109543225122,10941.1481278052,11989.975934847938,13275.996401149056,13857.918913653604,15151.60000987925,16344.919068662906,17647.30915239212,19331.978123602563,20580.953581930866,21340.60178323345,23174.095999497767,26101.124653108625,28224.913562373957,30601.76160557823,34629.41681601988,39494.16993329657,60165.613440021574,19827.93016504655
2025-10-21 11:00:00+00:00,193,2910,7649.8384102386435,8898.18276950414,9641.203756044168,10880.981341813578,12005.557595632465,13213.235490806113,13880.634189669227,15388.028495580567,16753.32688116003,18154.08011573534,19672.65567816438,20662.922952600617,21812.863869254474,23677.012682730066,26244.38745313329,28237.257550079576,31052.586695023238,35549.6428088455,38617.46160378795,60055.50872841931,19949.755266740005
2025-10-21 11:15:00+00:00,194,2925,7005.677590785413,8411.338790695043,9467.102455854976,10677.192225745715,12055.473001714472,13036.742116814848,14588.389450196091,15682.354713487883,16911.032090821973,18518.63187832498,19691.44563880138,20515.390862190554,22409.95974539456,24181.73254140543,26124.941117908405,28042.531550415977,31484.44438864445,34973.500145701895,38379.91486910047,59541.31015621066,19934.309748179054
2025-10-21 11:30:00+00:00,195,2940,6467.666890119196,8156.262808276096,9176.582888600575,10030.746591541067,11833.004146101075,12667.25857721882,14312.391662782678,15695.743697443675,16787.984513568794,18140.746660564513,19264.827492923538,20460.59466180363,22089.94036983966,23522.51029988048,25469.673515682756,27202.839273941012,30786.105713086272,34517.8075029061,39444.17022822885,58626.83748422098,19506.875564440776
2025-10-21 11:45:00+00:00,196,2955,5574.182758153144,7526.554750146651,8603.928639718712,9754.725034615358,11844.706667354514,12771.837573876124,14548.02606086876,15877.3528334857,17152.835702840028,17967.922877869838,18983.03160464333,20011.77196627371,21936.670613990675,23886.584327200275,25719.652609815454,27871.80086714951,30866.2699457477,33843.17267499636,38844.413458727315,57317.95485398627,19436.869125914476
2025-10-21 12:00:00+00:00,197,2970,5296.770162248809,6830.55689531853,7922.409473541162,9391.207930582943,11529.349109881832,12789.529626922355,14666.83017704774,15715.588372306327,16873.163833073315,17642.281424370525,18671.002617853723,20901.45527038552,22264.45358005428,24408.34439005241,25486.740387155307,28874.437858046087,32075.081775479648,34561.81405445915,39004.025223166835,55622.60570279558,19500.652662133314
2025-10-21 12:15:00+00:00,198,2985,6024.378162409426,7486.832317303669,10058.35775016805,11354.21025159149,12609.595228655695,14288.816644546861,15284.54774922804,15927.18696186577,16587.577050349086,17600.875402923055,19036.57832006268,20408.7922065661,21605.11950769716,23150.84721023421,24618.627372949133,28546.978235739774,31380.696670235175,34088.428633127005,37679.57069894007,53550.8655794233,19559.629361852694
2025-10-21 12:30:00+00:00,199,3000,4547.563055134245,6117.666906253091,8532.8478002566,10179.257312645494,11064.355125177712,12208.839560004839,13933.728072525397,14804.7041983524,15260.402701501685,16495.04859075338,17883.58233163691,19081.082267276393,20452.46473131398,21997.64684653985,23877.036481504467,27196.549480269747,30192.021380440794,32809.95133456402,36303.176497706394,51115.03106574483,18260.6102466703
2025-10-21 12:45:00+00:00,200,3015,4597.627727948099,5949.790307123377,7295.219240361494,8703.17898802445,9960.179139847882,10666.356788645686,11809.559351371498,13452.71458240438,14084.340962003102,14807.069160756118,15931.688615661933,17385.61057853462,18381.368461772618,19705.278687640854,22147.282276136764,24530.553417646704,27306.51209850262,30822.521739007167,34991.976763017745,48329.77368683055,16689.006536109242
2025-10-21 13:00:00+00:00,201,3030,3445.777029217945,5040.073970978006,6076.588909039787,7290.144290581089,8396.975604425925,9431.788965857782,10219.995247574769,11555.082554714652,12764.188833213177,13366.24144637468,14410.555173709226,15594.371444258639,16799.565890122696,18031.198977008273,20426.93055163029,22650.959780785466,25976.090332192984,28997.926010793126,34499.593253127045,45212.404234609356,15254.76033336804
2025-10-21 13:15:00+00:00,202,3045,3364.6173414768714,4803.778034424853,5853.720392823739,6897.301415475109,7860.410420997935,8815.633715480253,9696.557869141812,11071.762911334856,11996.156887605608,12646.639248563044,13833.94334047255,15206.206245109495,16275.211234761444,18513.809062591088,20840.255091333693,23242.982114959294,25248.530257935756,27921.444823493774,32344.461973972542,41783.32099989639,14751.294683579594
2025-10-21 13:30:00+00:00,203,3060,3132.3780632541816,4385.257668861117,5381.2505698072955,6472.022349540689,7477.567898916043,8259.87763963981,9169.589045512043,10509.825924991188,11180.928845200455,12034.379451710925,13411.685273354187,14878.8390374607,17135.356761581355,18875.780876098215,20581.831861106748,22212.67061463553,23380.634574448923,26172.956351029046,29322.757984836036,37921.909935677824,14141.181042071797
2025-10-21 13:45:00+00:00,204,3075,2756.1536058804236,3835.6983785266593,4813.639853022304,5864.928915292636,6959.806861358901,7749.166069711664,8687.301714965915,9449.591326289114,10001.090057111813,10917.038957915238,12433.882154497289,13595.22585761006,15316.77949034772,16868.22863136422,18218.93033284737,19618.31560331947,20841.728205468906,22701.047403434877,26190.884952509205,34033.663191194275,12685.889804396997
2025-10-21 14:00:00+00:00,205,3090,2592.3749144139556,3339.041775079908,4266.176363890164,5153.618845009989,6338.385674249338,7025.861022514731,7863.259409843354,8431.41916011224,8888.134803562576,9864.74832812823,10933.194670019331,12029.538868340736,13978.80219900446,15435.8048729674,16723.06970987498,17511.6134441035,18819.133585351647,20681.800380364228,23174.640112370394,29948.468732362144,11349.876475653451
2025-10-21 14:15:00+00:00,206,3105,2130.770589155523,2800.372051909028,3347.207955857878,4186.624459080264,5230.584563178967,5745.643273708362,6654.042132130425,7352.003844519365,7934.916406520335,8832.44861229116,9651.959508605936,10649.194521972384,12122.911278284717,13596.71095434885,14446.206205095723,15071.895723667501,16149.715646268303,17754.011230774937,20083.74779470394,25696.9780629362,9790.379230554669
2025-10-21 14:30:00+00:00,207,3120,1837.74306641969,2263.1612766431876,2680.5289193500453,3403.045714161788,4347.328413084556,4868.91538615731,5434.372602600782,5993.139024707592,6708.083448461649,7467.220809354034,8120.97979183998,8922.091184415567,10110.675815787794,11433.709267559841,12057.191039650888,12597.81249330216,13501.788675790962,14866.994988828881,17379.300535492963,21335.625913774013,8241.216289241489
2025-10-21 14:45:00+00:00,208,3135,1513.2895744267519,1830.4117104428967,2094.1393430815565,2566.7338687819993,3055.8249250553063,3685.49146632227,4028.197007100872,4442.862678682725,4859.691742194854,5363.254777507315,5974.224068674354,6516.845830244808,7152.186131761961,8265.705650444721,9192.411114335922,9685.570080075764,10172.711391438941,11377.892046694744,13510.56343477201,16939.963900926086,6292.7961514696435
2025-10-21 15:00:00+00:00,209,3150,1138.8530477163647,1370.298178456577,1552.5657728639003,1847.7559627717353,2205.4307788565843,2539.774360297699,2804.4191165251673,3090.543093001495,3429.8762009628654,3741.531692287055,4034.031040566154,4462.189666407111,4875.008591708377,5403.78494939134,6216.806527925402,6803.6031254302825,7236.4588203607245,7958.253585490925,9285.695111844205,12391.62493718241,4388.829843933942
2025-10-21 15:15:00+00:00,210,3165,634.7286392768822,907.3696926503816,1042.774721794897,1151.2401328518729,1328.6726702979115,1474.4589033625691,1619.3316031109312,1868.9358525159391,2067.5467633095727,2361.370079195183,2579.613247261842,2806.4930422232633,3105.808309605964,3387.78958156524,3861.632462364296,4417.055296817159,4720.468953678723,5084.37077336744,6066.796020684035,8291.340969240138,2801.448317441103
2025-10-21 15:30:00+00:00,211,3180,237.5416288325784,407.21519868608533,482.11664458724204,522.3742638768301,585.6037336395447,692.7108777610441,762.125829038705,840.4641678481582,941.2837483216618,1076.7597749361746,1183.7377077940798,1294.0549342002864,1430.6310623345944,1565.9434178827287,1770.8867643443016,2093.530083975429,2268.549115448005,2478.3285196183933,2988.0325969366068,4049.8704096391866,1315.7459017436245
2025-10-21 15:45:00+00:00,212,3195,51.271106959716306,67.83929483268815,91.17766580587829,112.45817485583095,124.32325061824417,138.33719487499354,159.7092891358152,177.43399385470389,202.16182892340683,224.66076982766594,259.3693773561684,284.4740996772936,312.6027315538928,339.57705278704964,370.37154437307225,430.2471302658895,517.3921799432044,554.0106660418692,684.619536194608,944.6334885684519,286.8086379901433
2025-10-21 16:00:00+00:00,213,3210,1.7278322951532927,2.337852275076177,3.4029961743986936,4.027147016887554,4.421173412283406,4.842050370936422,5.571558359923749,6.111567046928577,6.8489236295582865,7.690647300434713,8.632959431367707,9.591923531272943,10.320502281117422,11.318162872624205,12.55430910410315,14.784469944399008,17.313964365953794,19.132195451062536,23.781619320653963,33.22953488168315,9.839140775775967
2025-10-21 16:15:00+00:00,214,3225,0.0,0.0,0.0,0.0,0.0,0.0,0.0,0.0,0.0,0.0,0.0,0.0,0.0,0.0,0.0,0.0,0.0,0.0,0.0,0.0,0.0
2025-10-21 16:30:00+00:00,215,3240,0.0,0.0,0.0,0.0,0.0,0.0,0.0,0.0,0.0,0.0,0.0,0.0,0.0,0.0,0.0,0.0,0.0,0.0,0.0,0.0,0.0
2025-10-21 16:45:00+00:00,216,3255,0.0,0.0,0.0,0.0,0.0,0.0,0.0,0.0,0.0,0.0,0.0,0.0,0.0,0.0,0.0,0.0,0.0,0.0,0.0,0.0,0.0
2025-10-21 17:00:00+00:00,217,3270,0.0,0.0,0.0,0.0,0.0,0.0,0.0,0.0,0.0,0.0,0.0,0.0,0.0,0.0,0.0,0.0,0.0,0.0,0.0,0.0,0.0
2025-10-21 17:15:00+00:00,218,3285,0.0,0.0,0.0,0.0,0.0,0.0,0.0,0.0,0.0,0.0,0.0,0.0,0.0,0.0,0.0,0.0,0.0,0.0,0.0,0.0,0.0
2025-10-21 17:30:00+00:00,219,3300,0.0,0.0,0.0,0.0,0.0,0.0,0.0,0.0,0.0,0.0,0.0,0.0,0.0,0.0,0.0,0.0,0.0,0.0,0.0,0.0,0.0
2025-10-21 17:45:00+00:00,220,3315,0.0,0.0,0.0,0.0,0.0,0.0,0.0,0.0,0.0,0.0,0.0,0.0,0.0,0.0,0.0,0.0,0.0,0.0,0.0,0.0,0.0
2025-10-21 18:00:00+00:00,221,3330,0.0,0.0,0.0,0.0,0.0,0.0,0.0,0.0,0.0,0.0,0.0,0.0,0.0,0.0,0.0,0.0,0.0,0.0,0.0,0.0,0.0
2025-10-21 18:15:00+00:00,222,3345,0.0,0.0,0.0,0.0,0.0,0.0,0.0,0.0,0.0,0.0,0.0,0.0,0.0,0.0,0.0,0.0,0.0,0.0,0.0,0.0,0.0
2025-10-21 18:30:00+00:00,223,3360,0.0,0.0,0.0,0.0,0.0,0.0,0.0,0.0,0.0,0.0,0.0,0.0,0.0,0.0,0.0,0.0,0.0,0.0,0.0,0.0,0.0
2025-10-21 18:45:00+00:00,224,3375,0.0,0.0,0.0,0.0,0.0,0.0,0.0,0.0,0.0,0.0,0.0,0.0,0.0,0.0,0.0,0.0,0.0,0.0,0.0,0.0,0.0
2025-10-21 19:00:00+00:00,225,3390,0.0,0.0,0.0,0.0,0.0,0.0,0.0,0.0,0.0,0.0,0.0,0.0,0.0,0.0,0.0,0.0,0.0,0.0,0.0,0.0,0.0
2025-10-21 19:15:00+00:00,226,3405,0.0,0.0,0.0,0.0,0.0,0.0,0.0,0.0,0.0,0.0,0.0,0.0,0.0,0.0,0.0,0.0,0.0,0.0,0.0,0.0,0.0
2025-10-21 19:30:00+00:00,227,3420,0.0,0.0,0.0,0.0,0.0,0.0,0.0,0.0,0.0,0.0,0.0,0.0,0.0,0.0,0.0,0.0,0.0,0.0,0.0,0.0,0.0
2025-10-21 19:45:00+00:00,228,3435,0.0,0.0,0.0,0.0,0.0,0.0,0.0,0.0,0.0,0.0,0.0,0.0,0.0,0.0,0.0,0.0,0.0,0.0,0.0,0.0,0.0
2025-10-21 20:00:00+00:00,229,3450,0.0,0.0,0.0,0.0,0.0,0.0,0.0,0.0,0.0,0.0,0.0,0.0,0.0,0.0,0.0,0.0,0.0,0.0,0.0,0.0,0.0
2025-10-21 20:15:00+00:00,230,3465,0.0,0.0,0.0,0.0,0.0,0.0,0.0,0.0,0.0,0.0,0.0,0.0,0.0,0.0,0.0,0.0,0.0,0.0,0.0,0.0,0.0
2025-10-21 20:30:00+00:00,231,3480,0.0,0.0,0.0,0.0,0.0,0.0,0.0,0.0,0.0,0.0,0.0,0.0,0.0,0.0,0.0,0.0,0.0,0.0,0.0,0.0,0.0
2025-10-21 20:45:00+00:00,232,3495,0.0,0.0,0.0,0.0,0.0,0.0,0.0,0.0,0.0,0.0,0.0,0.0,0.0,0.0,0.0,0.0,0.0,0.0,0.0,0.0,0.0
2025-10-21 21:00:00+00:00,233,3510,0.0,0.0,0.0,0.0,0.0,0.0,0.0,0.0,0.0,0.0,0.0,0.0,0.0,0.0,0.0,0.0,0.0,0.0,0.0,0.0,0.0
2025-10-21 21:15:00+00:00,234,3525,0.0,0.0,0.0,0.0,0.0,0.0,0.0,0.0,0.0,0.0,0.0,0.0,0.0,0.0,0.0,0.0,0.0,0.0,0.0,0.0,0.0
2025-10-21 21:30:00+00:00,235,3540,0.0,0.0,0.0,0.0,0.0,0.0,0.0,0.0,0.0,0.0,0.0,0.0,0.0,0.0,0.0,0.0,0.0,0.0,0.0,0.0,0.0
2025-10-21 21:45:00+00:00,236,3555,0.0,0.0,0.0,0.0,0.0,0.0,0.0,0.0,0.0,0.0,0.0,0.0,0.0,0.0,0.0,0.0,0.0,0.0,0.0,0.0,0.0
2025-10-21 22:00:00+00:00,237,3570,0.0,0.0,0.0,0.0,0.0,0.0,0.0,0.0,0.0,0.0,0.0,0.0,0.0,0.0,0.0,0.0,0.0,0.0,0.0,0.0,0.0
2025-10-21 22:15:00+00:00,238,3585,0.0,0.0,0.0,0.0,0.0,0.0,0.0,0.0,0.0,0.0,0.0,0.0,0.0,0.0,0.0,0.0,0.0,0.0,0.0,0.0,0.0
2025-10-21 22:30:00+00:00,239,3600,0.0,0.0,0.0,0.0,0.0,0.0,0.0,0.0,0.0,0.0,0.0,0.0,0.0,0.0,0.0,0.0,0.0,0.0,0.0,0.0,0.0
2025-10-21 22:45:00+00:00,240,3615,0.0,0.0,0.0,0.0,0.0,0.0,0.0,0.0,0.0,0.0,0.0,0.0,0.0,0.0,0.0,0.0,0.0,0.0,0.0,0.0,0.0
2025-10-21 23:00:00+00:00,241,3630,0.0,0.0,0.0,0.0,0.0,0.0,0.0,0.0,0.0,0.0,0.0,0.0,0.0,0.0,0.0,0.0,0.0,0.0,0.0,0.0,0.0
2025-10-21 23:15:00+00:00,242,3645,0.0,0.0,0.0,0.0,0.0,0.0,0.0,0.0,0.0,0.0,0.0,0.0,0.0,0.0,0.0,0.0,0.0,0.0,0.0,0.0,0.0
2025-10-21 23:30:00+00:00,243,3660,0.0,0.0,0.0,0.0,0.0,0.0,0.0,0.0,0.0,0.0,0.0,0.0,0.0,0.0,0.0,0.0,0.0,0.0,0.0,0.0,0.0
2025-10-21 23:45:00+00:00,244,3675,0.0,0.0,0.0,0.0,0.0,0.0,0.0,0.0,0.0,0.0,0.0,0.0,0.0,0.0,0.0,0.0,0.0,0.0,0.0,0.0,0.0
2025-10-22 00:00:00+00:00,245,3690,0.0,0.0,0.0,0.0,0.0,0.0,0.0,0.0,0.0,0.0,0.0,0.0,0.0,0.0,0.0,0.0,0.0,0.0,0.0,0.0,0.0
2025-10-22 00:15:00+00:00,246,3705,0.0,0.0,0.0,0.0,0.0,0.0,0.0,0.0,0.0,0.0,0.0,0.0,0.0,0.0,0.0,0.0,0.0,0.0,0.0,0.0,0.0
2025-10-22 00:30:00+00:00,247,3720,0.0,0.0,0.0,0.0,0.0,0.0,0.0,0.0,0.0,0.0,0.0,0.0,0.0,0.0,0.0,0.0,0.0,0.0,0.0,0.0,0.0
2025-10-22 00:45:00+00:00,248,3735,0.0,0.0,0.0,0.0,0.0,0.0,0.0,0.0,0.0,0.0,0.0,0.0,0.0,0.0,0.0,0.0,0.0,0.0,0.0,0.0,0.0
2025-10-22 01:00:00+00:00,249,3750,0.0,0.0,0.0,0.0,0.0,0.0,0.0,0.0,0.0,0.0,0.0,0.0,0.0,0.0,0.0,0.0,0.0,0.0,0.0,0.0,0.0
2025-10-22 01:15:00+00:00,250,3765,0.0,0.0,0.0,0.0,0.0,0.0,0.0,0.0,0.0,0.0,0.0,0.0,0.0,0.0,0.0,0.0,0.0,0.0,0.0,0.0,0.0
2025-10-22 01:30:00+00:00,251,3780,0.0,0.0,0.0,0.0,0.0,0.0,0.0,0.0,0.0,0.0,0.0,0.0,0.0,0.0,0.0,0.0,0.0,0.0,0.0,0.0,0.0
2025-10-22 01:45:00+00:00,252,3795,0.0,0.0,0.0,0.0,0.0,0.0,0.0,0.0,0.0,0.0,0.0,0.0,0.0,0.0,0.0,0.0,0.0,0.0,0.0,0.0,0.0
2025-10-22 02:00:00+00:00,253,3810,0.0,0.0,0.0,0.0,0.0,0.0,0.0,0.0,0.0,0.0,0.0,0.0,0.0,0.0,0.0,0.0,0.0,0.0,0.0,0.0,0.0
2025-10-22 02:15:00+00:00,254,3825,0.0,0.0,0.0,0.0,0.0,0.0,0.0,0.0,0.0,0.0,0.0,0.0,0.0,0.0,0.0,0.0,0.0,0.0,0.0,0.0,0.0
2025-10-22 02:30:00+00:00,255,3840,0.0,0.0,0.0,0.0,0.0,0.0,0.0,0.0,0.0,0.0,0.0,0.0,0.0,0.0,0.0,0.0,0.0,0.0,0.0,0.0,0.0
2025-10-22 02:45:00+00:00,256,3855,0.0,0.0,0.0,0.0,0.0,0.0,0.0,0.0,0.0,0.0,0.0,0.0,0.0,0.0,0.0,0.0,0.0,0.0,0.0,0.0,0.0
2025-10-22 03:00:00+00:00,257,3870,0.0,0.0,0.0,0.0,0.0,0.0,0.0,0.0,0.0,0.0,0.0,0.0,0.0,0.0,0.0,0.0,0.0,0.0,0.0,0.0,0.0
2025-10-22 03:15:00+00:00,258,3885,0.0,0.0,0.0,0.0,0.0,0.0,0.0,0.0,0.0,0.0,0.0,0.0,0.0,0.0,0.0,0.0,0.0,0.0,0.0,0.0,0.0
2025-10-22 03:30:00+00:00,259,3900,0.0,0.0,0.0,0.0,0.0,0.0,0.0,0.0,0.0,0.0,0.0,0.0,0.0,0.0,0.0,0.0,0.0,0.0,0.0,0.0,0.0
2025-10-22 03:45:00+00:00,260,3915,0.0,0.0,0.0,0.0,0.0,0.0,0.0,0.0,0.0,0.0,0.0,0.0,0.0,0.0,0.0,0.0,0.0,0.0,0.0,0.0,0.0
2025-10-22 04:00:00+00:00,261,3930,0.0,0.0,0.0,0.0,0.0,0.0,0.0,0.0,0.0,0.0,0.0,0.0,0.0,0.0,0.0,0.0,0.0,0.0,0.0,0.0,0.0
2025-10-22 04:15:00+00:00,262,3945,0.0,0.0,0.0,0.0,0.0,0.0,0.0,0.0,0.0,0.0,0.0,0.0,0.0,0.0,0.0,0.0,0.0,0.0,0.0,0.0,0.0
2025-10-22 04:30:00+00:00,263,3960,0.0,0.0,0.0,0.0,0.0,0.0,0.0,0.0,0.0,0.0,0.0,0.0,0.0,0.0,0.0,0.0,0.0,0.0,0.0,0.0,0.0
2025-10-22 04:45:00+00:00,264,3975,0.0,0.0,0.0,0.0,0.0,0.0,0.0,0.0,0.0,0.0,0.0,0.0,0.0,0.0,0.0,0.0,0.0,0.0,0.0,0.0,0.0
2025-10-22 05:00:00+00:00,265,3990,0.0,0.0,0.0,0.0,0.0,0.0,0.0,0.0,0.0,0.0,0.0,0.0,0.0,0.0,0.0,0.0,0.0,0.0,0.0,0.0,0.0
2025-10-22 05:15:00+00:00,266,4005,0.0,0.0,0.0,0.0,0.0,0.0,0.0,0.0,0.0,0.0,0.0,0.0,0.0,0.0,0.0,0.0,0.0,0.0,0.0,0.0,0.0
2025-10-22 05:30:00+00:00,267,4020,0.0,0.0,0.0,0.0,0.0,0.0,0.0,0.0,0.0,0.0,0.0,0.0,0.0,0.0,0.0,0.0,0.0,0.0,0.0,0.0,0.0
2025-10-22 05:45:00+00:00,268,4035,0.0005625964087676976,0.0007686592136515414,0.0010074458011696068,0.001171255471232541,0.001314889337175296,0.001455719372890232,0.0016133458264816507,0.0017991800323378803,0.0020719887135117396,0.0022368309879505686,0.002387673192369851,0.0026089504538041146,0.0028775946659014874,0.003252491774571012,0.003866952129814944,0.004499351318993706,0.0051885995997488716,0.005856466867183617,0.007014895613713557,0.016213323477660014,0.002859185456365027
2025-10-22 06:00:00+00:00,269,4050,23.133725874311914,28.83620530177722,36.392793286600025,40.879537701081794,45.457915680567886,49.941189231011165,54.80611763688632,61.830546339440836,68.00572834981237,72.67308000609844,78.45518013552402,86.61180686977309,96.10978312647707,111.91093978367492,126.82540067819271,141.28739151888814,156.53412764532368,175.88306555223954,213.09183497447134,458.4969354772411,91.69285186387441
2025-10-22 06:15:00+00:00,270,4065,193.94514005759075,240.21634924341657,288.47532530138307,323.1696048656311,345.3608545698992,385.27216025311697,416.65498330604646,437.08137623388984,464.0100056147066,494.0851856976644,524.9272421988742,580.98535660157,654.1342877672614,731.672386551259,811.7544147349954,871.5835159018319,967.8665905546025,1119.210355428188,1440.574933624903,2897.35210932043,619.8744934073269
2025-10-22 06:30:00+00:00,271,4080,545.6260585833112,691.5142609238776,843.9398478744557,921.854782269443,991.7241502214372,1122.7073276245862,1178.9112836838906,1256.3171939209478,1328.6669735068317,1420.6802031912869,1541.1138380443454,1759.2527460476501,1924.0747937289157,2216.123675380898,2348.090113935725,2582.042377571579,2793.969057943868,3356.718060685919,4127.693221763166,8025.393980869386,1801.445897056798
2025-10-22 06:45:00+00:00,272,4095,843.0043624369487,1064.4714504038443,1287.1237392208322,1413.9175817399125,1539.6049114827235,1721.9739796091037,1842.994834516036,1946.6410825016178,2121.773138703344,2232.3663730752296,2522.573592528721,2776.421109217575,3115.4539965454537,3488.093459400346,3698.598282176063,4155.793630171324,4582.892827589823,5240.2527799755735,6829.664421462473,12477.860624285333,2857.9822703627588
2025-10-22 07:00:00+00:00,273,4110,1032.1853862003873,1458.8894184805142,1763.5879008420154,1950.229951064751,2203.4887907010143,2356.658950091037,2504.676488357851,2689.7465770799063,2875.1951960402407,3131.269414898987,3455.0480856756176,3769.0597904678298,4238.748338773352,4707.654500979613,5085.208117166866,5626.80718048819,6349.604688767743,7426.585703388477,9772.22497125895,17306.264814923514,3984.4992557078444
2025-10-22 07:15:00+00:00,274,4125,921.6129864113118,1546.789674126753,2011.9889538817406,2255.726319231089,2570.894839017591,2821.046496601768,2980.855847460768,3267.586828140143,3524.167410364344,3829.865333530933,4289.07276645514,4706.854357662283,5471.7643650629225,5856.3776492169145,6607.070537839165,7079.664478522066,8287.855316833486,9776.606624013199,12818.011326975673,22002.82740042546,5004.023806850039
2025-10-22 07:30:00+00:00,275,4140,689.5547401585743,1432.1423122371293,1964.012934244936,2347.8138363279463,2757.5847229474584,3040.0318423945923,3296.1020196348127,3631.0948134930304,3964.3642727733795,4443.921092732677,4918.178213970877,5696.572847977393,6403.864501944811,6934.379716396606,7900.656970680715,8957.494727487752,10714.492404888524,13212.47443239741,15552.244581796327,26541.619264698944,5926.925760024188
2025-10-22 07:45:00+00:00,276,4155,1004.5786750519154,1816.5781043191982,2327.304199462666,2824.5241335046535,3210.7617222059976,3547.568567234384,3870.656468496616,4238.198250740987,4667.158705311056,5194.964105137996,5665.265984769275,6434.601963246689,7165.441685322163,7696.273008486962,8887.442044971083,10278.787985612558,12160.03215891088,15018.147535794793,17414.023941337153,30913.51466926747,6737.505347016582
2025-10-22 08:00:00+00:00,277,4170,1365.58695957034,2210.872060866999,2609.9931295174097,3242.332573661595,3606.780136692504,4010.4290213925997,4470.918562984743,4897.083545500688,5281.555164557831,5953.061478172356,6390.873624814667,7232.850728472204,8119.812407481447,8677.158633827135,9899.327449199132,11532.476024605568,13686.010193384576,16545.27494955681,18777.85670635146,35064.45187949381,7540.018218389093
2025-10-22 08:15:00+00:00,278,4185,1699.4004997666202,2587.5283680279654,3016.9876619515694,3745.758265955019,4187.379742487623,4603.497386990945,5095.01568361144,5500.508445109651,6000.248547281593,6583.657105675685,7163.847378245359,8071.690547407269,8776.506871209256,9582.77534683806,10756.037938340072,12003.631609130782,14397.557436895844,17667.377309091276,20860.067672327485,38955.07401765806,8318.906262396911
2025-10-22 08:30:00+00:00,279,4200,1865.292506171344,2822.27845928007,3374.8789374661637,4170.746930183179,4654.363481520261,5078.618200403153,5580.474297620611,6162.818867595872,6627.603741743008,7320.820879180493,7897.691637848824,8862.289705185383,9601.838788228923,10511.160835235733,11734.527053917867,13226.87356292064,15672.42370812002,18544.010091877106,22761.375358419267,42694.16426965848,9427.19296989552
2025-10-22 08:45:00+00:00,280,4215,1844.2658322315428,2880.6755166592543,3499.163482823306,4282.6237825778235,4973.752041320094,5429.081212583561,5865.1111883430385,6510.098507471382,7076.044857460109,7727.136423800525,8435.563593085988,9529.303825913255,10212.424133739889,11318.767439179353,12485.0185534731,14213.520520393127,16766.43909298923,19908.453949107214,24075.93412043453,46141.612887821895,10046.960319235961
2025-10-22 09:00:00+00:00,281,4230,2094.9109216560737,3179.5167087990403,3802.8767116704594,4456.089056701128,5220.546085345951,5723.554739131749,6097.9308075179015,6761.724004388118,7324.936932700893,8034.208978544402,8913.42743026594,9668.706331701862,10640.721861432598,11601.055775795658,12574.79613690517,14600.28048735923,17063.63923958385,20350.792620210126,25332.628151575136,49166.33557462703,10450.369028272182
2025-10-22 09:15:00+00:00,282,4245,2589.140726486205,3624.2730291853,4353.834257277975,5111.162352459361,5726.1495839372765,6128.215672425586,6509.986813410764,7150.201858973519,7816.9607384994515,8554.916903521113,9345.729160057834,10099.921462461507,11278.644402874696,12509.96202620548,13491.50689471748,15549.063220879385,18738.397445287777,22067.230666274438,27049.893471639036,51826.75139664503,11237.254220615901
2025-10-22 09:30:00+00:00,283,4260,3108.8984369643836,4030.972484182579,4717.32687009015,5405.184244560956,6040.496176526199,6520.318238976329,6955.082629791798,7491.406953813538,8313.791349749275,8959.175152252865,9775.212670183224,10587.708870305603,11776.66923885223,13007.73158510168,14248.451733983451,16137.993856564022,19599.258705379536,22316.38778222228,27920.985719496624,54110.75229642398,11861.920697021438
2025-10-22 09:45:00+00:00,284,4275,3816.2263446487864,4958.67914455367,5615.286394340019,6425.182414740161,6963.19335400541,7338.77248117936,7787.606533833938,8514.939466968886,9342.56787070328,10159.978656046145,11068.364222201166,12288.996174181373,13359.58943920303,14805.157220956437,16788.062296585827,19932.73591070718,22659.96337584151,25765.445133425812,32050.22371871009,56008.45664586006,13349.082159265034
2025-10-22 10:00:00+00:00,285,4290,4353.309548479729,5422.850363138528,6425.546532892879,7103.318325809585,7613.726213393765,8098.110487055959,8839.789899968364,9555.27308707855,10298.123346913,11329.981160718238,12378.342966766368,13545.104517633104,14924.190791866082,17477.8466853777,20140.688425093544,23093.504677387064,26016.14233395593,30672.79627806781,34653.978672370016,57512.00674646762,14839.76863235392
2025-10-22 10:15:00+00:00,286,4305,5225.910293716552,6274.29018053646,7183.799497705024,7850.274099023186,8373.994817031706,9039.816257758945,9899.273713892266,10727.402449654302,11593.174088512573,13089.948712584814,14346.482393704327,15775.150812272203,18323.059871229376,20521.791113586973,23252.819224860858,25778.132653770546,29787.013605003995,33791.10701943525,41220.79097677351,58615.483304872636,16889.549906097123
2025-10-22 10:30:00+00:00,287,4320,6206.535690937448,7078.196547674297,8140.355947619447,8770.747384407898,9313.582184543526,10113.267117197654,11274.51776979543,12436.339585306327,14035.946049811275,15228.083054678771,16476.534672931095,18380.559521484814,19991.308836720134,22032.87355478823,24424.25207779644,27065.80410610616,31463.120108159488,35458.725667463536,42537.38194389966,59314.88293885854,18298.451962852272
2025-10-22 10:45:00+00:00,288,4335,6270.823445005809,7088.764852377057,8099.965891727801,8795.144920904228,9435.163441248467,10421.396342560078,11620.899221317824,12797.638705455474,14380.04397786843,15531.603839106694,16885.90545542979,18855.599819470674,20486.12881401997,23260.3226701025,26078.46757269141,29166.99215932379,33506.009799458494,38016.34826280323,43047.805946367014,59608.12735220321,19105.701910671043
2025-10-22 11:00:00+00:00,289,4350,6372.458964958805,7498.311114028591,8303.057790621242,9014.782896609684,10019.821888543305,11265.641743988033,12247.041243606775,13714.167497365954,14678.275416061953,15985.061097762353,17652.735222739066,19588.039946416768,21792.213657676642,24714.55779439218,26870.767933986077,29745.647923036173,34121.58324640408,39243.32676728879,42849.564314389405,59495.08605148424,19780.049034485924
2025-10-22 11:15:00+00:00,290,4365,6376.587686870077,7638.933176910778,8381.000710604634,9233.328599741377,10215.452348538258,11630.426237382433,12496.394565379574,13817.795170895855,14895.480392206035,16485.437888394274,17975.739643640456,19797.78645597467,21912.842075458208,24885.229577967788,26629.69740434529,29480.713326685116,33514.789894621324,38893.662952063794,42611.47601891027,58977.60322214007,19826.374807298012
2025-10-22 11:30:00+00:00,291,4380,6128.823570528773,7247.439241504561,8201.392497386614,8906.338376968308,9920.939813632367,11202.45935938151,12126.45258586851,13402.003890029842,14352.285588586052,15620.53767444649,17280.0871202615,19538.093785729874,21614.475586016248,24120.955872445025,26139.11023103611,28379.511046776744,32774.35670983598,38597.4866301534,42166.6540833568,58059.52521517721,19349.809105499786
2025-10-22 11:45:00+00:00,292,4395,6038.933035271492,7138.214300813137,7918.157518583009,8781.504050433308,10102.304334097293,11204.391387241121,12126.301200123406,13545.351496508007,14772.47425681565,15942.87059544565,17377.50804152274,19705.418175314982,21735.465266156538,24186.475486396055,25720.5721969569,28426.387280539446,32080.308620376258,37741.624292798166,40835.13567983485,56746.729896033336,19231.501864326503
2025-10-22 12:00:00+00:00,293,4410,5805.275670513796,6854.070165172222,7776.546455668248,8435.124128246516,9541.200849544202,11035.749786978004,12039.084110114854,13283.288908472043,14310.918545904093,15627.72052416095,16946.134920521443,19023.182599944692,20709.27100740914,22694.74106919808,24479.662546101823,26692.02573124497,30855.88044318091,36661.25892361338,39716.081939407275,55047.163952160896,18477.41863465806
2025-10-22 12:15:00+00:00,294,4425,5630.832066675408,6550.334620630602,7570.319476810007,8201.977180226831,9099.161897485188,11051.94711790853,11997.677499165575,13188.29058007832,14501.411426586332,15305.155241621142,17093.081582443698,18903.792452483183,21125.60344736998,22761.210272243945,24015.29597262062,26188.93250751267,29815.11127580936,35383.563968389535,38381.2841538939,52970.899610109496,18178.208162366478
2025-10-22 12:30:00+00:00,295,4440,5432.376247531317,6224.526774662298,7160.492182851611,7707.534627281717,8791.433211897776,10353.39308226781,11321.952699326337,12445.88266505663,13338.14521350859,14405.031188686151,15829.655827790768,17564.14142542256,20050.753192732936,21578.70711226581,22935.28212243303,25800.654718134687,29241.109756593756,34171.61687386085,36978.05186598428,50530.229980882425,17348.767017685663
2025-10-22 12:45:00+00:00,296,4455,4951.93688460355,5628.756559955605,6430.901563822554,7276.494440130042,8113.985727752537,9611.691638421165,10527.179245743813,11486.689883310923,12369.363071303162,13262.225040021249,13969.540490738407,15779.585628858187,17286.383459550558,19515.32042966057,21011.71565720115,22941.653665408638,26780.264115417587,31805.8609958647,34422.00735256895,47739.83367983439,15756.557461986533
2025-10-22 13:00:00+00:00,297,4470,4565.002357677153,5231.271348622373,5945.990918015805,6753.869388625915,7438.8398667200345,8712.50701908849,9665.520402145841,10505.623248180813,11386.134475620405,12149.212768949239,12946.41908061315,14208.241416449153,15661.397176828905,17660.36076905932,19417.825137711578,20999.476033022314,24399.42275175297,27463.246768164445,31775.820924893855,44617.05722965055,14351.011402884858
2025-10-22 13:15:00+00:00,298,4485,3946.7085132782254,4429.43794956557,5108.591560081284,5795.5617634322425,6446.831583986082,7547.8652007949695,8513.710438126647,9243.121466791581,10071.174516045632,10797.904831505637,11567.073510652508,12359.261714454324,13890.351447003548,15374.80153271144,17457.725222424964,18499.532247416555,21992.204114052627,24910.69827485257,29039.910946374246,41143.93865787205,12731.001882036726
2025-10-22 13:30:00+00:00,299,4500,3524.0853788095023,3961.456805295919,4450.747919747164,5145.2716886068665,5803.955818179141,6540.137114961672,7285.487182153327,8131.640766556618,8842.738716635551,9587.182411015872,10250.873857595992,10867.507071943299,12076.899516730435,13254.48682544017,15007.337863101953,16560.18473687608,19376.025573795992,21369.08770125279,25403.352910366295,37324.056540860955,11174.451897428997
2025-10-22 13:45:00+00:00,300,4515,2787.2911476790805,3308.4625851854844,3832.936937899404,4565.954249916089,5139.090799268985,5981.170342090326,6656.0865167462725,7161.181639608481,7679.347288543033,8250.734407727141,8812.605423171417,9559.385162671708,10572.262775825773,11835.0437107777,13272.74071891706,14861.767245828423,17319.39945731445,19245.95152248403,22807.341391563048,33446.65490797592,9910.62843102987
2025-10-22 14:00:00+00:00,301,4530,2443.7209044488486,2951.297240735592,3406.2353292823896,3841.611805678185,4292.764347607728,4782.968356881741,5425.504950887208,6001.766784613713,6461.30695866332,6974.092547581873,7515.028228766349,7927.966891533973,8579.437069960111,9914.378102375293,11477.024579401574,12849.254462055163,14292.817196463902,16469.908198594163,19999.976517788848,29360.037845654242,8428.0335304548
2025-10-22 14:15:00+00:00,302,4545,2023.312843293385,2567.3114087456006,2920.4003628025803,3235.8954464255726,3627.478824188503,3939.411997279938,4387.478836081765,4882.920165136009,5365.361206247215,5747.362501580122,6245.314405731369,6624.1043094256065,7079.979628612833,7590.915362189992,8440.355696507384,9826.733947905552,11443.445684169455,13272.288181616308,15129.731633932923,25109.229253138365,6797.789950290269
2025-10-22 14:30:00+00:00,303,4560,1415.9681268304528,2019.6503402867577,2350.7427457375034,2652.3086445047734,2925.437738524752,3159.62274467511,3501.4859917965723,3968.3582408469433,4410.210395631641,4778.274865687346,5195.167864920632,5502.5728163222775,5829.390429859574,6385.61375673763,6953.845721316084,8140.211868680112,9282.007003827508,10954.099009345962,12464.713077094784,20752.366237901482,5598.2846186953775
2025-10-22 14:45:00+00:00,304,4575,1055.2461103794778,1566.9642614793695,1826.650185971127,2158.607161858364,2401.2932360715413,2663.2606562935525,2949.537666666619,3275.401900561233,3634.141941610936,3983.1662270692477,4228.4718598204845,4455.614652385411,4805.937544610943,5212.510280661773,5693.291061818351,6474.962976854041,7325.247443608394,8159.9858513215995,9800.492420221075,16368.071884428846,4644.021551402211
2025-10-22 15:00:00+00:00,305,4590,847.7806935891073,1170.2928796649517,1397.749459169493,1635.3615459619946,1810.459561522657,2001.4371616455614,2223.833597919443,2538.9523320230087,2708.658042836855,2926.9871157809744,3133.617882819696,3327.1890094763976,3546.7670520476217,3767.3456551157324,3993.0597902805066,4511.287100997507,5184.282936868811,5802.347500770947,7096.42753220391,11809.923677479412,3387.6096720833784
2025-10-22 15:15:00+00:00,306,4605,602.9339751714176,811.6638461179546,947.7968631644567,1095.770192327225,1222.9069150709877,1320.7615150890601,1412.612956418082,1541.0476878811287,1752.7250744354535,1880.915668026059,2039.473929021402,2173.942914258332,2291.838894952684,2463.3588242376513,2589.93008903119,2779.2597736085395,3113.055880075525,3667.433722904091,4668.9288054951785,7763.266047040359,2190.4440089376585
2025-10-22 15:30:00+00:00,307,4620,265.4982834082685,335.43027949732533,388.9201982329978,450.94672426763003,518.8969891470176,564.2039183496182,610.5850464353836,660.1838609713616,739.9407935909741,819.805608190374,880.8611614436411,958.4479138125546,1014.7656017937011,1099.298979751157,1159.5927459756176,1252.4221347264543,1405.5719629994417,1654.3340173710287,2116.454623465815,3433.2890114199495,965.5342530992292
2025-10-22 15:45:00+00:00,308,4635,53.398195787956126,66.8596463741672,83.93597307064286,94.7681839562327,110.26798315555592,119.73435191280649,130.05588466953648,141.27132758782653,164.99800607211583,176.95890334526425,195.79613964121012,208.33755529578778,217.4214797297825,233.66594295728558,247.939578309308,274.2866254930879,307.43076975199017,356.42303697263037,438.1363160413579,729.0187061478531,199.4247572265008
2025-10-22 16:00:00+00:00,309,4650,0.5046893666198229,0.6457013505892152,0.7854026490449769,0.9137362412489392,1.0670731637272448,1.1671357079441156,1.283978389998556,1.4227293356702782,1.6493556254931692,1.7653076367422649,1.951933037367607,2.0720050461616673,2.203465764945384,2.343659168589181,2.5169948921961858,2.814797056517825,3.2191613101853873,3.5505752291070745,4.412126988920545,7.238347416547286,1.9956063556779882
2025-10-22 16:15:00+00:00,310,4665,0.0,0.0,0.0,0.0,0.0,0.0,0.0,0.0,0.0,0.0,0.0,0.0,0.0,0.0,0.0,0.0,0.0,0.0,0.0,0.0,0.0
2025-10-22 16:30:00+00:00,311,4680,0.0,0.0,0.0,0.0,0.0,0.0,0.0,0.0,0.0,0.0,0.0,0.0,0.0,0.0,0.0,0.0,0.0,0.0,0.0,0.0,0.0
2025-10-22 16:45:00+00:00,312,4695,0.0,0.0,0.0,0.0,0.0,0.0,0.0,0.0,0.0,0.0,0.0,0.0,0.0,0.0,0.0,0.0,0.0,0.0,0.0,0.0,0.0
2025-10-22 17:00:00+00:00,313,4710,0.0,0.0,0.0,0.0,0.0,0.0,0.0,0.0,0.0,0.0,0.0,0.0,0.0,0.0,0.0,0.0,0.0,0.0,0.0,0.0,0.0
2025-10-22 17:15:00+00:00,314,4725,0.0,0.0,0.0,0.0,0.0,0.0,0.0,0.0,0.0,0.0,0.0,0.0,0.0,0.0,0.0,0.0,0.0,0.0,0.0,0.0,0.0
2025-10-22 17:30:00+00:00,315,4740,0.0,0.0,0.0,0.0,0.0,0.0,0.0,0.0,0.0,0.0,0.0,0.0,0.0,0.0,0.0,0.0,0.0,0.0,0.0,0.0,0.0
2025-10-22 17:45:00+00:00,316,4755,0.0,0.0,0.0,0.0,0.0,0.0,0.0,0.0,0.0,0.0,0.0,0.0,0.0,0.0,0.0,0.0,0.0,0.0,0.0,0.0,0.0
2025-10-22 18:00:00+00:00,317,4770,0.0,0.0,0.0,0.0,0.0,0.0,0.0,0.0,0.0,0.0,0.0,0.0,0.0,0.0,0.0,0.0,0.0,0.0,0.0,0.0,0.0
2025-10-22 18:15:00+00:00,318,4785,0.0,0.0,0.0,0.0,0.0,0.0,0.0,0.0,0.0,0.0,0.0,0.0,0.0,0.0,0.0,0.0,0.0,0.0,0.0,0.0,0.0
2025-10-22 18:30:00+00:00,319,4800,0.0,0.0,0.0,0.0,0.0,0.0,0.0,0.0,0.0,0.0,0.0,0.0,0.0,0.0,0.0,0.0,0.0,0.0,0.0,0.0,0.0
2025-10-22 18:45:00+00:00,320,4815,0.0,0.0,0.0,0.0,0.0,0.0,0.0,0.0,0.0,0.0,0.0,0.0,0.0,0.0,0.0,0.0,0.0,0.0,0.0,0.0,0.0
2025-10-22 19:00:00+00:00,321,4830,0.0,0.0,0.0,0.0,0.0,0.0,0.0,0.0,0.0,0.0,0.0,0.0,0.0,0.0,0.0,0.0,0.0,0.0,0.0,0.0,0.0
2025-10-22 19:15:00+00:00,322,4845,0.0,0.0,0.0,0.0,0.0,0.0,0.0,0.0,0.0,0.0,0.0,0.0,0.0,0.0,0.0,0.0,0.0,0.0,0.0,0.0,0.0
2025-10-22 19:30:00+00:00,323,4860,0.0,0.0,0.0,0.0,0.0,0.0,0.0,0.0,0.0,0.0,0.0,0.0,0.0,0.0,0.0,0.0,0.0,0.0,0.0,0.0,0.0
2025-10-22 19:45:00+00:00,324,4875,0.0,0.0,0.0,0.0,0.0,0.0,0.0,0.0,0.0,0.0,0.0,0.0,0.0,0.0,0.0,0.0,0.0,0.0,0.0,0.0,0.0
2025-10-22 20:00:00+00:00,325,4890,0.0,0.0,0.0,0.0,0.0,0.0,0.0,0.0,0.0,0.0,0.0,0.0,0.0,0.0,0.0,0.0,0.0,0.0,0.0,0.0,0.0
2025-10-22 20:15:00+00:00,326,4905,0.0,0.0,0.0,0.0,0.0,0.0,0.0,0.0,0.0,0.0,0.0,0.0,0.0,0.0,0.0,0.0,0.0,0.0,0.0,0.0,0.0
2025-10-22 20:30:00+00:00,327,4920,0.0,0.0,0.0,0.0,0.0,0.0,0.0,0.0,0.0,0.0,0.0,0.0,0.0,0.0,0.0,0.0,0.0,0.0,0.0,0.0,0.0
2025-10-22 20:45:00+00:00,328,4935,0.0,0.0,0.0,0.0,0.0,0.0,0.0,0.0,0.0,0.0,0.0,0.0,0.0,0.0,0.0,0.0,0.0,0.0,0.0,0.0,0.0
2025-10-22 21:00:00+00:00,329,4950,0.0,0.0,0.0,0.0,0.0,0.0,0.0,0.0,0.0,0.0,0.0,0.0,0.0,0.0,0.0,0.0,0.0,0.0,0.0,0.0,0.0
2025-10-22 21:15:00+00:00,330,4965,0.0,0.0,0.0,0.0,0.0,0.0,0.0,0.0,0.0,0.0,0.0,0.0,0.0,0.0,0.0,0.0,0.0,0.0,0.0,0.0,0.0
2025-10-22 21:30:00+00:00,331,4980,0.0,0.0,0.0,0.0,0.0,0.0,0.0,0.0,0.0,0.0,0.0,0.0,0.0,0.0,0.0,0.0,0.0,0.0,0.0,0.0,0.0
2025-10-22 21:45:00+00:00,332,4995,0.0,0.0,0.0,0.0,0.0,0.0,0.0,0.0,0.0,0.0,0.0,0.0,0.0,0.0,0.0,0.0,0.0,0.0,0.0,0.0,0.0
2025-10-22 22:00:00+00:00,333,5010,0.0,0.0,0.0,0.0,0.0,0.0,0.0,0.0,0.0,0.0,0.0,0.0,0.0,0.0,0.0,0.0,0.0,0.0,0.0,0.0,0.0
2025-10-22 22:15:00+00:00,334,5025,0.0,0.0,0.0,0.0,0.0,0.0,0.0,0.0,0.0,0.0,0.0,0.0,0.0,0.0,0.0,0.0,0.0,0.0,0.0,0.0,0.0
2025-10-22 22:30:00+00:00,335,5040,0.0,0.0,0.0,0.0,0.0,0.0,0.0,0.0,0.0,0.0,0.0,0.0,0.0,0.0,0.0,0.0,0.0,0.0,0.0,0.0,0.0
2025-10-22 22:45:00+00:00,336,5055,0.0,0.0,0.0,0.0,0.0,0.0,0.0,0.0,0.0,0.0,0.0,0.0,0.0,0.0,0.0,0.0,0.0,0.0,0.0,0.0,0.0
2025-10-22 23:00:00+00:00,337,5070,0.0,0.0,0.0,0.0,0.0,0.0,0.0,0.0,0.0,0.0,0.0,0.0,0.0,0.0,0.0,0.0,0.0,0.0,0.0,0.0,0.0
2025-10-22 23:15:00+00:00,338,5085,0.0,0.0,0.0,0.0,0.0,0.0,0.0,0.0,0.0,0.0,0.0,0.0,0.0,0.0,0.0,0.0,0.0,0.0,0.0,0.0,0.0
2025-10-22 23:30:00+00:00,339,5100,0.0,0.0,0.0,0.0,0.0,0.0,0.0,0.0,0.0,0.0,0.0,0.0,0.0,0.0,0.0,0.0,0.0,0.0,0.0,0.0,0.0
2025-10-22 23:45:00+00:00,340,5115,0.0,0.0,0.0,0.0,0.0,0.0,0.0,0.0,0.0,0.0,0.0,0.0,0.0,0.0,0.0,0.0,0.0,0.0,0.0,0.0,0.0
2025-10-23 00:00:00+00:00,341,5130,0.0,0.0,0.0,0.0,0.0,0.0,0.0,0.0,0.0,0.0,0.0,0.0,0.0,0.0,0.0,0.0,0.0,0.0,0.0,0.0,0.0
2025-10-23 00:15:00+00:00,342,5145,0.0,0.0,0.0,0.0,0.0,0.0,0.0,0.0,0.0,0.0,0.0,0.0,0.0,0.0,0.0,0.0,0.0,0.0,0.0,0.0,0.0
2025-10-23 00:30:00+00:00,343,5160,0.0,0.0,0.0,0.0,0.0,0.0,0.0,0.0,0.0,0.0,0.0,0.0,0.0,0.0,0.0,0.0,0.0,0.0,0.0,0.0,0.0
2025-10-23 00:45:00+00:00,344,5175,0.0,0.0,0.0,0.0,0.0,0.0,0.0,0.0,0.0,0.0,0.0,0.0,0.0,0.0,0.0,0.0,0.0,0.0,0.0,0.0,0.0
2025-10-23 01:00:00+00:00,345,5190,0.0,0.0,0.0,0.0,0.0,0.0,0.0,0.0,0.0,0.0,0.0,0.0,0.0,0.0,0.0,0.0,0.0,0.0,0.0,0.0,0.0
2025-10-23 01:15:00+00:00,346,5205,0.0,0.0,0.0,0.0,0.0,0.0,0.0,0.0,0.0,0.0,0.0,0.0,0.0,0.0,0.0,0.0,0.0,0.0,0.0,0.0,0.0
2025-10-23 01:30:00+00:00,347,5220,0.0,0.0,0.0,0.0,0.0,0.0,0.0,0.0,0.0,0.0,0.0,0.0,0.0,0.0,0.0,0.0,0.0,0.0,0.0,0.0,0.0
2025-10-23 01:45:00+00:00,348,5235,0.0,0.0,0.0,0.0,0.0,0.0,0.0,0.0,0.0,0.0,0.0,0.0,0.0,0.0,0.0,0.0,0.0,0.0,0.0,0.0,0.0
2025-10-23 02:00:00+00:00,349,5250,0.0,0.0,0.0,0.0,0.0,0.0,0.0,0.0,0.0,0.0,0.0,0.0,0.0,0.0,0.0,0.0,0.0,0.0,0.0,0.0,0.0
2025-10-23 02:15:00+00:00,350,5265,0.0,0.0,0.0,0.0,0.0,0.0,0.0,0.0,0.0,0.0,0.0,0.0,0.0,0.0,0.0,0.0,0.0,0.0,0.0,0.0,0.0
2025-10-23 02:30:00+00:00,351,5280,0.0,0.0,0.0,0.0,0.0,0.0,0.0,0.0,0.0,0.0,0.0,0.0,0.0,0.0,0.0,0.0,0.0,0.0,0.0,0.0,0.0
2025-10-23 02:45:00+00:00,352,5295,0.0,0.0,0.0,0.0,0.0,0.0,0.0,0.0,0.0,0.0,0.0,0.0,0.0,0.0,0.0,0.0,0.0,0.0,0.0,0.0,0.0
2025-10-23 03:00:00+00:00,353,5310,0.0,0.0,0.0,0.0,0.0,0.0,0.0,0.0,0.0,0.0,0.0,0.0,0.0,0.0,0.0,0.0,0.0,0.0,0.0,0.0,0.0
2025-10-23 03:15:00+00:00,354,5325,0.0,0.0,0.0,0.0,0.0,0.0,0.0,0.0,0.0,0.0,0.0,0.0,0.0,0.0,0.0,0.0,0.0,0.0,0.0,0.0,0.0
2025-10-23 03:30:00+00:00,355,5340,0.0,0.0,0.0,0.0,0.0,0.0,0.0,0.0,0.0,0.0,0.0,0.0,0.0,0.0,0.0,0.0,0.0,0.0,0.0,0.0,0.0
2025-10-23 03:45:00+00:00,356,5355,0.0,0.0,0.0,0.0,0.0,0.0,0.0,0.0,0.0,0.0,0.0,0.0,0.0,0.0,0.0,0.0,0.0,0.0,0.0,0.0,0.0
2025-10-23 04:00:00+00:00,357,5370,0.0,0.0,0.0,0.0,0.0,0.0,0.0,0.0,0.0,0.0,0.0,0.0,0.0,0.0,0.0,0.0,0.0,0.0,0.0,0.0,0.0
2025-10-23 04:15:00+00:00,358,5385,0.0,0.0,0.0,0.0,0.0,0.0,0.0,0.0,0.0,0.0,0.0,0.0,0.0,0.0,0.0,0.0,0.0,0.0,0.0,0.0,0.0
2025-10-23 04:30:00+00:00,359,5400,0.0,0.0,0.0,0.0,0.0,0.0,0.0,0.0,0.0,0.0,0.0,0.0,0.0,0.0,0.0,0.0,0.0,0.0,0.0,0.0,0.0
2025-10-23 04:45:00+00:00,360,5415,0.0,0.0,0.0,0.0,0.0,0.0,0.0,0.0,0.0,0.0,0.0,0.0,0.0,0.0,0.0,0.0,0.0,0.0,0.0,0.0,0.0
2025-10-23 05:00:00+00:00,361,5430,0.0,0.0,0.0,0.0,0.0,0.0,0.0,0.0,0.0,0.0,0.0,0.0,0.0,0.0,0.0,0.0,0.0,0.0,0.0,0.0,0.0
2025-10-23 05:15:00+00:00,362,5445,0.0,0.0,0.0,0.0,0.0,0.0,0.0,0.0,0.0,0.0,0.0,0.0,0.0,0.0,0.0,0.0,0.0,0.0,0.0,0.0,0.0
2025-10-23 05:30:00+00:00,363,5460,0.0,0.0,0.0,0.0,0.0,0.0,0.0,0.0,0.0,0.0,0.0,0.0,0.0,0.0,0.0,0.0,0.0,0.0,0.0,0.0,0.0
2025-10-23 05:45:00+00:00,364,5475,0.0,0.0,0.0,0.0,0.0,0.0,0.0,0.0,0.0,0.0,0.0,0.0,0.0,0.0,0.0,0.0,0.0,0.0,0.0,0.0,0.0
2025-10-23 06:00:00+00:00,365,5490,0.37990921634683267,2.1353518022253004,5.95062871160162,10.644348261418903,14.478823809687949,18.470110456274742,23.17591492076454,28.92510968475735,31.84077019004127,35.69832710920604,42.67964758294563,49.468246187343034,55.67210171514079,64.02401426071793,73.33007542225799,86.27639454816986,106.09941560693035,122.91572152426674,176.33635135920227,328.95858870526376,53.508591721931616
2025-10-23 06:15:00+00:00,366,5505,10.908265925627182,33.65703325175108,62.149674797514955,97.96584063893289,117.59174569807445,138.10451701134502,172.51860351747723,206.50815042497686,274.8634885986926,337.5679389759485,504.81380115226114,614.2967363357293,718.7087211065808,895.4324448260771,998.6551955853332,1079.576485385392,1240.0670139002927,1411.2902793032663,1591.4299347513022,2346.822595756176,596.0273372944321
2025-10-23 06:30:00+00:00,367,5520,63.01938167027073,173.71185394649763,266.6133707153549,389.6414781428113,454.71875922126304,519.5526262777404,613.2583079147277,731.9173755256793,999.8846271053155,1178.0399895599544,1674.7226428184952,2000.7554437861313,2346.361598137497,2666.1482249299875,3174.8938978808324,3391.613281993589,3777.040218664841,4499.678280871099,4995.0150041419165,7484.6429856164,1926.0353137080515
2025-10-23 06:45:00+00:00,368,5535,104.37469615571696,318.03216690330777,489.71767464070547,660.9310761930133,778.3482544563383,876.1841503867962,1013.6502846532611,1243.151982554362,1524.9874155486245,1922.6173569091159,2531.544623403284,3222.4181029626307,3916.8089183101333,4729.233939992721,5189.934275315788,5565.152960442448,6369.174707826948,7340.45845116156,8234.162389643621,11962.761806334505,3165.928260627459
2025-10-23 07:00:00+00:00,369,5550,133.0180679224052,534.1385254941708,788.542712441225,1071.3513150560834,1190.7694838561126,1343.5830112122856,1568.3498770385993,2033.7404524421293,2596.2380263036957,3009.9789659760713,3706.7379678820407,4550.13123980108,5489.1372588364175,6033.987714087902,7366.981402463715,8000.072580819764,9103.04161806434,10437.739664621808,11413.948419971763,16720.589348997742,4529.121395732875
2025-10-23 07:15:00+00:00,370,5565,164.40823557416078,701.6072757105967,1065.2043692137115,1410.056697117918,1573.262015436728,1818.4825382243985,2308.403219371146,3091.0643881352917,3507.3833063997304,4520.478744329778,5541.8368672997,6479.549227924446,7331.001191637481,8516.113727942533,9707.952586830625,10425.27228291913,12224.662918789749,13556.525245107636,14919.175982375471,21454.819999513038,6098.869271928569
2025-10-23 07:30:00+00:00,371,5580,194.33180478570748,835.3872459253312,1270.515824190467,1778.746052671055,2071.5904661973796,2447.879884674262,3060.8597534349137,3974.228482046829,4595.829454522481,6077.77492948229,7502.872666277604,8526.496557517676,9579.309742575995,11036.088920761455,12025.843705328203,13467.660833156142,15139.409419781421,16757.248724176403,18861.526094772926,25992.106955123832,7641.201220106318
2025-10-23 07:45:00+00:00,372,5595,135.82526996612435,826.7417810980894,1387.7234493336273,1958.789851063483,2410.543531579289,2908.124890295197,3657.106712766349,4742.261088848434,5625.283274060691,6532.23682705895,8162.249817026782,9365.319846676119,10861.777057603502,12620.630305725314,14388.989537036292,16688.153436969344,18399.074097553166,19956.127789772814,21823.940726118173,30365.37379305181,8752.859107964132
2025-10-23 08:00:00+00:00,373,5610,333.7644955897289,1361.51492949344,2072.140465872087,2599.9538587209654,2967.630008541016,3630.5500279420535,4572.127207141974,5683.711831052284,6753.5942641679,8542.613230519453,10034.875975329685,12447.37028754832,14305.267138691524,16160.267647182569,17788.976007428377,19618.786071980827,21351.79716440765,23095.1064929036,25518.052249729964,34518.64688281495,10998.474072516909
2025-10-23 08:15:00+00:00,374,5625,534.7746705085616,1642.4090300157534,2400.903046440536,2863.2102915938144,3401.0148848420927,4332.212522848097,5588.653632873656,6726.3318589977835,7983.991071813904,10091.651536119767,12335.848865521953,15029.012673713567,17046.327004966894,18384.566371231776,20881.906705231886,22050.786270217275,23826.385116453715,25975.65400376537,28078.683386997927,38411.62502060937,12258.263897244855
2025-10-23 08:30:00+00:00,375,5640,1109.6911631306587,2325.4626207168158,3017.0482420124,3437.599550401425,3967.3491488504765,5093.667080592648,6520.884309961465,7552.932532867741,9215.81143427879,11351.7690823809,13483.996663354092,16506.862571986185,19529.838176101668,21119.68991857672,22909.13661400072,24568.045521582517,27009.622025736033,28700.340805202217,31071.987383643693,42088.09930267279,14031.154761666798
2025-10-23 08:45:00+00:00,376,5655,1447.2659108280925,2863.033726349556,3433.880797199774,4025.9346825615035,5196.389873460919,6435.668299890392,7954.891344355878,9120.776887506025,11863.923880257747,13746.95708610656,17286.746982687033,20412.984854873914,22349.402296621323,23851.071426008,26208.268503758864,28214.02312610691,30525.897679574748,32100.427628410795,35715.82859379457,45582.19285080061,16287.663911536087
2025-10-23 09:00:00+00:00,377,5670,2252.5926075897455,3432.6972706996094,3978.3377008329417,4585.952269161549,5964.141392125554,7300.287749477473,8801.813832288477,10164.792286701337,12083.719098610833,14105.020773222983,16749.310830097304,20308.25508464565,23491.315619032266,25106.0312202248,27842.43196702532,30006.370129701314,32681.045156410644,34324.030146338395,38171.70793802211,48609.6738480928,17136.916724552622
2025-10-23 09:15:00+00:00,378,5685,1683.0068760361514,2281.1266204799936,3028.433316633733,3512.1597110091225,4046.699049451444,4535.872456777897,5251.025748981628,6072.197125913727,6967.55949925071,8271.797847136319,9783.433314804697,11160.27927347411,12617.814942660249,14733.882083284083,17235.651647700994,20827.74649764733,25273.56327262965,27521.644550985904,35233.443158230984,51271.85756370593,12101.695755957291
2025-10-23 09:30:00+00:00,379,5700,2106.3138354344696,2855.0872661795715,3510.8050595378113,4172.123478816487,4768.141724541202,5616.57581719785,6439.42986383457,7119.691960369789,8483.3425171987,9549.670894630492,10784.198000599175,12476.471536872828,14404.632116411754,16257.374300217987,19009.507696240504,24295.538094226038,27194.141209241945,29529.80991660779,37529.56512786071,53556.71863293274,13457.542322469424
2025-10-23 09:45:00+00:00,380,5715,3639.9886835879524,4234.256934427898,4868.543541408361,5351.4111863290045,5938.234749746785,6457.959305557555,7241.040852122421,7988.835149383614,8822.015856242917,10018.185171323696,11277.209776412925,12834.502619345092,14506.659225315638,16627.41092399037,19370.646027356244,22927.65516465531,27547.183442615184,30439.095213658,38565.811268808786,55454.47772591431,14189.601111646187
2025-10-23 10:00:00+00:00,381,5730,4308.508509983981,4944.713350126091,5591.543352382144,6055.323154622133,6624.693421514481,7442.295993741923,8052.153168341286,8747.87896845597,9737.406149808818,10891.076856563066,12011.441335137457,13443.446017340595,15490.341726394096,18056.077164098828,20962.120940488712,23273.20531359398,28470.949665713753,31950.29964766144,40433.90179548064,56957.381347306524,15156.753257366609
2025-10-23 10:15:00+00:00,382,5745,4410.098553506637,5037.603638897708,5553.018857188386,6096.11249162571,6691.395587275747,7627.496253368255,8307.320558600148,9160.163817974522,9890.614048286086,10794.93169099075,11978.394184900488,13204.705146669783,15501.330802854876,17561.970741988385,20537.784858051135,22950.903900796784,25640.32426459741,31403.45281282023,36492.10145796641,58059.606946556276,14759.191798912876
2025-10-23 10:30:00+00:00,383,5760,3794.8496893868405,4612.2123492858045,5103.393488880744,5555.500570425981,6042.948928946322,6771.784572624073,7267.838327324312,8056.743694492988,8532.194431974525,9479.735805700266,10696.324786636655,11780.106791269616,13040.545503623012,15654.224320540734,17867.101950885164,20824.77799999098,23197.51686521009,29992.651147292025,33350.15303130967,58757.235630015006,13267.00729435713
2025-10-23 10:45:00+00:00,384,5775,4048.6956096250724,4755.832974117929,5328.181661292984,5713.771276896595,6084.078909126545,7032.72857033034,7507.746912380017,8219.879247261337,8783.249882607826,9865.112006931522,11072.316541851475,12163.07776184509,13389.273502778715,15713.95254350282,17952.42797171856,21274.971901818964,24867.088741786283,30874.834628646047,33768.95738820516,59048.25907476895,13702.199906801283
2025-10-23 11:00:00+00:00,385,5790,3841.8267329337205,4521.489897391147,5207.043443205167,5623.511260197159,5986.938060908892,6900.588066927028,7414.450905982203,8119.3512986377145,8645.10001604804,9633.035658019311,10866.543549924312,12010.447594839648,13168.78137556012,15150.366312125676,17305.210438948558,20725.54716072017,23553.564888260382,30189.520994584254,33390.920594283874,58932.601429730115,13392.241389094117
2025-10-23 11:15:00+00:00,386,5805,3883.955426162698,4603.800843973329,5218.192093834836,5748.391482976579,6217.6141356674225,7042.8678268979,7606.571676126817,8329.12561075298,9043.524801142286,9913.36601704496,11127.517401163548,12256.914236554607,13519.136660567572,15593.394989938934,17511.020220928123,20888.25282582912,24643.165552589773,30789.544698829883,33603.85771522853,58412.14627589561,13640.982803858522
2025-10-23 11:30:00+00:00,387,5820,3686.0359763141905,4704.639704901211,5366.639375024779,5861.229548754995,6229.703887645036,6695.387828566527,7518.145353875564,7967.046967777243,8720.471362154614,9621.099059941675,10897.555704335087,12097.425654666684,13463.677934802748,15231.453879213635,16804.024387643487,19647.060680045994,22763.352434112872,29863.049536230355,33170.85631498609,57490.76489122402,13278.149943780036
2025-10-23 11:45:00+00:00,388,5835,3613.8296534601704,4804.167837389631,5358.358945887794,5788.9465896231395,6283.50561367399,6713.1880489352125,7454.336726366339,8036.6724838806695,8819.5353103508,9522.929492226127,10797.03105856777,12221.19235470586,13443.061973103942,15001.24090422414,16813.400824845812,19557.65186530166,22236.779237622064,27750.80568570676,32583.996386953888,56174.34711338293,13086.63505369283
2025-10-23 12:00:00+00:00,389,5850,3785.0053179571887,4777.678745548514,5275.854189948263,5892.599979332787,6328.690839610365,6749.989619218745,7484.416306434812,7991.156623576466,8649.181046554268,9463.584316565632,10996.606833131773,12234.121058919127,13529.478164836833,15256.798248694146,17044.23727532876,19590.30973045821,21680.521001972906,27133.150372688342,32065.337961508427,54470.84118130014,13015.561242899013
2025-10-23 12:15:00+00:00,390,5865,3210.1137893991513,4417.87490737053,4909.313885382806,5455.7311500385695,5945.22940195441,6329.13135975575,6961.913793045478,7442.097763631846,7902.235473257283,8445.82442913043,9381.039488421551,10777.9831668619,12092.862921950364,13731.94439982299,15616.471797963646,17780.907283221914,20386.64047964539,24326.704309448185,30216.052129770098,52390.31460816241,11934.528884471674
2025-10-23 12:30:00+00:00,391,5880,2524.2220070561484,3519.75966416538,4104.868229788011,4587.79194849198,5094.177767378396,5477.089404517887,5841.0506766109565,6381.539794650503,6802.146368020614,7359.068767122286,7707.2692254120875,8483.503069852974,9990.270040159692,11394.839074985986,13136.558246076911,15087.235131429206,17615.410984718666,20915.134927884406,28605.50511831815,49945.05639292227,10333.002050503752
2025-10-23 12:45:00+00:00,392,5895,2610.8752288299197,3362.806795809602,3910.442639536035,4277.079360132119,4789.909613805938,5182.752621879111,5519.869854463716,6038.247398146296,6482.0679753818395,6909.2064811279415,7379.267000433833,7979.425238077405,9035.630780133675,10235.995965205759,11408.655325771955,12974.239068909896,15687.496122345887,19352.1341285325,25640.899194375805,47149.75312185318,9505.693211887932
2025-10-23 13:00:00+00:00,393,5910,2060.432578140445,2769.3303086940077,3406.142975547755,3788.85662314944,4143.029359895131,4553.662893250127,4971.144566235616,5535.257782665917,5918.7278100061885,6368.421542703159,6822.308573772434,7507.685109256033,8422.003126035299,9606.392437680199,10771.4940520919,12196.514466798111,14044.396893373336,17454.15986175004,23866.997295367233,44021.79080273557,8698.411073669264
2025-10-23 13:15:00+00:00,394,5925,1913.862209443077,2644.7922184388485,3210.2911991977353,3537.5326254363285,3861.4398239101647,4254.914056348223,4624.242432808135,5142.66289116501,5506.142403336627,5918.594996691167,6355.696979574145,6950.446880757138,7817.264123951283,8876.56231306824,9775.78588938133,10978.050328854535,12673.71578075828,15575.33959530934,20949.419094794375,40496.38634393479,7938.136457553725
2025-10-23 13:30:00+00:00,395,5940,1942.483088371192,2476.7882274605836,2878.7798582818964,3271.620457393989,3621.9936095276134,3935.3555615992705,4313.621902108916,4732.592490665553,5077.993673148227,5463.878987324143,5875.752682846939,6393.282956002965,7163.512951771888,8119.3286954830855,9087.940101927055,10197.537751499009,11743.835740461484,14588.03872846227,19837.102890768932,36740.86406438246,7403.596411770991
2025-10-23 13:45:00+00:00,396,5955,1848.808943571027,2300.6577218294096,2760.631309513079,3002.553377150536,3262.8462447313086,3604.9042226860306,3989.808318302293,4422.238956876724,4760.677405709235,5098.848401382014,5509.8119660819575,6061.049989447115,6752.084570250273,7404.8520901735665,8483.418668105685,9744.975861120298,11379.997997999588,14247.63717939991,18889.745506151532,32861.16813857726,6946.693705910276
2025-10-23 14:00:00+00:00,397,5970,1521.6549246992934,1927.8822574532644,2329.3520544542293,2646.5145597465776,2927.485722971637,3189.63156433331,3609.025421254425,3888.9775250012835,4141.103812058103,4496.421232744206,4942.353384126748,5394.434529283978,5988.396902538001,6649.080287525538,7567.40441469207,8642.969846621834,10681.887717384343,13253.758105376372,16546.56324400478,28773.46468775658,6226.6097654254745
2025-10-23 14:15:00+00:00,398,5985,1213.8671099018966,1569.8027498161257,1933.5389414491597,2218.169340980768,2425.2220052221433,2664.7113151149742,3046.2023193788737,3286.2956299932684,3528.2035512402786,3827.114783784919,4212.500259281571,4582.9666378173115,5191.973284156038,5692.40504964406,6509.547469937775,7564.44267274813,9442.584950645372,12811.90326551354,14760.960177379862,24523.80645621588,5397.569155829598
2025-10-23 14:30:00+00:00,399,6000,901.7197374125917,1213.8842835389767,1468.1747978915228,1784.1804786645703,1983.1450930197689,2158.1557426228405,2496.737381332313,2727.8142922242664,2912.3614725901775,3163.7243206754138,3495.3392092321296,3829.790800630251,4355.801778700293,4855.749312234287,5456.9328771189375,6573.492452566238,8284.653227929919,10157.730298696757,12050.082518872136,20172.171173157818,4490.8523079875995
2025-10-23 14:45:00+00:00,400,6015,612.9972160415967,840.8231105140088,1051.8173070909895,1340.2251792731868,1495.4904962374417,1670.8378594338062,1915.8080008540217,2083.3314174539237,2251.1060441868044,2450.7941094196403,2722.2237080367604,2961.2642498731325,3374.640810295208,3819.770472633857,4321.12904148534,5259.575768019371,6476.257166147974,8661.224684911422,9465.62167957056,15761.721426021684,3481.8320867494076
2025-10-23 15:00:00+00:00,401,6030,376.7428882301512,572.2011498585798,686.8484680867115,883.5701007144264,1029.262449170861,1153.6120933860896,1328.198599519269,1456.254337820937,1604.3414858052138,1758.3829433106746,1949.41713962097,2169.278854735123,2416.70662435544,2717.2422941940504,3089.414855285695,3634.340369337974,4621.104819145174,5813.421305562597,6689.763509042081,11273.240097176871,2444.3357257641205
2025-10-23 15:15:00+00:00,402,6045,181.72719682997933,319.3152371312741,410.3277035037679,542.3044631428486,635.5242079473641,728.3167688943124,844.6273271480885,927.0068550287572,1007.5591640812271,1103.9987136182835,1233.0659922549778,1354.7327725468415,1505.6569415875438,1706.3336472975686,1905.8367954616645,2263.68196106066,2874.7983514724833,3474.2467484481467,4255.315069462374,7229.6370852512,1521.2128495181792
2025-10-23 15:30:00+00:00,403,6060,56.03088403815589,108.45423995584476,140.1188052211212,196.75762876108897,233.35091431399775,274.1658118060769,322.54630203999415,349.7412380301904,383.7779232381528,426.91642193783173,479.1739764943822,529.2599118311169,587.9789633953682,663.3832839460952,747.2352023600711,891.1374377672695,1156.7758843195395,1365.9205287895252,1685.2115549311973,2875.345712929636,590.8331513214015
2025-10-23 15:45:00+00:00,404,6075,0.3075412648849644,3.306068597513366,7.516823988520998,14.77688644145842,23.28288273063701,30.21245954740429,39.20266241245244,44.96705694956843,51.263218967449966,59.11688006639723,67.98311621073735,78.2815756030799,88.79250636124999,101.26177971165244,119.87201500932989,141.71056158853168,172.26856935290425,222.53205521193368,280.9271051819632,537.9748243241331,88.13945356486187
2025-10-23 16:00:00+00:00,405,6090,0.0,0.00018667414269485505,0.00043557299962132854,0.0013050107430849175,0.0024203602564520327,0.003414687418614849,0.004506802501860232,0.005185098008721476,0.0059624492991335746,0.006963148683186197,0.008180309729825282,0.009551977976569802,0.010963064598869301,0.013222165672113796,0.015533177831723057,0.01756599243443026,0.02335262209175552,0.027654291009594344,0.036024327522159304,0.06689591489908922,0.010947063029934801
2025-10-23 16:15:00+00:00,406,6105,0.0,0.0,0.0,0.0,0.0,0.0,0.0,0.0,0.0,0.0,0.0,0.0,0.0,0.0,0.0,0.0,0.0,0.0,0.0,0.0,0.0
2025-10-23 16:30:00+00:00,407,6120,0.0,0.0,0.0,0.0,0.0,0.0,0.0,0.0,0.0,0.0,0.0,0.0,0.0,0.0,0.0,0.0,0.0,0.0,0.0,0.0,0.0
2025-10-23 16:45:00+00:00,408,6135,0.0,0.0,0.0,0.0,0.0,0.0,0.0,0.0,0.0,0.0,0.0,0.0,0.0,0.0,0.0,0.0,0.0,0.0,0.0,0.0,0.0
2025-10-23 17:00:00+00:00,409,6150,0.0,0.0,0.0,0.0,0.0,0.0,0.0,0.0,0.0,0.0,0.0,0.0,0.0,0.0,0.0,0.0,0.0,0.0,0.0,0.0,0.0
2025-10-23 17:15:00+00:00,410,6165,0.0,0.0,0.0,0.0,0.0,0.0,0.0,0.0,0.0,0.0,0.0,0.0,0.0,0.0,0.0,0.0,0.0,0.0,0.0,0.0,0.0
2025-10-23 17:30:00+00:00,411,6180,0.0,0.0,0.0,0.0,0.0,0.0,0.0,0.0,0.0,0.0,0.0,0.0,0.0,0.0,0.0,0.0,0.0,0.0,0.0,0.0,0.0
2025-10-23 17:45:00+00:00,412,6195,0.0,0.0,0.0,0.0,0.0,0.0,0.0,0.0,0.0,0.0,0.0,0.0,0.0,0.0,0.0,0.0,0.0,0.0,0.0,0.0,0.0
2025-10-23 18:00:00+00:00,413,6210,0.0,0.0,0.0,0.0,0.0,0.0,0.0,0.0,0.0,0.0,0.0,0.0,0.0,0.0,0.0,0.0,0.0,0.0,0.0,0.0,0.0
2025-10-23 18:15:00+00:00,414,6225,0.0,0.0,0.0,0.0,0.0,0.0,0.0,0.0,0.0,0.0,0.0,0.0,0.0,0.0,0.0,0.0,0.0,0.0,0.0,0.0,0.0
2025-10-23 18:30:00+00:00,415,6240,0.0,0.0,0.0,0.0,0.0,0.0,0.0,0.0,0.0,0.0,0.0,0.0,0.0,0.0,0.0,0.0,0.0,0.0,0.0,0.0,0.0
2025-10-23 18:45:00+00:00,416,6255,0.0,0.0,0.0,0.0,0.0,0.0,0.0,0.0,0.0,0.0,0.0,0.0,0.0,0.0,0.0,0.0,0.0,0.0,0.0,0.0,0.0
2025-10-23 19:00:00+00:00,417,6270,0.0,0.0,0.0,0.0,0.0,0.0,0.0,0.0,0.0,0.0,0.0,0.0,0.0,0.0,0.0,0.0,0.0,0.0,0.0,0.0,0.0
2025-10-23 19:15:00+00:00,418,6285,0.0,0.0,0.0,0.0,0.0,0.0,0.0,0.0,0.0,0.0,0.0,0.0,0.0,0.0,0.0,0.0,0.0,0.0,0.0,0.0,0.0
2025-10-23 19:30:00+00:00,419,6300,0.0,0.0,0.0,0.0,0.0,0.0,0.0,0.0,0.0,0.0,0.0,0.0,0.0,0.0,0.0,0.0,0.0,0.0,0.0,0.0,0.0
2025-10-23 19:45:00+00:00,420,6315,0.0,0.0,0.0,0.0,0.0,0.0,0.0,0.0,0.0,0.0,0.0,0.0,0.0,0.0,0.0,0.0,0.0,0.0,0.0,0.0,0.0
2025-10-23 20:00:00+00:00,421,6330,0.0,0.0,0.0,0.0,0.0,0.0,0.0,0.0,0.0,0.0,0.0,0.0,0.0,0.0,0.0,0.0,0.0,0.0,0.0,0.0,0.0
2025-10-23 20:15:00+00:00,422,6345,0.0,0.0,0.0,0.0,0.0,0.0,0.0,0.0,0.0,0.0,0.0,0.0,0.0,0.0,0.0,0.0,0.0,0.0,0.0,0.0,0.0
2025-10-23 20:30:00+00:00,423,6360,0.0,0.0,0.0,0.0,0.0,0.0,0.0,0.0,0.0,0.0,0.0,0.0,0.0,0.0,0.0,0.0,0.0,0.0,0.0,0.0,0.0
2025-10-23 20:45:00+00:00,424,6375,0.0,0.0,0.0,0.0,0.0,0.0,0.0,0.0,0.0,0.0,0.0,0.0,0.0,0.0,0.0,0.0,0.0,0.0,0.0,0.0,0.0
2025-10-23 21:00:00+00:00,425,6390,0.0,0.0,0.0,0.0,0.0,0.0,0.0,0.0,0.0,0.0,0.0,0.0,0.0,0.0,0.0,0.0,0.0,0.0,0.0,0.0,0.0
2025-10-23 21:15:00+00:00,426,6405,0.0,0.0,0.0,0.0,0.0,0.0,0.0,0.0,0.0,0.0,0.0,0.0,0.0,0.0,0.0,0.0,0.0,0.0,0.0,0.0,0.0
2025-10-23 21:30:00+00:00,427,6420,0.0,0.0,0.0,0.0,0.0,0.0,0.0,0.0,0.0,0.0,0.0,0.0,0.0,0.0,0.0,0.0,0.0,0.0,0.0,0.0,0.0
2025-10-23 21:45:00+00:00,428,6435,0.0,0.0,0.0,0.0,0.0,0.0,0.0,0.0,0.0,0.0,0.0,0.0,0.0,0.0,0.0,0.0,0.0,0.0,0.0,0.0,0.0
2025-10-23 22:00:00+00:00,429,6450,0.0,0.0,0.0,0.0,0.0,0.0,0.0,0.0,0.0,0.0,0.0,0.0,0.0,0.0,0.0,0.0,0.0,0.0,0.0,0.0,0.0
2025-10-23 22:15:00+00:00,430,6465,0.0,0.0,0.0,0.0,0.0,0.0,0.0,0.0,0.0,0.0,0.0,0.0,0.0,0.0,0.0,0.0,0.0,0.0,0.0,0.0,0.0
2025-10-23 22:30:00+00:00,431,6480,0.0,0.0,0.0,0.0,0.0,0.0,0.0,0.0,0.0,0.0,0.0,0.0,0.0,0.0,0.0,0.0,0.0,0.0,0.0,0.0,0.0
2025-10-23 22:45:00+00:00,432,6495,0.0,0.0,0.0,0.0,0.0,0.0,0.0,0.0,0.0,0.0,0.0,0.0,0.0,0.0,0.0,0.0,0.0,0.0,0.0,0.0,0.0
2025-10-23 23:00:00+00:00,433,6510,0.0,0.0,0.0,0.0,0.0,0.0,0.0,0.0,0.0,0.0,0.0,0.0,0.0,0.0,0.0,0.0,0.0,0.0,0.0,0.0,0.0
2025-10-23 23:15:00+00:00,434,6525,0.0,0.0,0.0,0.0,0.0,0.0,0.0,0.0,0.0,0.0,0.0,0.0,0.0,0.0,0.0,0.0,0.0,0.0,0.0,0.0,0.0
2025-10-23 23:30:00+00:00,435,6540,0.0,0.0,0.0,0.0,0.0,0.0,0.0,0.0,0.0,0.0,0.0,0.0,0.0,0.0,0.0,0.0,0.0,0.0,0.0,0.0,0.0
2025-10-23 23:45:00+00:00,436,6555,0.0,0.0,0.0,0.0,0.0,0.0,0.0,0.0,0.0,0.0,0.0,0.0,0.0,0.0,0.0,0.0,0.0,0.0,0.0,0.0,0.0
2025-10-24 00:00:00+00:00,437,6570,0.0,0.0,0.0,0.0,0.0,0.0,0.0,0.0,0.0,0.0,0.0,0.0,0.0,0.0,0.0,0.0,0.0,0.0,0.0,0.0,0.0
2025-10-24 00:15:00+00:00,438,6585,0.0,0.0,0.0,0.0,0.0,0.0,0.0,0.0,0.0,0.0,0.0,0.0,0.0,0.0,0.0,0.0,0.0,0.0,0.0,0.0,0.0
2025-10-24 00:30:00+00:00,439,6600,0.0,0.0,0.0,0.0,0.0,0.0,0.0,0.0,0.0,0.0,0.0,0.0,0.0,0.0,0.0,0.0,0.0,0.0,0.0,0.0,0.0
2025-10-24 00:45:00+00:00,440,6615,0.0,0.0,0.0,0.0,0.0,0.0,0.0,0.0,0.0,0.0,0.0,0.0,0.0,0.0,0.0,0.0,0.0,0.0,0.0,0.0,0.0
2025-10-24 01:00:00+00:00,441,6630,0.0,0.0,0.0,0.0,0.0,0.0,0.0,0.0,0.0,0.0,0.0,0.0,0.0,0.0,0.0,0.0,0.0,0.0,0.0,0.0,0.0
2025-10-24 01:15:00+00:00,442,6645,0.0,0.0,0.0,0.0,0.0,0.0,0.0,0.0,0.0,0.0,0.0,0.0,0.0,0.0,0.0,0.0,0.0,0.0,0.0,0.0,0.0
2025-10-24 01:30:00+00:00,443,6660,0.0,0.0,0.0,0.0,0.0,0.0,0.0,0.0,0.0,0.0,0.0,0.0,0.0,0.0,0.0,0.0,0.0,0.0,0.0,0.0,0.0
2025-10-24 01:45:00+00:00,444,6675,0.0,0.0,0.0,0.0,0.0,0.0,0.0,0.0,0.0,0.0,0.0,0.0,0.0,0.0,0.0,0.0,0.0,0.0,0.0,0.0,0.0
2025-10-24 02:00:00+00:00,445,6690,0.0,0.0,0.0,0.0,0.0,0.0,0.0,0.0,0.0,0.0,0.0,0.0,0.0,0.0,0.0,0.0,0.0,0.0,0.0,0.0,0.0
2025-10-24 02:15:00+00:00,446,6705,0.0,0.0,0.0,0.0,0.0,0.0,0.0,0.0,0.0,0.0,0.0,0.0,0.0,0.0,0.0,0.0,0.0,0.0,0.0,0.0,0.0
2025-10-24 02:30:00+00:00,447,6720,0.0,0.0,0.0,0.0,0.0,0.0,0.0,0.0,0.0,0.0,0.0,0.0,0.0,0.0,0.0,0.0,0.0,0.0,0.0,0.0,0.0
2025-10-24 02:45:00+00:00,448,6735,0.0,0.0,0.0,0.0,0.0,0.0,0.0,0.0,0.0,0.0,0.0,0.0,0.0,0.0,0.0,0.0,0.0,0.0,0.0,0.0,0.0
2025-10-24 03:00:00+00:00,449,6750,0.0,0.0,0.0,0.0,0.0,0.0,0.0,0.0,0.0,0.0,0.0,0.0,0.0,0.0,0.0,0.0,0.0,0.0,0.0,0.0,0.0
2025-10-24 03:15:00+00:00,450,6765,0.0,0.0,0.0,0.0,0.0,0.0,0.0,0.0,0.0,0.0,0.0,0.0,0.0,0.0,0.0,0.0,0.0,0.0,0.0,0.0,0.0
2025-10-24 03:30:00+00:00,451,6780,0.0,0.0,0.0,0.0,0.0,0.0,0.0,0.0,0.0,0.0,0.0,0.0,0.0,0.0,0.0,0.0,0.0,0.0,0.0,0.0,0.0
2025-10-24 03:45:00+00:00,452,6795,0.0,0.0,0.0,0.0,0.0,0.0,0.0,0.0,0.0,0.0,0.0,0.0,0.0,0.0,0.0,0.0,0.0,0.0,0.0,0.0,0.0
2025-10-24 04:00:00+00:00,453,6810,0.0,0.0,0.0,0.0,0.0,0.0,0.0,0.0,0.0,0.0,0.0,0.0,0.0,0.0,0.0,0.0,0.0,0.0,0.0,0.0,0.0
2025-10-24 04:15:00+00:00,454,6825,0.0,0.0,0.0,0.0,0.0,0.0,0.0,0.0,0.0,0.0,0.0,0.0,0.0,0.0,0.0,0.0,0.0,0.0,0.0,0.0,0.0
2025-10-24 04:30:00+00:00,455,6840,0.0,0.0,0.0,0.0,0.0,0.0,0.0,0.0,0.0,0.0,0.0,0.0,0.0,0.0,0.0,0.0,0.0,0.0,0.0,0.0,0.0
2025-10-24 04:45:00+00:00,456,6855,0.0,0.0,0.0,0.0,0.0,0.0,0.0,0.0,0.0,0.0,0.0,0.0,0.0,0.0,0.0,0.0,0.0,0.0,0.0,0.0,0.0
2025-10-24 05:00:00+00:00,457,6870,0.0,0.0,0.0,0.0,0.0,0.0,0.0,0.0,0.0,0.0,0.0,0.0,0.0,0.0,0.0,0.0,0.0,0.0,0.0,0.0,0.0
2025-10-24 05:15:00+00:00,458,6885,0.0,0.0,0.0,0.0,0.0,0.0,0.0,0.0,0.0,0.0,0.0,0.0,0.0,0.0,0.0,0.0,0.0,0.0,0.0,0.0,0.0
2025-10-24 05:30:00+00:00,459,6900,0.0,0.0,0.0,0.0,0.0,0.0,0.0,0.0,0.0,0.0,0.0,0.0,0.0,0.0,0.0,0.0,0.0,0.0,0.0,0.0,0.0
2025-10-24 05:45:00+00:00,460,6915,0.0,0.0,0.0,0.0,0.0,0.0,0.0,0.0,0.0,0.0,0.0,0.0,0.0,0.0,0.0,0.0,0.0,0.0,0.0,0.0,0.0
2025-10-24 06:00:00+00:00,461,6930,2.854318005592303,7.718522872295336,10.30418719625399,12.872040383804478,15.49913817071018,19.86682397374233,23.39613162121954,27.27209405404354,29.991143185823592,36.81182724671112,43.884301723168264,52.27521974689721,65.71503264618175,76.2055692422565,86.2420681942396,98.61121718318368,116.28659519026,125.2713607170808,145.03707278479956,229.81578730492285,57.23022118044707
2025-10-24 06:15:00+00:00,462,6945,83.78897764318121,127.71453796935313,162.8282613791344,212.10977433376752,253.05311974850986,289.15715143619735,350.68424492618203,416.6874228310104,472.7958523588761,518.8101516127092,586.7966727918819,683.9410682707934,744.2196218333606,818.9022656912568,938.114217094852,1009.7567266887918,1048.577751491296,1154.0318396802281,1325.6185691740166,1887.6536921937338,609.5271591624581
2025-10-24 06:30:00+00:00,463,6960,298.52704064768903,465.5336325745601,561.171639976805,705.5172813745736,879.2654642033579,1004.8508178939679,1205.8668241046544,1472.1669135277543,1717.2898251146817,1943.9667042941142,2246.3798067193457,2546.9409061665483,2784.4086415626584,3047.721756688304,3561.621925691754,3734.342803253474,3931.8572361765846,4278.967464826602,4879.665877683421,6878.53366287826,2221.1735036941154
2025-10-24 06:45:00+00:00,464,6975,546.8068753469335,821.9732074269418,980.8246792580384,1166.2715469492457,1491.5871795469584,1762.4649668176937,2030.466417379069,2470.7524798006016,2923.907975732084,3273.6573302869383,3826.479901811994,4300.886810975878,4728.573303501483,5200.856610446846,6023.33645166102,6322.471746833429,6737.339541894793,7325.710278588055,8427.070657152892,11446.26385235777,3955.3008352619822
2025-10-24 07:00:00+00:00,465,6990,697.6816451151243,1052.9381927805334,1310.8418378245053,1531.5464622262305,2005.3856235339647,2426.4287693832694,2857.97509469002,3239.38530421185,3986.1231583834483,4350.451524327604,5250.189443010751,5945.811511974797,6536.633513546857,7203.549807919991,8499.036447457083,8984.314475821473,9614.836011865624,10608.472793499106,11983.20133373944,16108.280959667825,5279.789847795853
2025-10-24 07:15:00+00:00,466,7005,1000.3029784085537,1416.9850450226807,1760.3584655423306,2021.036924979075,2454.652813638759,3056.231507767625,3616.5462032906407,4073.129222633606,4665.630310052814,5547.302218330599,6686.627801054231,7667.337217807668,8571.994795355391,9745.865706503202,11350.212957989736,11981.152441265484,13115.311242755239,14146.174981591626,16499.5026493312,20902.8921521157,7190.993408529916
2025-10-24 07:30:00+00:00,467,7020,1173.6672364762662,1740.4595167139066,2122.657254494479,2488.6332608576545,3163.321795465568,4112.9141559475665,4762.595731968107,5373.0548850742725,6258.35100310798,7637.785151339761,9115.487214077357,10089.833330795134,11343.33860075011,12771.79053824589,13774.528542060321,14944.378872238693,16684.413144714563,18350.013508828073,20634.941324782027,25438.066932018646,9113.349309864147
2025-10-24 07:45:00+00:00,468,7035,1397.0847209112023,1909.1304163262032,2540.8178037097596,2927.1328174114137,3583.3141244802587,4622.548236379413,5471.209442736245,6207.454278825879,7404.637417277138,9048.688131323563,10717.668850213899,11967.54506439139,13685.28077761088,15222.157151131323,16486.08071116456,17803.93398056429,19673.67779334193,21644.00212591296,24396.66256334742,29812.513009740218,10535.52361611447
2025-10-24 08:00:00+00:00,469,7050,1719.1529249283326,2141.2222348956693,2789.662165133885,3315.8883068309483,3927.5148368413656,4817.160194180607,6098.579177703443,6887.235347975649,7975.147313433465,9547.907644362302,11549.446377010352,12961.553473423455,15690.782335527627,17656.484131011388,18926.409338784713,20912.744789031414,22518.07786669366,24675.85402842584,27917.19337369421,33968.15026442854,11896.414869852837
2025-10-24 08:15:00+00:00,470,7065,1933.0719329925278,2375.556639366856,3090.65825890325,3687.0282632507024,4403.248380337163,5443.380947740516,6871.062630040689,7731.740555461431,8868.00550670467,10876.94051685672,12906.52861842109,14637.06728095554,17732.18780024684,19941.177208374258,21097.2552952561,23269.896094269905,25168.497059142574,27585.06502836152,31271.38133917414,37863.633059171516,13329.37101531233
2025-10-24 08:30:00+00:00,471,7080,2331.0763228723795,2670.9043681434277,3528.723540935461,4173.477645591014,5018.6897068097505,5983.1643980341805,7596.716877116535,8624.003935035296,10149.908991043887,11968.855676979636,14225.7424288669,15843.100267815977,19515.577156412277,21762.348080630814,23010.90573337251,24779.24491934433,27653.212551994286,30620.52373146074,34479.991551569066,41495.98375054581,14668.611661681882
2025-10-24 08:45:00+00:00,472,7095,2671.2998493658006,3328.921598512105,4059.6305706920116,4661.617520624206,5716.105039130158,6813.901612458639,8369.01627126186,9579.01909814719,11305.490057755462,13743.449782245854,15537.781879728742,17374.165566367814,21484.11923697201,23873.126345009245,25179.441342938524,26818.086423641136,30052.67568072591,33755.97722550478,37597.411684000086,45017.932208722,16162.62905903001
2025-10-24 09:00:00+00:00,473,7110,2984.92453563913,3817.415037660639,4480.026754380623,5197.652977329085,6344.421563847191,7723.181753493179,9058.350419534772,10263.995802900328,12230.940354802819,14951.366683331386,17076.16577655173,19383.59548953635,23321.024026335544,25703.449375952332,27159.482660528993,30087.478521306726,32616.692661600515,37329.03935391042,40316.277837885544,48048.49944985319,17652.339574743426
2025-10-24 09:15:00+00:00,474,7125,3137.191354577076,3961.5066726210557,4717.153567665827,5341.920295659923,6603.384439278353,8040.595708253533,9498.999290057263,11023.778319796716,13104.42162697654,15942.187590680101,17616.579971825406,19621.4931518227,24185.068465720105,26983.219589615117,28428.882970166895,31770.748726762187,34370.39597146976,38819.45421020704,42492.497984728594,50712.79230119669,18540.149353276734
2025-10-24 09:30:00+00:00,475,7140,3377.9323429548376,4308.156133125807,5111.936222993066,5764.338746527733,7213.818695924288,8858.535171305704,10152.030716308895,11835.582293770156,13515.651191627552,16447.826125328804,18071.66898480191,19961.30006449432,23907.05503003206,28081.192145980665,29475.79362561839,31548.647691139835,35574.31788294,38124.544244731704,44124.85007452686,52998.86020536922,19009.04270305345
2025-10-24 09:45:00+00:00,476,7155,3532.3335374267444,4627.350355486842,5261.1475638053425,5982.247985751736,7186.47290647618,8625.590275112272,10397.693491206774,11947.737001666876,13896.189901734195,16076.17455210019,18221.17069016159,20297.048123367596,23589.73656362101,27737.500504736916,30194.534654537725,32248.987681704235,36559.49131505692,38237.81192073756,44491.58718004862,54897.02178121603,19181.162134209993
2025-10-24 10:00:00+00:00,477,7170,4022.0514112423834,5069.607583057382,5671.451966680264,6312.009951887198,7782.272331802866,9311.38180129032,11028.080994094527,12751.74143158258,14637.703709277088,16328.37439753878,18964.257495699498,21164.548040338486,25580.64027695174,29908.712106187944,31319.349459234032,33125.90268435346,37837.810287689164,39201.209389650525,42114.84657095376,56399.62519986139,19870.421532586526
2025-10-24 10:15:00+00:00,478,7185,4273.221950984907,5305.551759688406,6024.076649993832,6723.647575573758,8282.510115899877,9965.519246006255,11413.291801100631,12986.634180266565,14798.417791869268,16232.488541197043,18778.21369859969,21618.353297544116,25010.030378644784,30048.528947840547,31945.695107712767,33875.39161679808,38613.82494040889,40106.04304186431,42949.19037413415,57500.94297861177,20249.65525779107
2025-10-24 10:30:00+00:00,479,7200,4169.383248520697,5383.632686713623,6033.382746145838,6888.000810132695,8458.090379832198,9869.260111730851,11252.206603983721,12753.550572336468,14602.810932604005,15891.677416060236,18521.556479870356,21593.08991801512,25181.42024961565,28835.135341492158,31907.25007976728,34097.82049402324,38972.662647359844,40615.63063980179,43827.90261332336,58197.13937441248,20271.695935582586
2025-10-24 10:45:00+00:00,480,7215,4228.092952578372,5374.19335331643,6052.494356363752,6785.622637330618,8503.168119978722,9776.286844047641,11186.088877815413,12552.012625007916,14644.495185784379,16039.36044543899,18971.762032988652,21517.809453050268,25728.103206963035,30844.995377571046,32682.992557403166,34792.87201046201,39823.009403653006,41851.65928655915,46281.87678214952,58486.27475376781,20630.448180924093
2025-10-24 11:00:00+00:00,481,7230,3836.734951286758,5149.587905002982,5848.374899282432,6513.866344032106,7688.339187834536,9201.900226786178,10849.848279310254,12088.251742078803,13891.980781654762,15602.633288054452,17791.635978726536,20863.78836534558,25006.380118336598,28835.34717605842,32134.95284768841,34251.20047310145,39848.91833861356,42007.66463470627,45742.8397417063,58368.326536776236,20142.085703794633
2025-10-24 11:15:00+00:00,482,7245,3639.2036865881864,4739.290116273831,5572.099267015401,6319.969639125868,7420.464060318867,8811.426727902084,10434.479795904412,11632.669225290936,13163.273836483384,14963.216831536789,17787.557890555843,20663.142654559717,25252.644149365427,28792.835472287803,31852.68356179741,33934.82359340824,39667.362165051316,42402.34572581407,45632.5718319983,57845.21618963207,19921.041446594427
2025-10-24 11:30:00+00:00,483,7260,3415.672780844948,4469.445455545166,5346.607629090658,6118.872141058502,7063.081151725504,8306.28449868293,10051.492731885768,11251.036732006043,12840.145859098533,14790.151880020683,16839.366095001464,19929.49152364328,23219.996743979456,28252.852250025684,31379.520353711905,33676.129125339874,39615.336028198915,42258.23669832,45663.34801532735,56920.83827940851,19458.316786706757
2025-10-24 11:45:00+00:00,484,7275,3155.2361983991145,4027.5053875022004,5088.71904101378,5964.607101640066,6836.135952887246,8049.016654535236,9714.586221002022,10965.726631251748,12422.676100971637,14314.13073994708,16871.567544696114,19608.631041157652,24019.028656821953,28338.96201182686,31068.37083017626,34799.3843287744,38925.02526616708,41643.47140101108,45085.60315057818,55601.092923864206,19248.748974302438
2025-10-24 12:00:00+00:00,485,7290,3003.3063446496744,3917.5885914111936,4955.094889208287,5831.551103446538,6685.860209981285,7891.034275904359,9713.136898955952,11327.15471036102,13148.3775798475,14746.725084771228,17769.83633550438,20556.755201793363,26766.81810171337,30028.636983332573,32199.558250275462,37082.72457688541,39438.08888866036,41208.833919181154,44129.399809465045,53893.92832032356,19696.205727266813
2025-10-24 12:15:00+00:00,486,7305,2865.840700648206,3790.794091146475,4780.030667114216,5735.016096970097,6689.949315181575,8105.130730601927,9797.69879959064,11293.048568983388,13532.667371616835,15734.281486955479,18731.807694583717,23468.483723876005,27837.861067463968,29746.427053977957,32543.63579258504,35956.027772405905,38176.25421385155,39703.62614767746,42552.844882497004,51809.406047138575,19687.51703975365
2025-10-24 12:30:00+00:00,487,7320,2725.818520459774,3667.559707925305,4607.235513537971,5572.224585416087,6601.445881043803,7724.868959720347,9362.227036824746,10989.733684759,13489.76439526629,15615.698713199585,18555.417580057303,22672.058385901484,26875.546466461186,28592.853368471315,31266.524189211123,34269.73630025156,35986.97541761225,37625.91133582868,40517.5339490171,49359.810616212584,18918.531973153596
