horizon,horizon_num,horizon_minutes,p_05,p_10,p_15,p_20,p_25,p_30,p_35,p_40,p_45,p_50,p_55,p_60,p_65,p_70,p_75,p_80,p_85,p_90,p_95,clear_sky,deterministic
2025-08-04 12:45:00+00:00,0,15,28545.064348542983,37538.113390849554,39854.88219804862,42663.187655705406,44502.86380082998,45503.518747138616,46851.85732454887,47628.551749718856,48454.91186368401,49317.31448339684,50435.181535185286,51595.438368548625,52196.365031809866,52933.47474607715,53613.944229895606,54185.511472987244,54726.1625900953,55457.456128836,57419.87012766035,79465.53158906495,47907.80465208846
2025-08-04 13:00:00+00:00,1,30,18060.892941482598,21593.0660071282,23513.97140432235,25895.525549832426,29723.208255304668,31811.13526613157,34144.97817684041,36066.48406724892,37272.01078573218,39754.246214577426,42188.273002510316,44087.56428728817,45085.98525521303,46015.039336341564,47708.6689738246,49814.38733082171,51856.07876962323,54459.161553083715,58678.39978596148,77056.26511090319,38721.316703775
2025-08-04 13:15:00+00:00,2,45,14405.305957228116,17829.573312023975,19802.095929491523,22059.142215227563,24332.358977287422,26308.778617858366,27972.507201908968,29673.923540679192,31630.183451384466,33693.496448908525,35759.5873985472,37687.294345126444,40054.34062303766,42520.68874177521,43975.93804073323,45670.37945493504,48362.58673085497,52219.84966784538,56133.96139500035,74342.13946442177,34409.48645436123
2025-08-04 13:30:00+00:00,3,60,9222.705277363395,13656.153779325594,16416.808440672146,18438.332248180668,20486.888641856767,22467.952043783254,23931.52924311392,25459.378542042985,28281.763388830477,30524.424665862054,32101.479216292806,33980.252758345196,36180.42835692504,39678.49942759702,41406.88304344155,43253.21222802549,46158.02346610595,49523.920011552524,53746.38389958188,71339.91337029141,31019.62788134238
2025-08-04 13:45:00+00:00,4,75,10399.199927959853,13963.451048854451,17274.066207403197,18956.28295183193,20911.209609195506,22325.164502946187,23709.82565975702,25863.19483794998,27947.145308241357,30328.533303352768,32343.386847300873,33887.25385954632,36220.089014620244,39070.84780591491,40153.16219832704,41773.65954531151,44462.71792448737,47761.53173747241,51345.987548937774,68068.41111097152,30715.626075403274
2025-08-04 14:00:00+00:00,5,90,15972.702854496642,21501.070935072563,24121.042846935765,26035.836336212386,28702.017937632765,31149.59630709376,33593.85278464293,34828.39940825544,36124.27415325311,36903.47875023371,37628.11371155051,38657.670447153214,39884.772380877854,40552.186206031794,41252.87316724906,42371.18327205756,43199.54406118793,44538.29198002021,47241.90829983623,64548.568859346626,34909.85586835436
2025-08-04 14:15:00+00:00,6,105,6294.761299592059,9282.946578268946,11509.175356475256,13411.78949046284,14791.053823567225,15956.12073766316,17384.476488903205,18931.927576844184,20069.440069716977,21066.163591393917,23151.26502061507,24608.993011920204,27181.496622606548,29490.117956238064,32127.566088958552,34773.839450962165,37569.127343426146,40429.92152320474,44127.10363262494,60803.51241133414,23395.13133681752
2025-08-04 14:30:00+00:00,7,120,1217.978286459921,2997.8765451327095,4239.286455845916,5292.0172014844275,6377.204162205561,7936.818763007683,8981.336760428007,9706.811614430862,11270.092249064995,12425.13116849783,13650.71315795292,14572.790230973302,16520.155569232695,17550.476192769816,20068.067450797582,21537.942137342347,25078.35139525215,29969.750647666642,36226.84282330463,56858.67641631177,14658.650883494805
2025-08-04 14:45:00+00:00,8,135,11506.660673938919,14226.461866192405,17891.284576604405,19796.658132900633,22306.857768584152,24541.770097305758,26536.23166975565,27536.51017612766,28623.92158504198,29543.332277918955,29988.072459593786,30357.280154019605,30898.194485515458,31551.592348073256,32368.435452250433,33608.825179567895,34736.32346809529,36023.208321416954,39022.58837248851,52828.25820157586,27466.454443969586
2025-08-04 15:00:00+00:00,9,150,11644.09932249353,13285.059207379085,15812.892133175226,18140.78076441846,20036.95888445414,22696.304740901942,24509.65654392325,25334.40930515754,26010.263618941364,26638.23703012915,27624.51915286331,27915.990084446996,28321.813894760882,28925.718019963748,29901.68073851195,31053.962612380306,32015.862547808847,33193.60302919516,36490.382494450954,48545.32455098135,25178.53141562444
2025-08-04 15:15:00+00:00,10,165,11116.584831112803,12534.680643101026,16209.984468468203,18511.39497571051,20085.7311837957,21840.44542699775,23026.454474075646,23701.66744620419,24451.2753345659,25235.095227732087,25663.764894695254,25898.425704883375,26245.9079242564,26705.05106714787,27200.08931052804,28691.352320402882,29606.168987369867,30569.88654196056,33725.14195528927,44154.3127881089,23712.77085720554
2025-08-04 15:30:00+00:00,11,180,10401.95039156528,11738.513795584744,13265.917182771223,15782.103492623426,17989.595993766638,19297.96194630749,20679.694824684182,21656.76941785,22369.6973576954,23045.94093805689,23411.0397465212,23687.046016083656,23944.145971787806,24463.458373926904,25037.273106710138,25886.091732791436,26980.733100413076,27810.57046721832,29524.744791951125,39691.900611208745,21411.41559836685
2025-08-04 15:45:00+00:00,12,195,8895.664125820713,10657.318833556148,12392.470009543473,14108.307057280173,15432.310770401024,17105.825466835453,18270.72466565967,19285.14898971633,19878.444408815016,20745.896947780067,21209.25030105515,21388.087878981532,21650.36701861014,22052.062123291307,22569.880704989544,23224.316110375687,23989.07264573574,24862.05910603983,25864.599986114492,35198.674691551845,19183.293792961365
2025-08-04 16:00:00+00:00,13,210,7712.539266868167,9553.460825107337,10954.577909785812,13000.685614721326,14002.574993080141,15069.599948183875,16287.232515562848,17051.303718305877,17556.31609660472,18147.509088833147,18731.39988656195,18917.669692587024,19139.619796335708,19399.16841566904,19759.78579989964,20458.133760056073,20988.523226700057,22109.031100554304,23833.919648027142,30719.88640733768,16918.119610718524
2025-08-04 16:15:00+00:00,14,225,7252.299317983441,8438.095602639753,9868.030820015483,11277.366466609463,12002.212932076016,12920.835263821642,13595.051520704734,14372.296051842151,14861.759223427947,15381.765413800584,15714.083960821792,16326.84214412724,16501.388221620073,16722.422814153495,16984.392522709404,17454.478123082295,18134.802505875,19232.46746409681,20572.670810383384,26306.397263019702,14613.687541327417
2025-08-04 16:30:00+00:00,15,240,5748.863929515489,7134.883336966302,8185.220198117689,9592.639406623637,10064.848589607907,10720.550079254945,11433.50366773943,11721.903464897885,12378.88308115906,12745.360664592903,13098.763739260634,13500.118594493415,13980.02934178506,14171.88743558983,14426.125303198742,15181.213328319685,15687.204292449318,16216.85706024525,17495.496770767404,22015.782364594565,12282.765721542293
2025-08-04 16:45:00+00:00,16,255,4102.8265109032445,5771.094277900705,6848.151499217129,7521.612024271572,7919.351972834552,8283.433765351818,8871.268959963767,9086.827335710803,9354.210846332679,9821.994254915242,10043.600721723213,10400.720618832464,10776.25128407017,11072.00109366801,11260.142377567929,11558.984366091463,12076.353332052053,12728.223088044742,13206.01378302379,17765.803538176802,9527.474171350876
2025-08-04 17:00:00+00:00,17,270,3859.6621556129685,4371.846295835566,5266.011832320168,5581.25096263441,5936.3224973788765,6167.008087754866,6435.809838523184,6825.769743671617,7061.750897103049,7273.805911247557,7667.8738936942345,7856.3722508500905,8065.159016231304,8366.730843651972,8690.378239551868,8935.63825500725,9334.556966048494,9813.906626259164,10231.89159279709,13874.283132901364,7261.749319391994
2025-08-04 17:15:00+00:00,18,285,2812.9997584982916,3281.643987297198,3838.163628418247,4133.973691243088,4434.672224297868,4573.022887009035,4706.559510791094,4885.555719953343,5147.399576125571,5293.7627699526865,5452.584411887311,5669.455102569714,5834.751791923907,6125.160449940009,6409.927796777513,6612.3581088027995,6970.290356633365,7422.70458376442,7823.167263553907,10317.227815205504,5310.9328313000315
2025-08-04 17:30:00+00:00,19,300,1527.0236476987632,2012.3528660353554,2282.720002798609,2751.5845311095677,2886.1977046878965,3084.0826253844125,3160.477708818295,3260.705656491818,3341.6341587469865,3539.125384204613,3658.3601628527103,3778.587649629465,3912.575000877953,4052.9290120932606,4168.43193739154,4427.232108246262,4589.154711112189,4818.350898294451,5220.588768735441,7152.311340349796,3502.5441419077288
2025-08-04 17:45:00+00:00,20,315,999.3311576014638,1316.2753686538729,1467.9356919651132,1779.4273475743605,1858.9916008433318,1916.1547036909947,2033.5195837875785,2080.475244638426,2136.503336522434,2209.03457130229,2320.928426904954,2409.9691585470478,2471.3457113083914,2589.3423420978806,2666.5183809117793,2808.2726459432474,2996.6440593060233,3105.2312793160336,3498.4148153196306,4752.1278530163045,2255.0649876391826
2025-08-04 18:00:00+00:00,21,330,775.0241388955585,1010.9854816074502,1126.6380787507444,1302.0342746990875,1412.827423238498,1458.2107021086883,1500.295498975199,1600.08305179807,1642.4544827522805,1686.200148555044,1752.9870668973304,1850.287263095874,1895.8501676664732,1956.8720588614387,2064.8083596142833,2181.0797585551013,2330.422051434234,2435.5004915786503,2753.849344949883,3767.150191889814,1733.2070315693272
2025-08-04 18:15:00+00:00,22,345,530.2775506502443,646.5529622040924,753.897061376597,815.9630683205065,901.072107029724,962.5434967324189,1045.75832969334,1091.5066039281996,1156.9992271808005,1193.9239311652093,1227.6656564916245,1298.684017798333,1347.6042407580044,1379.3823359866253,1431.2296533322412,1495.2799272873308,1607.9372919422049,1732.8398928559157,1920.27955877717,2683.0813573073538,1192.0542092493988
2025-08-04 18:30:00+00:00,23,360,363.18924586941006,455.36511799225644,490.27149534180757,527.038365471891,562.1313296538964,598.3486268739479,637.5552787743472,672.0498338975551,708.6186933899112,734.5005909758434,754.6984353682715,778.9799204096008,819.6593091748638,856.0188436694726,885.1343561010854,933.2222219333883,996.6769128200741,1054.076730943782,1218.2672229198909,1622.167433744839,745.7605255868249
2025-08-04 18:45:00+00:00,24,375,80.06645247584707,115.93209746847255,131.50976641614832,142.68859559138585,151.74866817493222,159.48702058679817,169.08633040087346,176.51186336642138,181.94665314174372,186.7573379596605,192.39265074110537,200.51778209626912,209.7925337518438,219.60912663714225,237.01159945910408,247.10677562254816,261.8945625997545,283.78923178749255,303.37208073082513,396.99321304926275,192.16244523314845
2025-08-04 19:00:00+00:00,25,390,0.001395195559803135,0.0022704177316526515,0.003324647231187145,0.004232939585224363,0.00510772775587888,0.0055985959188476035,0.005992711620236817,0.006340559607438305,0.00671055637274344,0.006981569480780066,0.007348029948296511,0.007719125156819472,0.008172439695661402,0.008877667726941981,0.009226787729549057,0.009747068542367818,0.010155260810566565,0.01100563085703532,0.012597594526332747,0.01630681288876577,0.007141430073482718
2025-08-04 19:15:00+00:00,26,405,0.0,0.0,0.0,0.0,0.0,0.0,0.0,0.0,0.0,0.0,0.0,0.0,0.0,0.0,0.0,0.0,0.0,0.0,0.0,0.0,0.0
2025-08-04 19:30:00+00:00,27,420,0.0,0.0,0.0,0.0,0.0,0.0,0.0,0.0,0.0,0.0,0.0,0.0,0.0,0.0,0.0,0.0,0.0,0.0,0.0,0.0,0.0
2025-08-04 19:45:00+00:00,28,435,0.0,0.0,0.0,0.0,0.0,0.0,0.0,0.0,0.0,0.0,0.0,0.0,0.0,0.0,0.0,0.0,0.0,0.0,0.0,0.0,0.0
2025-08-04 20:00:00+00:00,29,450,0.0,0.0,0.0,0.0,0.0,0.0,0.0,0.0,0.0,0.0,0.0,0.0,0.0,0.0,0.0,0.0,0.0,0.0,0.0,0.0,0.0
2025-08-04 20:15:00+00:00,30,465,0.0,0.0,0.0,0.0,0.0,0.0,0.0,0.0,0.0,0.0,0.0,0.0,0.0,0.0,0.0,0.0,0.0,0.0,0.0,0.0,0.0
2025-08-04 20:30:00+00:00,31,480,0.0,0.0,0.0,0.0,0.0,0.0,0.0,0.0,0.0,0.0,0.0,0.0,0.0,0.0,0.0,0.0,0.0,0.0,0.0,0.0,0.0
2025-08-04 20:45:00+00:00,32,495,0.0,0.0,0.0,0.0,0.0,0.0,0.0,0.0,0.0,0.0,0.0,0.0,0.0,0.0,0.0,0.0,0.0,0.0,0.0,0.0,0.0
2025-08-04 21:00:00+00:00,33,510,0.0,0.0,0.0,0.0,0.0,0.0,0.0,0.0,0.0,0.0,0.0,0.0,0.0,0.0,0.0,0.0,0.0,0.0,0.0,0.0,0.0
2025-08-04 21:15:00+00:00,34,525,0.0,0.0,0.0,0.0,0.0,0.0,0.0,0.0,0.0,0.0,0.0,0.0,0.0,0.0,0.0,0.0,0.0,0.0,0.0,0.0,0.0
2025-08-04 21:30:00+00:00,35,540,0.0,0.0,0.0,0.0,0.0,0.0,0.0,0.0,0.0,0.0,0.0,0.0,0.0,0.0,0.0,0.0,0.0,0.0,0.0,0.0,0.0
2025-08-04 21:45:00+00:00,36,555,0.0,0.0,0.0,0.0,0.0,0.0,0.0,0.0,0.0,0.0,0.0,0.0,0.0,0.0,0.0,0.0,0.0,0.0,0.0,0.0,0.0
2025-08-04 22:00:00+00:00,37,570,0.0,0.0,0.0,0.0,0.0,0.0,0.0,0.0,0.0,0.0,0.0,0.0,0.0,0.0,0.0,0.0,0.0,0.0,0.0,0.0,0.0
2025-08-04 22:15:00+00:00,38,585,0.0,0.0,0.0,0.0,0.0,0.0,0.0,0.0,0.0,0.0,0.0,0.0,0.0,0.0,0.0,0.0,0.0,0.0,0.0,0.0,0.0
2025-08-04 22:30:00+00:00,39,600,0.0,0.0,0.0,0.0,0.0,0.0,0.0,0.0,0.0,0.0,0.0,0.0,0.0,0.0,0.0,0.0,0.0,0.0,0.0,0.0,0.0
2025-08-04 22:45:00+00:00,40,615,0.0,0.0,0.0,0.0,0.0,0.0,0.0,0.0,0.0,0.0,0.0,0.0,0.0,0.0,0.0,0.0,0.0,0.0,0.0,0.0,0.0
2025-08-04 23:00:00+00:00,41,630,0.0,0.0,0.0,0.0,0.0,0.0,0.0,0.0,0.0,0.0,0.0,0.0,0.0,0.0,0.0,0.0,0.0,0.0,0.0,0.0,0.0
2025-08-04 23:15:00+00:00,42,645,0.0,0.0,0.0,0.0,0.0,0.0,0.0,0.0,0.0,0.0,0.0,0.0,0.0,0.0,0.0,0.0,0.0,0.0,0.0,0.0,0.0
2025-08-04 23:30:00+00:00,43,660,0.0,0.0,0.0,0.0,0.0,0.0,0.0,0.0,0.0,0.0,0.0,0.0,0.0,0.0,0.0,0.0,0.0,0.0,0.0,0.0,0.0
2025-08-04 23:45:00+00:00,44,675,0.0,0.0,0.0,0.0,0.0,0.0,0.0,0.0,0.0,0.0,0.0,0.0,0.0,0.0,0.0,0.0,0.0,0.0,0.0,0.0,0.0
2025-08-05 00:00:00+00:00,45,690,0.0,0.0,0.0,0.0,0.0,0.0,0.0,0.0,0.0,0.0,0.0,0.0,0.0,0.0,0.0,0.0,0.0,0.0,0.0,0.0,0.0
2025-08-05 00:15:00+00:00,46,705,0.0,0.0,0.0,0.0,0.0,0.0,0.0,0.0,0.0,0.0,0.0,0.0,0.0,0.0,0.0,0.0,0.0,0.0,0.0,0.0,0.0
2025-08-05 00:30:00+00:00,47,720,0.0,0.0,0.0,0.0,0.0,0.0,0.0,0.0,0.0,0.0,0.0,0.0,0.0,0.0,0.0,0.0,0.0,0.0,0.0,0.0,0.0
2025-08-05 00:45:00+00:00,48,735,0.0,0.0,0.0,0.0,0.0,0.0,0.0,0.0,0.0,0.0,0.0,0.0,0.0,0.0,0.0,0.0,0.0,0.0,0.0,0.0,0.0
2025-08-05 01:00:00+00:00,49,750,0.0,0.0,0.0,0.0,0.0,0.0,0.0,0.0,0.0,0.0,0.0,0.0,0.0,0.0,0.0,0.0,0.0,0.0,0.0,0.0,0.0
2025-08-05 01:15:00+00:00,50,765,0.0,0.0,0.0,0.0,0.0,0.0,0.0,0.0,0.0,0.0,0.0,0.0,0.0,0.0,0.0,0.0,0.0,0.0,0.0,0.0,0.0
2025-08-05 01:30:00+00:00,51,780,0.0,0.0,0.0,0.0,0.0,0.0,0.0,0.0,0.0,0.0,0.0,0.0,0.0,0.0,0.0,0.0,0.0,0.0,0.0,0.0,0.0
2025-08-05 01:45:00+00:00,52,795,0.0,0.0,0.0,0.0,0.0,0.0,0.0,0.0,0.0,0.0,0.0,0.0,0.0,0.0,0.0,0.0,0.0,0.0,0.0,0.0,0.0
2025-08-05 02:00:00+00:00,53,810,0.0,0.0,0.0,0.0,0.0,0.0,0.0,0.0,0.0,0.0,0.0,0.0,0.0,0.0,0.0,0.0,0.0,0.0,0.0,0.0,0.0
2025-08-05 02:15:00+00:00,54,825,0.0,0.0,0.0,0.0,0.0,0.0,0.0,0.0,0.0,0.0,0.0,0.0,0.0,0.0,0.0,0.0,0.0,0.0,0.0,0.0,0.0
2025-08-05 02:30:00+00:00,55,840,0.0,0.0,0.0,0.0,0.0,0.0,0.0,0.0,0.0,0.0,0.0,0.0,0.0,0.0,0.0,0.0,0.0,0.0,0.0,0.0,0.0
2025-08-05 02:45:00+00:00,56,855,0.0,0.0,0.0,0.0,0.0,0.0,0.0,0.0,0.0,0.0,0.0,0.0,0.0,0.0,0.0,0.0,0.0,0.0,0.0,0.0,0.0
2025-08-05 03:00:00+00:00,57,870,0.0,0.0,0.0,0.0,0.0,0.0,0.0,0.0,0.0,0.0,0.0,0.0,0.0,0.0,0.0,0.0,0.0,0.0,0.0,0.0,0.0
2025-08-05 03:15:00+00:00,58,885,0.0,0.0,0.0,0.0,0.0,0.0,0.0,0.0,0.0,0.0,0.0,0.0,0.0,0.0,0.0,0.0,0.0,0.0,0.0,0.0,0.0
2025-08-05 03:30:00+00:00,59,900,0.0,0.0,0.0,0.0,0.0,0.0,0.0,0.0,0.0,0.0,0.0,0.0,0.0,0.0,0.0,0.0,0.0,0.0,0.0,0.0,0.0
2025-08-05 03:45:00+00:00,60,915,8.98398657219454,10.431024326184243,11.98717643952321,13.724865197273779,15.734525878610132,17.935692615684726,20.715195677563496,26.8595212924185,31.345243166796077,33.475625671511644,36.25024371133007,39.78903125140663,43.39544321220167,49.77877018089205,58.0909746892763,71.44959005248145,84.84659801340817,104.86079312251914,134.9980684695788,236.33319145015463,47.9430334374225
2025-08-05 04:00:00+00:00,61,930,79.27496961873996,89.51993410839083,98.81393782101642,109.85031590505595,122.90031875772131,142.01901177074814,174.80249330638318,211.48976342770501,226.4247146465739,246.77250895043247,264.78224583569465,286.1184187620347,327.2056686653827,369.58626911806874,427.3769269282486,518.612319470347,614.4735363094081,717.4743408379069,839.4374521852482,1401.1729948148864,337.37858214449176
2025-08-05 04:15:00+00:00,62,945,142.3716423806112,161.0090965562456,177.68804934086788,202.77272019380317,232.48470549636306,273.7947074108026,337.11736144874914,379.0305750976699,406.41932880394916,439.003744514855,468.15009872833275,504.61740584519157,575.55746072551,652.7513560317469,770.2975501012236,915.2410272535345,1073.4687758166895,1202.0407856575869,1510.7846648967784,2471.1121005270466,598.9838500463014
2025-08-05 04:30:00+00:00,63,960,204.18484242708814,242.40141894435428,280.5229519753611,324.5442449868272,362.42299433755124,445.372342115356,546.3616224622633,578.4086964227329,621.9139155094591,672.5933832226395,717.6593583396967,779.9280962387211,878.0359214989177,1021.087674584557,1207.1066467156136,1399.0915828970656,1622.935360818391,1914.3769881062926,2302.9633861595266,3750.3348016664995,923.1556600764478
2025-08-05 04:45:00+00:00,64,975,314.2171653350498,388.29141215475505,470.7126359109159,557.4639740645084,647.6614981192287,782.3462963891112,864.3975323555323,942.8263249267497,1018.6763559449483,1091.6421078459325,1177.1152102783615,1290.6411469584275,1429.5954623869231,1563.089156032395,1707.236853560729,1927.9960769947086,2165.220341626208,2602.8996092595135,3078.2264018308274,6161.302662197642,1424.2017235279063
2025-08-05 05:00:00+00:00,65,990,385.4991352279679,503.8848785739982,649.9487268746452,751.9228152340954,866.6073216079524,1071.6348658865368,1211.3403550070636,1304.586290632606,1437.7544949782255,1532.5431881409759,1646.8880897834106,1790.839435470099,2004.7411309507481,2230.955051594916,2431.7856283386204,2689.0062882490097,3099.993110276215,3791.8218254631024,4259.233850433472,9232.563126867431,2013.976603838929
2025-08-05 05:15:00+00:00,66,1005,448.8209338403981,610.1126998540481,771.5266654080095,916.2404867461944,1094.6659980896466,1328.7012843770779,1536.2928718654675,1703.3704826331682,1853.8860275325108,1979.3085438004703,2117.56175364382,2305.0251293130223,2568.088411644647,2826.8338540084037,3137.441270006803,3524.7097404069245,4086.8802296023223,4658.414729079592,5643.302792257162,12736.904935285724,2606.1677029018147
2025-08-05 05:30:00+00:00,67,1020,431.72773269745977,651.1294156661892,825.9623193924987,1014.936988849855,1252.5762757536515,1545.1510981302383,1864.644882619804,2033.4930789211069,2216.08297133808,2399.2206799698447,2586.4968508328307,2828.4965347963007,3106.602396621759,3438.0756352770786,3884.444802046634,4320.733066991695,5118.169119039196,5932.824260016563,7259.99276551141,16586.783263309666,3215.028342864837
2025-08-05 05:45:00+00:00,68,1035,353.3519703410623,599.7552354461776,898.716585461769,1092.0194371663558,1438.9590759601904,1759.3109730026906,2098.422236578509,2334.2306850590076,2667.3566234448413,2846.9493829504336,3072.382757635401,3323.0137770213614,3712.8229015877628,4029.315690669401,4621.133069045828,5197.032226916699,6104.0205143955645,7121.771720383519,8825.637816415789,20700.55423285032,3819.1938647506354
2025-08-05 06:00:00+00:00,69,1050,266.6104166229399,646.677354352834,912.9900400265561,1206.786390197566,1587.528439862585,2039.6231166528642,2481.8562352908907,2734.4345247231495,2998.4012072377004,3251.8741605057294,3496.3131011451233,3796.620358021394,4154.510367457393,4748.483485823364,5402.750131454837,5960.024866341411,7311.8382309026065,8471.11680838512,10566.491988176427,25173.96466341585,4462.439140282134
2025-08-05 06:15:00+00:00,70,1065,181.86093581206953,502.87304220761655,909.3046790603479,1168.5692363130916,1616.1781567011537,2029.612505388779,2534.785186259982,2825.9828835775083,3224.2380745541404,3511.8444154068934,3781.5394958269544,4123.297069995381,4473.151410537049,5137.658694317495,5786.484321293122,6771.436386479076,8474.184187818712,9890.544091627737,12214.34750404219,29643.928216008975,4980.862377803856
2025-08-05 06:30:00+00:00,71,1080,91.31925654479895,382.0713722104232,710.4192259511055,1106.2563560679557,1595.269356226628,2149.08868908086,2623.208007457098,3021.341372471561,3407.3575718584743,3692.895444559693,3991.222334256188,4322.866735699736,4850.940186359939,5603.812134932467,6289.105386582057,7322.403909164718,9562.941775194055,11147.98309051676,13780.36692461694,34175.21746285636,5453.39208334568
2025-08-05 06:45:00+00:00,72,1095,16.344928411314907,268.78326720828943,521.221606005264,989.9105777735024,1481.5621666774914,2084.203028507889,2749.8522384416465,3170.533800772545,3462.287374226735,3752.798315812622,4135.937224871867,4574.252412439335,5053.329646284826,5888.1783409746395,6754.783009069563,7847.120438161242,10180.933242911215,12039.7723078461,14935.926750281129,38724.81817825765,5813.219130650318
2025-08-05 07:00:00+00:00,73,1110,0.0,186.54758026258932,413.6489823213937,728.6814942355887,1307.2123263038877,1737.5575248802227,2542.6684863409323,3045.3074179392297,3604.586671329339,3965.0326246534937,4338.489088831295,4724.904526652564,5264.306866777722,5876.86945136774,6910.360443911376,8186.48144223971,10845.773124175721,12786.219012852987,16579.59177394909,43245.15495303758,6117.729429112816
2025-08-05 07:15:00+00:00,74,1125,0.0,162.421219065474,411.3493917636461,670.6348595906311,1284.6576855794553,1791.5394467372832,2599.2920480462117,3089.566956151128,3682.2329950377316,4235.975429980305,4717.8865949721885,5169.810414384165,5719.750341691494,6356.687320119515,7488.008062438348,9316.374734703113,11920.1128268511,14312.858874116655,18482.023090536426,47694.14554252294,6687.268151101372
2025-08-05 07:30:00+00:00,75,1140,0.0,149.51741106463345,386.25331191696966,622.9892127693057,1201.1555079413938,1729.8925901307136,2190.20795099148,3042.6072009672016,3624.267888612584,4424.78484506423,5032.595361647169,5453.321776190049,5986.170373356126,6867.100965325551,8248.942926083253,9963.365232442806,12955.857206637289,15734.972517735972,20094.632839714464,52034.19981030356,7146.545303579734
2025-08-05 07:45:00+00:00,76,1155,0.0,166.00753988304723,421.19998151177424,676.392423140501,1165.4612474767712,1747.9169404529769,2273.747910583915,3050.9562003126002,3707.8220348064774,4577.2708742475525,5205.557528622484,5765.731955171656,6372.2233984228415,7294.431440402678,8527.791053636465,10474.217007126244,13475.321834790228,16617.187249309733,21395.104721256874,56231.45278770239,7547.077360957589
2025-08-05 08:00:00+00:00,77,1170,0.0,160.83775868913906,437.51699833890814,714.196237988677,1158.8176157638504,1744.7087372979292,2410.9492015983105,3237.9834437375207,3912.440801903859,4652.498110873226,5399.4233504978765,6108.035948209899,6863.1841761427095,7866.559472173669,9123.411348962454,11306.53567284562,14359.62252904454,17690.536601564007,22470.58822129983,60111.022042283024,8048.998872629042
2025-08-05 08:15:00+00:00,78,1185,0.0,226.50453580457926,541.2151648792111,855.9257939538429,1585.405966635232,2170.9917832924175,2708.9186191039207,3621.268750354678,4387.159202049331,5454.078668319211,6200.334895210564,6850.321695789851,7672.2846339585085,8955.751598478622,10358.930940241817,12440.209270616806,15174.506726604015,18022.482380886326,23435.09590181599,63879.87907467017,8735.88733779723
2025-08-05 08:30:00+00:00,79,1200,0.0,253.8390383190346,592.2910894110807,930.7431405031268,1730.0721854325316,2336.4180698487844,2966.0743711887785,3986.189458791321,4898.23231145801,5916.881072511883,6645.9777435777405,7314.22624955879,8201.307108053321,9597.787609775296,11001.77332581682,13190.729987300445,16069.221613818632,18733.323769075716,24311.064612432667,67455.56001946582,9260.665489101515
2025-08-05 08:45:00+00:00,80,1215,0.0,259.8202066925703,608.2706708083073,956.721134924044,1842.1257146554115,2466.393377988104,3129.6414508679527,4214.765966611742,5100.33720453106,6166.0407712011975,6977.851615662989,7683.765824413716,8575.820512325385,9989.420286542221,11465.193825745535,13411.785686534395,16448.93389379449,19376.23709141327,24847.202554246716,70780.88499569429,9616.993139445392
2025-08-05 09:00:00+00:00,81,1230,0.0,305.3150513841088,679.7826571415416,1117.4177943795025,2205.246939611211,2771.920988066442,3611.61110396902,4626.954981412883,5664.427874829049,6651.670374235467,7446.385261457819,8187.989892035878,9153.010761083284,10784.602109292315,12265.463182247715,14251.475812542241,17534.44020817158,20341.702030353157,25835.33323312898,73835.03225024148,10215.945018570494
2025-08-05 09:15:00+00:00,82,1245,0.0,116.81436738186842,467.2574695274736,817.7005716730785,1356.2019999437077,2287.9489336726115,3103.97307478125,4103.168491929856,5194.345795971162,6012.6695773927795,6954.426709601415,7876.9517020342155,8791.775879721834,10382.153852699867,12099.783072000686,13949.709440892948,16971.969621137978,20021.267066874025,26177.056997614854,76599.30350655993,9958.523190221924
2025-08-05 09:30:00+00:00,83,1260,0.0,0.0,335.71027123063027,685.9639477131288,1036.2176241956274,1847.070169549621,2852.98417955277,3798.493733859139,4690.11130361546,5630.285863484064,6570.678562152678,7261.910490958324,8299.737370237357,9691.431833210627,11543.009322737369,13439.258281648994,16705.070388305834,20007.566334155512,25859.73070896703,79057.0703705522,9704.48253693631
2025-08-05 09:45:00+00:00,84,1275,0.0,0.0,218.87221524903535,536.2369273601362,853.601639471237,1287.6857113461142,2229.0132703958884,3139.303713167252,4127.439313560915,5262.145286187649,6297.993679828244,7181.660150662188,8106.12371790057,9586.528552803149,11452.485596072333,13417.642522342228,16356.436139037281,20009.13332761392,26555.665390396465,81193.74883276118,9582.154190216643
2025-08-05 10:00:00+00:00,85,1290,0.0,0.0,127.70765183791899,401.90349254874485,676.0993332595707,950.2951739703968,1567.8737640321697,2761.960010818073,3829.6382013915913,4927.025963040973,5899.285260711221,6550.269066217007,7907.1670710672815,9309.539285029166,11021.999460233252,13109.806858438897,15814.948042291346,19345.56955721212,25325.195816424053,82996.7943828971,9280.743502340678
2025-08-05 10:15:00+00:00,86,1305,0.0,0.0,113.76079883839108,387.90567472762797,662.0505506168648,936.195426506102,1265.1892633733823,2422.5833576045893,3285.61574876173,4403.147511630557,5563.190317756029,6497.696723008941,7474.048334631767,9012.017129597614,10684.37583512118,12727.305307376162,14342.280175528414,18875.88543698378,23588.87707004725,84455.71170323873,9066.157140646686
2025-08-05 10:30:00+00:00,87,1320,0.0,0.0,104.54384965086727,391.0714375828732,677.5990255148793,964.1266134468855,1510.8241879127252,2520.714133296357,3415.543556490648,4436.119246425627,5524.6743709361535,6393.552578425861,7423.4899741750605,9012.963498598834,10871.847437862576,12650.71232768491,15155.578336215669,18249.154191986625,24152.56015463065,85562.07415577433,9025.32211676208
2025-08-05 10:45:00+00:00,88,1335,0.0,0.0,220.9380726983167,511.95341955645176,802.9687664145869,1093.9841132727222,1935.8583518951154,2905.340694226237,3766.678594330056,4499.554673966023,5545.37401056107,6381.818053390903,7193.33998871219,8398.57176481475,9867.363344459194,11691.36693334505,13754.25771612094,17308.454232779357,24093.959026680994,86309.54854696515,8884.326556669716
2025-08-05 11:00:00+00:00,89,1350,0.0,30.55737168433725,415.07096537891437,799.5845590734913,1189.389099170066,1846.3122674674378,2539.5602353460913,3355.5931293647996,4165.719641301613,4969.360690744556,5763.141549988188,6899.143147610879,7656.3601643426755,8470.853054190471,10041.59988772754,11794.731538414624,13682.66409256741,16708.143680515743,23847.66185345847,86693.92023919236,9120.93119214106
2025-08-05 11:15:00+00:00,90,1365,0.0,133.9447491684233,564.2778794754854,994.6110097825473,1570.701630445419,2259.968655384567,3028.9637692061624,3831.013988165412,4669.716976416928,5449.191490912313,6469.30169249077,7488.951287271929,8205.638472912571,9112.660802915438,10547.976905201667,12279.27699010602,13721.608932303196,16412.026197878036,22433.400161415902,86713.1139061154,9385.85307935172
2025-08-05 11:30:00+00:00,91,1380,0.0,373.7432889165289,816.1035097825768,1308.2358873813141,2042.2844085434904,2853.060037108607,3705.933846080524,4485.730252365015,5288.945571853385,6092.361561376742,6860.479591835008,8067.372518581883,8867.677090929415,9641.11781236913,11030.147890421542,12823.521738654394,14472.993547847316,16837.77300862679,22389.33604312117,86367.20579941527,9825.720613054467
2025-08-05 11:45:00+00:00,92,1395,59.25615650556624,344.25005207995605,896.684730045198,1642.0553339220126,2359.7577666160423,2902.588760663725,3636.7290337900276,4376.5165261095735,5251.403739582882,5867.613592601438,6632.806591007838,7846.735942774954,8814.835508983047,9514.236099865971,10655.526714483065,12739.483814753654,14440.83621071939,16566.328325913306,20358.6953787608,85658.42485279527,7629.926778934876
2025-08-05 12:00:00+00:00,93,1410,167.41652990192358,804.0861972634304,1539.0130782262574,2239.3951851921784,2882.8626314847193,3442.8241762927983,4226.012135179724,4822.679022708472,5756.652496276726,6347.302834983922,7154.982596478526,8598.862604320924,9430.584719125834,10182.792007880087,11753.313330613588,13407.252392113502,15171.031848476918,18201.1654984918,22788.664450962482,84591.14243060927,8329.113936727177
2025-08-05 12:15:00+00:00,94,1425,534.0536441411516,1728.3419378441786,2401.774494425665,2997.3899156298075,3545.911826061196,3942.473074875984,4544.247093792476,5245.688630479401,5888.201906948548,6659.674126502508,7452.995344991034,9106.545130556613,10840.837795399419,13556.999579155618,15079.804119251477,16710.025205844773,20191.210493559036,22838.28223159129,25864.302216990094,83171.85287591335,10676.03267514395
2025-08-05 12:30:00+00:00,95,1440,603.9412130504975,1790.3922829730136,2465.6250995081673,3100.231963665194,3618.078935368562,4047.1505273124667,4900.475053321889,5626.533378224415,6545.03354081671,7371.304289094009,9055.058030344073,10404.781080353763,12905.94400664373,14424.304640505738,15791.033964142167,18392.325098106703,20758.7273364128,23619.049842802826,28171.385184638766,81409.14903435826,11361.869272471067
2025-08-05 12:45:00+00:00,96,1455,781.330316840777,2009.6571976243567,2793.964888346378,3393.8592890468767,3882.241028314009,4683.088544129323,5425.025364181229,6179.895187795316,7173.629294078936,8794.365083486566,10234.615471336945,12742.422057557438,14390.564630894582,15502.546820918558,18163.478678847216,20204.89035213799,23002.532933538434,26061.64044745108,33880.704268697555,79313.69794235025,12398.951398054312
2025-08-05 13:00:00+00:00,97,1470,1300.679944179127,2274.107186832396,3024.476389249635,3541.6961966493764,3932.8239789512572,4888.852865581146,5689.7699986532225,6499.351806466849,7556.823010606877,9663.548748531655,11450.781918605886,13500.956007754772,14762.230528680331,16234.631527672998,19206.303137706665,21544.992005869626,24017.24248533225,28786.637994237088,35220.219516468205,76898.22165189756,13049.981112970729
2025-08-05 13:15:00+00:00,98,1485,1734.7397356719316,2766.8667258258965,3438.959944941691,3968.5481315568068,4480.291130324942,5192.7959380089615,5945.387572436437,6697.065356780643,8166.038003008987,9839.762296926996,11407.282803856982,13512.009343373562,14726.096787463232,16398.431492581956,18978.03660594278,21243.782934593917,23814.270409283734,28394.81425562438,35024.41760133948,74177.48796496002,13144.048502185367
2025-08-05 13:30:00+00:00,99,1500,2183.163406087015,3200.5620926189954,3841.0393138386166,4371.306121389386,4893.797723151136,5628.470736522366,6454.39933251185,7161.895224084032,8719.501207934693,9946.503996661546,11570.091231782953,13527.28566134001,14557.616505837635,16115.624613421533,18765.40090892657,21122.13500620714,23857.5103584586,29865.995251060227,34137.571542738224,71168.3154871977,13311.266434261972
2025-08-05 13:45:00+00:00,100,1515,3114.3502957549845,3809.0422498187727,4481.217434051223,4949.123656487355,5594.6743952338265,6188.512615169535,6955.542656743325,7846.3344810806875,9321.808973895331,10285.93870955698,11893.771300986717,13573.885461633587,14525.425260248794,15972.906011199257,18579.34424030341,20967.44711226402,23654.52348882098,28003.3244634377,32720.428737389582,67889.59734546379,13393.52673183476
2025-08-05 14:00:00+00:00,101,1530,3664.6142995025853,4555.454310496611,5038.73370635264,5529.55027466066,6202.37891340297,6894.41038692524,7413.843655925503,8329.88669899945,9903.818137636812,10709.4484675156,12178.435881834526,13632.860704721763,14608.632892712694,16029.705240518486,18444.44160577967,20785.718417840693,22922.355080920148,27181.675275250076,31789.54944463959,64362.34941197064,13514.150540269196
2025-08-05 14:15:00+00:00,102,1545,4002.8990672767945,4864.045944654503,5315.291367092161,5831.80213109176,6503.977353605263,7131.759938702404,7885.048412126022,8592.439190871555,9931.126188036602,10625.883829436229,12118.647418945362,13373.680514329213,14375.652054174774,15707.700935291483,17696.498424074394,20009.366849498525,22167.24162131595,27381.13085439832,31028.836643594343,60609.79079703833,13452.811913694444
2025-08-05 14:30:00+00:00,103,1560,4171.663391637652,5070.484630200082,5530.383119937129,6042.709218125794,6620.0302502176,7196.132350332093,7781.808575874564,8580.248365640246,9822.12219309596,10591.519455276803,12471.924273065737,13120.201489132322,13946.674259554593,15610.102320252932,17230.280086802315,19311.49247073396,21537.291563952702,26020.24214875444,29685.27142677109,56671.05419124134,13183.290675842047
2025-08-05 14:45:00+00:00,104,1575,4093.1874373472083,4977.089898990327,5312.049182673761,5941.233045923665,6592.215632762847,7510.886492086198,8797.424576408936,9529.479247425932,10744.055050899591,11746.655541920534,12636.224004353806,13662.272188477353,15515.989807470816,16515.86487199826,18037.252834674164,19634.83623199491,21901.24361129362,24331.35239841573,28177.992490091223,52621.36190636015,13360.980005807558
2025-08-05 15:00:00+00:00,105,1590,1804.3595250959931,2498.8561011423017,3202.3090498743727,4000.0085467030963,5152.928814953933,6023.295844970612,7118.279011722974,7951.154874431477,8584.35968544327,9625.830102577498,10690.543464636605,11907.063447147682,12598.09441583073,14256.239060642036,15767.697179258117,17714.117013911527,19772.482237298893,22104.27175196744,26878.284675844,48331.57178397592,11403.474152064608
2025-08-05 15:15:00+00:00,106,1605,1982.299717444588,2717.8091954134934,3261.7759441656326,4095.45706692716,4866.973045464118,5821.979337746308,6758.6966036312415,7609.753819227787,8580.082898525332,9300.22860325943,10587.20426219031,11189.828525730889,12334.716093133135,13438.814389494864,15060.66532676197,16843.963112354897,18713.66580612659,21209.420019199337,26110.144268348282,43934.210536221835,10953.192293996692
2025-08-05 15:30:00+00:00,107,1620,2431.2632523469824,3038.808575828619,3559.4934668916376,4287.128061585117,5279.534102919844,6410.999098665291,7220.060165306115,8183.246227818112,8995.013023197791,10185.765315351324,11417.490686144101,12523.350736964785,14003.737598528025,15739.091536850841,17083.861343950295,18385.927086656022,20140.755428786717,22210.011123525077,24508.0520076552,39466.21042745431,11633.747416028169
2025-08-05 15:45:00+00:00,108,1635,2601.8512073583756,3187.745292218557,3495.688446003037,4006.3091522923337,4893.222799551143,5911.1022347999215,6867.423003973489,7755.0499820806135,8448.501254806002,9524.022949375634,10654.148571333855,11754.918031433548,13373.207741989243,14753.158359128322,15997.431817073664,16989.637365045997,18869.193120203658,20144.33392343776,22196.149443116607,34968.485434282426,10845.974265934765
2025-08-05 16:00:00+00:00,109,1650,2463.952377954468,2926.776699974343,3247.8046068970525,3540.157462426897,4344.816419830949,5322.681286586856,6399.510365924118,7161.771872643642,7818.673796975173,8999.146273343144,9922.466323347433,11044.75690540383,12327.87348867052,13180.454657906155,14244.607089581155,15272.07894053346,16841.548294798125,18297.878715622723,19675.567004911267,30486.711198719986,9839.446458120821
2025-08-05 16:15:00+00:00,110,1665,2136.3312705421904,2620.6952814099027,2869.6071854827283,3430.818446307076,4408.485458399847,5301.107129525424,6061.548879109255,6715.38648153222,7638.62384873436,8362.885965840254,9068.986301954648,10408.608437287216,11144.074697504706,11976.821750776295,12821.355892833895,13751.878584198203,14653.088177485608,16148.637938391601,17775.756639324652,26072.299781022324,8954.251449001444
2025-08-05 16:30:00+00:00,111,1680,1711.5157653703423,2176.1680191701794,2604.091660041033,3651.6484675008887,4278.582739319528,5099.899749334027,5650.449563862901,6457.080450316918,7201.77702677594,7867.872676710289,8720.30523495652,9300.633399276418,9919.125409364759,10649.676298062424,11361.812996183871,12002.451160424096,12736.656615572914,13862.942577262122,15669.930421608542,21783.53368578176,8270.577904074433
2025-08-05 16:45:00+00:00,112,1695,1420.532607432869,1766.0822060438534,2202.3664011358633,2800.288954909717,3489.39485134092,4124.493321493132,4868.166063245184,5374.263927145975,5863.530255084733,6526.888910757812,7244.239923979095,7708.010054237127,8123.1534321029985,8535.605632192652,9164.827533644804,9622.401563428273,10207.670923219059,11199.655386215452,12818.80950672511,17526.77840908335,6731.359803752572
2025-08-05 17:00:00+00:00,113,1710,1074.9642801546254,1391.2790038027003,1701.87581043108,2148.185657991603,2566.2254623208664,3083.421826595744,3513.167935281399,3999.366353058457,4454.910442952098,4886.000088241408,5447.980659390694,5712.750354593148,6105.258568851194,6491.869064884086,6927.048046496122,7409.256478462019,7895.382989606764,8664.30860236349,10009.352350297544,13655.086675726916,5093.943606448985
2025-08-05 17:15:00+00:00,114,1725,580.9664153390786,862.3628595474842,1170.1853313285733,1536.609113118525,1845.6404053159054,2108.8262442033297,2424.5333983005503,2804.2669898632835,3209.9197581895387,3439.277859901068,3744.7496249355986,3982.2627236720004,4260.364512629749,4518.7937361310205,4916.187028210791,5318.319546960343,5724.860245586989,6333.261609439435,7340.351661925484,10112.235837935928,3612.450703032055
2025-08-05 17:30:00+00:00,115,1740,395.79989873389115,634.7635060110367,1001.6846123906315,1199.6381289709768,1370.6464871831945,1578.4871433716753,1867.9514717468114,2131.654206006372,2330.4235582304664,2557.798007357326,2701.0501479664404,2907.5270422856443,3039.402189417698,3289.9035924081622,3574.4964867826375,3790.838707355653,4080.564012057337,4403.641156220884,4910.621441285621,6967.6966469485515,2598.43429699104
2025-08-05 17:45:00+00:00,116,1755,296.22605793732123,542.6649643241816,732.3681089936728,857.6068697582374,984.0026774838273,1170.5568503955192,1302.9096277375834,1424.9212874180268,1542.161728640621,1699.9848255968743,1809.5065583813841,1910.963867342728,2003.7005435286892,2159.728284295384,2339.31042369217,2465.3135848248266,2645.8553956098162,2784.0639634367762,3052.1027921626187,4642.7274931,1689.4688174796954
2025-08-05 18:00:00+00:00,117,1770,247.477717952372,429.28634077548406,573.7618083878189,676.0786066709965,771.72834756012,911.6863291220781,1010.6169487333062,1122.7488912589586,1224.579680511958,1359.3012735730822,1441.4108682456797,1526.7381044397562,1596.9289312250016,1720.497425630544,1859.9081852687211,1964.8575028263979,2117.974590893925,2227.5148120094927,2435.046688507615,3659.802806053461,1342.636667558075
2025-08-05 18:15:00+00:00,118,1785,175.69948514917746,280.58311172953506,388.8017871177087,457.1238153084782,524.6807615763267,625.4224169635469,692.0855874865352,790.5890717119247,854.4641095558094,920.1108145296192,981.8342404892315,1053.1899919399755,1103.2098296934257,1174.2440757037089,1286.4314662407653,1359.4914356226182,1459.5266814568215,1549.1313176765652,1752.4312687282206,2554.562978892581,932.5186487909141
2025-08-05 18:30:00+00:00,119,1800,77.96993546895857,125.13073670321474,206.45827850240107,256.9271126813535,292.13867794031245,328.32714218900657,401.18650438990693,456.88573566402965,494.5625056424949,537.5196222967948,586.1930193425287,619.5524090389501,655.7808323809911,716.3446626814534,768.9748814697216,818.0864276454786,869.8018184407689,932.4406252378612,1060.3197261636917,1493.67687429435,545.7895357055831
2025-08-05 18:45:00+00:00,120,1815,19.593353054912136,28.65476192459133,41.16959167336478,52.61910295933487,60.549067856344166,70.15882034167706,83.18374684718235,92.51640365521737,98.60009556447004,105.93897427886435,112.58119860148126,121.46840283762448,129.67320813444363,138.54568864816557,150.10262559044568,160.0212291090216,172.8160912742258,184.82356393830997,215.26454551273022,290.3312309694718,108.67518793204937
2025-08-05 19:00:00+00:00,121,1830,0.0,0.0,0.0,0.0,0.0,0.0,0.0,0.0,0.0,0.0,0.0,0.0,0.0,0.0,0.0,0.0,0.0,0.0,0.0,0.0,0.0
2025-08-05 19:15:00+00:00,122,1845,0.0,0.0,0.0,0.0,0.0,0.0,0.0,0.0,0.0,0.0,0.0,0.0,0.0,0.0,0.0,0.0,0.0,0.0,0.0,0.0,0.0
2025-08-05 19:30:00+00:00,123,1860,0.0,0.0,0.0,0.0,0.0,0.0,0.0,0.0,0.0,0.0,0.0,0.0,0.0,0.0,0.0,0.0,0.0,0.0,0.0,0.0,0.0
2025-08-05 19:45:00+00:00,124,1875,0.0,0.0,0.0,0.0,0.0,0.0,0.0,0.0,0.0,0.0,0.0,0.0,0.0,0.0,0.0,0.0,0.0,0.0,0.0,0.0,0.0
2025-08-05 20:00:00+00:00,125,1890,0.0,0.0,0.0,0.0,0.0,0.0,0.0,0.0,0.0,0.0,0.0,0.0,0.0,0.0,0.0,0.0,0.0,0.0,0.0,0.0,0.0
2025-08-05 20:15:00+00:00,126,1905,0.0,0.0,0.0,0.0,0.0,0.0,0.0,0.0,0.0,0.0,0.0,0.0,0.0,0.0,0.0,0.0,0.0,0.0,0.0,0.0,0.0
2025-08-05 20:30:00+00:00,127,1920,0.0,0.0,0.0,0.0,0.0,0.0,0.0,0.0,0.0,0.0,0.0,0.0,0.0,0.0,0.0,0.0,0.0,0.0,0.0,0.0,0.0
2025-08-05 20:45:00+00:00,128,1935,0.0,0.0,0.0,0.0,0.0,0.0,0.0,0.0,0.0,0.0,0.0,0.0,0.0,0.0,0.0,0.0,0.0,0.0,0.0,0.0,0.0
2025-08-05 21:00:00+00:00,129,1950,0.0,0.0,0.0,0.0,0.0,0.0,0.0,0.0,0.0,0.0,0.0,0.0,0.0,0.0,0.0,0.0,0.0,0.0,0.0,0.0,0.0
2025-08-05 21:15:00+00:00,130,1965,0.0,0.0,0.0,0.0,0.0,0.0,0.0,0.0,0.0,0.0,0.0,0.0,0.0,0.0,0.0,0.0,0.0,0.0,0.0,0.0,0.0
2025-08-05 21:30:00+00:00,131,1980,0.0,0.0,0.0,0.0,0.0,0.0,0.0,0.0,0.0,0.0,0.0,0.0,0.0,0.0,0.0,0.0,0.0,0.0,0.0,0.0,0.0
2025-08-05 21:45:00+00:00,132,1995,0.0,0.0,0.0,0.0,0.0,0.0,0.0,0.0,0.0,0.0,0.0,0.0,0.0,0.0,0.0,0.0,0.0,0.0,0.0,0.0,0.0
2025-08-05 22:00:00+00:00,133,2010,0.0,0.0,0.0,0.0,0.0,0.0,0.0,0.0,0.0,0.0,0.0,0.0,0.0,0.0,0.0,0.0,0.0,0.0,0.0,0.0,0.0
2025-08-05 22:15:00+00:00,134,2025,0.0,0.0,0.0,0.0,0.0,0.0,0.0,0.0,0.0,0.0,0.0,0.0,0.0,0.0,0.0,0.0,0.0,0.0,0.0,0.0,0.0
2025-08-05 22:30:00+00:00,135,2040,0.0,0.0,0.0,0.0,0.0,0.0,0.0,0.0,0.0,0.0,0.0,0.0,0.0,0.0,0.0,0.0,0.0,0.0,0.0,0.0,0.0
2025-08-05 22:45:00+00:00,136,2055,0.0,0.0,0.0,0.0,0.0,0.0,0.0,0.0,0.0,0.0,0.0,0.0,0.0,0.0,0.0,0.0,0.0,0.0,0.0,0.0,0.0
2025-08-05 23:00:00+00:00,137,2070,0.0,0.0,0.0,0.0,0.0,0.0,0.0,0.0,0.0,0.0,0.0,0.0,0.0,0.0,0.0,0.0,0.0,0.0,0.0,0.0,0.0
2025-08-05 23:15:00+00:00,138,2085,0.0,0.0,0.0,0.0,0.0,0.0,0.0,0.0,0.0,0.0,0.0,0.0,0.0,0.0,0.0,0.0,0.0,0.0,0.0,0.0,0.0
2025-08-05 23:30:00+00:00,139,2100,0.0,0.0,0.0,0.0,0.0,0.0,0.0,0.0,0.0,0.0,0.0,0.0,0.0,0.0,0.0,0.0,0.0,0.0,0.0,0.0,0.0
2025-08-05 23:45:00+00:00,140,2115,0.0,0.0,0.0,0.0,0.0,0.0,0.0,0.0,0.0,0.0,0.0,0.0,0.0,0.0,0.0,0.0,0.0,0.0,0.0,0.0,0.0
2025-08-06 00:00:00+00:00,141,2130,0.0,0.0,0.0,0.0,0.0,0.0,0.0,0.0,0.0,0.0,0.0,0.0,0.0,0.0,0.0,0.0,0.0,0.0,0.0,0.0,0.0
2025-08-06 00:15:00+00:00,142,2145,0.0,0.0,0.0,0.0,0.0,0.0,0.0,0.0,0.0,0.0,0.0,0.0,0.0,0.0,0.0,0.0,0.0,0.0,0.0,0.0,0.0
2025-08-06 00:30:00+00:00,143,2160,0.0,0.0,0.0,0.0,0.0,0.0,0.0,0.0,0.0,0.0,0.0,0.0,0.0,0.0,0.0,0.0,0.0,0.0,0.0,0.0,0.0
2025-08-06 00:45:00+00:00,144,2175,0.0,0.0,0.0,0.0,0.0,0.0,0.0,0.0,0.0,0.0,0.0,0.0,0.0,0.0,0.0,0.0,0.0,0.0,0.0,0.0,0.0
2025-08-06 01:00:00+00:00,145,2190,0.0,0.0,0.0,0.0,0.0,0.0,0.0,0.0,0.0,0.0,0.0,0.0,0.0,0.0,0.0,0.0,0.0,0.0,0.0,0.0,0.0
2025-08-06 01:15:00+00:00,146,2205,0.0,0.0,0.0,0.0,0.0,0.0,0.0,0.0,0.0,0.0,0.0,0.0,0.0,0.0,0.0,0.0,0.0,0.0,0.0,0.0,0.0
2025-08-06 01:30:00+00:00,147,2220,0.0,0.0,0.0,0.0,0.0,0.0,0.0,0.0,0.0,0.0,0.0,0.0,0.0,0.0,0.0,0.0,0.0,0.0,0.0,0.0,0.0
2025-08-06 01:45:00+00:00,148,2235,0.0,0.0,0.0,0.0,0.0,0.0,0.0,0.0,0.0,0.0,0.0,0.0,0.0,0.0,0.0,0.0,0.0,0.0,0.0,0.0,0.0
2025-08-06 02:00:00+00:00,149,2250,0.0,0.0,0.0,0.0,0.0,0.0,0.0,0.0,0.0,0.0,0.0,0.0,0.0,0.0,0.0,0.0,0.0,0.0,0.0,0.0,0.0
2025-08-06 02:15:00+00:00,150,2265,0.0,0.0,0.0,0.0,0.0,0.0,0.0,0.0,0.0,0.0,0.0,0.0,0.0,0.0,0.0,0.0,0.0,0.0,0.0,0.0,0.0
2025-08-06 02:30:00+00:00,151,2280,0.0,0.0,0.0,0.0,0.0,0.0,0.0,0.0,0.0,0.0,0.0,0.0,0.0,0.0,0.0,0.0,0.0,0.0,0.0,0.0,0.0
2025-08-06 02:45:00+00:00,152,2295,0.0,0.0,0.0,0.0,0.0,0.0,0.0,0.0,0.0,0.0,0.0,0.0,0.0,0.0,0.0,0.0,0.0,0.0,0.0,0.0,0.0
2025-08-06 03:00:00+00:00,153,2310,0.0,0.0,0.0,0.0,0.0,0.0,0.0,0.0,0.0,0.0,0.0,0.0,0.0,0.0,0.0,0.0,0.0,0.0,0.0,0.0,0.0
2025-08-06 03:15:00+00:00,154,2325,0.0,0.0,0.0,0.0,0.0,0.0,0.0,0.0,0.0,0.0,0.0,0.0,0.0,0.0,0.0,0.0,0.0,0.0,0.0,0.0,0.0
2025-08-06 03:30:00+00:00,155,2340,0.0,0.0,0.0,0.0,0.0,0.0,0.0,0.0,0.0,0.0,0.0,0.0,0.0,0.0,0.0,0.0,0.0,0.0,0.0,0.0,0.0
2025-08-06 03:45:00+00:00,156,2355,2.9451436442492067,7.481407738902364,13.868436701023366,17.401683613255592,20.325288862958125,22.824362418382954,25.35914281228835,29.247128874841707,33.29678583462573,40.85206152016481,46.99015313676621,54.66885635967505,59.433633985011156,66.4444130634021,76.06277913969494,82.93432309671165,88.84298215002607,96.76763195164979,107.53529357679948,170.34009663444675,50.40905725463453
2025-08-06 04:00:00+00:00,157,2370,37.13419506189221,62.2668685779648,125.82445963926524,166.12556189036405,194.4504420931314,225.23324501511902,267.8009413693336,342.97361263188935,391.53066883812386,433.7817720974873,469.2331580624726,529.0784946241691,581.1439860113333,629.4424391209059,662.4825847916433,704.3511161686138,743.427775712286,784.7501691287113,885.8257784651028,1268.9267714135142,450.2795277021337
2025-08-06 04:15:00+00:00,158,2385,76.50938489493917,110.80468439725465,216.73094105266395,329.22096303197344,404.7627470994283,479.6957356537266,627.35666519855,742.5113879913202,828.4131913993915,928.6466738418294,1046.144444450128,1145.5405238516191,1211.7545092269827,1263.3063444082156,1348.0789957479042,1401.2834523455942,1462.0338486189432,1577.1993611808414,1712.1910984532035,2364.6994177987403,911.7371419177767
2025-08-06 04:30:00+00:00,159,2400,169.98093832082262,220.3544823291062,368.68413994762005,631.4752990179428,748.5708005545578,951.298520582618,1157.844300530002,1350.041258677662,1552.0272654974933,1676.5226545666515,1832.5873024429334,1935.3115715962533,2010.5164632805736,2133.9361830711428,2212.7063482401186,2311.580967498281,2477.0396412058785,2588.7750962656637,2830.1099184270706,3626.6161573483314,1561.5787382428396
2025-08-06 04:45:00+00:00,160,2415,1116.555073311119,1436.661766716223,2056.3407743900457,2474.7743267166607,2741.0971161068323,3086.8992106829087,3265.1146837569763,3448.60352718052,3606.4358222163737,3707.683759989694,3853.0304513520346,3975.779289499366,4145.462345035799,4232.628512991192,4335.164858129586,4442.998552257571,4608.954032696152,4833.987964544529,5158.143866247419,6000.099731032151,3474.0126161558114
2025-08-06 05:00:00+00:00,161,2430,1777.829097515841,2232.536730465508,3267.9299757329914,3974.521509684298,4276.025657339867,4760.695910627673,5186.545603909489,5443.084013535311,5634.066786575292,5878.369490399288,6027.909425090811,6214.627443873757,6357.373254237571,6516.646023252846,6663.862418003643,6825.3871374496575,7061.334214417474,7355.271058085924,7851.273789405831,9056.293290189204,5382.1517920759625
2025-08-06 05:15:00+00:00,162,2445,2592.351945537256,3557.4141129640584,5438.868654398327,5874.988888322435,6611.160741654915,7181.535413618898,7611.270556691997,8002.135889510455,8194.693051976326,8478.146717222702,8672.236636861031,8813.56430853348,8959.235344005376,9142.449349675102,9391.754283054881,9680.884368467077,10044.277679303417,10501.991125420858,10930.295133283775,12550.91665295232,7783.585204073714
2025-08-06 05:30:00+00:00,163,2460,3530.646276777877,6715.844595545043,7594.26131729139,8729.776900249193,9479.165193487366,10191.42535987465,10558.656396950391,10874.256888539254,11193.30329114213,11336.948436193905,11491.579706099392,11707.150316560665,11983.604230943121,12243.36880959243,12614.648922417724,13036.43824638882,13281.71266954622,13982.42469812995,14327.540597839052,16395.882563344356,10633.688641123636
2025-08-06 05:45:00+00:00,164,2475,5931.299539931642,9227.049319223075,10731.195675419556,12154.091728751751,12933.987562172377,13225.250416939649,13669.132055229013,13973.683038007532,14123.980115364528,14297.581904497714,14579.791276475195,14928.452528620224,15234.155825165328,15677.526918997672,16067.340959599846,16466.430183092652,17007.182856279836,17494.525973203275,17869.761070291926,20508.42849091353,13764.858282426925
2025-08-06 06:00:00+00:00,165,2490,5788.758375739373,11274.215719640253,14182.06743320823,15518.282086685284,15914.430391795666,16425.166160164365,16970.7521566685,17198.53723904166,17385.24278647102,17700.781835039536,18095.867788213556,18519.10386298306,19018.692474722073,19447.356171077165,19954.696152530945,20469.45131487994,20920.293280186153,21442.490004115756,21805.399942994904,24970.682817837846,16995.407761148483
2025-08-06 06:15:00+00:00,166,2505,6614.38737971174,11255.03906157253,16675.680071137842,18423.029246377933,18736.116579924743,19420.894793357056,20144.17349643144,20328.842052998392,20623.847114356562,21117.24614498073,21576.835505971205,22180.58950894084,22792.877829408386,23411.75356760986,23798.327486861053,24376.832279276612,24808.348326409134,25261.81387063341,25650.991349285614,29455.54285659029,20057.034280000753
2025-08-06 06:30:00+00:00,167,2520,5124.483148346924,10877.464559036041,17913.582383966972,21271.574522313545,21545.989099495804,22821.293740289253,23189.885832416574,23424.48742606242,24060.657214755538,24513.40719181885,25150.280178284167,25914.58760021913,26467.050080979898,27146.74628680328,27560.45330191518,28013.44926541484,28465.501399470217,28995.302494616073,29397.225712807707,33991.86658750968,22892.02421058002
2025-08-06 06:45:00+00:00,168,2535,5817.566586774154,12420.63216237347,22914.400225617726,24115.245994420107,24443.36220767222,26045.534838340023,26427.933187672676,26740.586312362986,27341.0916530688,27882.210556421385,28741.695637683395,29551.18340527133,30310.99072919807,30840.326728254313,31219.177851689088,31691.030934813472,32191.41932594619,32848.699986383166,33234.39646289655,38547.280645854895,26146.491286767374
2025-08-06 07:00:00+00:00,169,2550,6503.899560355493,14071.419351785466,24652.00751003534,26882.412975772528,27170.040874497176,28857.220120222722,29445.39252852208,29952.892027514135,30581.15080382764,31242.48879553476,32559.36700377531,33222.4119334892,33944.83309331209,34388.47693008749,34733.50014309089,35270.28100966048,35690.85837226793,36581.56029940954,36931.00065068245,43073.81431631388,29162.806042813016
2025-08-06 07:15:00+00:00,170,2565,7091.895893529376,13835.484540792055,25256.10678018605,29668.870292911823,30093.21505705378,31718.704680145667,32560.468016527266,33069.994157088506,33717.9342776289,34563.08449566711,36252.14613191924,36927.64548964452,37643.174040132224,38072.87903774608,38402.235917131635,38934.418343919795,39465.244368206106,40404.94631376989,40899.33559620635,47529.09830395431,32073.013054640254
2025-08-06 07:30:00+00:00,171,2580,7888.162271270713,15019.453170600393,25412.650208027942,31935.04152419706,32821.47332497803,34915.91710707518,35738.28543759924,36291.892242049995,36940.62607647917,37911.06579017844,39797.63763020882,40403.01187715126,41190.91297620968,41664.953812771295,42015.62756341623,42471.61235510063,42967.9954370514,43557.60709372635,44544.219948262384,51875.333738359965,34900.893639777125
2025-08-06 07:45:00+00:00,172,2595,8123.8808189199435,16867.687472154037,27497.846446352032,34179.09756263896,35203.62444194553,37271.142275328755,38102.128668274505,38890.77747409193,39649.66890145833,41205.42003987611,42834.397704546966,43461.069936783984,44298.97985365269,44738.48715127587,45083.78244730992,45583.1859132332,46078.00314924181,46653.74307124974,47770.9337918986,56078.50284035968,37506.846452187
2025-08-06 08:00:00+00:00,173,2610,8283.494911083755,18396.415124523708,29903.52722892581,36495.66180136468,37443.43382807904,39714.31642112924,40486.90671008237,41350.16311360752,42292.48742951956,44010.71425380975,45439.656297607056,46228.691261625274,46975.12057720525,47474.463308206774,47908.61358583129,48434.96486689472,48924.15840121757,49505.48416290937,50764.69203923883,59985.38127366854,39909.20040263666
2025-08-06 08:15:00+00:00,174,2625,8352.536969681132,19816.519195612582,31268.9312787553,37689.42074006096,39248.09536206299,41515.86600770315,42632.72736716511,43541.13364833218,44717.761962552395,46764.281469843256,48007.77504605573,48569.34400623527,49241.82444377421,49816.82812214299,50246.42988603731,50668.42731560698,51220.82757410802,51832.832705204324,53075.46003593474,63735.632880481564,41817.95230104046
2025-08-06 08:30:00+00:00,175,2640,8294.660331974364,21515.728938597706,33560.33973944284,39457.60819564516,41036.40424607426,43378.39854847641,44532.27716309869,45558.27599401665,47160.03414751935,49373.41863597526,50319.758180103,50981.4318405581,51604.262970749725,52170.23822906061,52522.26055306806,52938.39870721955,53536.583414801025,54297.45806447902,55319.94874290304,67316.09908877437,43812.32119038829
2025-08-06 08:45:00+00:00,176,2655,8277.49006831311,22790.414762937395,34419.23314356679,40565.55894254671,42719.4396163134,45211.72581877455,46332.47125373334,47786.19536817115,50504.98624364071,52017.26872681092,52539.39937416103,53272.77615852955,53825.73348274563,54320.718775166795,54740.55513831171,55224.89200012813,55895.97957441341,56647.063482575286,57731.44412839845,70645.62275183713,45775.90848447175
2025-08-06 09:00:00+00:00,177,2670,8653.188713829988,24054.943632021816,34866.400697221674,41729.75536601871,44088.91166050096,46336.65744546701,47749.67533258456,49149.50004648162,51570.07526950108,53416.03593861374,54341.427790715104,55107.704353519905,55633.299996403905,56350.28625021701,56817.090245913714,57307.27243142649,58111.521530143305,58728.206522884204,59876.54281634656,73703.34600554341,47259.09860786747
2025-08-06 09:15:00+00:00,178,2685,10426.352824449652,29579.81715877504,38668.75733307268,43550.09587082408,45348.28970113309,47408.11629949345,48700.14297311991,49818.345275545944,52420.26250358938,54700.91870957452,55929.992619974415,56735.62085774538,57335.64674172911,57958.21292487132,58483.78263890721,58985.904098916166,59704.20620404388,60524.81780695896,61421.648183539764,76470.54325373608,48994.125586842856
2025-08-06 09:30:00+00:00,179,2700,19801.670381763735,33176.7067147931,42251.990984216995,46044.10325543321,46880.215690157944,48952.96229778065,50167.538061804,51486.9030021126,53854.64226274614,55674.95392162228,57128.39240057971,58101.30358213565,58826.63862089156,59439.76368150302,60023.44729663389,60564.485816613174,61145.316015332384,62174.564811118704,63032.74525297702,78930.56593956772,51085.41074483869
2025-08-06 09:45:00+00:00,180,2715,13371.873587246055,33295.663607090995,41794.24089173322,45695.553428162726,47400.6901186845,49482.60187480493,50614.42701980845,51746.820412492976,53865.80176747544,55953.03895635905,57409.34802455358,58565.836917564804,59415.02931801619,60066.54758296074,60658.523848117904,61166.09549563862,61678.06854103542,62955.54109277526,63808.13372085972,81068.81602247365,51112.48877688562
2025-08-06 10:00:00+00:00,181,2730,12906.469288405127,28720.459016834844,40519.150360036256,43520.43625967451,47405.315610983416,48624.23376568523,50472.22818019291,51490.436322758454,52661.88433170247,54936.34063292727,56904.18388904752,58696.99752846435,59699.794762018115,60637.28166253832,61222.949996127456,61845.58904531032,62341.2426571254,63011.98492213901,64384.04072512348,82872.74045535836,50687.26064742215
2025-08-06 10:15:00+00:00,182,2745,8264.953673431002,25447.06441939434,33749.989662839755,41121.40292012408,44109.98345067085,47981.80150843271,49221.95770986554,51026.44048896326,51912.42826555129,53302.32995801727,55673.797235295206,57915.76542102311,59732.218028808034,60727.45639184094,61667.18387789103,62297.3594795629,62926.761903104416,63466.14223423275,64611.93518512299,84331.84046241967,49472.28294631871
2025-08-06 10:30:00+00:00,183,2760,7797.91283801474,23571.923791017296,30791.656774283154,35431.972534593835,41607.000951849324,44677.973593945695,48641.33182374869,49700.29747275206,51357.59764384739,52498.23050747948,54107.77180762891,57196.91189218242,59051.939069104985,60926.506042983245,61576.50791787358,62526.802666034244,63246.97330797668,63930.57875112905,64756.761760484966,85437.69072171717,48403.563864535514
2025-08-06 10:45:00+00:00,184,2775,9316.005778735118,17882.24523026606,25959.007694705848,31432.520011151555,34740.27712414823,36569.961861459095,41346.63745501409,44425.898160540164,48936.80410676121,50253.888724481454,50776.705344700116,52758.56608896594,54493.38852920904,57473.56601336533,59770.27334053063,62103.35031285968,63074.1640110804,63859.97276349299,64814.88088284014,86183.96386422326,45361.39350663114
2025-08-06 11:00:00+00:00,185,2790,13510.617881868264,20173.599950295247,22933.253865234503,26774.60644456328,30778.7898997075,33734.65921344537,35948.07041633115,38057.80245043983,39619.650508584265,43010.6421864364,46458.64494002222,50628.65949535291,53323.674356353586,53839.27819008347,54659.22061974449,56307.77833527638,57410.62150693839,61081.88973306046,65391.39635786784,86566.45533813603,42144.4449755974
2025-08-06 11:15:00+00:00,186,2805,12563.795190999685,15279.31034274208,17636.332537577593,21603.099800131877,24251.792255564622,27575.19115225555,29651.442090317458,32740.10709330941,35061.87127368117,36347.536819418245,38788.25971583316,42192.3095226138,45823.4516123144,48393.805077886536,53893.75502244373,55987.44327381342,59165.97965007857,61666.76579880941,65844.27102064613,86583.10395648968,38232.16936664025
2025-08-06 11:30:00+00:00,187,2820,11873.309014227287,14369.845419816575,17042.75074845959,21359.154644670525,24106.60836530676,26893.336992138375,28747.339361158673,32316.350184862084,33999.26626290988,35637.11851757413,38743.41916833759,41809.11475122347,44388.12213323814,47103.06463463079,52942.28230910872,56152.022996789245,59268.01924842579,62267.50458998287,66595.48177082455,86234.00404797522,37730.77682561281
2025-08-06 11:45:00+00:00,188,2835,11392.072577800449,14005.37128137861,17653.02486809542,21257.29863260673,23991.91103512329,26685.113713520375,28796.268906382968,32303.13735552405,33784.06735911506,35572.0225332884,38812.09893341274,41472.74910856344,44313.85021619709,48415.7515640036,52680.97792452213,56464.70308474954,59512.64499497202,63334.2565002529,67039.62206854389,85521.4065872399,37792.86274318653
2025-08-06 12:00:00+00:00,189,2850,11074.548868888109,13416.173770472022,16572.665737944215,20673.669558566606,23517.713808572735,25896.740440643433,28169.88375727987,31486.26057753276,33027.55890492764,34534.567302555275,37906.17969270352,40506.120592323205,43431.52871603957,48070.73848409384,52266.2943175125,55591.82763198027,58589.096678515656,62061.115812403776,65968.45312555817,84449.70913482716,37183.38369909017
2025-08-06 12:15:00+00:00,190,2865,7867.5264293169175,11666.638560047995,14145.503570073937,16451.312885586496,18992.26598448697,21267.08106236323,24374.341316376685,29724.11167399006,31987.600900936122,36036.53655487898,39101.9094037721,43829.17274338256,48376.34939595837,50454.09592041543,53682.05607440099,56461.55586425663,59594.73948718778,60962.20793261139,64265.91309296672,83025.43672549784,36552.96302983715
2025-08-06 12:30:00+00:00,191,2880,8068.791856514226,11486.03038388419,14359.047692697042,17066.7028312574,19249.81776679745,22053.634968145776,25159.28799503229,30271.906412069602,32534.898641828353,36854.698185795256,41820.94636679129,45313.51977437599,48370.96896977975,50912.33764322241,53346.69837579819,55636.30789104694,58062.00308087423,59254.3923088322,62689.97237777443,81257.21784046704,36659.58373557136
2025-08-06 12:45:00+00:00,192,2895,8363.372340692882,11489.947891570226,14209.725528207005,17500.076300173838,19637.16334966065,22141.21464306553,27366.429843241236,30088.734884787777,33987.22710782333,39743.699927052454,42868.0030267541,46003.61088876142,47800.34403687506,49993.96728712641,52589.301980648794,55426.616893030114,57202.81300684853,59273.96289003329,61333.42641021394,79155.760620576,36810.708723403324
2025-08-06 13:00:00+00:00,193,2910,7890.164980245917,10976.531898255134,13151.102456046516,15517.411210089189,17905.395488234466,19764.34061524751,22189.78568835375,26591.143179382445,29032.059141054535,31598.971300888636,35538.582303049756,40271.25214599301,42991.748811353464,45967.95324979101,48236.22388479421,51356.26858710855,54552.94786574517,57040.94264412126,59723.69955447956,76733.83429135419,33188.75181810135
2025-08-06 13:15:00+00:00,194,2925,6748.8864240728735,9315.204685715162,12553.18910953363,15483.579883106873,18341.615991680497,20531.45024756994,22331.367998120142,26540.639911833303,28282.030598043213,30771.93764688243,35164.86112768744,39892.834488937064,43014.44329949056,44876.58022493039,47210.22525655199,51299.96174022318,54237.80206076693,56461.943082044825,58306.007842515755,74006.2606314146,32804.08656386965
2025-08-06 13:30:00+00:00,195,2940,5909.7942814595535,10532.396678714887,14296.120275369369,17580.885159738344,20556.289799063637,22778.21581576315,26297.31621100494,27990.916541642124,32237.718185643633,35524.046518125695,38850.70872786258,41852.49838103551,43503.56471175473,45062.73497953989,48023.40513521812,51365.04624178786,53177.20131510058,55047.17268605927,56610.14504879938,70989.91999886303,34026.460983832025
2025-08-06 13:45:00+00:00,196,2955,6341.393644204873,10045.805174045647,13920.976054834611,17280.15724703394,19491.09900959116,21365.493628839544,24679.66351074824,26465.18380256574,30030.183913772482,32998.44717027054,36554.516043548625,38481.64787393671,41468.83424060659,43499.49447085991,46819.50276515705,49516.1806180639,51054.98254349713,53025.769883352295,54272.432769750914,67703.77642003406,32469.98634586153
2025-08-06 14:00:00+00:00,197,2970,6685.213073513735,10324.6780763353,14287.623984492306,17180.915838513367,19112.32005306871,20841.066075905186,23847.77023577356,25524.724786248364,29117.659692722154,32085.62162224222,35204.242040588906,38161.344114692925,39834.26137690337,41917.85821376485,45167.41173540377,47166.58287596626,48689.562010975584,50387.44128896404,51802.87145641772,64168.92780054916,31394.020071389918
2025-08-06 14:15:00+00:00,198,2985,6567.542505845842,9715.240412304818,13185.225229962822,16024.142779499825,17829.746416004324,19608.552829889053,22454.42683063644,23938.968656524812,27374.698347656104,30011.121463030744,33095.80019299522,35905.88469683379,37484.03717324694,39419.77081469765,42466.80948630696,44434.201432683025,45787.67647186116,47501.11581053943,48591.49840403503,60408.68930949247,29510.133430539925
2025-08-06 14:30:00+00:00,199,3000,6547.580866722977,9341.22766796121,12519.619585648055,15170.154377818568,16885.99550643004,18626.060698560374,21830.367359410906,24506.603463564446,26813.269135868242,29546.217662051306,31646.533042180206,34068.8145674117,35436.56169489095,37728.96201396503,40191.90764862155,41707.72109473531,43155.11731952747,44492.02150894596,45687.152900150024,56469.584465366184,28176.97922665808
2025-08-06 14:45:00+00:00,200,3015,5663.949753473146,9897.107926644016,13668.74617525622,16246.575750764894,18822.914225809767,20733.88256964247,24990.16902504689,27524.04523137761,29303.701379256443,31071.03951126353,32222.616343099886,33730.75633195449,35144.721936768714,36925.35984788454,38238.52182034592,39051.86606047409,40236.30748294064,40997.9807657416,41965.50196344241,52406.847900277266,28100.23856351927
2025-08-06 15:00:00+00:00,201,3030,4468.087578140972,7348.02432727199,10935.294225533095,14097.837452218546,16823.52769804367,21193.990086321384,23363.649581070888,25628.750237538334,27421.008883887964,28918.155774307084,29907.641525567804,30776.963446324487,31841.898101562754,33403.45377173156,34587.63804280751,35686.40507617003,36514.290357761536,37012.82299506683,38472.50182546671,48110.10584432713,25563.401555490313
2025-08-06 15:15:00+00:00,202,3045,4166.562009542714,7108.573035542303,11642.207172425215,13988.429658456136,16871.648240311846,20628.3074082305,23145.902707362562,24817.547581583058,26149.342817314835,27113.423203436716,27827.89369597149,28706.224139524013,29570.195535243078,30759.02694010123,31756.89364418102,32910.49802093869,33458.71173692624,33861.99730587656,35933.8994838294,43706.33686971073,24099.18450292586
2025-08-06 15:30:00+00:00,203,3060,3767.981019904155,6227.794971640669,10982.956047707914,13753.443583556356,17208.43601411525,20369.290996715637,21897.286308817977,23276.243874863485,23961.853667938554,24957.65922952069,25976.332606504915,26434.15409799583,27347.67944200739,28290.798686087233,29177.9003772284,30006.352984457986,30402.17130935475,30778.981523764636,32469.000664548097,39232.73708879675,22370.677905870067
2025-08-06 15:45:00+00:00,204,3075,3595.859925689085,7141.744062969078,10571.64073790281,12757.174831498724,15564.928572847772,17663.126809387362,19377.27644593471,20607.74288591166,21368.31465045822,22192.059438346856,22968.820308117676,23530.287159869742,24510.64312527735,25099.403085267117,25674.126276980656,26535.678582678345,26896.440101788514,27393.788260699675,28931.856945903015,34730.56034041798,20020.635037992284
2025-08-06 16:00:00+00:00,205,3090,3319.8698012344466,6384.274542643037,9500.075118217232,12114.979519840288,13737.635856265892,15204.685394834016,16513.480263780802,17566.290644837787,18337.14259928865,18943.21103673148,19489.805045846813,20211.817132424087,21012.229820245368,21712.626877953797,22213.4071237296,22947.13970837353,23309.950199972205,23644.640994325695,24549.120909424997,30245.923525894184,17238.994694713194
2025-08-06 16:15:00+00:00,206,3105,4059.099425991544,6252.716571736317,8420.715352612782,10962.941582353778,11785.076645730996,13045.196231597782,14061.670967061391,14971.617578728514,15624.289736306604,16011.01348099051,16550.606267953648,17194.14448369053,17807.99614819538,18473.218785532034,18931.759207769956,19566.931739443407,19910.04851379502,20188.93011194933,20717.637212948648,25830.81194301586,14831.353987968672
2025-08-06 16:30:00+00:00,207,3120,4354.932752570566,6199.340468586316,8231.940258045728,9460.303320277908,10037.84893178017,10953.341800070979,11671.575897831557,12095.934061598851,12819.031915473488,13192.524945797795,13623.964355121301,14093.197836711248,14597.923017660989,15227.76484426885,15630.773989247602,16124.936398637725,16516.34344367237,16764.12164447056,17035.071898685528,21533.25388467157,12478.932559865556
2025-08-06 16:45:00+00:00,208,3135,2564.3281431407877,3545.5844819903577,4629.944562278903,5450.313175384308,6438.841437074368,7299.864203809346,7778.215285428238,8099.834238164549,8608.0199264251,9206.11623046627,9611.314323320043,9949.077554708634,10299.17807267123,10594.280128648415,11199.065886413358,11913.239436347058,12527.852088541427,12984.66028173531,13483.190566986472,17281.134827514452,8709.693147473174
2025-08-06 17:00:00+00:00,209,3150,1821.701426469389,2291.9831951455803,2867.4526722287223,3577.8282796893745,4098.30616316248,4632.685898244104,4960.060469251374,5546.588580239647,5917.052468736951,6207.45537304603,6489.49100412558,6855.740156983543,7302.88763159131,7620.329215641756,7891.285939777125,8188.082272479571,8891.883686545974,9606.106038477803,10608.221925542153,13430.035496186774,6102.698697238699
2025-08-06 17:15:00+00:00,210,3165,1190.4912563358191,1836.8491804303208,2091.48453677469,2644.397986176971,2957.8832288625063,3368.6593153103167,3552.691870959709,3985.8763575047687,4237.71859118481,4492.941242443218,4725.22092211105,5067.766974978054,5363.189241536034,5700.195535875858,5911.930848240277,6203.51491681752,6572.699399564503,7039.282129044058,7621.302445168631,9902.26010037245,4488.275010496258
2025-08-06 17:30:00+00:00,211,3180,523.940852160796,1017.9373780115546,1299.251423361392,1525.6263300557293,1970.0036775340304,2238.7227888090088,2410.0199417566,2660.756037197692,2849.1485487582786,3054.4064213996085,3278.1084857371784,3484.9541820138284,3686.323948456706,3876.0863724228752,4018.1156538687064,4204.486420953124,4465.788961684417,4749.622881437596,5182.584931874289,6779.181387319388,2991.989159349091
2025-08-06 17:45:00+00:00,212,3195,431.3303362062262,732.5208310721914,869.580735766903,1007.1524393476658,1244.9929435184065,1430.5142315131982,1519.4048348959757,1703.6827829727872,1837.384234706585,1949.1452470490442,2063.7617068135946,2225.909973843145,2313.1553097296123,2496.484305590151,2605.0958120230525,2736.1114554186693,2897.066483570721,3107.3820449119353,3403.0396744828754,4533.125246230672,1945.1671403126502
2025-08-06 18:00:00+00:00,213,3210,329.7135911095066,570.426549081714,696.3650184444803,846.6205530763729,971.8343492845394,1111.6190127511275,1184.4141522322602,1307.488154569782,1409.508945000594,1483.931073915672,1562.7733015928613,1687.0900905561946,1779.3984932940198,1895.3107483340675,1981.1442907435878,2076.6282453499352,2187.55429005275,2318.715177443312,2550.9901613255934,3547.5587579447924,1475.451125193529
2025-08-06 18:15:00+00:00,214,3225,131.11581965047046,380.1855638136196,474.8873201175098,583.9230612703046,679.4649926633374,772.2061080288327,817.682766165123,894.8291087881546,960.4083392775397,1004.5541323285569,1059.798384921603,1130.1838404544967,1211.3281987225705,1275.8630621000677,1340.2358035864654,1417.2769149424203,1485.1305694789914,1577.5309198920536,1706.2798544961743,2432.632747943108,994.9663013279749
2025-08-06 18:30:00+00:00,215,3240,65.98401093496338,215.88528487085904,260.33906853162523,318.00124328668096,367.5431464705119,417.7291210241465,439.8397886910141,486.01813104877385,526.1108408067261,549.3042784243836,573.2748879763587,620.8620743284248,662.906279813852,706.1151861315165,738.516049231908,777.7298218172704,819.9247003269944,863.4783666642136,935.6969089606008,1348.6696596222178,544.64921046101
2025-08-06 18:45:00+00:00,216,3255,13.706492635601386,37.341525728353986,43.074277715991684,50.39825704396326,56.25971881909041,61.86937353771414,67.10830003271238,71.77923866120123,80.46155383539016,83.76304438241694,87.4293572506684,91.96887498306764,97.53249069273284,103.68027092202493,109.56928244187078,115.84794117844771,122.43380889428033,131.1507070689567,146.51314375767174,200.9080996573033,83.05126247591365
2025-08-06 19:00:00+00:00,217,3270,0.0,0.0,0.0,0.0,0.0,0.0,0.0,0.0,0.0,0.0,0.0,0.0,0.0,0.0,0.0,0.0,0.0,0.0,0.0,0.0,0.0
2025-08-06 19:15:00+00:00,218,3285,0.0,0.0,0.0,0.0,0.0,0.0,0.0,0.0,0.0,0.0,0.0,0.0,0.0,0.0,0.0,0.0,0.0,0.0,0.0,0.0,0.0
2025-08-06 19:30:00+00:00,219,3300,0.0,0.0,0.0,0.0,0.0,0.0,0.0,0.0,0.0,0.0,0.0,0.0,0.0,0.0,0.0,0.0,0.0,0.0,0.0,0.0,0.0
2025-08-06 19:45:00+00:00,220,3315,0.0,0.0,0.0,0.0,0.0,0.0,0.0,0.0,0.0,0.0,0.0,0.0,0.0,0.0,0.0,0.0,0.0,0.0,0.0,0.0,0.0
2025-08-06 20:00:00+00:00,221,3330,0.0,0.0,0.0,0.0,0.0,0.0,0.0,0.0,0.0,0.0,0.0,0.0,0.0,0.0,0.0,0.0,0.0,0.0,0.0,0.0,0.0
2025-08-06 20:15:00+00:00,222,3345,0.0,0.0,0.0,0.0,0.0,0.0,0.0,0.0,0.0,0.0,0.0,0.0,0.0,0.0,0.0,0.0,0.0,0.0,0.0,0.0,0.0
2025-08-06 20:30:00+00:00,223,3360,0.0,0.0,0.0,0.0,0.0,0.0,0.0,0.0,0.0,0.0,0.0,0.0,0.0,0.0,0.0,0.0,0.0,0.0,0.0,0.0,0.0
2025-08-06 20:45:00+00:00,224,3375,0.0,0.0,0.0,0.0,0.0,0.0,0.0,0.0,0.0,0.0,0.0,0.0,0.0,0.0,0.0,0.0,0.0,0.0,0.0,0.0,0.0
2025-08-06 21:00:00+00:00,225,3390,0.0,0.0,0.0,0.0,0.0,0.0,0.0,0.0,0.0,0.0,0.0,0.0,0.0,0.0,0.0,0.0,0.0,0.0,0.0,0.0,0.0
2025-08-06 21:15:00+00:00,226,3405,0.0,0.0,0.0,0.0,0.0,0.0,0.0,0.0,0.0,0.0,0.0,0.0,0.0,0.0,0.0,0.0,0.0,0.0,0.0,0.0,0.0
2025-08-06 21:30:00+00:00,227,3420,0.0,0.0,0.0,0.0,0.0,0.0,0.0,0.0,0.0,0.0,0.0,0.0,0.0,0.0,0.0,0.0,0.0,0.0,0.0,0.0,0.0
2025-08-06 21:45:00+00:00,228,3435,0.0,0.0,0.0,0.0,0.0,0.0,0.0,0.0,0.0,0.0,0.0,0.0,0.0,0.0,0.0,0.0,0.0,0.0,0.0,0.0,0.0
2025-08-06 22:00:00+00:00,229,3450,0.0,0.0,0.0,0.0,0.0,0.0,0.0,0.0,0.0,0.0,0.0,0.0,0.0,0.0,0.0,0.0,0.0,0.0,0.0,0.0,0.0
2025-08-06 22:15:00+00:00,230,3465,0.0,0.0,0.0,0.0,0.0,0.0,0.0,0.0,0.0,0.0,0.0,0.0,0.0,0.0,0.0,0.0,0.0,0.0,0.0,0.0,0.0
2025-08-06 22:30:00+00:00,231,3480,0.0,0.0,0.0,0.0,0.0,0.0,0.0,0.0,0.0,0.0,0.0,0.0,0.0,0.0,0.0,0.0,0.0,0.0,0.0,0.0,0.0
2025-08-06 22:45:00+00:00,232,3495,0.0,0.0,0.0,0.0,0.0,0.0,0.0,0.0,0.0,0.0,0.0,0.0,0.0,0.0,0.0,0.0,0.0,0.0,0.0,0.0,0.0
2025-08-06 23:00:00+00:00,233,3510,0.0,0.0,0.0,0.0,0.0,0.0,0.0,0.0,0.0,0.0,0.0,0.0,0.0,0.0,0.0,0.0,0.0,0.0,0.0,0.0,0.0
2025-08-06 23:15:00+00:00,234,3525,0.0,0.0,0.0,0.0,0.0,0.0,0.0,0.0,0.0,0.0,0.0,0.0,0.0,0.0,0.0,0.0,0.0,0.0,0.0,0.0,0.0
2025-08-06 23:30:00+00:00,235,3540,0.0,0.0,0.0,0.0,0.0,0.0,0.0,0.0,0.0,0.0,0.0,0.0,0.0,0.0,0.0,0.0,0.0,0.0,0.0,0.0,0.0
2025-08-06 23:45:00+00:00,236,3555,0.0,0.0,0.0,0.0,0.0,0.0,0.0,0.0,0.0,0.0,0.0,0.0,0.0,0.0,0.0,0.0,0.0,0.0,0.0,0.0,0.0
2025-08-07 00:00:00+00:00,237,3570,0.0,0.0,0.0,0.0,0.0,0.0,0.0,0.0,0.0,0.0,0.0,0.0,0.0,0.0,0.0,0.0,0.0,0.0,0.0,0.0,0.0
2025-08-07 00:15:00+00:00,238,3585,0.0,0.0,0.0,0.0,0.0,0.0,0.0,0.0,0.0,0.0,0.0,0.0,0.0,0.0,0.0,0.0,0.0,0.0,0.0,0.0,0.0
2025-08-07 00:30:00+00:00,239,3600,0.0,0.0,0.0,0.0,0.0,0.0,0.0,0.0,0.0,0.0,0.0,0.0,0.0,0.0,0.0,0.0,0.0,0.0,0.0,0.0,0.0
2025-08-07 00:45:00+00:00,240,3615,0.0,0.0,0.0,0.0,0.0,0.0,0.0,0.0,0.0,0.0,0.0,0.0,0.0,0.0,0.0,0.0,0.0,0.0,0.0,0.0,0.0
2025-08-07 01:00:00+00:00,241,3630,0.0,0.0,0.0,0.0,0.0,0.0,0.0,0.0,0.0,0.0,0.0,0.0,0.0,0.0,0.0,0.0,0.0,0.0,0.0,0.0,0.0
2025-08-07 01:15:00+00:00,242,3645,0.0,0.0,0.0,0.0,0.0,0.0,0.0,0.0,0.0,0.0,0.0,0.0,0.0,0.0,0.0,0.0,0.0,0.0,0.0,0.0,0.0
2025-08-07 01:30:00+00:00,243,3660,0.0,0.0,0.0,0.0,0.0,0.0,0.0,0.0,0.0,0.0,0.0,0.0,0.0,0.0,0.0,0.0,0.0,0.0,0.0,0.0,0.0
2025-08-07 01:45:00+00:00,244,3675,0.0,0.0,0.0,0.0,0.0,0.0,0.0,0.0,0.0,0.0,0.0,0.0,0.0,0.0,0.0,0.0,0.0,0.0,0.0,0.0,0.0
2025-08-07 02:00:00+00:00,245,3690,0.0,0.0,0.0,0.0,0.0,0.0,0.0,0.0,0.0,0.0,0.0,0.0,0.0,0.0,0.0,0.0,0.0,0.0,0.0,0.0,0.0
2025-08-07 02:15:00+00:00,246,3705,0.0,0.0,0.0,0.0,0.0,0.0,0.0,0.0,0.0,0.0,0.0,0.0,0.0,0.0,0.0,0.0,0.0,0.0,0.0,0.0,0.0
2025-08-07 02:30:00+00:00,247,3720,0.0,0.0,0.0,0.0,0.0,0.0,0.0,0.0,0.0,0.0,0.0,0.0,0.0,0.0,0.0,0.0,0.0,0.0,0.0,0.0,0.0
2025-08-07 02:45:00+00:00,248,3735,0.0,0.0,0.0,0.0,0.0,0.0,0.0,0.0,0.0,0.0,0.0,0.0,0.0,0.0,0.0,0.0,0.0,0.0,0.0,0.0,0.0
2025-08-07 03:00:00+00:00,249,3750,0.0,0.0,0.0,0.0,0.0,0.0,0.0,0.0,0.0,0.0,0.0,0.0,0.0,0.0,0.0,0.0,0.0,0.0,0.0,0.0,0.0
2025-08-07 03:15:00+00:00,250,3765,0.0,0.0,0.0,0.0,0.0,0.0,0.0,0.0,0.0,0.0,0.0,0.0,0.0,0.0,0.0,0.0,0.0,0.0,0.0,0.0,0.0
2025-08-07 03:30:00+00:00,251,3780,0.0,0.0,0.0,0.0,0.0,0.0,0.0,0.0,0.0,0.0,0.0,0.0,0.0,0.0,0.0,0.0,0.0,0.0,0.0,0.0,0.0
2025-08-07 03:45:00+00:00,252,3795,2.0739695416866972,6.797101778913797,10.817135793581144,18.512466858023462,27.2770837376902,32.42184291125123,36.51684372053651,39.674073919952434,43.295042107503924,48.20413125931398,51.01603254420185,52.18850439026179,55.597410906677304,59.86351248375235,63.505128622060404,66.40245072225481,71.03712448174858,74.53396192966953,81.20502441728792,113.27748629752008,44.7278706964079
2025-08-07 04:00:00+00:00,253,3810,59.16766994257799,99.12611396811643,154.73990766924933,244.3954588244446,304.684250706036,350.2299588290829,400.09221022017755,428.6581158076438,461.3907523882913,503.91927082421074,535.146491779307,552.2741010949734,582.9156204616149,626.4239519958169,662.33192850106,699.2758314194825,753.4745478546673,799.5969581810833,851.5905012043296,1140.0276597203729,480.3965581956727
2025-08-07 04:15:00+00:00,254,3825,164.356623895343,236.22278328621877,345.7192923590828,516.4756625334605,603.0096953660321,674.0938157392136,772.4826457631796,841.4220982471743,904.1537078027573,974.5627225959408,1052.7875616820982,1090.6596557496666,1154.9898655946374,1214.3993774606095,1308.3505303561833,1370.9776540730954,1476.5395148801545,1612.76729194141,1708.3432985543404,2263.494919632732,952.0841041106045
2025-08-07 04:30:00+00:00,255,3840,267.749290232451,374.27443006471486,542.5911569738946,747.2540842145224,894.7723420272397,944.3797840711832,1059.1529190856836,1178.8677702154212,1292.031287812395,1390.6377338595798,1495.180754999745,1634.3000181780626,1716.9210308932456,1819.1553037267183,1995.687352099181,2128.317450911557,2271.3020703118627,2492.353644310665,2644.808151082659,3501.783494703514,1423.4955796182176
2025-08-07 04:45:00+00:00,256,3855,757.370641746234,1021.4348284633687,1391.7429564647075,1567.5156662803258,1821.01103622659,1995.7310422840403,2155.887587630833,2307.5179307228373,2460.812681904031,2638.2393856227936,2800.772200339553,2956.8454645470997,3145.763725650984,3360.8760973928024,3507.4318667295183,3669.9728974082395,4010.6519710022417,4304.715176856857,4455.545776561197,5837.408866651923,2650.3798074136116
2025-08-07 05:00:00+00:00,257,3870,1173.147644037972,1689.9799148607954,2201.5670031098407,2405.772719733992,2814.446210837758,3040.305898852676,3309.6641143568645,3541.6431876642705,3791.978842399864,4020.4732089932563,4276.368547693569,4510.38263799843,4940.6325739288,5187.22009932178,5438.256980925052,5707.527618814263,5986.807420339585,6508.9210321595465,6765.4470339173,8878.572460211199,4068.8695496483983
2025-08-07 05:15:00+00:00,258,3885,1967.5761724275892,2623.075286955352,3128.1242627570487,3373.9395637707694,3962.0498969239093,4330.646234322995,4716.958945106602,5079.459259267626,5414.619013793464,5772.8196053435595,6087.44166858621,6485.752302708305,7016.620206854412,7420.16727761722,7710.48458392631,8024.282607978186,8512.256359006577,9118.76894157482,9441.934872851903,12363.22638875359,5788.437087604586
2025-08-07 05:30:00+00:00,259,3900,2602.2759951284056,3484.768020397454,4025.7631677913155,4367.698027426263,5064.180188222301,5654.357150419741,6123.905246615555,6668.579506702369,7123.250565557729,7538.215673624369,8038.320938274414,8732.345002752643,9357.082793814496,9829.90511461429,10173.499528740116,10583.944435620317,11075.361669171125,11979.46946710857,12432.493913588081,16203.133974466286,7610.51838684668
2025-08-07 05:45:00+00:00,260,3915,3255.4575728490604,4423.2062378539495,5125.464167602831,5540.332883304794,6721.790499241759,7278.129580733862,7784.299257033444,8435.872753477737,8986.29537055699,9657.956142365547,10318.386858061662,11311.038574977807,11803.354848215376,12365.86464876034,12715.214802544306,13253.592980577116,13890.032418849494,15073.28145344469,15606.607354047246,20314.386501488276,9637.09232489998
2025-08-07 06:00:00+00:00,261,3930,3957.427827179784,5649.096025580029,6400.432667578389,7139.097349128823,8310.288664569245,9072.926093102198,9691.316135990775,10421.99987753809,11142.984499422868,12028.66792045698,12876.904365844111,14010.981434947835,14797.14449057525,15247.865223127412,15611.334520325343,16265.5634094873,17278.61429906489,18386.12788007889,19066.503669854814,24765.457074673803,11937.930484320152
2025-08-07 06:15:00+00:00,262,3945,4559.929441897933,6674.96829711411,7567.456868218334,8691.05550928976,10088.336856488426,10834.126664751118,11571.925988238268,12527.41471846773,13318.57143131919,14185.02615782526,15186.834524065229,16742.23510781963,17602.403879440986,18078.246838837036,18491.27553681287,19206.028448066634,20165.35534226993,21458.72895419806,22507.665744823764,29265.10226693881,14170.931521488876
2025-08-07 06:30:00+00:00,263,3960,5049.397924997655,7796.467731193981,9057.415890701885,10724.220600269433,11998.838550334925,12777.318048324685,13696.115976825964,14841.356851007637,15743.032615908352,16771.633869812435,18494.062612035916,19802.85131076828,20544.515131570704,21048.155835786798,21530.708301009472,22477.25088033507,23438.198982244798,24675.346566435754,25894.603657035394,33806.49378480223,16622.237033106394
2025-08-07 06:45:00+00:00,264,3975,5833.459923825972,9758.730000295996,11357.67374226534,12875.484109037692,13931.452764948413,14828.819739030443,15749.635611724403,16990.75138395758,18003.408162432308,19269.506638705963,21436.11317889475,22887.174074556784,23485.04037187365,24129.86819229613,24721.498089957564,25778.865168293065,26896.047204438975,28209.24477621719,29489.05185993656,38367.74784355589,19197.539698125645
2025-08-07 07:00:00+00:00,265,3990,6351.845010084872,10890.983665597783,12570.808447347898,13867.74091397938,15468.67943372706,16511.466995069513,17788.32579265221,19427.061923042245,20286.26942262575,22622.823037670492,24587.718499871855,25836.695825682207,26442.9683908322,27086.332716367622,28009.840092576862,29014.208178140692,30013.88497307107,31761.145492370855,32950.116455311596,42900.49008642834,21524.48910607469
2025-08-07 07:15:00+00:00,266,4005,6392.716021272934,12422.471909534304,14334.663082499996,15841.650371328395,17191.72811207628,18638.67597368576,20608.024251333612,22014.577520502382,23404.87127456145,26096.485508540907,27933.89889248546,28721.216443347384,29424.90763212948,30018.957024693987,31066.329220530974,32066.09020500187,33041.97097683328,34442.81242855566,36237.05206280431,47362.05937226478,24103.211704990998
2025-08-07 07:30:00+00:00,267,4020,5381.060926860457,12031.539636968027,14538.882771652243,16700.28720870146,18165.731488366077,19509.028319378893,21081.82094464298,23325.774678656235,24409.11518529949,27447.342514753218,29910.364473777554,31136.863357899965,31844.00564861671,32672.034779302034,33577.85389365945,34640.556649432074,35607.46190676227,37096.983862649555,39455.28821254533,51714.44566644298,25626.98509601182
2025-08-07 07:45:00+00:00,268,4035,6073.3102604421965,11729.389791450907,16357.736168949288,18353.6453976155,19849.01562266006,21727.516410180764,23539.30509244708,25504.938324493083,26852.890644316114,29949.860180222768,32392.15361973479,33782.134007794775,34666.7623154441,35483.80472334356,36612.76981491249,37793.9371823545,38589.69619463027,40193.5481915942,42766.0421270039,55923.477480175854,27916.97734227381
2025-08-07 08:00:00+00:00,269,4050,6206.105655614892,11521.150995638483,15850.794260540733,18550.983856986382,20559.3380095679,22252.70259056595,24002.137223470054,26269.771469049312,27875.125878991676,29523.59845179436,33365.406215985255,35456.75218410263,36628.14896306682,37772.803924599466,38727.14839231274,40060.90296887514,41121.012658313295,42344.81397922687,45873.373456334695,59846.36885373014,29158.283487349578
2025-08-07 08:15:00+00:00,270,4065,6608.708928798708,11148.325678287545,16809.81105493842,19762.533535502,22243.772390732927,23866.567740798342,25799.122223936018,28110.456993675605,29928.078844103144,31276.282314134693,35144.81388256567,37219.24937259398,38999.049464673575,40071.39010257055,41012.057214589004,42411.585217549975,43405.78977498345,44254.350551240146,48079.342158993815,63589.063107422226,30652.87564235024
2025-08-07 08:30:00+00:00,271,4080,7033.580493427931,11294.466595224232,17602.79621188257,20900.467791257804,23569.612261170474,25186.230171431755,27517.319412811827,29741.774219109644,31722.71514030824,33163.19589936989,37119.91305149801,39162.46145858705,40896.657937321135,42050.05713833556,43111.0867482222,44585.87807115011,45630.571229591405,46613.59256991914,49514.09406108639,67174.20203140585,32230.68569811856
2025-08-07 08:45:00+00:00,272,4095,6990.762510279911,11273.582337403108,17898.478195391443,21395.689214078422,24557.339367930876,26503.005048384704,28968.116468888104,31599.02733759538,33328.92927219951,34705.81592300829,38436.39530587958,40569.32479132099,42489.427318976785,43851.40247049214,44881.74517108251,46248.762587735226,47517.75977311747,48409.818438234084,51695.61349341836,70507.79117462305,33624.097882510345
2025-08-07 09:00:00+00:00,273,4110,7279.413852717415,12085.623204039191,19098.541078891365,22534.62829921381,26124.69835865187,28823.508785021062,31878.515734237677,34371.58167589031,36093.551703562174,40240.8539854636,42150.85106952376,43424.52591483671,45090.61643276041,46051.96474406514,47209.5950542982,48736.283521396035,49489.92337647209,50269.41555420035,54041.58420380799,73568.93809330238,35892.82844414123
2025-08-07 09:15:00+00:00,274,4125,7542.818757617306,13147.10234557766,19349.557224300996,22638.95019419261,27045.91644749853,29685.734954149415,33098.21581477264,35151.949016148734,36987.12293290978,40668.857450532465,43038.32571136628,44828.33331555226,46448.5493108651,47465.66064568959,48603.73345298129,50268.850680361174,51002.02711264312,51837.17574322056,54439.352236717765,76338.89146741075,36857.161003171976
2025-08-07 09:30:00+00:00,275,4140,7772.8114490221005,13853.755016100215,20098.164701286554,23579.56755659234,28128.75154212949,31958.78869440715,34598.21803900385,36756.893118892855,38425.757807236376,42061.62710998572,44239.595662634034,46201.50236867177,47913.19544669209,48979.169454627976,50305.4957675117,51997.062573337076,52774.198340843424,53686.918989267935,56110.06544406903,78800.9842080081,38220.463767480396
2025-08-07 09:45:00+00:00,276,4155,8210.963279810616,14093.90937539806,20534.993986749545,24531.275639339543,28986.686002198334,33546.790696436445,35885.50730624065,38537.43442052946,41606.00575675048,44194.09222997089,46318.232343862685,47942.84988273229,49590.33476198712,50636.25239647088,52071.848454064995,53422.33770682433,54242.59866620021,55350.21845696924,59220.7116514683,80940.60589393997,39707.77996480009
2025-08-07 10:00:00+00:00,277,4170,8567.20939877366,15287.784254403663,21463.618741483268,25959.12644735572,31201.019995578277,35133.17888814065,37596.62858708379,39985.11188584438,42861.88646703362,45865.77963720321,47877.06180841211,49331.484741909844,51314.409357583565,52248.59925936057,53810.39103578684,54985.60634410763,55859.353267161765,56980.43750277507,60607.01745053598,82745.19660264417,41130.45733543979
2025-08-07 10:15:00+00:00,278,4185,8736.931117911421,16246.28388860928,22848.73987838634,29241.04503868208,33017.01294001365,36701.70662708961,39197.55692760815,41520.37648873236,44989.66573689159,47168.43615137119,49502.858513951185,51513.468413158625,52563.66246903145,53745.48581113792,55065.11204257244,56069.95654482138,56933.85764614688,58079.929962593254,61554.64159763167,84204.25576936775,42550.97279877544
2025-08-07 10:30:00+00:00,279,4200,9220.455754949655,17837.46456469196,24969.400351456403,30291.758550012102,34902.40950168978,37860.61998908301,41165.48371453245,43172.584226673804,46276.62675793902,48677.29119130791,50866.299649211316,52381.184311420184,53443.086213719944,54638.596323451886,56212.39552689036,57100.56427470142,57948.56806305373,59152.10734779414,62631.53767257243,85309.36106070502,43859.2262306088
2025-08-07 10:45:00+00:00,280,4215,8975.833823714904,20290.384318796485,26420.65618160145,31266.20644781338,36244.604013711236,38837.12401067843,41616.34482453734,44893.99990387038,47614.07623987137,49957.125490240935,51339.78343772708,53201.32472418383,54285.1325828858,55438.06280815967,56789.89059642523,57468.761071921166,58411.53383148761,59722.579605251056,63166.524998834655,86054.19260426128,44715.86642665719
2025-08-07 11:00:00+00:00,281,4230,8636.302015384117,21776.010053013924,28418.210275642243,33246.7258996489,37224.84676593079,40359.962457902424,43013.41700062217,46104.02670307748,48493.94016109088,50528.66646373617,51953.02525734342,53328.22552614555,54744.507729617646,55970.089906526126,56670.555510765174,57398.104007268514,58195.283430777905,60018.03639271488,63077.30559453537,86434.55760037736,45369.081480922454
2025-08-07 11:15:00+00:00,282,4245,8381.914731697725,21794.232760307204,29735.459377535615,35009.6562166895,38539.553461941294,41230.27350722009,44702.28800460644,47281.22520824729,49529.22702210445,51253.44662638568,52710.842118279026,53724.34006128024,54935.520931999235,56247.38705808924,56761.546283953954,57427.82962617396,58743.700211620126,60035.86222251079,62618.64953839438,86448.41065885015,45729.16516197189
2025-08-07 11:30:00+00:00,283,4260,8332.836988056506,21589.666403772007,29245.714582393142,32996.426104602884,37557.11721264429,40836.784778334826,44545.37933238694,47265.527567611105,49455.82790656963,51029.75013636117,52486.91857395587,53749.8759422464,54768.25226113774,55963.92444980067,56445.12101597201,57420.962586313915,58711.796316560285,59984.59712112229,62294.1232630644,86095.86582102999,45418.6877085825
2025-08-07 11:45:00+00:00,284,4275,13491.872608098582,26808.549618790756,30403.17313768892,36027.01956061849,38944.14707742826,41892.381056379374,45067.054039267816,47392.798139354316,49538.75516566876,51298.78745781636,52335.18750281728,53830.99706673783,54987.51402657248,55485.97263159103,56107.684842695766,57133.58549744317,58315.66787207498,59542.50714160297,62033.868309826634,85379.19772686147,46323.48158630106
2025-08-07 12:00:00+00:00,285,4290,24311.571806740656,28873.520779257335,33223.22642395595,37102.808134502775,40006.60895544631,42980.87289825378,46161.76531438029,48125.891948321776,49416.24952695511,51128.77088793111,52412.33986227301,53802.5707874784,54527.188092436016,54955.97244416121,55823.17528666928,56778.5148093567,58095.42750773351,59224.22746816568,61332.35067949624,84302.83173612348,47207.37237255877
2025-08-07 12:15:00+00:00,286,4305,24161.960958844847,31757.204728295892,37659.34883827977,40335.86587924277,42317.3624643879,44214.76108094625,46208.373616600365,48336.01175400524,50010.308808829504,51142.782116229566,52483.21174596649,53593.31620058934,54312.9765476731,54728.046884704694,55687.814119481365,56336.56471008667,57217.82171609803,58920.85059395201,60465.25959322217,82873.32516311565,47735.73516527516
2025-08-07 12:30:00+00:00,287,4320,15000.54691678572,28159.59398927208,34781.50623541115,37743.85838219849,39708.74449138686,42414.46571807198,44340.39573529232,46269.44829456821,48036.62225140928,49003.62189235505,50466.95422871184,51637.67277615547,52243.422361135745,52667.87163358852,53433.179306601145,55025.982222658145,56619.92574039422,57838.015388910404,59542.199205464414,81099.34370802062,45381.853451362316
2025-08-07 12:45:00+00:00,288,4335,21748.8620080677,29396.862380718987,35364.71219831132,37729.190245244616,39618.57872028714,41535.988637326554,44067.39035749384,45696.84339382363,47206.33637388656,48914.19537931928,50293.07396645218,51432.80776427597,52182.487245435135,52708.286383359045,53499.656664278664,54351.17881715644,55623.45125598061,57554.56008693255,58812.06223827001,78991.63821072801,45513.647709488105
2025-08-07 13:00:00+00:00,289,4350,21241.736106999553,29841.71304959883,34850.05320422487,36929.12061609048,39054.285511145055,41284.36633549558,43208.38159838856,45353.51930188258,47006.02721322926,48239.583794429425,49525.06253215295,50482.03188574117,50960.707038376546,51595.96789249298,52457.267438919924,53417.56144848449,54920.19409436275,56204.94092920601,57767.68790659267,76563.0267041077,44798.54360640201
2025-08-07 13:15:00+00:00,290,4365,24104.4178483345,29348.20701355248,33686.43470286936,35983.30208078322,38350.0635819355,40301.54497263045,41964.775004154166,44111.241205279744,45762.1444475186,47187.87656390746,48146.95314399731,48858.82135225388,49382.75874437082,50064.22912390345,50772.927122930225,51583.2092782115,53588.78658476488,54238.022104434116,55635.41476529594,73828.38665061723,43676.48125798707
2025-08-07 13:30:00+00:00,291,4380,23204.496954525654,27835.942310595165,32426.973500028544,34663.284093798575,36984.20922358568,39106.852974216185,41000.90200559362,43071.188477216914,44210.81128716829,45688.15196332398,46538.15463142014,47110.63816871875,47612.16988402628,48242.12561039305,48880.537628821556,49689.23132142582,51586.16672035675,52199.57503634818,53357.06762710964,70804.66199010586,42134.883298268476
2025-08-07 13:45:00+00:00,292,4395,19482.2151785018,25176.36671016238,30342.78868108664,32591.95416211545,34164.02378022244,36207.72657924852,38134.70776465775,40458.64914041109,42029.29698020729,43430.23502934006,44265.03395975877,44934.38808205478,45444.26302286513,46098.44478818781,46698.597105757784,47426.7819121505,49121.991497462885,49647.204402768795,50838.87334611741,67510.88966588055,39721.40251807834
2025-08-07 14:00:00+00:00,293,4410,18252.433810181807,23534.278930922963,27630.0657022729,30025.894703493497,32053.258767895702,34178.39893698438,36122.48484489433,38365.06387530028,40302.98025634183,41448.38570000037,42209.710737968686,42700.627997950374,43149.36699688562,43767.423566416066,44291.77575200133,45095.548515553164,46035.25747289609,46935.744161405455,48112.06268126346,63968.25191860333,37532.735094707125
2025-08-07 14:15:00+00:00,294,4425,16017.265370978243,21923.51367778471,26430.170151230126,28402.37802098338,30173.5862054987,32368.812111100517,33899.34590219979,36308.813865265416,37584.653687627084,38648.90763151896,39241.289873653885,39980.459840148105,40453.83223887468,40981.37047337433,41477.78842425445,42105.88564976158,42867.45978269303,43984.925583314456,45124.19808050386,60200.16269765837,35140.28936816603
2025-08-07 14:30:00+00:00,295,4440,17831.54509576895,21288.07466696181,25218.49150887151,27054.501769529885,28248.843827074546,30453.898793208056,31941.266190113252,34296.24130529028,35174.062389660205,36088.653297475896,37064.108678291144,37708.48123398803,38134.660259129196,38527.53295809694,38901.34805357689,39534.79515814437,40106.66344593152,41123.00557118926,42288.13651072127,56268.259064191356,33397.0658744301
2025-08-07 14:45:00+00:00,296,4455,16870.613523051543,20000.578416308697,23379.915663665648,25229.938531646756,27591.862053890163,28962.863050064967,31392.36747097258,32151.054323383247,32838.89248222677,33444.30867859579,34446.14753548742,34893.44354611576,35189.91861582943,35449.65972909532,35997.607104190625,36532.94038617895,36932.600925997926,37886.166850871785,38973.622834796566,52184.68842319869,31150.795818162398
2025-08-07 15:00:00+00:00,297,4470,15064.974377060422,19856.027443596657,22279.812996667697,23762.544802922814,25661.380790896405,27066.237349186034,28782.270689293036,29444.156762768172,30168.8818902157,31071.786507179062,31572.952753051166,31966.51301346433,32251.07235209083,32584.48699998628,32965.101138778125,33336.90332362009,33914.1421068826,34620.06342930462,35866.65654585549,47880.9070423819,28852.807579222288
2025-08-07 15:15:00+00:00,298,4485,14007.400523155842,18147.355787663273,19793.446276072118,21146.04201648546,22789.867383741737,23889.821713923287,25809.820784908283,26660.57416800238,27222.63624099581,27943.12263241371,28693.739825913006,29036.364928151,29361.032441785905,29643.402597891276,30035.627381910144,30398.246133444016,30771.20751488104,31667.66688628078,32801.110216070796,43470.680711304165,26080.643076383505
2025-08-07 15:30:00+00:00,299,4500,11521.98499142849,15509.623980412305,17568.95138784913,18849.05957277645,19557.24458056492,20918.18381911725,21737.960154401153,23628.278863718137,24255.790938708546,24654.36067779012,25269.99217276517,25919.102808508953,26244.16258155393,26550.025745095172,26902.312460411544,27285.4789126484,27649.988743144593,28567.890687642877,29533.577515265086,38991.478908645244,23089.485932235955
2025-08-07 15:45:00+00:00,300,4515,11089.927924360385,13994.805892965749,15778.622596107269,16750.71648326305,17472.072052373755,18555.14122025783,19159.15476209899,20482.8500567862,21335.143834349707,21709.023578267006,22160.119362044697,22782.87726169308,23091.93115163382,23409.618923311387,23753.680004100606,24066.116530812375,24377.28004167677,24942.530982594948,26168.837147288843,34484.90827808251,20424.192307344827
2025-08-07 16:00:00+00:00,301,4530,10416.424610666285,12097.52906401068,13464.200201703485,14269.621043961612,14852.358061436407,15837.407940273786,16358.020995153907,16789.514117486797,17716.415624024856,18481.299692846253,18925.982563419573,19334.257526677113,19844.28956441646,20160.938337819924,20453.50113002343,20830.893459494757,21258.90242272638,21713.899885712628,22789.670378459516,29997.544540290888,17541.177548008083
2025-08-07 16:15:00+00:00,302,4545,8242.780129438897,9831.74776424667,11007.750764974962,11732.95655776505,12374.336098115766,12760.16690640454,13644.500200955414,14053.942091135992,14409.049535350563,15168.709457326104,15790.484295421851,16197.407746674999,16570.7003540168,17017.2845471165,17272.950736942614,17734.572293376586,18065.80577625238,18442.27709696236,19440.65577682875,25581.969699703346,14640.40023226675
2025-08-07 16:30:00+00:00,303,4560,6005.596976147393,7856.072986111087,8757.85289295258,9626.601835521196,10033.190029580004,10427.598628830176,10967.521013093823,11554.257071648814,11790.373235933075,12077.38039915439,12736.951511540792,13180.239087699178,13495.598794892749,13798.909205789052,14207.720354906249,14481.76037140742,14881.42901456054,15303.196861574506,16216.52663365411,21275.896773098855,11914.330153963689
2025-08-07 16:45:00+00:00,304,4575,3704.0522024179295,5313.000768708064,6361.154163368056,7028.035450217248,7526.366281104083,7955.518989517836,8311.733374794325,8585.877526850858,9012.6948095527,9353.33865483866,9492.639451295674,9735.075271916896,10196.051599127253,10565.150403229123,10865.215859955357,11178.251040322035,11535.582119932667,11913.42094820518,12596.782243545897,17040.015385780043,9015.121439187491
2025-08-07 17:00:00+00:00,305,4590,2707.323734686895,3667.428630337622,4500.785789535797,5160.91805862806,5546.054156845147,5905.310476885279,6246.972006143824,6412.553885287835,6573.374837670595,6896.439948307052,7115.077874522654,7335.557219881248,7511.175336658679,7797.910292404922,8092.781641340626,8341.033865163497,8608.461779575207,9072.914192935998,9675.657426515367,13199.23691410423,6723.39030910909
2025-08-07 17:15:00+00:00,306,4605,2039.2164611095013,2478.585574464755,3048.7780496851647,3354.623616184444,3750.105248373507,4095.503675255213,4359.4631391900575,4574.385129883299,4720.02315742296,4820.800279699491,4964.330079655434,5223.486212632553,5421.164620865455,5515.427940411153,5637.051327029785,5954.565970457796,6241.364982742106,6564.414253682611,7175.426888325898,9687.438704249118,4860.327837306134
2025-08-07 17:30:00+00:00,307,4620,1349.3062392942638,1588.5194089306879,1944.0531517628656,2174.8523165823995,2360.1134293021414,2599.628995521686,2800.9551112823406,2941.9142599761785,3064.8799037372946,3165.831463772953,3256.656236955844,3354.8999444903566,3514.668674199542,3633.333693727125,3732.1266050486943,3842.5050042226558,4093.7681703112917,4435.881028796086,4862.967154512546,6586.932559509095,3183.7465144980965
2025-08-07 17:45:00+00:00,308,4635,828.0413151172564,1008.852574917479,1249.472841793242,1435.4064873439602,1547.5378090280071,1685.0725124743403,1807.3711927476281,1924.139685762377,2009.653559996694,2104.0490711016832,2156.9868609613395,2214.400286095997,2314.8520639993303,2436.5614387446676,2503.6444758486145,2637.580444469831,2871.5696601858695,3040.7003701103517,3415.452940949541,4420.728800445305,2110.329518604737
2025-08-07 18:00:00+00:00,309,4650,612.0833556477716,770.3678932046419,930.3992135536195,1061.7190937604607,1167.7714744175619,1264.7634143160553,1368.2377268392072,1442.8929893651584,1506.2495883859456,1590.0866037433561,1638.769532951771,1674.2944846551486,1723.822944900426,1812.1948455340998,1897.044004115362,1983.3560535127378,2115.4895526847977,2320.761866248176,2652.42675585164,3430.289400204921,1593.0795029090316
2025-08-07 18:15:00+00:00,310,4665,410.55118010987576,505.36059017419257,624.1320606735886,714.2888147381881,784.2523137281521,851.0384351510232,915.2405621935653,964.2025186047855,1006.3290455094567,1052.469528995212,1096.1163771271322,1131.7349229028982,1176.3231138646026,1235.0024232919677,1293.1436238087542,1390.2506335460284,1510.7792181632126,1661.4390505504473,1829.1133284237758,2309.063325818742,1085.8343418767747
2025-08-07 18:30:00+00:00,311,4680,215.83921648750953,270.7838454855106,321.59442296546655,364.6354762096485,398.31112919413505,422.40102080032614,458.1316005924897,483.22880358472736,512.8448702490834,533.253439242262,552.83105124996,575.7678479730357,599.7629169448574,622.497876110519,652.3137015500704,683.9370384928969,745.1621110708504,827.9236136562978,911.503881638636,1192.3322069353985,548.0295437084934
2025-08-07 18:45:00+00:00,312,4695,21.42058620964244,29.835674928582712,36.65998001326163,40.63424969293661,45.11124389336863,48.20420143663058,51.17290263648592,55.47409850612731,59.02047730581514,61.43854897813038,64.23729087884425,66.29993909579076,68.59689523308973,72.05726370563407,74.94363889961998,77.49471855204801,84.41649892792056,93.02133101502903,99.83251206611047,133.37117053597441,61.98749736014795
2025-08-07 19:00:00+00:00,313,4710,0.0,0.0,0.0,0.0,0.0,0.0,0.0,0.0,0.0,0.0,0.0,0.0,0.0,0.0,0.0,0.0,0.0,0.0,0.0,0.0,0.0
2025-08-07 19:15:00+00:00,314,4725,0.0,0.0,0.0,0.0,0.0,0.0,0.0,0.0,0.0,0.0,0.0,0.0,0.0,0.0,0.0,0.0,0.0,0.0,0.0,0.0,0.0
2025-08-07 19:30:00+00:00,315,4740,0.0,0.0,0.0,0.0,0.0,0.0,0.0,0.0,0.0,0.0,0.0,0.0,0.0,0.0,0.0,0.0,0.0,0.0,0.0,0.0,0.0
2025-08-07 19:45:00+00:00,316,4755,0.0,0.0,0.0,0.0,0.0,0.0,0.0,0.0,0.0,0.0,0.0,0.0,0.0,0.0,0.0,0.0,0.0,0.0,0.0,0.0,0.0
2025-08-07 20:00:00+00:00,317,4770,0.0,0.0,0.0,0.0,0.0,0.0,0.0,0.0,0.0,0.0,0.0,0.0,0.0,0.0,0.0,0.0,0.0,0.0,0.0,0.0,0.0
2025-08-07 20:15:00+00:00,318,4785,0.0,0.0,0.0,0.0,0.0,0.0,0.0,0.0,0.0,0.0,0.0,0.0,0.0,0.0,0.0,0.0,0.0,0.0,0.0,0.0,0.0
2025-08-07 20:30:00+00:00,319,4800,0.0,0.0,0.0,0.0,0.0,0.0,0.0,0.0,0.0,0.0,0.0,0.0,0.0,0.0,0.0,0.0,0.0,0.0,0.0,0.0,0.0
2025-08-07 20:45:00+00:00,320,4815,0.0,0.0,0.0,0.0,0.0,0.0,0.0,0.0,0.0,0.0,0.0,0.0,0.0,0.0,0.0,0.0,0.0,0.0,0.0,0.0,0.0
2025-08-07 21:00:00+00:00,321,4830,0.0,0.0,0.0,0.0,0.0,0.0,0.0,0.0,0.0,0.0,0.0,0.0,0.0,0.0,0.0,0.0,0.0,0.0,0.0,0.0,0.0
2025-08-07 21:15:00+00:00,322,4845,0.0,0.0,0.0,0.0,0.0,0.0,0.0,0.0,0.0,0.0,0.0,0.0,0.0,0.0,0.0,0.0,0.0,0.0,0.0,0.0,0.0
2025-08-07 21:30:00+00:00,323,4860,0.0,0.0,0.0,0.0,0.0,0.0,0.0,0.0,0.0,0.0,0.0,0.0,0.0,0.0,0.0,0.0,0.0,0.0,0.0,0.0,0.0
2025-08-07 21:45:00+00:00,324,4875,0.0,0.0,0.0,0.0,0.0,0.0,0.0,0.0,0.0,0.0,0.0,0.0,0.0,0.0,0.0,0.0,0.0,0.0,0.0,0.0,0.0
2025-08-07 22:00:00+00:00,325,4890,0.0,0.0,0.0,0.0,0.0,0.0,0.0,0.0,0.0,0.0,0.0,0.0,0.0,0.0,0.0,0.0,0.0,0.0,0.0,0.0,0.0
2025-08-07 22:15:00+00:00,326,4905,0.0,0.0,0.0,0.0,0.0,0.0,0.0,0.0,0.0,0.0,0.0,0.0,0.0,0.0,0.0,0.0,0.0,0.0,0.0,0.0,0.0
2025-08-07 22:30:00+00:00,327,4920,0.0,0.0,0.0,0.0,0.0,0.0,0.0,0.0,0.0,0.0,0.0,0.0,0.0,0.0,0.0,0.0,0.0,0.0,0.0,0.0,0.0
2025-08-07 22:45:00+00:00,328,4935,0.0,0.0,0.0,0.0,0.0,0.0,0.0,0.0,0.0,0.0,0.0,0.0,0.0,0.0,0.0,0.0,0.0,0.0,0.0,0.0,0.0
2025-08-07 23:00:00+00:00,329,4950,0.0,0.0,0.0,0.0,0.0,0.0,0.0,0.0,0.0,0.0,0.0,0.0,0.0,0.0,0.0,0.0,0.0,0.0,0.0,0.0,0.0
2025-08-07 23:15:00+00:00,330,4965,0.0,0.0,0.0,0.0,0.0,0.0,0.0,0.0,0.0,0.0,0.0,0.0,0.0,0.0,0.0,0.0,0.0,0.0,0.0,0.0,0.0
2025-08-07 23:30:00+00:00,331,4980,0.0,0.0,0.0,0.0,0.0,0.0,0.0,0.0,0.0,0.0,0.0,0.0,0.0,0.0,0.0,0.0,0.0,0.0,0.0,0.0,0.0
2025-08-07 23:45:00+00:00,332,4995,0.0,0.0,0.0,0.0,0.0,0.0,0.0,0.0,0.0,0.0,0.0,0.0,0.0,0.0,0.0,0.0,0.0,0.0,0.0,0.0,0.0
2025-08-08 00:00:00+00:00,333,5010,0.0,0.0,0.0,0.0,0.0,0.0,0.0,0.0,0.0,0.0,0.0,0.0,0.0,0.0,0.0,0.0,0.0,0.0,0.0,0.0,0.0
2025-08-08 00:15:00+00:00,334,5025,0.0,0.0,0.0,0.0,0.0,0.0,0.0,0.0,0.0,0.0,0.0,0.0,0.0,0.0,0.0,0.0,0.0,0.0,0.0,0.0,0.0
2025-08-08 00:30:00+00:00,335,5040,0.0,0.0,0.0,0.0,0.0,0.0,0.0,0.0,0.0,0.0,0.0,0.0,0.0,0.0,0.0,0.0,0.0,0.0,0.0,0.0,0.0
2025-08-08 00:45:00+00:00,336,5055,0.0,0.0,0.0,0.0,0.0,0.0,0.0,0.0,0.0,0.0,0.0,0.0,0.0,0.0,0.0,0.0,0.0,0.0,0.0,0.0,0.0
2025-08-08 01:00:00+00:00,337,5070,0.0,0.0,0.0,0.0,0.0,0.0,0.0,0.0,0.0,0.0,0.0,0.0,0.0,0.0,0.0,0.0,0.0,0.0,0.0,0.0,0.0
2025-08-08 01:15:00+00:00,338,5085,0.0,0.0,0.0,0.0,0.0,0.0,0.0,0.0,0.0,0.0,0.0,0.0,0.0,0.0,0.0,0.0,0.0,0.0,0.0,0.0,0.0
2025-08-08 01:30:00+00:00,339,5100,0.0,0.0,0.0,0.0,0.0,0.0,0.0,0.0,0.0,0.0,0.0,0.0,0.0,0.0,0.0,0.0,0.0,0.0,0.0,0.0,0.0
2025-08-08 01:45:00+00:00,340,5115,0.0,0.0,0.0,0.0,0.0,0.0,0.0,0.0,0.0,0.0,0.0,0.0,0.0,0.0,0.0,0.0,0.0,0.0,0.0,0.0,0.0
2025-08-08 02:00:00+00:00,341,5130,0.0,0.0,0.0,0.0,0.0,0.0,0.0,0.0,0.0,0.0,0.0,0.0,0.0,0.0,0.0,0.0,0.0,0.0,0.0,0.0,0.0
2025-08-08 02:15:00+00:00,342,5145,0.0,0.0,0.0,0.0,0.0,0.0,0.0,0.0,0.0,0.0,0.0,0.0,0.0,0.0,0.0,0.0,0.0,0.0,0.0,0.0,0.0
2025-08-08 02:30:00+00:00,343,5160,0.0,0.0,0.0,0.0,0.0,0.0,0.0,0.0,0.0,0.0,0.0,0.0,0.0,0.0,0.0,0.0,0.0,0.0,0.0,0.0,0.0
2025-08-08 02:45:00+00:00,344,5175,0.0,0.0,0.0,0.0,0.0,0.0,0.0,0.0,0.0,0.0,0.0,0.0,0.0,0.0,0.0,0.0,0.0,0.0,0.0,0.0,0.0
2025-08-08 03:00:00+00:00,345,5190,0.0,0.0,0.0,0.0,0.0,0.0,0.0,0.0,0.0,0.0,0.0,0.0,0.0,0.0,0.0,0.0,0.0,0.0,0.0,0.0,0.0
2025-08-08 03:15:00+00:00,346,5205,0.0,0.0,0.0,0.0,0.0,0.0,0.0,0.0,0.0,0.0,0.0,0.0,0.0,0.0,0.0,0.0,0.0,0.0,0.0,0.0,0.0
2025-08-08 03:30:00+00:00,347,5220,0.0,0.0,0.0,0.0,0.0,0.0,0.0,0.0,0.0,0.0,0.0,0.0,0.0,0.0,0.0,0.0,0.0,0.0,0.0,0.0,0.0
2025-08-08 03:45:00+00:00,348,5235,3.6720091289147483,6.076467536847809,8.997863314653577,11.240962284254849,13.49337271679524,14.477760670862589,17.428216419873003,19.59511519351151,22.040994102489343,25.045480625515538,26.900567348307256,28.803906611827525,31.221687949550965,34.458284847646155,36.06266454448065,38.69292916801507,41.48175205850722,44.08620654479181,49.33548915767523,68.12345611395887,25.203350260579658
2025-08-08 04:00:00+00:00,349,5250,61.974534720817246,106.86914802045746,148.27288706265816,190.05472709355,214.42665666489316,269.0472647301471,302.6400370873983,342.67703172230085,371.5351793183185,403.2786326811124,432.87919209758314,458.85491561042807,502.23842091474637,524.0527974297343,552.8094866540755,596.463993493662,624.0943250978277,680.4910141085779,752.3473829467985,996.3204625036528,401.37254532573445
2025-08-08 04:15:00+00:00,350,5265,135.13176224986123,227.690403622209,305.6406797954265,417.775133357145,507.0753659244272,617.8707373833671,734.6052692084403,806.363000323529,886.524114050836,950.2612658412969,999.2226225263116,1081.1371336385437,1119.4460582082143,1190.338889296007,1278.1916922878565,1318.6481076743225,1377.8824103382253,1485.9839583912287,1612.6241964045487,2161.5620540678856,910.2207508794592
2025-08-08 04:30:00+00:00,351,5280,221.2320794349724,422.51970990010255,705.0626352958143,966.1200101174345,1175.6990309080004,1279.807333506471,1396.2309111354775,1524.7354346436975,1601.0673015236273,1737.7792678732164,1808.2719214118395,1906.0930971133048,2030.8813971506647,2095.080959603649,2162.8534724055603,2237.8047455958035,2322.9457365605217,2471.115377921587,2602.6669715353382,3377.362369737438,1614.90259007582
2025-08-08 04:45:00+00:00,352,5295,812.1981601174915,1268.8506670431952,1612.3144183445554,1861.98883435194,2122.2464646009153,2315.5299274735085,2512.9384094722973,2679.5789533554107,2835.461599258981,2985.079757385488,3127.482776933148,3253.981997769287,3400.0680557650417,3562.4791126270597,3705.1303257565946,3800.428891115429,3956.9882566676274,4373.669028895618,4561.336970822181,5673.427274918999,2879.216023115235
2025-08-08 05:00:00+00:00,353,5310,1231.165133880369,1947.8647559891974,2538.621425988675,3106.962182166121,3653.157054347039,3963.406484971236,4164.641091754121,4480.204338857842,4627.637877316624,4835.784843455487,5109.152014088798,5291.796757226028,5487.033000558662,5697.689572661338,5822.410860320634,5971.9961910148795,6353.100253516837,6773.4720441800155,7193.530383206564,8699.389555182637,4640.385439855923
2025-08-08 05:15:00+00:00,354,5325,1692.7974085868202,2695.4294306064053,3265.621235134569,4072.221908869596,5030.508643296051,5553.113125090067,5874.438675343934,6368.721750782715,6568.377718341486,7122.065920964759,7442.137914411406,7738.812265974515,8007.516482583541,8151.416008720896,8320.878298379173,8589.507210293037,9168.343030282642,9523.609520464097,10173.975718961627,12173.811084331235,6573.919786404453
2025-08-08 05:30:00+00:00,355,5340,2290.442633748513,3841.7416494626077,4653.035850298126,5836.227925701791,6662.565212663061,7340.151862225053,7946.933640831955,8436.613567469014,8727.0619521505,9448.710374422291,10117.704511066679,10540.013090579467,10737.703274676674,10919.699855259398,11316.750148581506,11644.65219128039,12347.27058687633,12609.274765838509,13327.982312319898,16008.505140131501,8839.903593824536
2025-08-08 05:45:00+00:00,356,5355,2878.0174005122967,5385.838317553142,7289.0161612354195,8198.991324188146,9057.098577316388,9637.040294050099,10430.100369633,10820.782923887895,11793.149816193229,12709.210163569465,13209.313157998913,13455.308880813167,13674.681061867102,14107.651499203615,14510.852461552333,15224.38044234035,15622.922544621893,16114.74106212397,16719.219506367055,20118.38898334484,11552.432509455979
2025-08-08 06:00:00+00:00,357,5370,3378.1036453052307,6426.421597054051,8732.85178076809,10402.624290932354,11459.742730293194,12642.501212233332,13150.40851816362,14133.04516551878,15525.666747364683,16017.187528837527,16383.319809771676,16882.605114164096,17168.700595420796,17574.997850964202,18351.91611603943,18759.062625573213,19143.519013929086,19872.64557725534,20332.875892059485,24546.89627583594,14445.569680631686
2025-08-08 06:15:00+00:00,358,5385,4100.0333763874705,7540.239238333371,11518.561309076775,14268.529819971496,15259.234901561462,16546.049864336117,17994.99523177174,18887.928908072518,19258.53650520704,19789.973761577123,20065.123249228574,20520.153759044762,21365.8975802023,21927.702880940113,22290.98170323989,22857.623500595968,23299.92822602499,23685.27578256114,24044.838798404253,29072.548260826512,18047.045632032936
2025-08-08 06:30:00+00:00,359,5400,4715.772071218761,9226.112619361482,13132.47478226652,17423.4952101827,19402.910651176855,21088.778497977073,21863.072487689104,22325.81471109986,22891.03225293374,23171.00922340113,23648.257891308862,24664.388951290584,25361.959144454144,25708.015387877138,26279.82462544967,26634.34463069908,27170.260053670394,27485.27264381774,27809.87801615048,33619.03742723837,21394.118117558442
2025-08-08 06:45:00+00:00,360,5415,5091.207855074104,10406.969337951758,15236.570766624849,22018.65244075477,23556.65925767724,24502.728482213915,25326.00081562203,25958.299731649262,26449.427496616387,26881.75863355179,28017.78083477414,28630.10421731993,29052.16109963953,29554.455838969843,29977.245011428728,30551.476883595522,30854.245020546306,31139.61758044295,31514.145783219585,38186.154695238154,24860.673990376497
2025-08-08 07:00:00+00:00,361,5430,5381.10619341885,11903.599443030713,21686.358449557505,25989.24862010524,27315.496707886232,28350.275840273054,28920.60083275558,29527.280543942332,29899.698205064695,31554.253050324693,32122.20464411854,32612.831258762322,33067.28967890433,33439.891404595175,33949.22870526594,34325.67878717828,34631.75779242173,34921.652421771985,35326.978204451756,42725.11358834789,28503.508789786778
2025-08-08 07:15:00+00:00,362,5445,5841.710707611149,12775.074230415341,18280.716929916318,27395.414938744085,29616.168486108872,30838.825847957865,31733.833470228557,32591.22301689667,33043.758889728815,34837.95921789494,35480.328576424705,36027.25156813246,36541.292481144264,36887.77501537016,37306.7919583969,37798.80609811645,38151.37560911133,38480.00184645055,39007.148995108495,47192.95630201271,31024.04152134522
2025-08-08 07:30:00+00:00,363,5460,6577.6377863716,13513.369976305714,19121.479189822978,28692.22971038858,31627.562973303186,33622.71264175113,34733.94831372263,35694.88596258794,36379.284439197414,38328.01525943948,38951.18714534756,39551.92065267139,40202.27866760646,40514.23831533688,40998.60492763125,41468.88386480953,41838.417844182164,42217.28135804106,42764.52865583724,51551.459248590676,33871.344149781915
2025-08-08 07:45:00+00:00,364,5475,7093.13368942611,14112.589029075634,20311.789307357998,28514.198776191915,31941.74159355586,34162.845854043226,36350.6638457645,38126.19064579072,39003.09319324848,40577.0438186992,41908.5893162475,42433.09046761911,43076.66629477025,43541.222330566634,43950.755027593375,44459.42085751401,44923.26761218961,45311.20768622539,45875.309300937835,55766.296404631605,35979.95814207385
2025-08-08 08:00:00+00:00,365,5490,7038.641631519763,14634.105758969965,24858.699633675147,30581.59972822333,34210.28352495007,36763.850080062424,39128.97491693896,41155.380302564736,41972.77326438546,43535.54634663568,44583.0434650288,45215.474750096,45846.168286761065,46237.81779765099,46680.30999854749,47149.81637820299,47621.17748000251,48222.536925156375,48888.702910793996,59717.79605080132,38520.41541151483
2025-08-08 08:15:00+00:00,366,5505,7402.78626493374,16984.19580507645,29991.848257085185,34338.48172740071,37662.77587325839,39948.61266569663,42143.5829032687,43674.78446609955,44324.33320351937,45981.855041958166,46890.96194698621,47584.118583522264,48290.84860150806,48715.921184354745,49065.476771168396,49620.526383042976,50221.169509916734,50946.773886746894,51762.252534220344,63440.08041468453,41185.620734611184
2025-08-08 08:30:00+00:00,367,5520,7732.975902929525,9857.571919035056,29329.413915965128,35043.084126894624,40001.09218914013,42122.285123124646,43723.42461610891,45786.25427014955,46536.353293967724,48293.6619336909,49077.83882951076,49673.36877107531,50166.63575075816,50720.63963225598,51198.77369831869,51596.687566262946,52273.37598284617,53207.096997631124,54187.95711609186,67029.77607627552,42365.688336533305
2025-08-08 08:45:00+00:00,368,5535,7847.758148746588,9426.27600165096,29326.380707749428,35246.65296931086,38668.07147835917,42817.216925878354,45324.678012715274,47795.18455317123,48722.51047711433,50096.78809743972,50875.72292958984,51498.34233788733,51900.68055228594,52412.112475046655,52971.40645878102,53559.47857279517,54115.65222613337,55032.28223989179,56079.11032155425,70367.29430899746,43147.6216365415
2025-08-08 09:00:00+00:00,369,5550,7916.721141604558,9741.114213650084,28683.539458392326,36585.21168814419,40254.54617509597,44589.65114779862,47462.92906955008,50103.23333098084,50785.35732887338,51978.836229986635,52616.493950904514,53395.56552969285,53826.86733177572,54277.5028624602,54798.67078240902,55419.18008016944,56005.67304113314,56895.36358800889,57972.08939280123,73431.7096945305,44679.27349811537
2025-08-08 09:15:00+00:00,370,5565,8033.61611606101,10185.276065343583,32121.57941193151,38084.44387320107,41768.78475361638,47701.09691666879,49377.77605711613,51782.49498529052,52720.95436886492,53536.04193254922,54296.154673770296,54949.14234332573,55449.61491493981,55857.62907445543,56349.850996921,56964.637204684775,57791.21724621438,58549.749386307994,59792.09353964794,76204.24685028264,46337.10843247719
2025-08-08 09:30:00+00:00,371,5580,8336.476361761033,20824.862540532275,37266.95691095408,40731.545964760066,46007.08484974492,50234.7659865862,52664.229750987775,53856.91947149738,54553.262087467934,55420.78388129849,55995.00663803491,56741.1379401002,57234.860812229264,57683.17736557818,58121.38057669152,58700.12291586777,59561.9427165414,60260.781247722276,61430.69408021793,78668.22184093118,49098.568188754245
2025-08-08 09:45:00+00:00,372,5595,8545.223512897848,32224.338380151923,40077.721883485436,44014.02800428311,50020.1048041434,52254.1853053047,54607.91916724332,55324.0215575455,56025.25759669407,56723.829920201984,57418.337937495155,58015.703785323676,58601.23069635359,58978.96788946354,59390.65231589109,59880.61746913627,60771.359611435706,61617.55677636931,62466.39060376977,80809.01356070489,51204.21304212765
2025-08-08 10:00:00+00:00,373,5610,9072.985277173839,37000.15334210935,41592.63757624159,46892.14810552562,52549.641829534856,54539.25551820366,56106.40707599264,56771.672232071105,57350.38598986478,58011.60177476383,58656.16860101833,59284.11218472463,59762.036309100586,60160.39190037937,60580.73380659314,61094.94007776022,61934.88809357699,62727.10820132898,63485.14884438177,82614.05691016231,52755.646054555786
2025-08-08 10:15:00+00:00,374,5625,9316.839899849942,36319.5174500311,42010.43852989133,47620.03968928697,53793.96304653971,55255.89873712291,56942.84913483134,57586.950589600274,58086.22209398941,58629.5323790669,59254.55476237344,59858.47519736382,60446.040722374535,61000.59595219286,61367.25217705348,61713.03073469657,62275.399361058226,63248.078205556194,64080.089691839654,84072.8512335952,53317.65114680972
2025-08-08 10:30:00+00:00,375,5640,19774.93642171519,38033.03050496756,45092.896167649094,53109.28587478554,54873.5641215134,56298.00657688941,57908.45022764476,58456.406480675636,58835.22231062285,59299.01815296255,59904.89870102219,60505.940102803244,60934.72950503083,61442.28103385694,61933.33555769865,62356.990612986665,62864.860420315934,63825.024633008994,64672.734156093284,85176.97887911856,54884.96189618897
2025-08-08 10:45:00+00:00,376,5655,20942.554406798812,39242.307692055416,46597.11966029358,53600.327067406426,55671.73377723884,56670.041107185854,58058.879492153916,58639.82969837442,58927.38562010382,59214.94154183322,59916.75792856622,60357.21288633067,60793.098886208136,61251.43465512223,61772.47353888013,62203.23560589184,62584.67174731687,63419.335988714396,64472.120276242065,85920.12915513845,55073.43570307309
2025-08-08 11:00:00+00:00,377,5670,27092.183184205613,40105.76865605595,47684.579002670274,53945.769670063666,55786.77946384856,56533.212864712186,57909.57438637622,58320.31382168678,58685.08266625541,59018.38495606762,59605.09514228244,60097.24324223204,60487.72686448147,60925.70206970731,61401.608697705626,61892.45662517054,62292.79230251367,63213.8497477297,64261.10903739621,86298.12268490004,55305.754457727315
2025-08-08 11:15:00+00:00,378,5685,27570.723098302515,40193.89067411956,47459.95422896167,53126.90780315953,55492.6582547697,56473.915834635416,57766.43728416621,58180.78322026959,58535.05460720258,58844.75455442851,59414.070647791414,59945.721409465805,60318.25896913604,60740.23194607682,61185.587501967704,61664.20045395322,62107.20822130384,63142.83711247236,64169.57455648989,86308.9315255476,55151.94020785037
2025-08-08 11:30:00+00:00,379,5700,29571.634485148195,41119.77180440701,48217.88351059165,53619.72714828092,55449.275039155706,56378.757369879866,57439.36607620153,57836.24925336745,58179.8172643614,58499.47864522555,59052.60127650665,59520.062348122905,59880.66026928698,60312.72013614497,60795.00180295057,61327.38694444973,61786.81045227322,62904.5166799345,63890.111358532995,85952.69107351144,55107.97128440403
2025-08-08 11:45:00+00:00,380,5715,29461.76602476511,39028.62875803419,46958.29663335037,52866.209535313275,54779.02378479352,55589.6530661293,56876.238752205994,57286.48214737044,57547.50763854419,57860.593624356676,58344.28914152633,58762.05536845605,59197.83165191155,59691.64359879341,60208.44738961938,60723.17595061633,61296.79599832966,62354.32852494709,63170.8094904971,85231.70123804518,54387.8298985108
2025-08-08 12:00:00+00:00,381,5730,28810.96336964194,38449.514656599735,46104.28403103972,51723.27004215444,53756.96235526477,54762.69437454567,56070.5348242324,56350.76606277903,56630.99730132567,57062.24660204446,57493.445689024215,57885.79424016461,58354.056726896924,58826.63332652896,59292.41131232722,59909.63825667551,60742.88483574324,61539.785122936206,62352.64089583387,84150.41676330488,53575.283729462426
2025-08-08 12:15:00+00:00,382,5745,27644.099625906652,39351.31516266092,46000.889642197755,52737.07860304101,54636.00740444071,55515.89636866084,55881.12748425952,56321.21676455795,57013.077975446424,57583.22168369077,57842.921162547755,58104.02957068978,58411.98487755986,58719.940184429935,59590.70625655038,60285.38792877767,61141.98048015743,61736.68813287208,62637.47864743952,82715.4288086219,53776.503414032755
2025-08-08 12:30:00+00:00,383,5760,18653.405004371194,29957.72020701295,40165.27309341973,46304.00345084035,52392.708021588594,53581.70059821815,53890.69888218777,54203.915631714255,54974.16900105901,55519.873435503876,55749.25288847927,55978.632341454664,56235.65023201335,56587.17374785685,57083.06962354475,57786.441202437636,58519.81036359917,59288.959335216976,59884.162783304324,80935.44184875957,50512.742928792155
2025-08-08 12:45:00+00:00,384,5775,22384.89427042564,29656.386825024172,36002.41694040174,41507.407384838036,45487.36888863629,47987.62140580234,50397.32683578023,52794.82520676256,54154.7986139083,54566.92720081035,55064.4519713447,55671.35183557455,56221.49308396811,56585.03024577139,56963.31762545721,57374.42252126998,57898.690045062845,59655.76183624662,60598.483537135224,78821.25098708026,49314.35952837885
2025-08-08 13:00:00+00:00,385,5790,24307.955509279862,29280.13507141281,33039.91382683456,38122.12730159096,41671.22327308165,45465.587665780346,47527.08351003889,49878.20772893295,51720.521931627954,53328.92562519286,53956.24421211216,54640.51826942697,55225.231971882225,55673.50854611468,56002.03449403691,56329.62122136063,56891.49154868952,58359.581562418505,59461.87252522165,76385.72466187662,47790.441627514076
2025-08-08 13:15:00+00:00,386,5805,21847.974860307815,28177.9017607817,31893.61885503563,36665.52998167289,39918.50209105746,43851.262815783986,45761.7560259419,48124.36779858114,49923.81590150415,51380.52873465965,51853.6423045489,52547.85971955231,53110.652203110905,53498.41171997306,53811.091296408085,54200.97301775288,54688.44742503168,56158.33864089327,57317.40013331886,73643.79768810487,46027.77689402118
2025-08-08 13:30:00+00:00,387,5820,18073.102344602765,26729.856671721194,29924.92905817374,34582.623880089355,37641.050332241466,42088.466705266954,44090.27454572769,46404.756843796225,48037.573207014866,49116.00639097729,49662.92346798313,50242.39980470645,50866.267668457556,51248.31513260493,51644.613676348104,52063.59352560868,52630.45028312673,54148.32484811005,55214.31457468376,70612.47937564396,43929.18354106323
2025-08-08 13:45:00+00:00,388,5835,17612.16275741583,25289.890309302245,28575.778902318038,32869.19663815983,36419.479049642876,40514.44877181461,42596.50992802248,44441.55677107105,46090.014108805386,47030.36628304931,47487.421404723376,47966.178206786,48576.28371089441,49077.233586019895,49369.57244933116,49697.36943460033,50205.52912964171,51785.034733568864,53179.87946645671,67310.88156340302,42068.39589283209
2025-08-08 14:00:00+00:00,389,5850,16323.523738306321,24139.965435634804,27209.567232783455,31228.30217035856,35529.915250922124,38643.19374314338,40787.45779875005,42234.88080009482,43655.80239963726,44427.77207812742,44945.38961450546,45397.589642699735,45988.081149219,46566.24397982112,46841.90535667106,47154.330482582496,47626.25750723018,49104.09848727093,50354.66279237089,63760.27309400969,39955.486994079794
2025-08-08 14:15:00+00:00,390,5865,15169.282619707235,23023.590512509603,25974.015331865645,29687.547754551302,33563.79179072421,36316.48819820279,38424.81366486561,39919.29024779256,41250.47320703759,41957.471980218346,42331.20870948878,42924.68522800489,43405.232680875764,43780.06657915032,44093.849272757245,44410.029582411844,45014.24699526802,46226.29271993065,47223.56739098193,59984.16939516121,37645.47115406325
2025-08-08 14:30:00+00:00,391,5880,14380.291999202465,22008.63814941892,26179.839285863796,29445.402520322725,32735.00919788218,35044.824509313774,37162.14800693946,38248.185563104045,39081.713668493176,39527.23883747178,39957.82051026867,40473.48925022539,40858.80009915539,41129.65582650937,41416.10708975218,41744.33200043085,42424.918978144146,43586.944520214565,44840.21818853148,56060.206309699024,35889.172232296296
2025-08-08 14:45:00+00:00,392,5895,15013.664746077602,21195.555090846934,24858.765581453834,27928.876326337027,30748.58741213732,32799.35359291646,34309.006787234546,35360.78198927407,36230.00747613792,36671.0716046244,37043.8668175784,37408.70271727742,37772.60459687905,38066.44664385105,38309.080412781106,38666.65920353468,39218.828885322604,40203.856874193385,41458.08154493762,51954.86000691095,33441.82416803686
2025-08-08 15:00:00+00:00,393,5910,15777.583704739009,19425.854390839762,23014.449526047643,25672.383509770498,28476.078811685435,29736.362247212237,31093.787225049906,31868.039738056428,32911.333647265405,33449.61462921553,33767.881597966814,34179.754760755815,34520.96443142464,34781.601918683635,35016.74124876744,35392.625731439104,35949.08324731641,36826.19612027702,38164.346497367565,47643.96015200475,30706.264094804344
2025-08-08 15:15:00+00:00,394,5925,13615.62390008264,17721.95222286323,20779.2083736851,22839.74757430251,25066.86235686265,26779.151033005804,28192.886158532565,28936.332773102356,29838.175215066676,30253.504565518768,30570.857079834466,30886.791769142066,31215.054321432955,31517.24580430539,31871.720863193725,32264.665927297723,33045.243900032634,33793.92001465441,35218.830305879754,43227.23560434997,27791.74577816177
2025-08-08 15:30:00+00:00,395,5940,11246.225901733711,15275.882109942871,17978.795690898714,19578.584971058448,21225.241685455694,23020.97168164805,24126.18571372008,25319.509823087854,25999.856812670136,26713.72138214522,27100.319673516835,27427.78852524666,27739.65057962249,28050.46388461296,28400.60120444416,28807.294665825488,29568.07767952988,30248.540074559132,31568.874646390843,38742.43897783304,24426.005149827055
2025-08-08 15:45:00+00:00,396,5955,10729.653625873572,13440.920334397575,15459.38370555037,17055.67590787696,18194.827577605007,19724.39943672478,20652.6305793282,21759.72888092011,22357.078379072434,22894.327449745164,23530.706184505543,23941.08503178329,24260.235365976245,24614.08744814916,24917.974032900463,25288.16267064067,26025.759082000794,26619.643407339074,27810.856966793843,34231.54306682097,21304.490274359097
2025-08-08 16:00:00+00:00,397,5970,9739.697774277854,12352.307070507268,13650.979083187469,15127.562848606869,15806.874900370309,17050.653164395142,17659.84390842141,18387.085309036334,19044.814660672546,19499.049584896795,19921.96101217973,20479.761549980318,20817.902210681863,21149.61712351853,21494.204931542634,21798.578918789957,22400.319917094374,23037.556306746923,24142.7721746795,29741.60058186291,18404.39489599988
2025-08-08 16:15:00+00:00,398,5985,8024.36837654878,10018.34092622344,11164.669741710351,12200.23647320171,13111.097591433041,13888.167946309699,14622.495063195944,15134.300772362682,15679.994467238464,16203.594219621373,16529.639885872173,16946.60194779134,17490.657104833852,17805.993037919015,18129.24858431303,18393.081117884,18800.808343380897,19520.887475588745,20455.16623873426,25325.814545831752,15318.907021454721
2025-08-08 16:30:00+00:00,399,6000,6221.885138721815,7431.561391254578,8799.636790890287,9603.4677382056,10400.886260955403,10893.812971351395,11657.170685371104,12182.884977875672,12644.896155450562,13070.977150681612,13441.015196211114,13690.033819953702,14101.337576077307,14508.763600826085,14778.352120251497,15076.125170864967,15316.08680721986,16046.772399958658,16815.230560822158,21000.505838604655,12337.168768802398
2025-08-08 16:45:00+00:00,400,6015,3300.134285523426,5039.7475126501195,5877.665804239241,6926.908332881262,7506.374129106937,7963.481348640492,8475.45410002551,8907.24833133348,9418.030867038146,9721.4952638354,10060.883513926774,10494.107955642376,10762.530219719361,11107.191611726024,11534.329387702266,11829.801168455606,12132.54548103929,12685.294648362624,13335.661964069106,16792.551834311387,9244.369747934756
2025-08-08 17:00:00+00:00,401,6030,2474.9761637327833,3606.385198987826,4326.919595104268,5048.021252349337,5520.6007183033325,5852.454427076829,6182.918506271006,6489.848665508344,6708.929603619751,7066.275803055719,7307.200095631486,7501.970540854351,7764.712937386503,8138.9682518405725,8353.338650992457,8860.497438451906,9282.689637940937,9659.806491711886,10355.520057330656,12962.80596171749,6835.96840964773
2025-08-08 17:15:00+00:00,402,6045,1786.1509793392054,2666.189822978487,3129.75475717617,3662.760414666543,3961.6664984306994,4165.87063880804,4425.670610877086,4570.148544857196,4705.388097607642,4866.6198823691275,5087.097127813821,5278.126903405904,5399.116952970461,5579.801214143459,5912.576903683232,6111.445528504913,6515.522161071964,6844.427281865548,7252.754892462789,9467.918145264388,4820.838527767823
2025-08-08 17:30:00+00:00,403,6060,1235.5060142380478,1774.3522239053789,2116.197914547394,2336.7696058827164,2577.6352849903014,2737.420864436644,2829.072397792191,2947.136824187919,3048.0146965356626,3149.8962392246126,3242.940679422389,3375.428943679822,3477.0048819669732,3597.183274006437,3698.6258953214765,3976.9732662265874,4171.199663880161,4543.788178221757,4922.560969299056,6391.124998491704,3220.1319153224977
2025-08-08 17:45:00+00:00,404,6075,781.2735839995228,1038.661082138105,1322.4200864930883,1488.9481331474556,1582.4944298422083,1739.7288009708232,1831.662599369851,1879.136020581179,1961.9647581037425,2029.2558202750022,2082.428726504115,2145.8912918381884,2255.7283333226283,2340.693415459657,2417.8638057858257,2566.301098268579,2759.896084617832,3049.6893023365947,3328.979468729826,4311.272621872123,2076.495854258062
2025-08-08 18:00:00+00:00,405,6090,594.5108008770453,836.9129563515215,993.5520365951571,1088.8277960858259,1190.4217696836638,1305.6185114127272,1387.063513187289,1428.6675690931977,1474.2877863208864,1525.4684494649055,1578.262273632438,1625.199977765115,1701.1749690512524,1775.0682048417584,1837.5363596262061,1925.3261825016361,2100.648077223757,2216.9437770244213,2528.9508125253956,3307.8771137110525,1567.9231743424289
2025-08-08 18:15:00+00:00,406,6105,381.96693414622223,482.204067809631,633.783006116007,682.9975801325803,766.6926677375073,841.2496575840952,912.2200967277863,945.872710208477,975.2302393951624,1008.2042983650028,1046.0417209327184,1085.3548045174723,1131.8316206848294,1183.0471295637412,1214.6663042221837,1264.7911099985172,1374.0214223767082,1454.443318589894,1691.9287694801033,2193.517212708301,1028.2613343866315
2025-08-08 18:30:00+00:00,407,6120,161.4727907936865,215.03778856083994,291.6250801316589,319.2252934281882,352.0867262844473,387.57255185619914,417.65259480481154,436.3111512643377,450.2348280771436,467.51486281901117,489.6253335451445,510.1757959366618,529.2524422550478,553.8729743539546,571.5519175727032,618.9262835856283,650.3009458371791,686.7555012455671,809.7875147073948,1027.8742852457046,475.89716483293
2025-08-08 18:45:00+00:00,408,6135,12.300326363909345,19.839527374874308,22.733434030884023,25.527061460588037,27.041769410591744,28.797641553435408,30.537169162467624,32.26449587624418,33.7641802093035,34.5929644371561,35.44986710031638,36.40468958768925,38.220587036746046,39.87433673770647,41.341282457943414,42.869142573264014,47.38551318222954,51.69369259113399,58.324285280121025,78.33385376424715,35.55689029109644
2025-08-08 19:00:00+00:00,409,6150,0.0,0.0,0.0,0.0,0.0,0.0,0.0,0.0,0.0,0.0,0.0,0.0,0.0,0.0,0.0,0.0,0.0,0.0,0.0,0.0,0.0
2025-08-08 19:15:00+00:00,410,6165,0.0,0.0,0.0,0.0,0.0,0.0,0.0,0.0,0.0,0.0,0.0,0.0,0.0,0.0,0.0,0.0,0.0,0.0,0.0,0.0,0.0
2025-08-08 19:30:00+00:00,411,6180,0.0,0.0,0.0,0.0,0.0,0.0,0.0,0.0,0.0,0.0,0.0,0.0,0.0,0.0,0.0,0.0,0.0,0.0,0.0,0.0,0.0
2025-08-08 19:45:00+00:00,412,6195,0.0,0.0,0.0,0.0,0.0,0.0,0.0,0.0,0.0,0.0,0.0,0.0,0.0,0.0,0.0,0.0,0.0,0.0,0.0,0.0,0.0
2025-08-08 20:00:00+00:00,413,6210,0.0,0.0,0.0,0.0,0.0,0.0,0.0,0.0,0.0,0.0,0.0,0.0,0.0,0.0,0.0,0.0,0.0,0.0,0.0,0.0,0.0
2025-08-08 20:15:00+00:00,414,6225,0.0,0.0,0.0,0.0,0.0,0.0,0.0,0.0,0.0,0.0,0.0,0.0,0.0,0.0,0.0,0.0,0.0,0.0,0.0,0.0,0.0
2025-08-08 20:30:00+00:00,415,6240,0.0,0.0,0.0,0.0,0.0,0.0,0.0,0.0,0.0,0.0,0.0,0.0,0.0,0.0,0.0,0.0,0.0,0.0,0.0,0.0,0.0
2025-08-08 20:45:00+00:00,416,6255,0.0,0.0,0.0,0.0,0.0,0.0,0.0,0.0,0.0,0.0,0.0,0.0,0.0,0.0,0.0,0.0,0.0,0.0,0.0,0.0,0.0
2025-08-08 21:00:00+00:00,417,6270,0.0,0.0,0.0,0.0,0.0,0.0,0.0,0.0,0.0,0.0,0.0,0.0,0.0,0.0,0.0,0.0,0.0,0.0,0.0,0.0,0.0
2025-08-08 21:15:00+00:00,418,6285,0.0,0.0,0.0,0.0,0.0,0.0,0.0,0.0,0.0,0.0,0.0,0.0,0.0,0.0,0.0,0.0,0.0,0.0,0.0,0.0,0.0
2025-08-08 21:30:00+00:00,419,6300,0.0,0.0,0.0,0.0,0.0,0.0,0.0,0.0,0.0,0.0,0.0,0.0,0.0,0.0,0.0,0.0,0.0,0.0,0.0,0.0,0.0
2025-08-08 21:45:00+00:00,420,6315,0.0,0.0,0.0,0.0,0.0,0.0,0.0,0.0,0.0,0.0,0.0,0.0,0.0,0.0,0.0,0.0,0.0,0.0,0.0,0.0,0.0
2025-08-08 22:00:00+00:00,421,6330,0.0,0.0,0.0,0.0,0.0,0.0,0.0,0.0,0.0,0.0,0.0,0.0,0.0,0.0,0.0,0.0,0.0,0.0,0.0,0.0,0.0
2025-08-08 22:15:00+00:00,422,6345,0.0,0.0,0.0,0.0,0.0,0.0,0.0,0.0,0.0,0.0,0.0,0.0,0.0,0.0,0.0,0.0,0.0,0.0,0.0,0.0,0.0
2025-08-08 22:30:00+00:00,423,6360,0.0,0.0,0.0,0.0,0.0,0.0,0.0,0.0,0.0,0.0,0.0,0.0,0.0,0.0,0.0,0.0,0.0,0.0,0.0,0.0,0.0
2025-08-08 22:45:00+00:00,424,6375,0.0,0.0,0.0,0.0,0.0,0.0,0.0,0.0,0.0,0.0,0.0,0.0,0.0,0.0,0.0,0.0,0.0,0.0,0.0,0.0,0.0
2025-08-08 23:00:00+00:00,425,6390,0.0,0.0,0.0,0.0,0.0,0.0,0.0,0.0,0.0,0.0,0.0,0.0,0.0,0.0,0.0,0.0,0.0,0.0,0.0,0.0,0.0
2025-08-08 23:15:00+00:00,426,6405,0.0,0.0,0.0,0.0,0.0,0.0,0.0,0.0,0.0,0.0,0.0,0.0,0.0,0.0,0.0,0.0,0.0,0.0,0.0,0.0,0.0
2025-08-08 23:30:00+00:00,427,6420,0.0,0.0,0.0,0.0,0.0,0.0,0.0,0.0,0.0,0.0,0.0,0.0,0.0,0.0,0.0,0.0,0.0,0.0,0.0,0.0,0.0
2025-08-08 23:45:00+00:00,428,6435,0.0,0.0,0.0,0.0,0.0,0.0,0.0,0.0,0.0,0.0,0.0,0.0,0.0,0.0,0.0,0.0,0.0,0.0,0.0,0.0,0.0
2025-08-09 00:00:00+00:00,429,6450,0.0,0.0,0.0,0.0,0.0,0.0,0.0,0.0,0.0,0.0,0.0,0.0,0.0,0.0,0.0,0.0,0.0,0.0,0.0,0.0,0.0
2025-08-09 00:15:00+00:00,430,6465,0.0,0.0,0.0,0.0,0.0,0.0,0.0,0.0,0.0,0.0,0.0,0.0,0.0,0.0,0.0,0.0,0.0,0.0,0.0,0.0,0.0
2025-08-09 00:30:00+00:00,431,6480,0.0,0.0,0.0,0.0,0.0,0.0,0.0,0.0,0.0,0.0,0.0,0.0,0.0,0.0,0.0,0.0,0.0,0.0,0.0,0.0,0.0
2025-08-09 00:45:00+00:00,432,6495,0.0,0.0,0.0,0.0,0.0,0.0,0.0,0.0,0.0,0.0,0.0,0.0,0.0,0.0,0.0,0.0,0.0,0.0,0.0,0.0,0.0
2025-08-09 01:00:00+00:00,433,6510,0.0,0.0,0.0,0.0,0.0,0.0,0.0,0.0,0.0,0.0,0.0,0.0,0.0,0.0,0.0,0.0,0.0,0.0,0.0,0.0,0.0
2025-08-09 01:15:00+00:00,434,6525,0.0,0.0,0.0,0.0,0.0,0.0,0.0,0.0,0.0,0.0,0.0,0.0,0.0,0.0,0.0,0.0,0.0,0.0,0.0,0.0,0.0
2025-08-09 01:30:00+00:00,435,6540,0.0,0.0,0.0,0.0,0.0,0.0,0.0,0.0,0.0,0.0,0.0,0.0,0.0,0.0,0.0,0.0,0.0,0.0,0.0,0.0,0.0
2025-08-09 01:45:00+00:00,436,6555,0.0,0.0,0.0,0.0,0.0,0.0,0.0,0.0,0.0,0.0,0.0,0.0,0.0,0.0,0.0,0.0,0.0,0.0,0.0,0.0,0.0
2025-08-09 02:00:00+00:00,437,6570,0.0,0.0,0.0,0.0,0.0,0.0,0.0,0.0,0.0,0.0,0.0,0.0,0.0,0.0,0.0,0.0,0.0,0.0,0.0,0.0,0.0
2025-08-09 02:15:00+00:00,438,6585,0.0,0.0,0.0,0.0,0.0,0.0,0.0,0.0,0.0,0.0,0.0,0.0,0.0,0.0,0.0,0.0,0.0,0.0,0.0,0.0,0.0
2025-08-09 02:30:00+00:00,439,6600,0.0,0.0,0.0,0.0,0.0,0.0,0.0,0.0,0.0,0.0,0.0,0.0,0.0,0.0,0.0,0.0,0.0,0.0,0.0,0.0,0.0
2025-08-09 02:45:00+00:00,440,6615,0.0,0.0,0.0,0.0,0.0,0.0,0.0,0.0,0.0,0.0,0.0,0.0,0.0,0.0,0.0,0.0,0.0,0.0,0.0,0.0,0.0
2025-08-09 03:00:00+00:00,441,6630,0.0,0.0,0.0,0.0,0.0,0.0,0.0,0.0,0.0,0.0,0.0,0.0,0.0,0.0,0.0,0.0,0.0,0.0,0.0,0.0,0.0
2025-08-09 03:15:00+00:00,442,6645,0.0,0.0,0.0,0.0,0.0,0.0,0.0,0.0,0.0,0.0,0.0,0.0,0.0,0.0,0.0,0.0,0.0,0.0,0.0,0.0,0.0
2025-08-09 03:30:00+00:00,443,6660,0.0,0.0,0.0,0.0,0.0,0.0,0.0,0.0,0.0,0.0,0.0,0.0,0.0,0.0,0.0,0.0,0.0,0.0,0.0,0.0,0.0
2025-08-09 03:45:00+00:00,444,6675,2.0579496133377324,2.8891506808244056,3.8616267650342064,4.980722374269181,5.770755623052346,6.4195724233087725,6.960411990544231,7.747122567575196,8.826268132285815,10.141383928053148,11.869434037727899,13.80018207500419,15.06285801869994,16.87652505144411,18.347284976233446,19.455700896710162,20.96122858049507,23.073141063872722,28.38420111252026,38.97225637391848,12.571658863689333
2025-08-09 04:00:00+00:00,445,6690,56.41725726091877,80.57786349264615,97.01870678491535,115.90866712268509,134.43473925938355,152.4064096051299,167.85786984032234,197.81574701760536,256.7639207902694,298.8151906320185,334.17637647205044,380.518276618002,414.2083316252707,438.60477667353035,457.5070451062125,480.7236796027693,521.0790221197423,562.3764970905037,672.5353992495885,856.8665431992534,311.6970025308576
2025-08-09 04:15:00+00:00,446,6705,151.078832225665,202.905936401017,252.12241903455273,283.9645753904999,327.7788781199846,375.7176739479249,415.5476831488725,478.34578299897476,619.6041192887915,703.762478577914,863.2879271854972,981.0700498802412,1038.9497701810567,1086.7423883436027,1156.1254249031754,1234.3570182799638,1326.7900865779197,1427.4227979046627,1644.603479362303,2066.695502716038,777.2087985261503
2025-08-09 04:30:00+00:00,447,6720,232.9917196822356,330.17108048673066,403.3609879897308,443.6228995751671,516.1637374462385,613.0846842397103,751.8943894032188,1002.5967517035795,1229.2281229609937,1447.2531785415754,1580.7812986193742,1673.1472876727705,1781.791002438292,1892.870927326779,2022.772408698072,2116.9977138300655,2262.9634022856835,2389.380604376549,2606.4497725220253,3251.390012162704,1349.6161068711556
2025-08-09 04:45:00+00:00,448,6735,451.82790971481444,602.6763893878438,716.7866893817832,979.4072775177387,1256.6388399613743,1713.4027925516257,2044.6392448647957,2410.147204255397,2637.9060771508844,2822.3093058152876,2996.500429941129,3172.180265418403,3349.4264609018787,3485.9038417492143,3616.668300459622,3771.048523128919,3883.166704479411,4067.1505914402996,4312.280916519122,5507.473644610474,2550.6835603024824
2025-08-09 05:00:00+00:00,449,6750,979.5520503024997,1353.583216431329,1913.1833323697117,2676.154810485828,3278.0198714868534,3774.0146563266103,4088.9144642408587,4314.64114260121,4552.451355538176,4824.517182597216,5031.907154376719,5271.229642861026,5458.6283136968705,5660.871326940775,5806.164279392348,5948.24376401356,6122.688636186186,6398.952394234116,6740.004238697706,8518.72806500846,4430.648639180267
2025-08-09 05:15:00+00:00,450,6765,1302.3251599035743,1588.598636111275,2823.052241292631,3734.4951743859983,4576.133966452885,5220.258046501007,5784.085073414002,6178.88209026838,6628.226377790949,6992.437048375278,7405.766616568678,7645.846399839175,7921.205404159045,8153.755449282145,8326.616917513575,8546.099495931812,8887.34782339433,9216.079922378785,9571.645733749723,11982.640842530314,6332.967181103104
2025-08-09 05:30:00+00:00,451,6780,1738.9180995083302,1994.8565236062989,3561.5849022708517,4895.1150277748875,6141.2414485567815,7115.876466805088,7865.184148576009,8770.669629999793,9305.096664482699,9867.05312539159,10250.87229696208,10672.060683564112,10881.966962804387,11091.87593066844,11353.148206304757,11732.762774975488,12108.430361306635,12449.954743391092,12766.525307920918,15811.955887094453,8591.022273424554
2025-08-09 05:45:00+00:00,452,6795,2125.9591130035337,2496.7121758183252,4733.6278600889345,6298.81376138705,8174.963339526873,9501.115038488184,10186.359953782874,11384.164465165532,12296.694177829213,12907.41774467841,13404.481889278522,13680.736904140771,13935.746002973356,14179.682633096088,14659.173306840108,15055.417779252612,15500.719906061828,15934.333978152561,16160.666053970095,19920.388227246094,11086.230808309934
2025-08-09 06:00:00+00:00,453,6810,2617.4452030110283,3063.6906822725455,5215.822072031228,7765.7534566063605,10469.901258711954,11860.128591457158,13767.294224223202,15068.868564649023,15990.792301021496,16408.33102230736,16761.96108476003,17033.30649960891,17339.74174117988,17825.2963771293,18302.897255335218,18729.28280946682,19299.65574098101,19564.449437383348,19786.394156776107,24337.707177195294,13898.45248680066
2025-08-09 06:15:00+00:00,454,6825,3142.6301491837908,3614.9629147158103,5861.677002141189,9268.864299486984,13754.490884831332,15954.11285705081,17376.03500882489,18511.99697689367,19404.134492078512,19809.302695067057,20211.936489044456,20494.488202773886,21019.86582020888,21596.36532538334,21925.088330155577,22247.459160951486,22946.321117787356,23273.466009841934,23565.444945067393,28877.813318050295,16858.238241130333
2025-08-09 06:30:00+00:00,455,6840,3903.724684140818,4855.897369628744,7087.84410782471,10593.98782052282,15709.667208045228,18951.041576133506,21081.217703276663,22013.258001627222,22678.409468805752,23252.110449903525,23497.519266985793,23807.50489787955,24451.73570940131,25117.87369942869,25473.113127664645,25767.32681193373,26505.284064859956,26993.091818063735,27315.406537021947,33429.426540345856,19731.534481329854
2025-08-09 06:45:00+00:00,456,6855,4607.3258489329555,5698.5226357799975,9577.42531837439,11952.093949463433,17967.978443448137,22485.65095467941,24702.88049732682,25683.12449072194,26096.212717175018,26450.729485201857,26784.044053941005,27276.034275648486,27997.051844024383,28628.2052343669,29019.379368091944,29447.172755683696,30266.036838852542,30667.651284314896,31114.66595858215,38002.42687303896,22951.67101904016
2025-08-09 07:00:00+00:00,457,6870,5078.226464988799,10928.247812691783,13301.394623771796,18668.689451425424,24590.669909965043,27635.383946145903,29000.226140142717,29397.7503189311,29721.540115789358,30062.682712914044,30479.314977810667,31407.718658277747,32106.86841640077,32469.688522054552,32975.53340964141,33613.61295036743,34201.35111624644,34689.05279113184,35197.18104545778,42547.60707075841,26990.372870698397
2025-08-09 07:15:00+00:00,458,6885,5928.602480497582,9950.17154598351,12691.486322546776,17380.257567555105,22581.7850330108,29621.536680642468,31540.552825492814,32113.977333501276,32448.138694505247,32825.57562679945,33226.15054120432,33946.154061784284,35013.51497675594,35436.408207659915,35862.34401835646,36429.961065544405,37455.63291031517,38004.847667983675,38596.64238561203,47021.70780334924,28933.09002177121
2025-08-09 07:30:00+00:00,459,6900,6286.940071194164,8785.788427049678,14115.464855652552,21437.400815112996,25053.98356622614,32659.859417961103,34517.14538813241,35049.35648391191,35405.95929897523,35853.8196521534,36212.42862697372,36662.840080100425,37742.30055122239,38416.96123844176,38924.06669166258,39622.33247339438,40750.2701944949,41354.98619026046,41990.77286632506,51386.28957209296,31545.02180892287
2025-08-09 07:45:00+00:00,460,6915,6551.265174342133,7962.109404122121,13842.72060468494,21098.52860302273,26853.22278235421,35065.44946160732,37030.78267266776,37713.7395764389,38094.13679692767,38661.26545863981,39127.15531807765,39696.70628191778,40597.8630956316,41353.07432764395,41873.51334124614,42679.1628020053,43868.69946132218,44427.08335861268,45354.57412000986,55606.87106126596,33714.259275350356
2025-08-09 08:00:00+00:00,461,6930,6900.035344244099,8319.092981162754,14614.030416666794,25914.205320445435,33221.21101060548,38465.10772241621,39901.83303945397,40378.82975075444,40866.02596040837,41393.62409024581,41687.60803561477,42200.221361447446,43140.34057717142,43982.132624187914,44590.809238886766,45249.175402265835,46243.14458022715,47222.118807818464,48298.92742201888,59587.80972720858,35977.37267824654
2025-08-09 08:15:00+00:00,462,6945,7258.923357798739,8761.045598369654,16809.896485190246,29600.27989280107,38122.31815289359,41134.959500468685,42476.7469462196,42943.094339323885,43440.40132242974,43964.18818953493,44245.75647431724,44650.919059085,45578.13785824926,46486.09778550283,47224.95069986088,47864.4199584289,48624.01522927839,49787.25624804784,50587.73242755497,63288.58784983422,38346.37300408747
2025-08-09 08:30:00+00:00,463,6960,7519.526012420947,8884.760049877656,18714.36557298615,32061.457137274272,41465.41175103681,43572.33604354095,44819.825798583304,45285.24239619525,45719.71957712223,46348.944326209436,46613.66498731291,46878.385648416384,47587.552562165445,49043.32905771421,49805.81265888892,50490.143190739844,51225.7679922578,52235.37441862703,53296.14074140638,66882.72125654142,40550.437326995554
2025-08-09 08:45:00+00:00,464,6975,7895.37084369747,9293.525021296753,19895.135600528898,33086.570475486995,44003.44819282609,45569.53080755394,46911.00725847424,47452.8290560161,47872.60136283752,48531.6198363632,48839.6028208642,49202.47596613799,49882.02753221772,51079.00747514192,52189.70656179924,52732.566070140296,53551.211877299174,54325.23157228934,55572.420087481245,70224.02944383126,42436.51744291329
2025-08-09 09:00:00+00:00,465,6990,8105.882486158435,9282.548848987213,20497.96473711807,34263.721531421616,45959.0346419729,47670.895742286266,48906.51160237196,49458.169274355285,49867.79345008034,50509.83001943052,50914.21685488327,51228.629798034024,51788.26468464859,52779.31170688598,54131.17916164795,54791.26294212939,55488.1681055819,56357.45619259463,57643.71395120225,73291.55569564625,44104.98087493558
2025-08-09 09:15:00+00:00,466,7005,8794.84180810091,10187.38801744818,27608.1855080841,35649.51833268711,42031.01214788383,49003.43454857294,50270.924595246055,51205.96262330077,51579.72179931188,51991.01645029399,52540.643457767044,53070.70297344913,53405.788537176384,53938.525344051974,55414.00408705125,56350.58558838879,57057.10488645432,57907.4156451329,59220.9176936263,76066.50228863629,45560.31234621639
2025-08-09 09:30:00+00:00,467,7020,9509.764599308808,13547.401104512328,31210.05878523192,38357.0164847886,46515.982275017,50901.7748895186,52339.55312054214,53052.59899726896,53446.86363399454,53792.410930894664,54563.63192621075,54937.42628155548,55346.735126876534,55805.32419482471,56862.663305172544,57945.24573010987,58722.66854614008,59410.20262726472,60964.34526834193,78532.1701795103,47613.9630101955
2025-08-09 09:45:00+00:00,468,7035,10417.604754712813,22763.337148619154,35987.57629592863,42170.5605962837,51130.85770763918,52961.675200615115,54287.88035659406,54632.75058336423,54983.49399600454,55361.64560937217,56004.376129991775,56480.46104083052,56757.911371039554,57177.82895743796,58291.15081611704,59375.71062074303,60097.253141280686,60893.598760285626,62339.7488414995,80673.92931707422,49895.66089504694
2025-08-09 10:00:00+00:00,469,7050,16265.634837066833,32101.72013325305,38895.32970967203,49958.01628363911,54226.37608460626,55606.14461386336,55929.42818649254,56252.71175912174,56626.53034980736,57065.69767595809,57739.303377050266,58024.47167945288,58309.63998185549,58813.93213935779,60022.18588659602,60872.81687935009,61683.25527949569,62383.34207081143,63972.194252517875,82479.21115940671,52476.5927275573
2025-08-09 10:15:00+00:00,470,7065,16526.06348761995,35485.58274036133,41747.74440042509,47310.81155385153,54793.91452555793,56359.45494057387,56794.76646836248,57202.20029869244,57568.09771328951,58185.91875809247,58722.70637986027,59116.798121667605,59462.819379327404,59805.46759133129,60943.768010660126,61956.35553076019,62619.74805818716,63183.23840651429,64709.0038206589,83937.51668296663,53439.62323054636
2025-08-09 10:30:00+00:00,471,7080,15354.77992811887,32157.948996984287,39449.682147708794,47075.19853752341,52126.96194819794,56676.25975238324,57598.47114422684,57978.04689870057,58265.77725964662,58773.90720941013,59480.057617726285,59957.07824562481,60260.64808892722,60619.844113786385,61466.81622765067,62567.16047395858,63433.50311056758,63919.38108293143,65191.36024595443,85040.43462774102,53415.875352365125
2025-08-09 10:45:00+00:00,472,7095,15481.316421206575,33054.960383418336,40297.43463822647,48515.60735675536,56044.446067018536,57641.27901180662,58194.17221728929,58538.76260592128,58926.36121915075,59367.5204489687,60105.21628902694,60439.03266531094,60808.05753501395,61275.40046181156,62128.368350768265,63323.86272646862,64040.163573237056,64533.837146378035,65347.65068011738,85781.66517677382,54207.754498215654
2025-08-09 11:00:00+00:00,473,7110,16699.134363523488,34348.95119587579,43635.659937749646,50265.35976307215,56368.903030738846,57949.23489559008,58564.27519242702,58840.29341736614,59116.31164230527,59891.41762002093,60481.424788092205,60807.33952874337,61071.744913802955,61396.39847893178,61957.31070277177,63365.71479927088,64092.351349828336,64688.95560847639,65359.285989786666,86157.04405035857,54727.15766690309
2025-08-09 11:15:00+00:00,474,7125,17154.895003439415,33751.68909792563,43176.20220777131,51237.66986754065,56134.154573522,57990.56279133037,58474.44138960387,58847.25895561802,59152.63170217501,59843.11113149821,60498.41769730595,60885.496097827396,61174.78019137872,61514.359814082374,61988.86228497906,63180.27902523441,64031.954181104906,64662.24731175006,65384.9891030451,86164.56240441416,54721.34416389914
2025-08-09 11:30:00+00:00,475,7140,17550.539070397725,33517.86347576501,43779.32744360274,51023.29307878278,55730.11897885428,57645.975835885125,58299.10305053435,58609.79709355768,58936.37313968212,59480.71380009701,60113.4506440659,60507.67845981575,60820.82999479339,61179.0251657804,61570.54903237251,62462.179807229666,63597.23910714197,64509.150424362844,65073.64412439292,85804.37860807497,54494.72386475529
2025-08-09 11:45:00+00:00,476,7155,17544.517565934504,33686.77828678118,45448.26515696416,51462.40441617421,55923.705202405334,57382.621566517366,57878.71083231728,58203.74322250423,58634.143469621784,59244.498366506996,59835.45776806195,60094.39914091461,60353.34051376728,60731.406298812915,61207.32952033229,62547.304261618796,63344.19730830629,64068.18971876748,64623.26993296647,85078.81943562294,54368.78039790087
2025-08-09 12:00:00+00:00,477,7170,21333.08077457501,36122.65487933697,47003.80238701304,50976.47587094602,55628.04452137005,56705.44403021374,57128.27914438755,57456.37322354934,57783.100845475376,58722.93416657677,59206.710531407065,59436.42470967911,59666.138887951136,59977.72052231546,60387.996814602215,61096.576340780724,62344.06882511139,63023.765421488526,63638.5202222381,83992.3705796774,54101.72619303827
2025-08-09 12:15:00+00:00,478,7185,30553.07245384422,36694.464764320706,41220.88023930823,48404.611050741376,53980.74049397691,56533.508511111686,57475.4507874151,58124.24149533581,59027.073026979975,59656.243322471295,59952.974341683665,60198.718731765206,60514.39009179462,61264.57564756522,61694.73841797128,62088.57726226715,62499.41076630019,63337.99066323121,64126.319519021454,82551.65858445184,54683.461210728485
2025-08-09 12:30:00+00:00,479,7200,30436.815922871632,36249.00029882497,42696.46310382411,49125.59722294811,53689.369172563434,55578.92702683048,56231.85462645827,56865.69968379873,57656.62871811732,58234.32167027316,58464.353362253074,58694.38505423299,59225.98925044158,59704.465736400154,60091.62770375964,60577.738196746985,61134.479985721584,61724.24719859133,62666.03047971397,80765.42822522111,53715.25258718326
2025-08-09 12:45:00+00:00,480,7215,29389.22541568143,36719.95262190268,43140.963072922365,48044.25788091228,52290.643810144255,53860.298730792616,54616.164729882374,55349.79222028405,56086.87165865671,56654.18167019434,56882.98834319883,57111.79501620332,57572.44808296448,58089.971022020225,58499.021598324645,58898.486873786496,59462.36776158012,60179.71347970064,61339.707064043185,78644.52039865506,52423.74394987883
2025-08-09 13:00:00+00:00,481,7230,28612.109046025555,35358.1727313008,40903.05037189855,46310.79782987554,50431.466110038346,52103.441236792816,52739.38740155522,53443.285861602104,54213.226237163086,54775.28920577586,55003.21707511763,55231.1449444594,55677.321541902704,56188.147519887345,56601.9922540161,57009.460337871125,57619.23412549593,58325.117461142654,59547.164814992044,76201.85550833876,50659.939126506906
2025-08-09 13:15:00+00:00,482,7245,27471.451549362046,34261.30125350185,41059.20451384786,47306.63789658565,49332.690935245395,50427.17822348417,50999.81462998168,51757.293156200474,52403.61943598631,52765.19305299001,52989.51889453509,53213.84473608017,53807.64501526847,54168.980673885795,54543.723457117514,54972.33197710589,55686.50725976685,56430.71674278513,57375.42435945555,73452.4273492636,49137.98729849701
2025-08-09 13:30:00+00:00,483,7260,26228.064286937224,32920.463866715705,42017.85120802543,45827.89976256823,47545.2687769154,48436.83869293695,49042.21135890478,49761.46841980376,50221.69682166054,50516.19991448717,50740.307903089386,50999.6298749381,51487.42625583468,51855.18363449201,52239.75184357682,52670.225822876026,53497.35456063536,54220.513290441966,54991.18122063072,70413.31234775206,47279.51319468482
2025-08-09 13:45:00+00:00,484,7275,24708.55067971553,31532.88148506591,42442.702118069494,44390.26072966475,45693.90293073238,46198.08769793906,46794.90045763456,47364.375415133094,47802.46928095365,47996.35791873951,48190.24655652537,48463.79838884301,48940.68743572955,49270.58166337334,49617.31607151858,50006.96881804255,50844.38940377968,51631.78384592588,52295.094017803254,67103.69917585673,45145.02708350938
2025-08-09 14:00:00+00:00,485,7290,24060.444492141996,33090.997150217525,39828.27400073008,41556.13595608713,42925.459282119285,43562.09604274699,44131.19566276774,44555.43921597566,45052.64297800911,45299.016197774385,45484.904918728746,45683.78042543793,46102.961225319414,46452.492746263495,46797.68149951952,47165.35924563305,48053.950623428915,48867.96124330297,49557.38998863156,63544.94550842794,42764.81904563329
2025-08-09 14:15:00+00:00,486,7305,22502.15213715863,30982.422162335053,35596.159868931696,38132.0165337293,39308.66568539904,40628.85038147794,41143.7568720006,41588.89950738242,42022.22008689062,42334.855537676995,42554.13194157705,42737.95554286205,42951.04448696776,43470.892539570414,43777.10161568355,44222.47850630987,45174.94626468472,45869.420799983476,46524.772012192385,59760.67092511553,39858.17624876715
2025-08-09 14:30:00+00:00,487,7320,21234.875631471026,29582.619566556594,33038.55566333593,35191.5085586363,36371.36211285955,37664.594923405384,38203.675660092704,38591.4666898982,39092.72645775911,39430.27024166772,39686.922581249884,39870.36922482806,40053.815868406244,40495.11230132704,40852.06835907235,41256.09528603093,42311.5619101668,42985.94680413149,43672.93027158109,55845.40704580935,37178.2831100411
