horizon,horizon_num,horizon_minutes,p_05,p_10,p_15,p_20,p_25,p_30,p_35,p_40,p_45,p_50,p_55,p_60,p_65,p_70,p_75,p_80,p_85,p_90,p_95,clear_sky,deterministic
2025-10-30 01:15:00+00:00,0,15,0.0,0.0,0.0,0.0,0.0,0.0,0.0,0.0,0.0,0.0,0.0,0.0,0.0,0.0,0.0,0.0,0.0,0.0,0.0,0.0,0.0
2025-10-30 01:30:00+00:00,1,30,0.0,0.0,0.0,0.0,0.0,0.0,0.0,0.0,0.0,0.0,0.0,0.0,0.0,0.0,0.0,0.0,0.0,0.0,0.0,0.0,0.0
2025-10-30 01:45:00+00:00,2,45,0.0,0.0,0.0,0.0,0.0,0.0,0.0,0.0,0.0,0.0,0.0,0.0,0.0,0.0,0.0,0.0,0.0,0.0,0.0,0.0,0.0
2025-10-30 02:00:00+00:00,3,60,0.0,0.0,0.0,0.0,0.0,0.0,0.0,0.0,0.0,0.0,0.0,0.0,0.0,0.0,0.0,0.0,0.0,0.0,0.0,0.0,0.0
2025-10-30 02:15:00+00:00,4,75,0.0,0.0,0.0,0.0,0.0,0.0,0.0,0.0,0.0,0.0,0.0,0.0,0.0,0.0,0.0,0.0,0.0,0.0,0.0,0.0,0.0
2025-10-30 02:30:00+00:00,5,90,0.0,0.0,0.0,0.0,0.0,0.0,0.0,0.0,0.0,0.0,0.0,0.0,0.0,0.0,0.0,0.0,0.0,0.0,0.0,0.0,0.0
2025-10-30 02:45:00+00:00,6,105,0.0,0.0,0.0,0.0,0.0,0.0,0.0,0.0,0.0,0.0,0.0,0.0,0.0,0.0,0.0,0.0,0.0,0.0,0.0,0.0,0.0
2025-10-30 03:00:00+00:00,7,120,0.0,0.0,0.0,0.0,0.0,0.0,0.0,0.0,0.0,0.0,0.0,0.0,0.0,0.0,0.0,0.0,0.0,0.0,0.0,0.0,0.0
2025-10-30 03:15:00+00:00,8,135,0.0,0.0,0.0,0.0,0.0,0.0,0.0,0.0,0.0,0.0,0.0,0.0,0.0,0.0,0.0,0.0,0.0,0.0,0.0,0.0,0.0
2025-10-30 03:30:00+00:00,9,150,0.0,0.0,0.0,0.0,0.0,0.0,0.0,0.0,0.0,0.0,0.0,0.0,0.0,0.0,0.0,0.0,0.0,0.0,0.0,0.0,0.0
2025-10-30 03:45:00+00:00,10,165,0.0,0.0,0.0,0.0,0.0,0.0,0.0,0.0,0.0,0.0,0.0,0.0,0.0,0.0,0.0,0.0,0.0,0.0,0.0,0.0,0.0
2025-10-30 04:00:00+00:00,11,180,0.0,0.0,0.0,0.0,0.0,0.0,0.0,0.0,0.0,0.0,0.0,0.0,0.0,0.0,0.0,0.0,0.0,0.0,0.0,0.0,0.0
2025-10-30 04:15:00+00:00,12,195,0.0,0.0,0.0,0.0,0.0,0.0,0.0,0.0,0.0,0.0,0.0,0.0,0.0,0.0,0.0,0.0,0.0,0.0,0.0,0.0,0.0
2025-10-30 04:30:00+00:00,13,210,0.0,0.0,0.0,0.0,0.0,0.0,0.0,0.0,0.0,0.0,0.0,0.0,0.0,0.0,0.0,0.0,0.0,0.0,0.0,0.0,0.0
2025-10-30 04:45:00+00:00,14,225,0.0,0.0,0.0,0.0,0.0,0.0,0.0,0.0,0.0,0.0,0.0,0.0,0.0,0.0,0.0,0.0,0.0,0.0,0.0,0.0,0.0
2025-10-30 05:00:00+00:00,15,240,0.0,0.0,0.0,0.0,0.0,0.0,0.0,0.0,0.0,0.0,0.0,0.0,0.0,0.0,0.0,0.0,0.0,0.0,0.0,0.0,0.0
2025-10-30 05:15:00+00:00,16,255,0.0,0.0,0.0,0.0,0.0,0.0,0.0,0.0,0.0,0.0,0.0,0.0,0.0,0.0,0.0,0.0,0.0,0.0,0.0,0.0,0.0
2025-10-30 05:30:00+00:00,17,270,0.0,0.0,0.0,0.0,0.0,0.0,0.0,0.0,0.0,0.0,0.0,0.0,0.0,0.0,0.0,0.0,0.0,0.0,0.0,0.0,0.0
2025-10-30 05:45:00+00:00,18,285,0.0,0.0,0.0,0.0,0.0,0.0,0.0,0.0,0.0,0.0,0.0,0.0,0.0,0.0,0.0,0.0,0.0,0.0,0.0,0.0,0.0
2025-10-30 06:00:00+00:00,19,300,0.0,0.0,0.0,0.0,0.0,0.0,0.0,8.18812554002409e-06,2.8028583579313193e-05,4.7869041618602294e-05,6.770949965789142e-05,8.754995769718054e-05,0.00010739041573646961,0.00012723087377575874,0.00014707133181504783,0.0008536914075027321,0.0014739703264418785,0.002695805173648969,0.004697626590103668,0.023940968802345534,0.0008991106512281511
2025-10-30 06:15:00+00:00,20,315,0.0,0.0,0.0,0.0,0.0,0.0,0.162207697977532,0.6065157402638127,1.0508237825500935,1.4951318248363743,1.9394398671226556,2.3837479094089367,2.8280559516952173,6.321387475770979,16.712006879564676,35.06943613406912,47.32688810329735,69.68200705115771,117.94038383621763,453.88310789562394,22.68178165276979
2025-10-30 06:30:00+00:00,21,330,0.0,0.0,0.0,0.0,0.0,1.9820935201000018,5.450757180274996,8.919420840449991,12.388084500624986,15.85674816079998,19.325411820974978,56.68842535275922,107.73021065042661,163.4995323022815,228.00050322808306,324.7961730572144,398.118406696026,545.8293631351764,843.2246812971048,2832.577642116224,185.9198430686035
2025-10-30 06:45:00+00:00,22,345,3.452042189227253,34.52042189227249,104.83090663710574,194.58768078896853,259.5804762489956,318.85511587549126,372.21988233771685,419.07849980154,474.2171763410375,551.2267888342329,624.1240161911132,748.791036249323,851.1615771612435,923.8131886233457,1045.5169277997206,1255.7876933313821,1480.8874666278473,1912.2322983026024,2543.338851314919,8209.768678316248,817.4884207364153
2025-10-30 07:00:00+00:00,23,360,96.05293251721963,184.91502918648632,310.7294293403149,440.35908681024483,534.9416590370158,632.4243121896199,722.6565933432217,794.9821776601274,876.791687955211,993.7627008782807,1113.3969207622874,1296.9132739058334,1442.251037859209,1582.8435382800055,1758.677661635798,2059.82003457861,2434.257523707077,3118.716898435934,4096.750015411989,12687.943542378276,1401.1398978280795
2025-10-30 07:15:00+00:00,24,375,141.09677023564822,258.292116026818,431.718101838691,605.153962223856,745.2250795097266,891.82311781428,1005.39944501444,1108.8150322593071,1230.4962559910734,1408.1896088463595,1576.6001067369175,1824.6562468457453,2038.2093780925481,2194.7556710030353,2456.5454765135255,2907.5082628430846,3367.8161653029288,4284.951434111221,5620.535930622056,17381.788389856294,1947.1731849485511
2025-10-30 07:30:00+00:00,25,390,179.05738171467155,327.68753899030565,558.3436103310918,782.6017893728159,967.5446943553898,1149.8231737112203,1291.9302923086802,1422.502136672065,1584.9440773845752,1808.369134968711,2034.129581080777,2364.0849835448957,2631.8064394026487,2821.34030396584,3184.243180477567,3718.157896986662,4270.0905741829665,5433.060281310806,7123.829411148829,22037.554533914757,2489.874236832575
2025-10-30 07:45:00+00:00,26,405,389.16043140585947,610.0352708524284,857.2047340426363,1114.0938419468607,1337.6606532776195,1529.324702424036,1679.2271719995053,1830.8844649478224,1991.3869235748045,2178.040515884963,2412.4331524387335,2651.646279461833,2942.4878114150883,3127.000376026855,3461.352930384743,3841.515881922411,4503.42667839781,5526.324320027973,7098.2343514450795,26412.401657685165,2980.4739613581996
2025-10-30 08:00:00+00:00,27,420,732.6916779243502,1051.6113538705342,1351.7318181092276,1625.5785686729214,1849.3216617739254,2057.4685484345005,2257.4867564728706,2440.7238603792994,2620.1258548997625,2857.024237906669,3145.7181319978663,3470.079057690343,3725.7810443828803,4023.269983614753,4385.02088906301,4795.002767954013,5589.792040881107,6517.579616234052,8047.772887632252,30581.509533869194,3748.367824226275
2025-10-30 08:15:00+00:00,28,435,896.9201860840739,1240.903029213421,1635.8185449298444,2034.9046394321815,2318.563822268754,2618.720800839908,2847.1823693831593,3037.4257779715217,3303.2344809753586,3590.701539140695,3963.618612264667,4296.962575984235,4605.893420346716,4965.900119521192,5450.210937385317,6147.035965398978,6967.699151556276,8224.938563415893,11061.217577105335,34494.55447073509,4554.6510144044005
2025-10-30 08:30:00+00:00,29,450,775.342661163623,1468.0111537573198,2026.2456469345093,2289.340094533642,2582.245733605792,2854.5868289340083,3152.859747778764,3456.335999773289,3813.271477764603,4299.847528585251,4651.20178477466,5081.021759467134,5642.484868670019,6336.172643487945,7304.228636130415,8263.553125435843,9918.209835466334,12543.150874905345,16690.448664849115,38115.95776657326,5707.028010713873
2025-10-30 08:45:00+00:00,30,465,897.0734171828801,1575.196148972494,2202.7268056944945,2494.4228408573986,2841.5682929102536,3126.6440297601916,3434.708102565439,3763.431091338741,4123.046321494897,4587.304667869938,5039.512409639422,5475.730545499424,6128.645407970549,6770.5495946014,7709.8527639532085,8850.96568812228,10088.152181416806,13184.802690181234,17822.30496592613,41419.12401929961,6104.732303242677
2025-10-30 09:00:00+00:00,31,480,745.8055873528813,1714.2240450649927,2207.286193007339,2585.6192221767274,2910.946111246012,3216.299645299888,3515.538940679468,3971.7564058161747,4494.707303321522,5049.470970224634,5500.590021428108,5975.774026614497,6505.017634998632,7267.660710311738,8086.066809377224,9330.425061045158,10665.373159196131,13704.54686014263,17914.802015770023,44523.91117272131,6404.13352378864
2025-10-30 09:15:00+00:00,32,495,554.3188053460958,1374.9144363988112,2025.8718737116083,2397.515272800529,2699.629188650997,3058.9602645540235,3371.271576878092,3830.105345193906,4498.296846832424,5053.381724549128,5544.08040139433,6074.345261606882,6618.484033852834,7568.159501708408,8672.814001171475,9758.997504429188,11110.743208271744,13651.017034115286,17548.718178665145,47285.12971817011,6428.853047115407
2025-10-30 09:30:00+00:00,33,510,365.408409574594,1406.3859290111186,1938.0996703501066,2357.743958312318,2767.7602551240293,3065.8212800781403,3465.5685677308215,3861.7040572396245,4666.150951143444,5127.058946366836,5601.669760390638,6195.946562279158,6674.09626093928,7705.2930478540575,8805.032608063611,9988.883860558533,11583.49995356109,13729.794220894048,18020.986996519976,49585.9646070667,6548.904714495235
2025-10-30 09:45:00+00:00,34,525,703.6609096370677,1589.9464295312855,2104.6181047549535,2526.547689236345,2936.2908964628978,3420.2533045459268,3966.47967834267,4801.007892637012,5315.885220794262,5784.1175099759885,6383.981331490261,6803.604539624131,7803.683474975387,8696.184710800231,9718.290747401019,10711.755587150272,12362.556211659208,15498.741350355767,19310.371296319743,51494.13109759682,7239.282482314482
2025-10-30 10:00:00+00:00,35,540,1364.9111173172741,2029.8780622829202,2633.0022335401954,3146.036758606395,3690.001972972534,4484.896558424658,4906.439836693062,5506.6014335992395,5978.480242559712,6411.10858035408,7136.9001805829475,8042.30958667394,8733.902888199724,9539.798447509209,10583.382420423011,11991.374293052364,13689.112506748488,16646.057725459912,21484.94399916062,53002.51131324957,8333.19809468174
2025-10-30 10:15:00+00:00,36,555,1412.609900605617,2166.5011809557045,2771.1079945127585,3325.175047815831,4188.304826750389,4782.4686651030825,5262.39806324612,5686.241440870271,6291.684418223296,6732.374196888192,7664.818979497164,8293.009060693617,9156.006719627589,10035.627750927399,11531.621184307276,12849.54180398269,14938.997975545844,17999.43403428428,22062.10738108102,54105.89883929047,8718.387608311446
2025-10-30 10:30:00+00:00,37,570,1423.7688591644353,2147.522333876555,2835.124502299762,3653.0501312641773,4351.620024209818,4809.8979813276455,5413.342685678009,6008.485579468503,6756.9563948107625,8013.611649212379,8747.542965113891,9391.35382131487,10627.69075639873,11788.00776727934,12520.385334125398,14232.462111215698,16140.579179917819,18958.94483467119,24019.642511154998,54800.92004139125,9700.68375445868
2025-10-30 10:45:00+00:00,38,585,1542.5002341529628,2613.7208030906427,3218.6909097034886,3904.8240401823127,4800.287223774353,5488.566524587121,5924.917415752211,6396.602239288118,6862.522047897582,7359.13663965472,8184.775683697498,9029.202061092643,9906.955079170919,10934.186458027838,12197.504671673676,13402.269431048524,15006.612684750047,17395.06227373714,22908.733048901973,55086.01544568853,9797.250902262567
2025-10-30 11:00:00+00:00,39,600,2150.5981486764413,3234.8594665071755,3820.6072315512797,4405.726369986972,5015.214004447051,6023.176416017481,6498.4777372154695,7006.071168428081,7439.844178226916,7798.309354588268,8281.75528067126,9434.244382483348,10035.464725901384,11008.582243072873,11982.453728647186,13410.468053095328,14425.373074220432,16523.420202539754,21696.863814092947,54961.45098374277,9319.237850636946
2025-10-30 11:15:00+00:00,40,615,2197.3928958224615,3179.4557967062533,3880.6916817431184,4400.578185433436,4878.084044014243,5564.073031926934,6547.317791823215,7147.244884193472,7631.20363650337,8043.039540497091,8456.7050710564,9636.830188618334,10324.847106968675,11308.30245751327,12215.442036561313,13639.590982757052,14915.09188368085,16822.75240583231,21005.777753859566,54429.34358802597,9410.433103057174
2025-10-30 11:30:00+00:00,41,630,2231.061272590743,3111.9024175544087,3840.133376667654,4329.725839968327,4753.138797568051,5320.185184070985,6195.641675376311,6918.43454472233,7365.488394576099,7784.183887750636,8160.66410796755,9343.571966016396,10285.536432913073,11197.6732250361,11971.061582945535,13385.380839465237,14745.844658289365,16390.113626113074,20677.05211720632,53493.69512476688,9210.36310443828
2025-10-30 11:45:00+00:00,42,645,2463.649444748654,3485.166782076344,4237.177727981946,4673.960254513401,5188.02394098884,5773.922645217239,6666.298201448523,7306.58533658572,7767.887702162887,8107.769812102957,8562.746423816183,9747.749930827556,10626.481047894764,11292.373342895089,12003.11161773958,13430.410680090763,14745.443570983352,16385.348372483004,20545.459356868756,52160.43613044162,9454.564356080493
2025-10-30 12:00:00+00:00,43,660,2655.3435502073153,3761.168718915191,4415.350181940505,4877.972627761559,5463.927953413748,6129.382827248778,6904.075286575057,7498.144105532406,7835.783150289024,8228.001599135934,8888.514865827885,9936.469262960081,10749.107398060545,11231.013142947633,12136.450648301738,13427.124744727542,14635.892122025562,16145.645336165804,20545.15454872612,50437.488257878395,9563.415333307086
2025-10-30 12:15:00+00:00,44,675,3016.846286300853,4058.7441587967724,4684.431537548617,5154.00262742927,5685.9839777110565,6299.684248081783,6885.6787649141725,7525.834650130459,7978.449705739719,8386.69073628925,9263.082863457117,9981.70827104295,10569.89276922804,11262.12756015985,12193.413056477932,13443.061384310837,14512.541051909659,15791.175565043264,19379.593254990137,48334.863037180105,10169.002373231146
2025-10-30 12:30:00+00:00,45,690,2808.0526350207388,4058.900598771976,4688.361573267168,5321.267306930036,5769.765274181955,6287.618507751278,6954.127360050116,7532.4058907791095,7918.07981602311,8518.819137013157,9484.65265397814,10111.97361631612,10804.143727445395,11859.866840808814,12947.168764342794,13973.6872880947,14928.723547581705,18191.490829065893,23041.59061407253,45864.827508835835,10311.753856019024
2025-10-30 12:45:00+00:00,46,705,2721.172881454166,3645.211646253192,4216.330201796992,4740.39038786516,5335.941691106693,5837.974801916421,6240.1781064359775,6715.020569276467,7530.755599881269,8112.191813730796,8818.8247429261,9678.00782869606,10628.416522080066,11333.521997696736,12317.804174376102,13840.142566297633,16028.24726655263,18966.631749587752,23643.089733174264,42990.28139727237,9940.366074585552
2025-10-30 13:00:00+00:00,47,720,2466.996994954776,3349.843323221333,3723.8846111146677,4116.070355027476,4448.676334124717,4977.686493929679,5439.83903083284,5904.313587918514,6715.6896288675325,7359.40011140965,7924.058662447892,8475.864058979369,9268.955632500889,10115.529337907512,11062.533200146017,11965.284198106554,14090.837506434089,15356.52413421327,20909.488821151503,39744.10453366236,8716.014676313056
2025-10-30 13:15:00+00:00,48,735,1688.565109515886,2426.8594406017737,2874.8593726355975,3301.7603438918036,3557.286679230745,4132.144865943703,4579.8105490182215,5073.593703295385,5758.818781758504,6457.513639327421,7186.9870639517,8089.532264259247,8828.979040691656,9928.511153451915,11040.498244437164,12503.664895918217,13628.804909864628,17544.893093759732,20485.652918174976,36369.0752913514,8209.962297795259
2025-10-30 13:30:00+00:00,49,750,1617.4194668449104,2285.068695541929,2782.3456582122426,3044.6232540016126,3292.140447339682,3841.10014846856,4252.439298146089,4636.645500432383,5176.7957506222065,5939.920452600292,6793.342472851221,7596.404827422884,8788.362852979362,9502.087908518703,10703.953910777846,11761.150532924526,13930.939134407034,16326.965188371201,18312.634962577114,32721.41612018503,7709.889304831682
2025-10-30 13:45:00+00:00,50,765,1571.5408103585546,2148.725958666773,2517.8189159595295,2846.1150607882855,3062.170605409372,3414.201425322419,3842.3451681570405,4210.858500122726,4675.923214052623,5103.497564729402,5949.769550823471,6799.209165224734,7477.955801372559,8425.119062748838,9736.215100477362,10627.683268757697,12560.665759089692,14602.986608595478,16468.12635793592,28834.355340336973,6907.06736022375
2025-10-30 14:00:00+00:00,51,780,1607.7352314996085,2030.5831832244749,2344.4968449303087,2588.863968211901,2847.967102161058,3120.9490870941713,3548.508458354882,3869.2404674017016,4250.982942292302,4938.139736317975,5595.707969428232,6159.036915213969,6867.563975263842,7594.263607654413,8823.08102143356,9379.181399601908,11064.003174498615,12724.841377577182,14127.317969539641,24750.063055028186,6250.226411007098
2025-10-30 14:15:00+00:00,52,795,1404.3758926376431,1675.9748589428468,1939.8474844137427,2189.1652477888433,2374.597146206163,2574.2782873877554,2893.3209788384706,3205.6974172768805,3469.646671485624,3898.3050688741114,4511.513260952315,4987.6170902605845,5433.972430357512,6100.06548719719,7024.016733389495,7745.420148422788,9109.158036851055,10665.824947574138,12015.257917922438,20524.357122717418,5142.458282692098
2025-10-30 14:30:00+00:00,53,810,1171.0803367147896,1418.4228437092554,1608.5406490357768,1773.3303698288657,1926.1922654898385,2123.9397758370496,2394.6738577810147,2623.2060987566747,2900.5818461659933,3254.3002865306967,3711.4104135797356,4109.899301395149,4514.943774402235,5121.95540313793,5721.119979746434,6208.218284044974,7282.0897072817825,8462.67406258942,9498.541792224532,16149.686704008727,4173.402321868667
2025-10-30 14:45:00+00:00,54,825,916.3954109439668,1090.2819889513141,1235.014309222271,1363.1155891143208,1462.8414737834596,1543.2993125705693,1742.7297472276643,1922.7230188044337,2076.9023869282305,2215.185785122192,2610.23868350107,2941.080577933928,3155.5592380794046,3596.870376492602,4102.14342218823,4450.684290974025,5268.6776733445395,6125.922272866271,6927.032568133793,11717.515489229641,3016.8317212328307
2025-10-30 15:00:00+00:00,55,840,597.165986922919,751.2346094882174,858.3083155087622,932.5919413770448,984.5776408119137,1078.0991434246769,1183.9595668848265,1296.9934239612683,1428.3536647698465,1615.8184593475307,1839.3169169979844,2009.4090463601199,2204.038777572368,2393.3842609626977,2720.0628110135117,2987.99210420377,3581.1445218696804,4169.385131699102,4597.742848921571,7636.433450648399,2033.0524792898852
2025-10-30 15:15:00+00:00,56,855,267.0525891137717,333.71343099418567,376.9042641899442,402.9603976230875,434.7123465257328,473.9815910777209,530.4754492807131,581.702563180396,637.1830643974967,720.7676433578297,815.9584665413252,904.2584872157319,962.8042620859623,1044.4439594160156,1154.0918753659803,1322.5868842755697,1514.8327899729468,1730.0643917992247,1984.5487175732353,3041.935136336769,876.0006450937743
2025-10-30 15:30:00+00:00,57,870,54.33784950398542,68.13170337058426,77.57541232084739,82.09070301267789,86.88442404608242,96.75032970014861,108.16558299874507,118.54989950829017,127.79325691498016,143.31762625404969,158.24239820010652,178.20781655645172,192.22944184710715,208.32186519636502,231.37054373954925,266.762315971171,298.1320720780564,336.3860395267675,400.5951229747363,587.5348562507082,174.87311769071596
2025-10-30 15:45:00+00:00,58,885,0.013806075356620954,0.01597548968032699,0.018054818017796376,0.02016216709849903,0.021679477387287913,0.0227999230990933,0.025177208061420223,0.02733013702473467,0.029500384345062258,0.032143080765340684,0.03608619844015308,0.04016383657407349,0.04308389880456024,0.04753103943010613,0.05220572610068029,0.057772895641569955,0.0647065311152539,0.0733236571330812,0.08612209383096231,0.14353603237614335,0.03967677164065282
2025-10-30 16:00:00+00:00,59,900,0.0,0.0,0.0,0.0,0.0,0.0,0.0,0.0,0.0,0.0,0.0,0.0,0.0,0.0,0.0,0.0,0.0,0.0,0.0,0.0,0.0
2025-10-30 16:15:00+00:00,60,915,0.0,0.0,0.0,0.0,0.0,0.0,0.0,0.0,0.0,0.0,0.0,0.0,0.0,0.0,0.0,0.0,0.0,0.0,0.0,0.0,0.0
2025-10-30 16:30:00+00:00,61,930,0.0,0.0,0.0,0.0,0.0,0.0,0.0,0.0,0.0,0.0,0.0,0.0,0.0,0.0,0.0,0.0,0.0,0.0,0.0,0.0,0.0
2025-10-30 16:45:00+00:00,62,945,0.0,0.0,0.0,0.0,0.0,0.0,0.0,0.0,0.0,0.0,0.0,0.0,0.0,0.0,0.0,0.0,0.0,0.0,0.0,0.0,0.0
2025-10-30 17:00:00+00:00,63,960,0.0,0.0,0.0,0.0,0.0,0.0,0.0,0.0,0.0,0.0,0.0,0.0,0.0,0.0,0.0,0.0,0.0,0.0,0.0,0.0,0.0
2025-10-30 17:15:00+00:00,64,975,0.0,0.0,0.0,0.0,0.0,0.0,0.0,0.0,0.0,0.0,0.0,0.0,0.0,0.0,0.0,0.0,0.0,0.0,0.0,0.0,0.0
2025-10-30 17:30:00+00:00,65,990,0.0,0.0,0.0,0.0,0.0,0.0,0.0,0.0,0.0,0.0,0.0,0.0,0.0,0.0,0.0,0.0,0.0,0.0,0.0,0.0,0.0
2025-10-30 17:45:00+00:00,66,1005,0.0,0.0,0.0,0.0,0.0,0.0,0.0,0.0,0.0,0.0,0.0,0.0,0.0,0.0,0.0,0.0,0.0,0.0,0.0,0.0,0.0
2025-10-30 18:00:00+00:00,67,1020,0.0,0.0,0.0,0.0,0.0,0.0,0.0,0.0,0.0,0.0,0.0,0.0,0.0,0.0,0.0,0.0,0.0,0.0,0.0,0.0,0.0
2025-10-30 18:15:00+00:00,68,1035,0.0,0.0,0.0,0.0,0.0,0.0,0.0,0.0,0.0,0.0,0.0,0.0,0.0,0.0,0.0,0.0,0.0,0.0,0.0,0.0,0.0
2025-10-30 18:30:00+00:00,69,1050,0.0,0.0,0.0,0.0,0.0,0.0,0.0,0.0,0.0,0.0,0.0,0.0,0.0,0.0,0.0,0.0,0.0,0.0,0.0,0.0,0.0
2025-10-30 18:45:00+00:00,70,1065,0.0,0.0,0.0,0.0,0.0,0.0,0.0,0.0,0.0,0.0,0.0,0.0,0.0,0.0,0.0,0.0,0.0,0.0,0.0,0.0,0.0
2025-10-30 19:00:00+00:00,71,1080,0.0,0.0,0.0,0.0,0.0,0.0,0.0,0.0,0.0,0.0,0.0,0.0,0.0,0.0,0.0,0.0,0.0,0.0,0.0,0.0,0.0
2025-10-30 19:15:00+00:00,72,1095,0.0,0.0,0.0,0.0,0.0,0.0,0.0,0.0,0.0,0.0,0.0,0.0,0.0,0.0,0.0,0.0,0.0,0.0,0.0,0.0,0.0
2025-10-30 19:30:00+00:00,73,1110,0.0,0.0,0.0,0.0,0.0,0.0,0.0,0.0,0.0,0.0,0.0,0.0,0.0,0.0,0.0,0.0,0.0,0.0,0.0,0.0,0.0
2025-10-30 19:45:00+00:00,74,1125,0.0,0.0,0.0,0.0,0.0,0.0,0.0,0.0,0.0,0.0,0.0,0.0,0.0,0.0,0.0,0.0,0.0,0.0,0.0,0.0,0.0
2025-10-30 20:00:00+00:00,75,1140,0.0,0.0,0.0,0.0,0.0,0.0,0.0,0.0,0.0,0.0,0.0,0.0,0.0,0.0,0.0,0.0,0.0,0.0,0.0,0.0,0.0
2025-10-30 20:15:00+00:00,76,1155,0.0,0.0,0.0,0.0,0.0,0.0,0.0,0.0,0.0,0.0,0.0,0.0,0.0,0.0,0.0,0.0,0.0,0.0,0.0,0.0,0.0
2025-10-30 20:30:00+00:00,77,1170,0.0,0.0,0.0,0.0,0.0,0.0,0.0,0.0,0.0,0.0,0.0,0.0,0.0,0.0,0.0,0.0,0.0,0.0,0.0,0.0,0.0
2025-10-30 20:45:00+00:00,78,1185,0.0,0.0,0.0,0.0,0.0,0.0,0.0,0.0,0.0,0.0,0.0,0.0,0.0,0.0,0.0,0.0,0.0,0.0,0.0,0.0,0.0
2025-10-30 21:00:00+00:00,79,1200,0.0,0.0,0.0,0.0,0.0,0.0,0.0,0.0,0.0,0.0,0.0,0.0,0.0,0.0,0.0,0.0,0.0,0.0,0.0,0.0,0.0
2025-10-30 21:15:00+00:00,80,1215,0.0,0.0,0.0,0.0,0.0,0.0,0.0,0.0,0.0,0.0,0.0,0.0,0.0,0.0,0.0,0.0,0.0,0.0,0.0,0.0,0.0
2025-10-30 21:30:00+00:00,81,1230,0.0,0.0,0.0,0.0,0.0,0.0,0.0,0.0,0.0,0.0,0.0,0.0,0.0,0.0,0.0,0.0,0.0,0.0,0.0,0.0,0.0
2025-10-30 21:45:00+00:00,82,1245,0.0,0.0,0.0,0.0,0.0,0.0,0.0,0.0,0.0,0.0,0.0,0.0,0.0,0.0,0.0,0.0,0.0,0.0,0.0,0.0,0.0
2025-10-30 22:00:00+00:00,83,1260,0.0,0.0,0.0,0.0,0.0,0.0,0.0,0.0,0.0,0.0,0.0,0.0,0.0,0.0,0.0,0.0,0.0,0.0,0.0,0.0,0.0
2025-10-30 22:15:00+00:00,84,1275,0.0,0.0,0.0,0.0,0.0,0.0,0.0,0.0,0.0,0.0,0.0,0.0,0.0,0.0,0.0,0.0,0.0,0.0,0.0,0.0,0.0
2025-10-30 22:30:00+00:00,85,1290,0.0,0.0,0.0,0.0,0.0,0.0,0.0,0.0,0.0,0.0,0.0,0.0,0.0,0.0,0.0,0.0,0.0,0.0,0.0,0.0,0.0
2025-10-30 22:45:00+00:00,86,1305,0.0,0.0,0.0,0.0,0.0,0.0,0.0,0.0,0.0,0.0,0.0,0.0,0.0,0.0,0.0,0.0,0.0,0.0,0.0,0.0,0.0
2025-10-30 23:00:00+00:00,87,1320,0.0,0.0,0.0,0.0,0.0,0.0,0.0,0.0,0.0,0.0,0.0,0.0,0.0,0.0,0.0,0.0,0.0,0.0,0.0,0.0,0.0
2025-10-30 23:15:00+00:00,88,1335,0.0,0.0,0.0,0.0,0.0,0.0,0.0,0.0,0.0,0.0,0.0,0.0,0.0,0.0,0.0,0.0,0.0,0.0,0.0,0.0,0.0
2025-10-30 23:30:00+00:00,89,1350,0.0,0.0,0.0,0.0,0.0,0.0,0.0,0.0,0.0,0.0,0.0,0.0,0.0,0.0,0.0,0.0,0.0,0.0,0.0,0.0,0.0
2025-10-30 23:45:00+00:00,90,1365,0.0,0.0,0.0,0.0,0.0,0.0,0.0,0.0,0.0,0.0,0.0,0.0,0.0,0.0,0.0,0.0,0.0,0.0,0.0,0.0,0.0
2025-10-31 00:00:00+00:00,91,1380,0.0,0.0,0.0,0.0,0.0,0.0,0.0,0.0,0.0,0.0,0.0,0.0,0.0,0.0,0.0,0.0,0.0,0.0,0.0,0.0,0.0
2025-10-31 00:15:00+00:00,92,1395,0.0,0.0,0.0,0.0,0.0,0.0,0.0,0.0,0.0,0.0,0.0,0.0,0.0,0.0,0.0,0.0,0.0,0.0,0.0,0.0,0.0
2025-10-31 00:30:00+00:00,93,1410,0.0,0.0,0.0,0.0,0.0,0.0,0.0,0.0,0.0,0.0,0.0,0.0,0.0,0.0,0.0,0.0,0.0,0.0,0.0,0.0,0.0
2025-10-31 00:45:00+00:00,94,1425,0.0,0.0,0.0,0.0,0.0,0.0,0.0,0.0,0.0,0.0,0.0,0.0,0.0,0.0,0.0,0.0,0.0,0.0,0.0,0.0,0.0
2025-10-31 01:00:00+00:00,95,1440,0.0,0.0,0.0,0.0,0.0,0.0,0.0,0.0,0.0,0.0,0.0,0.0,0.0,0.0,0.0,0.0,0.0,0.0,0.0,0.0,0.0
2025-10-31 01:15:00+00:00,96,1455,0.0,0.0,0.0,0.0,0.0,0.0,0.0,0.0,0.0,0.0,0.0,0.0,0.0,0.0,0.0,0.0,0.0,0.0,0.0,0.0,0.0
2025-10-31 01:30:00+00:00,97,1470,0.0,0.0,0.0,0.0,0.0,0.0,0.0,0.0,0.0,0.0,0.0,0.0,0.0,0.0,0.0,0.0,0.0,0.0,0.0,0.0,0.0
2025-10-31 01:45:00+00:00,98,1485,0.0,0.0,0.0,0.0,0.0,0.0,0.0,0.0,0.0,0.0,0.0,0.0,0.0,0.0,0.0,0.0,0.0,0.0,0.0,0.0,0.0
2025-10-31 02:00:00+00:00,99,1500,0.0,0.0,0.0,0.0,0.0,0.0,0.0,0.0,0.0,0.0,0.0,0.0,0.0,0.0,0.0,0.0,0.0,0.0,0.0,0.0,0.0
2025-10-31 02:15:00+00:00,100,1515,0.0,0.0,0.0,0.0,0.0,0.0,0.0,0.0,0.0,0.0,0.0,0.0,0.0,0.0,0.0,0.0,0.0,0.0,0.0,0.0,0.0
2025-10-31 02:30:00+00:00,101,1530,0.0,0.0,0.0,0.0,0.0,0.0,0.0,0.0,0.0,0.0,0.0,0.0,0.0,0.0,0.0,0.0,0.0,0.0,0.0,0.0,0.0
2025-10-31 02:45:00+00:00,102,1545,0.0,0.0,0.0,0.0,0.0,0.0,0.0,0.0,0.0,0.0,0.0,0.0,0.0,0.0,0.0,0.0,0.0,0.0,0.0,0.0,0.0
2025-10-31 03:00:00+00:00,103,1560,0.0,0.0,0.0,0.0,0.0,0.0,0.0,0.0,0.0,0.0,0.0,0.0,0.0,0.0,0.0,0.0,0.0,0.0,0.0,0.0,0.0
2025-10-31 03:15:00+00:00,104,1575,0.0,0.0,0.0,0.0,0.0,0.0,0.0,0.0,0.0,0.0,0.0,0.0,0.0,0.0,0.0,0.0,0.0,0.0,0.0,0.0,0.0
2025-10-31 03:30:00+00:00,105,1590,0.0,0.0,0.0,0.0,0.0,0.0,0.0,0.0,0.0,0.0,0.0,0.0,0.0,0.0,0.0,0.0,0.0,0.0,0.0,0.0,0.0
2025-10-31 03:45:00+00:00,106,1605,0.0,0.0,0.0,0.0,0.0,0.0,0.0,0.0,0.0,0.0,0.0,0.0,0.0,0.0,0.0,0.0,0.0,0.0,0.0,0.0,0.0
2025-10-31 04:00:00+00:00,107,1620,0.0,0.0,0.0,0.0,0.0,0.0,0.0,0.0,0.0,0.0,0.0,0.0,0.0,0.0,0.0,0.0,0.0,0.0,0.0,0.0,0.0
2025-10-31 04:15:00+00:00,108,1635,0.0,0.0,0.0,0.0,0.0,0.0,0.0,0.0,0.0,0.0,0.0,0.0,0.0,0.0,0.0,0.0,0.0,0.0,0.0,0.0,0.0
2025-10-31 04:30:00+00:00,109,1650,0.0,0.0,0.0,0.0,0.0,0.0,0.0,0.0,0.0,0.0,0.0,0.0,0.0,0.0,0.0,0.0,0.0,0.0,0.0,0.0,0.0
2025-10-31 04:45:00+00:00,110,1665,0.0,0.0,0.0,0.0,0.0,0.0,0.0,0.0,0.0,0.0,0.0,0.0,0.0,0.0,0.0,0.0,0.0,0.0,0.0,0.0,0.0
2025-10-31 05:00:00+00:00,111,1680,0.0,0.0,0.0,0.0,0.0,0.0,0.0,0.0,0.0,0.0,0.0,0.0,0.0,0.0,0.0,0.0,0.0,0.0,0.0,0.0,0.0
2025-10-31 05:15:00+00:00,112,1695,0.0,0.0,0.0,0.0,0.0,0.0,0.0,0.0,0.0,0.0,0.0,0.0,0.0,0.0,0.0,0.0,0.0,0.0,0.0,0.0,0.0
2025-10-31 05:30:00+00:00,113,1710,0.0,0.0,0.0,0.0,0.0,0.0,0.0,0.0,0.0,0.0,0.0,0.0,0.0,0.0,0.0,0.0,0.0,0.0,0.0,0.0,0.0
2025-10-31 05:45:00+00:00,114,1725,0.0,0.0,0.0,0.0,0.0,0.0,0.0,0.0,0.0,0.0,0.0,0.0,0.0,0.0,0.0,0.0,0.0,0.0,0.0,0.0,0.0
2025-10-31 06:00:00+00:00,115,1740,0.0,0.0,0.0,0.0,0.0,0.0,0.0,1.7708108038899651e-12,4.810702683900937e-11,9.444324287412878e-11,1.4077945890924827e-10,1.871156749443677e-10,2.3345189097948705e-10,2.7978810701460656e-10,3.2612432304972586e-10,3.7246053908484537e-10,3.7537482676390914e-09,6.998418376283612e-09,1.2662683921307507e-08,6.851263343699301e-08,2.188903017004806e-09
2025-10-31 06:15:00+00:00,116,1755,0.0,0.0,0.0,0.0,0.0,0.0,0.08444538842761734,0.3857618880443416,0.6870783876610659,0.9883948872777902,1.2897113868945147,1.5910278865112395,1.8923443861279632,6.5415207690102655,19.013377704942187,25.103307282965297,41.79724672574293,58.99461223769235,85.04608938821465,325.40070013108453,17.22955246646754
2025-10-31 06:30:00+00:00,117,1770,0.0,0.0,0.0,0.0,0.865603364927856,3.885597327009496,6.905591289091132,9.92558525117277,12.945579213254407,16.34901336486235,59.56899296618721,108.0333259928304,191.67729438153836,267.9804979003551,316.4905312058367,347.8318520459796,526.7216412441207,672.458725393895,881.0862090120821,2254.5392028832775,210.5755281907825
2025-10-31 06:45:00+00:00,118,1785,56.15967007841501,354.6105287226335,548.4575835596083,691.9389758693125,787.6968095064873,907.251885689569,1048.3022204752112,1178.7492417060796,1296.3875575792752,1474.9825784037087,1676.3664655548662,1764.7333350214344,1862.4863920569992,2016.4967666022358,2280.3834154883534,2536.2464995842474,2876.714918212513,3274.0973144869754,3902.9443730591406,7624.836281024297,1668.3085618390658
2025-10-31 07:00:00+00:00,119,1800,386.5126811531752,877.3011601144528,1225.0684780421873,1423.501745036704,1572.4044475473593,1718.800905200946,1965.3386351606682,2186.162854056967,2382.2056537273816,2704.5313658436703,3035.5631923636342,3229.0691977575034,3445.899508602499,4018.6000535951207,4430.535270363875,4988.357852556103,5475.58841398742,6303.298318101799,7447.957002979888,12146.694634590105,3313.7333211813925
2025-10-31 07:15:00+00:00,120,1815,589.4749140406925,1183.2309133083882,1610.097442040588,1889.4538026412986,2111.1275763145495,2383.6153447245847,2752.1329204116328,3035.6283973676245,3338.075532873539,3767.3743164168613,4176.424184104732,4421.646275733353,4672.754936857403,5416.604433029005,6017.966552455758,6800.324045703327,7442.575579234988,8445.788735326423,10056.480236991172,16766.2989877328,4323.037685952878
2025-10-31 07:30:00+00:00,121,1830,1176.0274370163995,1562.839483386409,2036.7190877933608,2372.1762988528803,2673.463304895992,2941.757011588499,3529.250224946354,3846.4065960071603,4241.162891455975,4745.101971963194,5281.7774920366255,5605.871847301535,5959.665677106786,6839.799515194896,7537.141899281779,8452.963206151031,9381.175324300651,10543.096957906735,12881.756705403575,21461.693273619592,5490.994905589486
2025-10-31 07:45:00+00:00,122,1845,2127.303950839756,2684.923844974832,3259.2838345804103,3731.5866873007153,4240.215349596422,4763.531753225653,5211.065979645141,5579.875657651931,6031.8663564544595,6374.567357399142,6821.562168804382,7291.333714076331,7845.349719080414,8866.865986607414,9833.223711328306,11172.326747086443,12727.566366169196,14415.341820603948,16448.542656709236,25834.950601391418,7485.711136227276
2025-10-31 08:00:00+00:00,123,1860,2298.8987231013934,2998.3972786988966,3869.7692145094497,4307.496736244345,5164.433671278234,5616.40970662602,6157.308671716648,6744.835335883431,7134.330807330706,7677.232235366641,8110.89097036063,8688.151864332294,9752.493656208082,10891.502734314412,12361.330777375508,14318.68879370405,15678.526467713738,17453.229885707806,20585.827175129467,30005.904975426558,9087.354048801391
2025-10-31 08:15:00+00:00,124,1875,2542.126892182522,3392.381354089668,4189.525901435773,4725.593710674433,5812.02394326193,6369.34450806246,6827.572780190331,7453.293969218526,8012.401857358833,8640.733499215425,9345.518508494426,10227.27660623234,11596.444907906447,12914.292796650512,14728.522653638915,16724.087739862574,18268.964569192995,20487.768937481775,23094.153456787746,33922.16287594728,10429.356856873641
2025-10-31 08:30:00+00:00,125,1890,2856.84025087436,3732.446888085827,4561.854260998216,5209.6094810810855,6279.321890402485,7125.800565716401,7594.2218342949345,8498.823156901948,9204.24207662939,9961.270509482816,10841.792157990563,12108.98967937886,13530.132610631923,15355.471764629883,17446.08292651441,19192.17702499665,20612.647839667447,23342.888542758286,25707.78755138356,37547.10851903502,11884.670571980174
2025-10-31 08:45:00+00:00,126,1905,3413.851196082634,4135.276526495008,5247.408934929657,5981.014313990372,7337.346627471488,8151.828920290689,9193.357589220412,9914.59182192109,10554.428247588443,11493.148811015122,12697.07929646182,14393.895343295773,15989.273745312827,17874.510477969627,19880.58496584286,21880.361177260587,23563.165775214795,26684.877383453313,29196.460964238977,40853.642915705226,13738.637486490336
2025-10-31 09:00:00+00:00,127,1920,3940.213145321843,4864.880205943316,6049.753889206196,6903.981879141087,8367.776494988802,9185.825319681084,10154.253084497534,10950.52296899499,11710.876526229882,12936.317328243093,14398.103061284395,15975.936115678896,17698.697620947263,19563.271300429362,21804.23817267021,23794.824200064082,25538.6386212377,28679.125162502878,31238.359787020534,43895.09414583309,15138.410561663255
2025-10-31 09:15:00+00:00,128,1935,4401.919506076939,5280.899399214529,6756.484601608375,7967.390468815483,9393.698207798048,10545.72102335221,11816.593436043124,12657.298834516996,14460.092404756268,15754.307539105788,17215.233194813474,19102.864822766387,20645.28490695079,23058.18668445825,24889.00817027209,26390.191365947878,29301.956587424178,31115.159082237187,33590.24375421745,46704.262452655545,17196.852228171723
2025-10-31 09:30:00+00:00,129,1950,4794.104438541647,5872.581940041234,7343.333149984825,8583.187988562915,10206.598114271575,11782.710112887076,13143.582950318196,14532.864913835534,16057.651193971848,17757.401348083084,19090.97390197113,21202.24431883929,23486.939190088993,25404.400080497988,27180.431472389417,28858.66121487567,31442.397933922603,33050.682045866924,35281.24032160647,49008.84088774507,18873.24071559957
2025-10-31 09:45:00+00:00,130,1965,5606.068709198211,6616.069818604817,8481.443756429751,10194.131870143241,11479.884277674408,13563.706153667405,15122.177598082819,16705.77924603426,18169.462004808232,19478.864717093405,21735.93044857631,23606.633271138657,26079.434735820636,27469.37410489529,28959.964963537026,31922.06415229031,33319.43617032297,34886.376736059916,36558.49585555937,50919.97750215711,20670.086647842345
2025-10-31 10:00:00+00:00,131,1980,5931.086231533692,7052.503404099385,9207.177896176887,11136.214252646485,13283.231468952505,15129.956016723918,17211.76662982167,18208.203403148113,19695.757828827194,21609.82194054715,24355.326194031637,26683.367580112154,28127.921751344198,29610.079965829256,31409.159065959324,33741.839806142954,35031.20800320607,36194.28009785132,37900.41642609191,52430.6262909868,22289.055181733864
2025-10-31 10:15:00+00:00,132,1995,6433.935673664951,7945.288739711635,9800.567068113152,12013.840911770369,14524.48107484088,16801.987488227423,18069.14187396149,19317.741242486405,20892.06714066374,23775.175808382486,26940.511601609174,28638.218614756304,30074.845778683033,31123.376835598167,33755.72783271717,35281.50143247743,36442.83345099789,37555.19949671439,39026.13381666634,53535.65670709292,23643.533545418275
2025-10-31 10:30:00+00:00,133,2010,6310.518873521312,8655.363174363374,10263.854255673657,12743.21462293605,14937.4052127204,17530.03067643749,18793.55485887037,20720.88823173858,22988.493778285778,25175.710592108582,28556.21968186888,29913.56039887409,30899.442493983825,33262.26650085341,35264.33399855404,36292.61734317779,37136.582556824134,38341.849192273476,39512.45340125276,54231.764322757735,24609.151118016693
2025-10-31 10:45:00+00:00,134,2025,6276.651231075386,8889.272967121295,10525.871915964879,12746.792392693775,15006.678786281094,17587.4082320575,18635.28248947398,20581.08971720535,23045.111802543237,25421.157509185134,28822.421811505345,30118.957720379334,31079.97990849389,33375.39301320722,35294.88373116056,36269.56778801279,37191.09336290543,38203.0035349573,39266.543137442924,54517.44673870724,24584.528351566652
2025-10-31 11:00:00+00:00,135,2040,6043.314102129668,7981.635633588287,9680.614475028002,12328.611793987258,14759.857867059685,17458.55477545171,18375.16626060748,20433.004602850175,23089.523062620177,25340.23137866475,28680.48477958823,29906.437056768074,31101.508818166018,33296.23840035382,35193.955524847355,36179.08638581921,37097.07163687681,38135.07799009827,39161.456205054885,54393.0123567971,24454.252585785776
2025-10-31 11:15:00+00:00,136,2055,5936.722387606265,7925.449190321408,9854.753738348336,12237.03834049559,14643.659097971895,17421.009954667297,18540.55641162738,20570.910599087787,23256.257597547992,25483.811539996175,28505.827857270615,29804.216284611324,31248.677424884074,33132.45061075224,34873.24165154286,35852.410155964855,36706.85602505127,37705.12667345443,38715.22343456573,53860.60538079806,24351.974534404228
2025-10-31 11:30:00+00:00,137,2070,5402.534032032091,7913.527676124708,10407.464049914644,12483.48952808662,14436.267205316139,16769.236193150693,18218.18782546398,20143.473338578464,22803.316831520988,25531.723821076288,27865.579927014252,29191.835686872295,30445.400027324205,32308.66240708235,34136.51907751838,35102.595515177745,35929.60233599631,36942.81878931447,37952.03735994191,52924.24055776523,23892.850938969037
2025-10-31 11:45:00+00:00,138,2085,5104.546543218164,7814.702175358762,10280.008253790304,12089.303119447542,13828.65869833699,16393.351831051772,17741.980431999094,19532.452990707257,22028.110196347814,24069.033012606455,26763.942493057144,28139.155725509132,29052.078987222845,30981.743912155176,33015.24406034867,34269.201767423845,35164.021528891,36050.242139386784,37100.39668391529,51589.84912385515,23088.005480510026
2025-10-31 12:00:00+00:00,139,2100,4626.332658866452,5661.52018625102,8389.948652084302,10727.442171573352,12813.554307296186,15422.506988661338,16331.513633788898,18261.250884588644,20194.873814462007,22394.47167312107,25213.211833785157,26608.704069790216,27868.811715447097,29459.479609003894,31684.2824004165,32943.066079687334,33890.30046532322,34828.89929915546,35911.37060780656,49865.345307964126,21731.19032011939
2025-10-31 12:15:00+00:00,140,2115,4646.40246304056,5601.515741781509,8144.16273799497,10297.8862290113,11904.740616076779,14115.114801237989,15425.136811009648,16659.67519126651,18190.12994250766,20453.43102047552,22278.88758893381,25142.231355045715,26589.46032661818,28130.37672917341,30189.849987050722,31571.276738682012,32385.479287361777,33238.353953073376,34562.75604736693,47760.732019863484,20497.573355908047
2025-10-31 12:30:00+00:00,141,2130,4444.413669708705,5213.760521434737,7760.199759945762,9776.573954326112,11179.040843662735,12325.872159950582,14551.11718958531,15390.039421255824,16864.674871393214,18179.4124520012,20240.380579087876,22786.708237847175,24528.518166578728,26140.100907655124,27841.164998269127,29585.09298931604,30732.213489680784,31645.687850800656,33036.78666840035,45288.27819774013,19053.996124933426
2025-10-31 12:45:00+00:00,142,2145,4217.322198572573,5106.818619104957,7093.498297737515,9287.964007107768,10492.779589862965,11465.10582942949,13133.316390725537,14025.010342459154,14951.046221901288,16273.229453122789,17718.376122436086,19634.13544599379,22272.528188811506,23386.421407695827,24690.556338845105,26232.185111681225,28003.324871699624,28977.417043058707,30421.039716201067,42364.96185382556,17245.19318061073
2025-10-31 13:00:00+00:00,143,2160,3886.098591285151,4736.386211532329,6327.039755124061,8305.959742247638,9199.084241620492,10271.329867406797,11147.165683821451,12538.877782217894,13237.619901536464,14061.654350473278,15170.569859861855,16714.92985686323,18378.061265839064,20753.7609668294,21977.588103773764,23310.55492129794,25236.769219619782,26671.49882435166,28019.64847344628,39184.78667136628,15334.123680128148
2025-10-31 13:15:00+00:00,144,2175,3399.9859720336804,4312.459357765254,5732.69094121284,7383.800347457696,8196.241051998028,9114.840761134514,9858.191241186629,11053.682758591809,11759.970333779069,12524.55088982603,13231.999141416114,14242.216524052154,16220.674356906597,18725.439927754458,19810.645412676848,20825.362850819496,22625.93102442889,24229.592074074728,25497.078137840996,35808.729023598986,13694.186676032024
2025-10-31 13:30:00+00:00,145,2190,3037.1318902924777,3902.2543075273047,5332.307362616938,6600.39628812466,7176.788692132991,7908.857519066808,8599.421180891712,9336.967761814245,10289.935040787885,10939.803602582419,11526.862165827011,12487.81795718757,14223.918126412618,16355.246876542316,17389.297528995074,18261.957629567474,19791.6423364661,21152.718339741343,22264.88466384888,32160.45635712242,12003.151979788
2025-10-31 13:45:00+00:00,146,2205,2727.066428217017,3448.9020874802627,4650.081515928315,5839.915231520773,6285.17054014143,6818.622867942367,7374.196995271427,7902.7110186276395,8642.64316729743,9270.363597903737,9862.035268575151,10727.92967951793,11584.964651157085,13150.397620484277,14797.2996902574,15616.316212849875,16541.898393093586,18066.53138179178,19204.92363010228,28273.747123741327,10222.505626034106
2025-10-31 14:00:00+00:00,147,2220,2325.5223806604367,2919.6711925282357,3793.7854815224764,4712.124070579025,5302.548461248797,5709.237694344939,6105.970823733243,6602.179827599729,7194.326833859224,7820.2715942743125,8341.892833592437,8870.197964685016,9479.271472551742,10624.506540952123,12059.158316390853,13058.786358055373,13683.362549445625,14874.27616880941,16220.50690606513,24191.778899533154,8475.103931410624
2025-10-31 14:15:00+00:00,148,2235,2082.384471687229,2542.9771482363412,3221.6253761554804,3877.564436308648,4440.862112169659,4737.590977168582,5132.964389634653,5488.924038829082,5907.3382587288215,6357.517651808663,6798.287288289789,7148.4053676304775,7599.991974339319,8036.717145761592,8960.448525800917,10061.127554749923,11092.66350262745,11755.742460842783,13262.98024208402,19972.218845198608,6897.592058362629
2025-10-31 14:30:00+00:00,149,2250,1598.8734847201495,1960.2600543731626,2463.1184463712484,2933.236903374018,3383.8361237082795,3592.3884180250716,3867.461427860151,4169.561324176574,4411.488648545796,4735.196806978775,5077.770719041263,5430.205351784914,5730.977264351189,6048.056740087906,6411.707773301306,7248.2507960410985,8415.823906501775,8954.855900023404,10298.525460761151,15546.832982810136,5192.183637933895
2025-10-31 14:45:00+00:00,150,2265,1131.70458575608,1422.5994068015086,1800.3641159788622,2107.9477389932226,2405.799549141795,2584.4535577713586,2787.8724650325767,3031.8758609229308,3243.684794984672,3427.752243148102,3627.098889746542,3958.269249011505,4160.348369562677,4387.18375029621,4638.769172989656,5191.680633287599,6024.984019085015,6447.30510775232,7309.261904679466,11208.047256029042,3731.191511267497
2025-10-31 15:00:00+00:00,151,2280,654.8452235179496,930.3095787091187,1126.7656959586918,1315.4314475349945,1501.3536273740385,1637.3187393517437,1752.635305830207,1936.5868795095366,2081.3159900567384,2185.653904758434,2311.649297115847,2516.390970683844,2659.6570784890628,2801.38178641712,3005.0407536718562,3292.564449279588,3638.276164052298,4095.4322135108473,4425.932355711895,7112.123000838268,2351.1851562811166
2025-10-31 15:15:00+00:00,152,2295,215.73455279284167,348.805930277076,415.47279593829853,462.7484032378241,518.5361444458524,579.8595503352243,616.0734678106905,677.7979438664171,730.5947208986067,782.0504145234731,824.1174980546747,899.4181258248796,959.8784545750068,1022.0165714731123,1083.0532273348663,1209.544062211572,1306.0508549966357,1465.3241750588898,1592.3125619589105,2508.7673933010205,842.6185625858873
2025-10-31 15:30:00+00:00,153,2310,38.54836329734325,60.9984212771908,73.6956212659381,83.03486479379912,89.07369557715853,99.56151220888708,106.571848999336,112.62371775848209,125.04780123133185,134.21487562884758,140.47048147113625,149.65945768092686,165.75547255334362,175.67170530825757,192.64509727797247,211.50319247932325,228.3773508542655,253.67050566653668,279.6241516688292,430.52129533735047,145.9782416604127
2025-10-31 15:45:00+00:00,154,2325,0.0014527104855224092,0.0017829400666252674,0.0021005581291279234,0.002495014231967362,0.0028141793818307623,0.0032400317068740137,0.0035302520948372494,0.003813245567480151,0.004146338509223514,0.004409012022837796,0.004658498735565307,0.004897035093086596,0.005469596879507774,0.005837058269843987,0.006423050778846413,0.007061530801073853,0.007900318528120776,0.008489952661806506,0.009744767734194193,0.014516956901147609,0.004851810851085294
2025-10-31 16:00:00+00:00,155,2340,0.0,0.0,0.0,0.0,0.0,0.0,0.0,0.0,0.0,0.0,0.0,0.0,0.0,0.0,0.0,0.0,0.0,0.0,0.0,0.0,0.0
2025-10-31 16:15:00+00:00,156,2355,0.0,0.0,0.0,0.0,0.0,0.0,0.0,0.0,0.0,0.0,0.0,0.0,0.0,0.0,0.0,0.0,0.0,0.0,0.0,0.0,0.0
2025-10-31 16:30:00+00:00,157,2370,0.0,0.0,0.0,0.0,0.0,0.0,0.0,0.0,0.0,0.0,0.0,0.0,0.0,0.0,0.0,0.0,0.0,0.0,0.0,0.0,0.0
2025-10-31 16:45:00+00:00,158,2385,0.0,0.0,0.0,0.0,0.0,0.0,0.0,0.0,0.0,0.0,0.0,0.0,0.0,0.0,0.0,0.0,0.0,0.0,0.0,0.0,0.0
2025-10-31 17:00:00+00:00,159,2400,0.0,0.0,0.0,0.0,0.0,0.0,0.0,0.0,0.0,0.0,0.0,0.0,0.0,0.0,0.0,0.0,0.0,0.0,0.0,0.0,0.0
2025-10-31 17:15:00+00:00,160,2415,0.0,0.0,0.0,0.0,0.0,0.0,0.0,0.0,0.0,0.0,0.0,0.0,0.0,0.0,0.0,0.0,0.0,0.0,0.0,0.0,0.0
2025-10-31 17:30:00+00:00,161,2430,0.0,0.0,0.0,0.0,0.0,0.0,0.0,0.0,0.0,0.0,0.0,0.0,0.0,0.0,0.0,0.0,0.0,0.0,0.0,0.0,0.0
2025-10-31 17:45:00+00:00,162,2445,0.0,0.0,0.0,0.0,0.0,0.0,0.0,0.0,0.0,0.0,0.0,0.0,0.0,0.0,0.0,0.0,0.0,0.0,0.0,0.0,0.0
2025-10-31 18:00:00+00:00,163,2460,0.0,0.0,0.0,0.0,0.0,0.0,0.0,0.0,0.0,0.0,0.0,0.0,0.0,0.0,0.0,0.0,0.0,0.0,0.0,0.0,0.0
2025-10-31 18:15:00+00:00,164,2475,0.0,0.0,0.0,0.0,0.0,0.0,0.0,0.0,0.0,0.0,0.0,0.0,0.0,0.0,0.0,0.0,0.0,0.0,0.0,0.0,0.0
2025-10-31 18:30:00+00:00,165,2490,0.0,0.0,0.0,0.0,0.0,0.0,0.0,0.0,0.0,0.0,0.0,0.0,0.0,0.0,0.0,0.0,0.0,0.0,0.0,0.0,0.0
2025-10-31 18:45:00+00:00,166,2505,0.0,0.0,0.0,0.0,0.0,0.0,0.0,0.0,0.0,0.0,0.0,0.0,0.0,0.0,0.0,0.0,0.0,0.0,0.0,0.0,0.0
2025-10-31 19:00:00+00:00,167,2520,0.0,0.0,0.0,0.0,0.0,0.0,0.0,0.0,0.0,0.0,0.0,0.0,0.0,0.0,0.0,0.0,0.0,0.0,0.0,0.0,0.0
2025-10-31 19:15:00+00:00,168,2535,0.0,0.0,0.0,0.0,0.0,0.0,0.0,0.0,0.0,0.0,0.0,0.0,0.0,0.0,0.0,0.0,0.0,0.0,0.0,0.0,0.0
2025-10-31 19:30:00+00:00,169,2550,0.0,0.0,0.0,0.0,0.0,0.0,0.0,0.0,0.0,0.0,0.0,0.0,0.0,0.0,0.0,0.0,0.0,0.0,0.0,0.0,0.0
2025-10-31 19:45:00+00:00,170,2565,0.0,0.0,0.0,0.0,0.0,0.0,0.0,0.0,0.0,0.0,0.0,0.0,0.0,0.0,0.0,0.0,0.0,0.0,0.0,0.0,0.0
2025-10-31 20:00:00+00:00,171,2580,0.0,0.0,0.0,0.0,0.0,0.0,0.0,0.0,0.0,0.0,0.0,0.0,0.0,0.0,0.0,0.0,0.0,0.0,0.0,0.0,0.0
2025-10-31 20:15:00+00:00,172,2595,0.0,0.0,0.0,0.0,0.0,0.0,0.0,0.0,0.0,0.0,0.0,0.0,0.0,0.0,0.0,0.0,0.0,0.0,0.0,0.0,0.0
2025-10-31 20:30:00+00:00,173,2610,0.0,0.0,0.0,0.0,0.0,0.0,0.0,0.0,0.0,0.0,0.0,0.0,0.0,0.0,0.0,0.0,0.0,0.0,0.0,0.0,0.0
2025-10-31 20:45:00+00:00,174,2625,0.0,0.0,0.0,0.0,0.0,0.0,0.0,0.0,0.0,0.0,0.0,0.0,0.0,0.0,0.0,0.0,0.0,0.0,0.0,0.0,0.0
2025-10-31 21:00:00+00:00,175,2640,0.0,0.0,0.0,0.0,0.0,0.0,0.0,0.0,0.0,0.0,0.0,0.0,0.0,0.0,0.0,0.0,0.0,0.0,0.0,0.0,0.0
2025-10-31 21:15:00+00:00,176,2655,0.0,0.0,0.0,0.0,0.0,0.0,0.0,0.0,0.0,0.0,0.0,0.0,0.0,0.0,0.0,0.0,0.0,0.0,0.0,0.0,0.0
2025-10-31 21:30:00+00:00,177,2670,0.0,0.0,0.0,0.0,0.0,0.0,0.0,0.0,0.0,0.0,0.0,0.0,0.0,0.0,0.0,0.0,0.0,0.0,0.0,0.0,0.0
2025-10-31 21:45:00+00:00,178,2685,0.0,0.0,0.0,0.0,0.0,0.0,0.0,0.0,0.0,0.0,0.0,0.0,0.0,0.0,0.0,0.0,0.0,0.0,0.0,0.0,0.0
2025-10-31 22:00:00+00:00,179,2700,0.0,0.0,0.0,0.0,0.0,0.0,0.0,0.0,0.0,0.0,0.0,0.0,0.0,0.0,0.0,0.0,0.0,0.0,0.0,0.0,0.0
2025-10-31 22:15:00+00:00,180,2715,0.0,0.0,0.0,0.0,0.0,0.0,0.0,0.0,0.0,0.0,0.0,0.0,0.0,0.0,0.0,0.0,0.0,0.0,0.0,0.0,0.0
2025-10-31 22:30:00+00:00,181,2730,0.0,0.0,0.0,0.0,0.0,0.0,0.0,0.0,0.0,0.0,0.0,0.0,0.0,0.0,0.0,0.0,0.0,0.0,0.0,0.0,0.0
2025-10-31 22:45:00+00:00,182,2745,0.0,0.0,0.0,0.0,0.0,0.0,0.0,0.0,0.0,0.0,0.0,0.0,0.0,0.0,0.0,0.0,0.0,0.0,0.0,0.0,0.0
2025-10-31 23:00:00+00:00,183,2760,0.0,0.0,0.0,0.0,0.0,0.0,0.0,0.0,0.0,0.0,0.0,0.0,0.0,0.0,0.0,0.0,0.0,0.0,0.0,0.0,0.0
2025-10-31 23:15:00+00:00,184,2775,0.0,0.0,0.0,0.0,0.0,0.0,0.0,0.0,0.0,0.0,0.0,0.0,0.0,0.0,0.0,0.0,0.0,0.0,0.0,0.0,0.0
2025-10-31 23:30:00+00:00,185,2790,0.0,0.0,0.0,0.0,0.0,0.0,0.0,0.0,0.0,0.0,0.0,0.0,0.0,0.0,0.0,0.0,0.0,0.0,0.0,0.0,0.0
2025-10-31 23:45:00+00:00,186,2805,0.0,0.0,0.0,0.0,0.0,0.0,0.0,0.0,0.0,0.0,0.0,0.0,0.0,0.0,0.0,0.0,0.0,0.0,0.0,0.0,0.0
2025-11-01 00:00:00+00:00,187,2820,0.0,0.0,0.0,0.0,0.0,0.0,0.0,0.0,0.0,0.0,0.0,0.0,0.0,0.0,0.0,0.0,0.0,0.0,0.0,0.0,0.0
2025-11-01 00:15:00+00:00,188,2835,0.0,0.0,0.0,0.0,0.0,0.0,0.0,0.0,0.0,0.0,0.0,0.0,0.0,0.0,0.0,0.0,0.0,0.0,0.0,0.0,0.0
2025-11-01 00:30:00+00:00,189,2850,0.0,0.0,0.0,0.0,0.0,0.0,0.0,0.0,0.0,0.0,0.0,0.0,0.0,0.0,0.0,0.0,0.0,0.0,0.0,0.0,0.0
2025-11-01 00:45:00+00:00,190,2865,0.0,0.0,0.0,0.0,0.0,0.0,0.0,0.0,0.0,0.0,0.0,0.0,0.0,0.0,0.0,0.0,0.0,0.0,0.0,0.0,0.0
2025-11-01 01:00:00+00:00,191,2880,0.0,0.0,0.0,0.0,0.0,0.0,0.0,0.0,0.0,0.0,0.0,0.0,0.0,0.0,0.0,0.0,0.0,0.0,0.0,0.0,0.0
2025-11-01 01:15:00+00:00,192,2895,0.0,0.0,0.0,0.0,0.0,0.0,0.0,0.0,0.0,0.0,0.0,0.0,0.0,0.0,0.0,0.0,0.0,0.0,0.0,0.0,0.0
2025-11-01 01:30:00+00:00,193,2910,0.0,0.0,0.0,0.0,0.0,0.0,0.0,0.0,0.0,0.0,0.0,0.0,0.0,0.0,0.0,0.0,0.0,0.0,0.0,0.0,0.0
2025-11-01 01:45:00+00:00,194,2925,0.0,0.0,0.0,0.0,0.0,0.0,0.0,0.0,0.0,0.0,0.0,0.0,0.0,0.0,0.0,0.0,0.0,0.0,0.0,0.0,0.0
2025-11-01 02:00:00+00:00,195,2940,0.0,0.0,0.0,0.0,0.0,0.0,0.0,0.0,0.0,0.0,0.0,0.0,0.0,0.0,0.0,0.0,0.0,0.0,0.0,0.0,0.0
2025-11-01 02:15:00+00:00,196,2955,0.0,0.0,0.0,0.0,0.0,0.0,0.0,0.0,0.0,0.0,0.0,0.0,0.0,0.0,0.0,0.0,0.0,0.0,0.0,0.0,0.0
2025-11-01 02:30:00+00:00,197,2970,0.0,0.0,0.0,0.0,0.0,0.0,0.0,0.0,0.0,0.0,0.0,0.0,0.0,0.0,0.0,0.0,0.0,0.0,0.0,0.0,0.0
2025-11-01 02:45:00+00:00,198,2985,0.0,0.0,0.0,0.0,0.0,0.0,0.0,0.0,0.0,0.0,0.0,0.0,0.0,0.0,0.0,0.0,0.0,0.0,0.0,0.0,0.0
2025-11-01 03:00:00+00:00,199,3000,0.0,0.0,0.0,0.0,0.0,0.0,0.0,0.0,0.0,0.0,0.0,0.0,0.0,0.0,0.0,0.0,0.0,0.0,0.0,0.0,0.0
2025-11-01 03:15:00+00:00,200,3015,0.0,0.0,0.0,0.0,0.0,0.0,0.0,0.0,0.0,0.0,0.0,0.0,0.0,0.0,0.0,0.0,0.0,0.0,0.0,0.0,0.0
2025-11-01 03:30:00+00:00,201,3030,0.0,0.0,0.0,0.0,0.0,0.0,0.0,0.0,0.0,0.0,0.0,0.0,0.0,0.0,0.0,0.0,0.0,0.0,0.0,0.0,0.0
2025-11-01 03:45:00+00:00,202,3045,0.0,0.0,0.0,0.0,0.0,0.0,0.0,0.0,0.0,0.0,0.0,0.0,0.0,0.0,0.0,0.0,0.0,0.0,0.0,0.0,0.0
2025-11-01 04:00:00+00:00,203,3060,0.0,0.0,0.0,0.0,0.0,0.0,0.0,0.0,0.0,0.0,0.0,0.0,0.0,0.0,0.0,0.0,0.0,0.0,0.0,0.0,0.0
2025-11-01 04:15:00+00:00,204,3075,0.0,0.0,0.0,0.0,0.0,0.0,0.0,0.0,0.0,0.0,0.0,0.0,0.0,0.0,0.0,0.0,0.0,0.0,0.0,0.0,0.0
2025-11-01 04:30:00+00:00,205,3090,0.0,0.0,0.0,0.0,0.0,0.0,0.0,0.0,0.0,0.0,0.0,0.0,0.0,0.0,0.0,0.0,0.0,0.0,0.0,0.0,0.0
2025-11-01 04:45:00+00:00,206,3105,0.0,0.0,0.0,0.0,0.0,0.0,0.0,0.0,0.0,0.0,0.0,0.0,0.0,0.0,0.0,0.0,0.0,0.0,0.0,0.0,0.0
2025-11-01 05:00:00+00:00,207,3120,0.0,0.0,0.0,0.0,0.0,0.0,0.0,0.0,0.0,0.0,0.0,0.0,0.0,0.0,0.0,0.0,0.0,0.0,0.0,0.0,0.0
2025-11-01 05:15:00+00:00,208,3135,0.0,0.0,0.0,0.0,0.0,0.0,0.0,0.0,0.0,0.0,0.0,0.0,0.0,0.0,0.0,0.0,0.0,0.0,0.0,0.0,0.0
2025-11-01 05:30:00+00:00,209,3150,0.0,0.0,0.0,0.0,0.0,0.0,0.0,0.0,0.0,0.0,0.0,0.0,0.0,0.0,0.0,0.0,0.0,0.0,0.0,0.0,0.0
2025-11-01 05:45:00+00:00,210,3165,0.0,0.0,0.0,0.0,0.0,0.0,0.0,0.0,0.0,0.0,0.0,0.0,0.0,0.0,0.0,0.0,0.0,0.0,0.0,0.0,0.0
2025-11-01 06:00:00+00:00,211,3180,0.0,0.0,0.0,0.0,0.0,0.0,0.0,0.0,0.0,0.0,0.0,0.0,0.0,0.0,0.0,0.0,0.0,0.0,0.0,0.0,0.0
2025-11-01 06:15:00+00:00,212,3195,0.0,0.0,0.0,0.0,0.0,0.09775530447723475,0.36701114312505595,0.6362669817728771,0.9055228204206982,1.1747786590685194,1.444034497716341,2.7021640784052545,7.163141592056853,15.574912586634833,22.712356429263842,32.880384750063385,48.07796787724795,71.91284371929262,92.66352497046518,227.60203000745238,18.969456329275307
2025-11-01 06:30:00+00:00,213,3210,0.0,0.0,0.0,0.0,2.135498935152883,5.183438324416547,8.231377713680207,11.279317102943867,15.813232641974961,33.911626620198895,74.89577741121533,116.84061153667261,153.09870643888692,217.2288597324605,272.0507873215373,355.8189901640574,465.89538383535734,645.9744356327022,835.8772182642477,1806.8535942827837,195.22181520294887
2025-11-01 06:45:00+00:00,214,3225,73.75079443225654,118.64113271804152,187.95902364492215,267.00322310278506,379.69726501766627,512.0757112992856,675.8519084789247,762.1467675299917,870.4779465924893,983.4791420863767,1092.4602496546142,1204.4629373289208,1382.95423483912,1610.4638992913349,1818.9815598121284,2089.62790161702,2524.3492158371682,3155.3720949052395,3827.8239242347827,6960.4918720687665,1355.4824539669355
2025-11-01 07:00:00+00:00,215,3240,239.87031105510903,327.23368033605607,442.2001237289857,591.2385806267695,767.638499059823,1037.3984787667978,1282.4204982542485,1462.5090158066423,1634.971965646877,1821.2010456989553,2029.861650896172,2268.669048268424,2659.394323708975,3003.9766415576664,3278.6642274050573,3762.729791374141,4443.356014070379,5554.7349350522945,6790.500991009772,11606.375956966504,2472.769142799954
2025-11-01 07:15:00+00:00,216,3255,371.09156700869755,482.27622010585355,672.3097731273052,856.5967888451484,1134.1389577705672,1576.4909936390802,1815.2374863965576,2051.27671934574,2321.913072400557,2582.263223852133,2807.771772345669,3144.6850316487494,3652.9215242161863,4136.114667101817,4510.861544515805,5369.9250261563,6219.928808345813,7711.270521250133,9424.227001620688,16151.420152423538,3462.2631117789406
2025-11-01 07:30:00+00:00,217,3270,488.0331272397171,628.6776682315794,869.6825447078724,1149.5665441338836,1487.1600676802439,2039.4425106599313,2347.5265925161934,2641.2590675650745,3005.1136154010665,3329.055481836667,3650.887984487877,4112.880755222594,4774.808709221262,5336.452667180453,5773.975088759171,6665.207940469613,7888.223110928409,9781.46821736694,12189.196527099475,20884.383359626005,4451.42754506533
2025-11-01 07:45:00+00:00,218,3285,1751.47994111917,2263.846851198069,2968.941342384047,3842.0909618850656,4473.289359055131,5062.929772608556,5605.357652715303,6302.076902571066,6764.700223495179,7338.3491678836135,7964.947730568849,8397.778064732074,9235.856323079988,10835.176569473035,12539.554895706255,13971.302919538984,15392.121988903657,17973.987595182578,19198.707491118523,25255.389388648782,8708.437201206743
2025-11-01 08:00:00+00:00,219,3300,2209.277875081812,2982.649008636559,3877.3786344565065,4695.097843882318,5696.661320834284,6355.887511166535,7020.795140618457,7645.394736823121,8322.037782639129,9127.497234512217,9646.5295241776,10467.010566011812,12197.637660448137,13721.709101545106,15711.708959116673,17219.22429428414,18612.66181822149,21098.039514678683,22482.50599068177,29427.97765018066,10656.783136826785
2025-11-01 08:15:00+00:00,220,3315,2547.845643080753,3829.4788863089543,4912.166558490999,5733.509375275648,6761.287478528996,7617.609449267226,8360.154623494902,9171.989143172244,10175.319667512256,10779.354051847818,11651.231686299052,13515.232209708645,14916.966413816439,16748.55149461513,18838.025618638334,20014.67160203297,22085.678282420133,23916.31407781525,25419.51928719382,33347.47980378838,12642.518560738426
2025-11-01 08:30:00+00:00,221,3330,3373.160970921693,4412.077485426121,5470.304031032245,6880.318756654011,7750.798892293547,8876.88652646699,9811.563016913944,11060.884271970275,11734.647154681223,12785.467926742404,14645.239986835755,16228.391724796662,17890.253409263267,19547.085856188885,21458.68093613622,22304.94584007838,24551.564794043166,26386.39702827981,28301.124763289157,36976.13544786078,14546.760895406776
2025-11-01 08:45:00+00:00,222,3345,3625.5110393012424,4843.88102251977,6011.355571156758,7762.245679488893,8878.4951214114,9988.355714701414,11311.115959035074,12440.372113513453,13086.45798087633,14447.858539458386,16438.490499639443,18482.08852569406,20133.946417829884,22304.304706130682,23777.92196350471,25073.85717581193,26872.85301922325,28663.964900475374,30654.026582719423,40286.284166466445,16104.736073349453
2025-11-01 09:00:00+00:00,223,3360,4102.5988660595485,5238.452510676493,6570.444837418889,8521.561726198308,9728.55562191466,11147.521745471207,12961.104208774179,13674.86537189964,14831.8515620476,16628.495988955154,18124.528459455345,20248.92850549413,22194.457754220402,24525.36339014049,25737.702548749978,27290.860738793373,29548.085877541696,30936.58909251478,33023.370128274815,43270.773713405026,17680.72709218597
2025-11-01 09:15:00+00:00,224,3375,4652.402610169229,6228.283917857613,7146.800443253143,9045.004737449617,10508.729391683906,11608.019094066447,13741.106297953062,14668.359027565264,15738.149258410423,16983.294844902928,19154.896754255144,22100.36228917218,23940.495115537295,26434.033080874662,27662.11838655541,29327.751022699154,31649.028900860212,33314.450825315136,35547.009421083574,46121.45937869679,19007.63385291163
2025-11-01 09:30:00+00:00,225,3390,5332.756621550798,6923.373470265692,8037.441558285945,9825.453043025957,11226.601176241466,12683.518633210724,14581.680018300303,15586.697217268485,16742.730226728665,18145.93074046019,21326.887697316568,24080.91810714892,26179.932627157745,28466.266807692493,30369.18011478667,32073.778285219316,33829.691131984,35451.549891883,37662.37217619819,48430.15257395089,20522.597648615283
2025-11-01 09:45:00+00:00,226,3405,5829.408061746206,7524.638805760471,8659.68954646022,10264.238945927971,11895.543235821857,13736.036310578653,15680.054255721532,16520.096894251215,17759.17153435757,19574.545292106668,22811.724880089103,25668.324220943698,29080.767100799567,30357.06998889806,32337.982291334665,34008.37437364234,35300.18929463316,37053.854113196445,39394.48226469218,50344.639884113916,21827.412953368497
2025-11-01 10:00:00+00:00,227,3420,6721.561066923543,8394.474283302949,9663.739598806818,10988.83542405479,12655.927264746815,14534.073381146043,16403.651235236124,17385.31382917663,18987.552618781938,21567.792137079505,24084.71748607746,27016.616610599078,30311.271125210038,31677.646701663707,33919.771923588305,35634.76767758503,36661.35710512668,38373.57417978184,40566.606368058754,51857.94081268012,22974.349583696967
2025-11-01 10:15:00+00:00,228,3435,7176.565039245902,8949.698821776643,9970.106400344339,11445.0615961569,12975.015417370438,15023.73140205624,17213.343565496714,18027.681743390163,20058.29205570417,22507.44385924587,25851.977056204494,27967.719865476007,31499.520682018392,32615.620695556623,34627.98279162729,36407.637045392796,37524.04143197694,39182.72231717496,41648.175830263426,52964.99663345287,23842.16816986625
2025-11-01 10:30:00+00:00,229,3450,7557.704673970677,9192.771521421259,10347.186545221088,11926.055734125464,13765.185301798327,15613.886538348523,17676.621178978457,18624.720121094295,20350.85476400343,22679.43856582007,25298.699626068414,28463.54159663355,31970.694656125743,33410.7409396427,35211.905481092326,36947.47632430244,38103.37019491886,39554.12866593133,42069.45035608712,53662.569339762194,24118.561184068243
2025-11-01 10:45:00+00:00,230,3465,7535.324010178492,9038.170022291675,10039.257749679771,11666.536802366558,12838.853061640657,14762.870622554858,16413.43616178632,18330.237718207154,19321.51382809024,20902.654833994417,23456.875963846993,26573.574345735127,28928.53408687081,32542.972965146895,33976.10141220895,36468.533935280655,37979.697286545,38984.896769355204,40968.65084527697,53949.211496801145,23248.172132354797
2025-11-01 11:00:00+00:00,231,3480,7399.950604674574,8773.251355734585,10049.611978391347,11256.038473359858,12697.799084531503,14259.094078884771,15958.4137926309,18136.30112193872,19105.46578433879,21301.373406861534,23638.014419600004,26767.969185070182,29078.15591304203,32408.597341007124,33955.04055469712,36365.6741940389,37828.13617351575,38834.26127937048,40563.73460796571,53825.27223250015,23081.091797732202
2025-11-01 11:15:00+00:00,232,3495,6752.287446265321,8156.253298144526,9449.845734077979,10585.274778684885,12083.376051217818,13491.12264482021,15244.150206078119,16653.748092591042,18351.60735346595,20048.8266983317,21856.033425605503,24326.59602045322,27828.981762169817,30461.65551467163,32654.53116865578,35008.21815340976,36933.84114852661,38154.19193727342,40035.078164881365,53292.921506246785,22047.751091222053
2025-11-01 11:30:00+00:00,233,3510,6467.372698511229,7879.502244854621,9351.220191045371,10301.531714083236,11580.17750827529,12618.720890688584,13904.670704876728,15304.107500284246,17162.194659975637,18198.213347123507,19662.19407488195,21070.020243113744,23271.155810299908,26992.394945198263,28954.925797779593,32091.47926122329,34366.76931751645,37033.59550230178,38669.841584620845,52356.18564691931,20374.194741827177
2025-11-01 11:45:00+00:00,234,3525,6022.797726684401,7417.340670928517,8763.987649694645,9485.90249757657,10611.52965132135,11665.47201811278,12918.244927030299,14023.749949218467,15187.813878774708,16937.506859932324,17832.080244249937,19806.106344529446,21820.301534932525,23777.552196250483,27148.425929838184,30214.540158766395,32135.199799845046,35098.93954355605,36719.179233924435,51020.99561097949,18969.353316817258
2025-11-01 12:00:00+00:00,235,3540,5451.090698274049,7021.355021824902,8338.136652325407,9025.713856501556,10078.523943287084,11258.132871795933,12351.726529384776,13532.320197326473,14494.724263257334,15775.623609036335,16888.517941293467,17772.144056076835,19746.56413883611,21702.49645501497,25116.87590617156,27167.616726217413,30351.230803591578,33292.08433149556,35007.38215753001,49295.257783875335,17761.589126864455
2025-11-01 12:15:00+00:00,236,3555,4921.629370413938,6274.503401950656,7819.63362081235,8404.044296051912,9393.475080500375,10598.150760168754,11701.099149135314,12720.600993543783,13754.047654457187,15145.414826371658,16174.736742186387,16967.00041371295,18820.74624547111,20672.125048718135,23715.574618711595,25880.161865351572,28407.250639817943,30726.85956982392,33585.94327928268,47188.967040964686,16776.817249140728
2025-11-01 12:30:00+00:00,237,3570,4093.206566634917,5721.772900679196,7147.0567636628675,7832.991008017292,8639.380047843202,9890.36774138734,10878.46206359026,11863.883930219457,12772.558396355607,14264.495593981674,15208.324289384027,16060.456709339129,17741.655444562028,19437.425618663226,22187.498346962388,24115.765791638936,26570.924425598503,28661.994161129125,31539.3532371791,44714.396592343815,15671.553794668778
2025-11-01 12:45:00+00:00,238,3585,2980.98677574306,4806.71744581607,6042.672321665172,6915.525425195077,7528.983487694181,8733.331912155034,9478.546590702861,10669.59559733747,11343.00851193467,12686.897041493296,13688.619889104597,14294.011619738152,15755.48162938725,17710.259292554216,19854.460220929486,22670.169892940245,24660.84897248843,27535.34208594078,30377.956747688146,41748.83694266468,14427.633156951602
2025-11-01 13:00:00+00:00,239,3600,2467.130439317103,3965.830962449201,5372.184666843795,6208.759293290245,6723.187807641959,7698.447164991631,8501.072214192754,9442.158860153586,10309.546605781485,11773.661953157089,12723.59058663607,13323.25147474846,14605.145447361758,16107.567957670695,17810.471491680208,20684.031027091558,22508.08561153132,25260.554083035306,27195.971001709015,38629.27097779241,13090.124041537578
2025-11-01 13:15:00+00:00,240,3615,1989.2419479106265,3446.4470471458926,4449.152849977291,5533.072618556644,6010.876553801758,7030.9790243358175,7795.411658459348,9054.583941699892,9913.501141239876,11043.618818485793,11820.049792115055,12551.881635464184,13436.04146393545,14985.904218183498,17437.465349889964,19170.042851774622,20830.75024038512,23246.087910582064,24730.333049506753,35252.49054805485,12094.007373876417
2025-11-01 13:30:00+00:00,241,3630,1587.7152236796435,2956.6183312491353,3807.2271904231375,4839.901731998542,5274.3637051562955,6349.2573672686085,6947.93582885323,7955.402553612545,8816.703527547115,9822.293048880803,10527.551457510914,11263.755048854397,12159.018036888363,13476.372004066945,15475.218671126386,17082.04645031341,18499.00397255724,20692.74469956663,22409.30115124254,31603.93683367524,10760.373934269428
2025-11-01 13:45:00+00:00,242,3645,1694.0887697293554,2654.259724731735,3627.352473429433,4263.089924314559,4842.648878870572,5477.65466947554,6193.224408370176,7049.078558838861,7912.763901972895,8820.581585755886,9382.231102392725,10086.393622113257,10934.338687829315,12001.331496557126,13592.589396117395,14913.995997091515,16039.702525464076,17737.792675515655,19815.64540012745,27717.97591522751,9514.693865605414
2025-11-01 14:00:00+00:00,243,3660,1232.7659721354166,1989.1197497874946,2694.4349273328717,3300.4521665324,3811.540129249899,4476.84878581905,5030.650607121685,5664.181256885361,6332.399293196558,7184.352831563303,7852.91010021371,8389.786936823222,8985.071906560375,9794.458743887179,10754.659596211239,12335.106379447316,12995.253447126897,14318.845101440738,16139.979204163259,23638.864235421628,7726.089588131153
2025-11-01 14:15:00+00:00,244,3675,853.8489808179432,1612.1994004034846,2019.834580865748,2614.2084912476594,3098.9402884073825,3535.3494844808315,3845.79075642182,4352.284619615711,4892.829088322075,5422.566729396469,6108.8517954492645,6630.898878606892,7123.446778218966,7775.669584324469,8446.191018548481,9493.286932288143,10521.010697143576,11590.980003895436,13136.470385770559,19426.255326940736,6118.777246328015
2025-11-01 14:30:00+00:00,245,3690,657.674578757967,1239.8537861803845,1620.120621486494,1986.7178989832887,2434.5577495496823,2789.130428313464,3057.5595982353757,3326.5076866876598,3676.696084897879,3992.9361286109765,4370.677157503083,4899.776578642322,5292.79617593858,5722.101255276594,6400.694071774663,7022.9198009952415,8113.751454915695,8824.577839013798,10032.347767925276,14974.264945161824,4638.500928623084
2025-11-01 14:45:00+00:00,246,3705,539.5946707399387,929.4526051425531,1217.5523963183462,1482.1358268364702,1723.2696073661766,1945.4369439087632,2189.5816276851165,2338.82003331172,2490.9007274703404,2825.323248604428,2983.7921492682713,3265.7150786811085,3664.645726666228,3943.4485323269005,4293.660521544023,4865.8848656599885,5656.911827245991,6375.525804565856,7345.872841837958,10706.70563318627,3269.805406773363
2025-11-01 15:00:00+00:00,247,3720,384.2388114150757,703.5005291977498,852.4850167368784,1008.3442977540082,1163.889082703321,1272.6609178890324,1401.333812738245,1494.7872770739318,1580.6759219325709,1745.8336240549813,1851.7004866443883,2004.6189767557394,2172.181572425155,2419.0234434350655,2561.152362076382,2888.444152363139,3254.3337963465424,3720.6753834111014,4312.332161187031,6564.927142355017,1986.6059157138852
2025-11-01 15:15:00+00:00,248,3735,140.02688754200378,227.33667707166066,265.6832839570387,295.57711478012163,336.37291101580496,380.9714624121253,415.7799218161509,455.35022915502105,485.4742781775712,511.94141872185094,566.6870883099976,599.8319581591362,654.8840759956756,718.5890510993825,793.9492160723404,901.6592711377166,1000.4010376970498,1183.3628731550853,1406.2833461936038,2037.5031212364402,614.8383853138388
2025-11-01 15:30:00+00:00,249,3750,23.299674025855595,32.47082409776955,38.72796368380841,44.37214747622347,48.4165171909677,53.962089470344225,60.17803468958591,66.52414795167122,72.8079327524926,77.0210736307078,83.06993296005191,89.82407325514241,97.2023579205905,104.95424224798998,119.40824494217436,131.1028343227098,149.16711535112677,172.0931395851105,196.43735593658664,305.04165488483994,90.34837117029565
2025-11-01 15:45:00+00:00,250,3765,0.0,0.0,0.0,0.0,0.0,0.0,0.0,0.0,0.0,0.0,0.0,0.0,0.0,0.0,0.0,0.0,0.0,0.0,0.0,0.0,0.0
2025-11-01 16:00:00+00:00,251,3780,0.0,0.0,0.0,0.0,0.0,0.0,0.0,0.0,0.0,0.0,0.0,0.0,0.0,0.0,0.0,0.0,0.0,0.0,0.0,0.0,0.0
2025-11-01 16:15:00+00:00,252,3795,0.0,0.0,0.0,0.0,0.0,0.0,0.0,0.0,0.0,0.0,0.0,0.0,0.0,0.0,0.0,0.0,0.0,0.0,0.0,0.0,0.0
2025-11-01 16:30:00+00:00,253,3810,0.0,0.0,0.0,0.0,0.0,0.0,0.0,0.0,0.0,0.0,0.0,0.0,0.0,0.0,0.0,0.0,0.0,0.0,0.0,0.0,0.0
2025-11-01 16:45:00+00:00,254,3825,0.0,0.0,0.0,0.0,0.0,0.0,0.0,0.0,0.0,0.0,0.0,0.0,0.0,0.0,0.0,0.0,0.0,0.0,0.0,0.0,0.0
2025-11-01 17:00:00+00:00,255,3840,0.0,0.0,0.0,0.0,0.0,0.0,0.0,0.0,0.0,0.0,0.0,0.0,0.0,0.0,0.0,0.0,0.0,0.0,0.0,0.0,0.0
2025-11-01 17:15:00+00:00,256,3855,0.0,0.0,0.0,0.0,0.0,0.0,0.0,0.0,0.0,0.0,0.0,0.0,0.0,0.0,0.0,0.0,0.0,0.0,0.0,0.0,0.0
2025-11-01 17:30:00+00:00,257,3870,0.0,0.0,0.0,0.0,0.0,0.0,0.0,0.0,0.0,0.0,0.0,0.0,0.0,0.0,0.0,0.0,0.0,0.0,0.0,0.0,0.0
2025-11-01 17:45:00+00:00,258,3885,0.0,0.0,0.0,0.0,0.0,0.0,0.0,0.0,0.0,0.0,0.0,0.0,0.0,0.0,0.0,0.0,0.0,0.0,0.0,0.0,0.0
2025-11-01 18:00:00+00:00,259,3900,0.0,0.0,0.0,0.0,0.0,0.0,0.0,0.0,0.0,0.0,0.0,0.0,0.0,0.0,0.0,0.0,0.0,0.0,0.0,0.0,0.0
2025-11-01 18:15:00+00:00,260,3915,0.0,0.0,0.0,0.0,0.0,0.0,0.0,0.0,0.0,0.0,0.0,0.0,0.0,0.0,0.0,0.0,0.0,0.0,0.0,0.0,0.0
2025-11-01 18:30:00+00:00,261,3930,0.0,0.0,0.0,0.0,0.0,0.0,0.0,0.0,0.0,0.0,0.0,0.0,0.0,0.0,0.0,0.0,0.0,0.0,0.0,0.0,0.0
2025-11-01 18:45:00+00:00,262,3945,0.0,0.0,0.0,0.0,0.0,0.0,0.0,0.0,0.0,0.0,0.0,0.0,0.0,0.0,0.0,0.0,0.0,0.0,0.0,0.0,0.0
2025-11-01 19:00:00+00:00,263,3960,0.0,0.0,0.0,0.0,0.0,0.0,0.0,0.0,0.0,0.0,0.0,0.0,0.0,0.0,0.0,0.0,0.0,0.0,0.0,0.0,0.0
2025-11-01 19:15:00+00:00,264,3975,0.0,0.0,0.0,0.0,0.0,0.0,0.0,0.0,0.0,0.0,0.0,0.0,0.0,0.0,0.0,0.0,0.0,0.0,0.0,0.0,0.0
2025-11-01 19:30:00+00:00,265,3990,0.0,0.0,0.0,0.0,0.0,0.0,0.0,0.0,0.0,0.0,0.0,0.0,0.0,0.0,0.0,0.0,0.0,0.0,0.0,0.0,0.0
2025-11-01 19:45:00+00:00,266,4005,0.0,0.0,0.0,0.0,0.0,0.0,0.0,0.0,0.0,0.0,0.0,0.0,0.0,0.0,0.0,0.0,0.0,0.0,0.0,0.0,0.0
2025-11-01 20:00:00+00:00,267,4020,0.0,0.0,0.0,0.0,0.0,0.0,0.0,0.0,0.0,0.0,0.0,0.0,0.0,0.0,0.0,0.0,0.0,0.0,0.0,0.0,0.0
2025-11-01 20:15:00+00:00,268,4035,0.0,0.0,0.0,0.0,0.0,0.0,0.0,0.0,0.0,0.0,0.0,0.0,0.0,0.0,0.0,0.0,0.0,0.0,0.0,0.0,0.0
2025-11-01 20:30:00+00:00,269,4050,0.0,0.0,0.0,0.0,0.0,0.0,0.0,0.0,0.0,0.0,0.0,0.0,0.0,0.0,0.0,0.0,0.0,0.0,0.0,0.0,0.0
2025-11-01 20:45:00+00:00,270,4065,0.0,0.0,0.0,0.0,0.0,0.0,0.0,0.0,0.0,0.0,0.0,0.0,0.0,0.0,0.0,0.0,0.0,0.0,0.0,0.0,0.0
2025-11-01 21:00:00+00:00,271,4080,0.0,0.0,0.0,0.0,0.0,0.0,0.0,0.0,0.0,0.0,0.0,0.0,0.0,0.0,0.0,0.0,0.0,0.0,0.0,0.0,0.0
2025-11-01 21:15:00+00:00,272,4095,0.0,0.0,0.0,0.0,0.0,0.0,0.0,0.0,0.0,0.0,0.0,0.0,0.0,0.0,0.0,0.0,0.0,0.0,0.0,0.0,0.0
2025-11-01 21:30:00+00:00,273,4110,0.0,0.0,0.0,0.0,0.0,0.0,0.0,0.0,0.0,0.0,0.0,0.0,0.0,0.0,0.0,0.0,0.0,0.0,0.0,0.0,0.0
2025-11-01 21:45:00+00:00,274,4125,0.0,0.0,0.0,0.0,0.0,0.0,0.0,0.0,0.0,0.0,0.0,0.0,0.0,0.0,0.0,0.0,0.0,0.0,0.0,0.0,0.0
2025-11-01 22:00:00+00:00,275,4140,0.0,0.0,0.0,0.0,0.0,0.0,0.0,0.0,0.0,0.0,0.0,0.0,0.0,0.0,0.0,0.0,0.0,0.0,0.0,0.0,0.0
2025-11-01 22:15:00+00:00,276,4155,0.0,0.0,0.0,0.0,0.0,0.0,0.0,0.0,0.0,0.0,0.0,0.0,0.0,0.0,0.0,0.0,0.0,0.0,0.0,0.0,0.0
2025-11-01 22:30:00+00:00,277,4170,0.0,0.0,0.0,0.0,0.0,0.0,0.0,0.0,0.0,0.0,0.0,0.0,0.0,0.0,0.0,0.0,0.0,0.0,0.0,0.0,0.0
2025-11-01 22:45:00+00:00,278,4185,0.0,0.0,0.0,0.0,0.0,0.0,0.0,0.0,0.0,0.0,0.0,0.0,0.0,0.0,0.0,0.0,0.0,0.0,0.0,0.0,0.0
2025-11-01 23:00:00+00:00,279,4200,0.0,0.0,0.0,0.0,0.0,0.0,0.0,0.0,0.0,0.0,0.0,0.0,0.0,0.0,0.0,0.0,0.0,0.0,0.0,0.0,0.0
2025-11-01 23:15:00+00:00,280,4215,0.0,0.0,0.0,0.0,0.0,0.0,0.0,0.0,0.0,0.0,0.0,0.0,0.0,0.0,0.0,0.0,0.0,0.0,0.0,0.0,0.0
2025-11-01 23:30:00+00:00,281,4230,0.0,0.0,0.0,0.0,0.0,0.0,0.0,0.0,0.0,0.0,0.0,0.0,0.0,0.0,0.0,0.0,0.0,0.0,0.0,0.0,0.0
2025-11-01 23:45:00+00:00,282,4245,0.0,0.0,0.0,0.0,0.0,0.0,0.0,0.0,0.0,0.0,0.0,0.0,0.0,0.0,0.0,0.0,0.0,0.0,0.0,0.0,0.0
2025-11-02 00:00:00+00:00,283,4260,0.0,0.0,0.0,0.0,0.0,0.0,0.0,0.0,0.0,0.0,0.0,0.0,0.0,0.0,0.0,0.0,0.0,0.0,0.0,0.0,0.0
2025-11-02 00:15:00+00:00,284,4275,0.0,0.0,0.0,0.0,0.0,0.0,0.0,0.0,0.0,0.0,0.0,0.0,0.0,0.0,0.0,0.0,0.0,0.0,0.0,0.0,0.0
2025-11-02 00:30:00+00:00,285,4290,0.0,0.0,0.0,0.0,0.0,0.0,0.0,0.0,0.0,0.0,0.0,0.0,0.0,0.0,0.0,0.0,0.0,0.0,0.0,0.0,0.0
2025-11-02 00:45:00+00:00,286,4305,0.0,0.0,0.0,0.0,0.0,0.0,0.0,0.0,0.0,0.0,0.0,0.0,0.0,0.0,0.0,0.0,0.0,0.0,0.0,0.0,0.0
2025-11-02 01:00:00+00:00,287,4320,0.0,0.0,0.0,0.0,0.0,0.0,0.0,0.0,0.0,0.0,0.0,0.0,0.0,0.0,0.0,0.0,0.0,0.0,0.0,0.0,0.0
2025-11-02 01:15:00+00:00,288,4335,0.0,0.0,0.0,0.0,0.0,0.0,0.0,0.0,0.0,0.0,0.0,0.0,0.0,0.0,0.0,0.0,0.0,0.0,0.0,0.0,0.0
2025-11-02 01:30:00+00:00,289,4350,0.0,0.0,0.0,0.0,0.0,0.0,0.0,0.0,0.0,0.0,0.0,0.0,0.0,0.0,0.0,0.0,0.0,0.0,0.0,0.0,0.0
2025-11-02 01:45:00+00:00,290,4365,0.0,0.0,0.0,0.0,0.0,0.0,0.0,0.0,0.0,0.0,0.0,0.0,0.0,0.0,0.0,0.0,0.0,0.0,0.0,0.0,0.0
2025-11-02 02:00:00+00:00,291,4380,0.0,0.0,0.0,0.0,0.0,0.0,0.0,0.0,0.0,0.0,0.0,0.0,0.0,0.0,0.0,0.0,0.0,0.0,0.0,0.0,0.0
2025-11-02 02:15:00+00:00,292,4395,0.0,0.0,0.0,0.0,0.0,0.0,0.0,0.0,0.0,0.0,0.0,0.0,0.0,0.0,0.0,0.0,0.0,0.0,0.0,0.0,0.0
2025-11-02 02:30:00+00:00,293,4410,0.0,0.0,0.0,0.0,0.0,0.0,0.0,0.0,0.0,0.0,0.0,0.0,0.0,0.0,0.0,0.0,0.0,0.0,0.0,0.0,0.0
2025-11-02 02:45:00+00:00,294,4425,0.0,0.0,0.0,0.0,0.0,0.0,0.0,0.0,0.0,0.0,0.0,0.0,0.0,0.0,0.0,0.0,0.0,0.0,0.0,0.0,0.0
2025-11-02 03:00:00+00:00,295,4440,0.0,0.0,0.0,0.0,0.0,0.0,0.0,0.0,0.0,0.0,0.0,0.0,0.0,0.0,0.0,0.0,0.0,0.0,0.0,0.0,0.0
2025-11-02 03:15:00+00:00,296,4455,0.0,0.0,0.0,0.0,0.0,0.0,0.0,0.0,0.0,0.0,0.0,0.0,0.0,0.0,0.0,0.0,0.0,0.0,0.0,0.0,0.0
2025-11-02 03:30:00+00:00,297,4470,0.0,0.0,0.0,0.0,0.0,0.0,0.0,0.0,0.0,0.0,0.0,0.0,0.0,0.0,0.0,0.0,0.0,0.0,0.0,0.0,0.0
2025-11-02 03:45:00+00:00,298,4485,0.0,0.0,0.0,0.0,0.0,0.0,0.0,0.0,0.0,0.0,0.0,0.0,0.0,0.0,0.0,0.0,0.0,0.0,0.0,0.0,0.0
2025-11-02 04:00:00+00:00,299,4500,0.0,0.0,0.0,0.0,0.0,0.0,0.0,0.0,0.0,0.0,0.0,0.0,0.0,0.0,0.0,0.0,0.0,0.0,0.0,0.0,0.0
2025-11-02 04:15:00+00:00,300,4515,0.0,0.0,0.0,0.0,0.0,0.0,0.0,0.0,0.0,0.0,0.0,0.0,0.0,0.0,0.0,0.0,0.0,0.0,0.0,0.0,0.0
2025-11-02 04:30:00+00:00,301,4530,0.0,0.0,0.0,0.0,0.0,0.0,0.0,0.0,0.0,0.0,0.0,0.0,0.0,0.0,0.0,0.0,0.0,0.0,0.0,0.0,0.0
2025-11-02 04:45:00+00:00,302,4545,0.0,0.0,0.0,0.0,0.0,0.0,0.0,0.0,0.0,0.0,0.0,0.0,0.0,0.0,0.0,0.0,0.0,0.0,0.0,0.0,0.0
2025-11-02 05:00:00+00:00,303,4560,0.0,0.0,0.0,0.0,0.0,0.0,0.0,0.0,0.0,0.0,0.0,0.0,0.0,0.0,0.0,0.0,0.0,0.0,0.0,0.0,0.0
2025-11-02 05:15:00+00:00,304,4575,0.0,0.0,0.0,0.0,0.0,0.0,0.0,0.0,0.0,0.0,0.0,0.0,0.0,0.0,0.0,0.0,0.0,0.0,0.0,0.0,0.0
2025-11-02 05:30:00+00:00,305,4590,0.0,0.0,0.0,0.0,0.0,0.0,0.0,0.0,0.0,0.0,0.0,0.0,0.0,0.0,0.0,0.0,0.0,0.0,0.0,0.0,0.0
2025-11-02 05:45:00+00:00,306,4605,0.0,0.0,0.0,0.0,0.0,0.0,0.0,0.0,0.0,0.0,0.0,0.0,0.0,0.0,0.0,0.0,0.0,0.0,0.0,0.0,0.0
2025-11-02 06:00:00+00:00,307,4620,0.0,0.0,0.0,0.0,0.0,0.0,0.0,0.0,0.0,0.0,0.0,0.0,0.0,0.0,0.0,0.0,0.0,0.0,0.0,0.0,0.0
2025-11-02 06:15:00+00:00,308,4635,0.0,0.0,0.0,0.0,0.00919799108363989,0.2011294050289255,0.3930608189742109,0.5849922329194963,0.7769236468647817,0.9688550608100671,2.4728799028365858,5.620574910132141,8.003650204755354,10.36794250620375,13.788939955583233,19.629029284310132,23.1813922518636,28.90560677944668,45.51116954360333,147.22451117814938,10.615980408969786
2025-11-02 06:30:00+00:00,309,4650,0.0,0.0,0.0,1.1924603338384259,3.647987205492549,6.1035140771466745,8.559040948800797,13.52825594257853,41.81598889650327,58.72433847533205,77.24491340332742,103.38485050032982,135.04859691014255,163.55169515089372,199.31545015059882,246.35689179145817,283.1306463835316,340.42460818993493,513.9647862155183,1410.2295188926155,136.0008588284791
2025-11-02 06:45:00+00:00,310,4665,72.56668407954028,132.10431978879683,178.32152252353202,240.60391652812666,295.9532339568676,361.9675898580965,438.68081393298456,517.8542820157281,623.3576560818768,697.5599668074996,769.5067318200737,871.407739830042,998.6865046245786,1111.6231676066104,1269.3627332175458,1471.579521653928,1652.7840409147022,1926.7025895528209,2605.223217060029,6246.6691569561835,940.0418580288164
2025-11-02 07:00:00+00:00,311,4680,344.99917144814384,435.5438627519933,512.4964397442909,634.7220582634776,733.0447003491623,862.8651340067875,994.1636184654884,1116.0599484975285,1321.944077439831,1446.153094520515,1551.4013824547205,1788.693866414156,1990.389504538737,2204.886248887274,2483.905408328369,2831.3382008378526,3182.0626293802416,3636.459873743282,4553.301925680244,11067.64220353275,1868.7114792617242
2025-11-02 07:15:00+00:00,312,4695,436.42770122941135,588.1050427778104,717.7081767781104,863.8716576014785,1010.1889607966995,1225.339007742345,1414.715529748371,1603.6093039614254,1870.2690488757075,2016.8260298396306,2180.6064860765255,2524.5379903619337,2784.134975791238,3106.1560794566417,3490.1235579379504,3990.6399235649583,4443.621245847511,5096.0473666135595,6885.2269621266605,15510.44792062882,2643.0018036130336
2025-11-02 07:30:00+00:00,313,4710,549.1070960089052,736.034894719931,887.6234878892565,1127.681845435832,1352.8755627437943,1574.4372862897749,1822.923564836383,2043.2636208067709,2403.3951479062753,2543.9811843819534,2839.643776646259,3273.7834308773154,3624.0624430946455,3921.041219919772,4505.844800607766,5166.054373296396,5734.145371998423,6647.838533309706,8961.999782964329,20306.096750788554,3415.830672721082
2025-11-02 07:45:00+00:00,314,4725,1437.6126289140427,1873.4601791323,2363.747512761362,2634.479422076278,2906.141216264732,3267.648069112736,3475.572013530595,3637.1726809908855,4149.894179514566,4620.374536938891,5080.63649190318,5557.786545824287,6068.172566295683,6686.899743643073,7265.177071202919,7775.375780251426,9363.006564615158,11711.764833556474,14310.113060776988,24674.1060769887,5703.708323918367
2025-11-02 08:00:00+00:00,315,4740,1722.6481156344794,2422.129502008676,2861.1046412175597,3123.7193243789425,3486.6637669590764,3819.7559058202887,4066.9782892367543,4328.963905411057,4815.891338001601,5406.675565592873,5944.400508580895,6554.1537705839855,7299.262821228453,8060.813607251221,8612.49845198381,9374.739791017684,11071.953305763056,14072.384955214902,16766.283661186728,28848.07106681412,6765.791201087711
2025-11-02 08:15:00+00:00,316,4755,1828.1450491502526,2635.0884029523786,3091.474577662766,3498.300453115098,3866.417338209357,4213.050099951776,4444.631338423939,4757.247673642589,5319.811319201819,6060.439131875074,6630.427222029886,7268.761366125244,8181.9705187293985,9118.516118424845,9830.993246780627,10820.728702423437,13081.484583174204,16831.07765789022,19233.542364008485,32770.825395583845,7681.718098999921
2025-11-02 08:30:00+00:00,317,4770,1841.9567794956413,2794.4867523022285,3302.6957907119827,3655.08415209311,4159.981433967749,4501.392243428061,4775.5388773495315,5053.81387897903,5603.787117907216,6385.96532274884,7009.057984691993,7862.744648907651,8822.496099598324,9878.155999021754,10656.929849928025,11648.936931013552,14366.144733289839,18509.80829639193,21215.365617900974,36403.34716915328,8311.58460534799
2025-11-02 08:45:00+00:00,318,4785,1947.7871477100755,2947.894540573339,3461.9797670902567,3883.870152098148,4283.256244456445,4798.581041188786,5082.745078507785,5372.693103617279,5905.2159030896355,6673.976423657759,7523.778041146363,8383.390190308372,9211.923875070259,10330.886031315446,11255.34645512883,12180.109878985626,14513.054108204245,17930.68399369722,22529.42055342818,39717.35159722923,8679.703314303551
2025-11-02 09:00:00+00:00,319,4800,1946.646213434185,3045.371873396273,3481.1949019772046,3961.4083367342446,4406.147303076279,4952.987474464461,5263.837880756734,5557.775961598682,6024.664564869528,6576.147761267383,7613.991599423842,8343.544709731275,9310.172509463953,10376.92077856216,11536.379977270997,12739.18039507879,14885.751649977694,18786.615592811813,24237.665404107836,42691.33606630003,8971.692854902822
2025-11-02 09:15:00+00:00,320,4815,1802.8071651369057,2902.863439248888,3398.9963537481144,3890.8283327568397,4342.105455981651,4941.066466291454,5313.000906956447,5614.945033382995,6151.373022596036,6599.686893405322,7337.54039986932,8085.172998449096,9074.179498747277,10203.909369916575,11851.0137367533,13356.563325542236,15241.414906978596,20111.115975683548,27457.470344274403,45497.34738015469,9244.167716855914
2025-11-02 09:30:00+00:00,321,4830,1691.0761323720374,2805.2339052065586,3265.970306095845,3783.7923426267225,4325.520263359617,4818.256066956771,5334.760672515809,5623.46196927187,6067.2792320176795,6606.379923089542,7223.719135160388,8222.888189290647,9301.400652870167,10482.24089016478,12091.423491177919,13839.095238504966,16011.274063301618,20736.714182209213,28733.470199630632,47850.2144346533,9445.27851888395
2025-11-02 09:45:00+00:00,322,4845,2015.8284650504572,3050.6042054361997,3417.3629285174684,3801.3097529965576,4334.461950385387,4845.321530203053,5483.330074185765,5899.678589271722,6458.049031890962,6980.345977693142,7676.433932008666,8673.548560554378,9893.960031319233,11124.787738618,13020.871608569143,14533.663748136165,17317.95000015076,21422.661467939477,27884.084824777994,49768.43558808975,9827.764125335638
2025-11-02 10:00:00+00:00,323,4860,2101.447121501791,3094.074477225355,3539.320770005822,3861.173179920966,4523.854626408894,4995.509533042668,5802.604582149729,6308.321853142288,6856.485305894888,7304.090024286085,8275.081793166984,9303.94122834766,10565.897993991739,12909.346396318466,14090.816894737638,15892.027708959267,18484.809050223233,23854.783306180154,28381.62720463797,51284.77582969852,10474.13944423763
2025-11-02 10:15:00+00:00,324,4875,1898.6291877503986,2765.3224732157505,3425.9647702703287,3873.1934653903922,4393.035598023989,5174.109758318953,5861.9105871189895,6378.735120806868,7046.108305580826,7614.303844552474,8204.205727841514,9307.293848443847,10573.920255119185,11919.196428893107,13584.330678700477,15295.654955861139,17587.109231042126,21148.94905369425,28364.93258429835,52394.2438161297,10171.640154808949
2025-11-02 10:30:00+00:00,325,4890,1753.714891757606,2773.959870962727,3270.9978128352536,3785.7180941150314,4346.487422514304,4943.218697426272,5712.976440084669,6289.314506452708,6875.071427404887,7346.152529919586,8040.601434035567,8945.983374491456,10203.753016641745,11365.927330733091,13379.449968241686,14923.971869636784,17370.919016865628,20976.940793864316,28009.91766957456,53093.664938120906,10168.778402297163
2025-11-02 10:45:00+00:00,326,4905,1515.9746884092654,2419.568593486471,3016.928662536084,3517.7285735826435,3964.5623356284796,4630.525362908722,5403.687136668346,6023.981341253412,6568.796097399522,7131.698409532378,7790.659800992754,8796.45051992994,9706.972066635257,11147.374734308334,13127.093556085672,14489.411589296864,16756.62365599935,20751.37484054844,27900.015279453262,53381.644479684684,9881.831684515699
2025-11-02 11:00:00+00:00,327,4920,1191.5999377672204,2102.5239352842104,2716.35151990707,3190.050848811141,3633.5804313244757,4200.988142235228,4909.478340201112,5752.302302046426,6312.91344223447,6846.621135322494,7388.2081076824725,8177.663095001083,9102.403687277218,10636.123532102238,12347.777128070353,13708.359063266862,15725.672871390228,18700.169482570058,26049.91860486455,53258.57048897741,9273.318722201935
2025-11-02 11:15:00+00:00,328,4935,1318.432701140278,2263.290024934209,2732.5662709351745,3216.449478638296,3648.8124977632583,4165.381237642583,4681.290885469451,5451.139501767758,6060.247371818794,6586.966958276886,7103.787866165241,7690.175965058342,8720.051530485083,10003.686627517382,11506.792490318761,13112.12012598977,14992.17660519973,17839.195075678894,22686.36069737998,52726.63716329636,8815.428527208807
2025-11-02 11:30:00+00:00,329,4950,1226.9457148278873,2245.884271162707,2675.489867309333,3068.055604126976,3515.3384218701717,4085.1715277792164,4505.5624228532415,5226.125347642112,5802.165726177205,6307.472622990473,6780.053119639513,7400.291231434336,8315.710106407161,9750.093968255558,11056.488989572425,12713.714238292945,14444.060231544167,17235.231516858752,21634.401504815563,51789.8811663501,8503.663965023086
2025-11-02 11:45:00+00:00,330,4965,1255.3217272403665,2047.4622261939433,2507.080680802555,2884.694173680686,3290.6233523044416,3885.815425354914,4278.756151386963,4943.307905761217,5538.997312443003,5974.756654145257,6449.65022719292,7061.506743577809,7934.803613290677,9063.598613300299,10305.940797961985,12197.710179014806,14045.804700532044,16720.45971677063,21011.55940265269,50454.2323029075,8148.897995332477
2025-11-02 12:00:00+00:00,331,4980,1288.252602866306,1915.6264866848335,2315.0157808148433,2667.025018165245,3026.746646325528,3505.578709081586,4028.1935276737026,4647.120742322277,5268.279031367238,5735.583588663943,6175.908807283507,6733.379760414484,7550.220737702811,8736.616982085747,9762.581486827257,11577.119990133719,13413.908896188577,16125.43280461777,20257.692752344494,48727.58887079405,7774.543084745209
2025-11-02 12:15:00+00:00,332,4995,956.5684744563277,1637.3439951301077,1984.8017852872017,2388.8950151547856,2718.0253988259797,3122.7098577865104,3554.5580901109442,4277.540461842598,4869.32644379411,5345.81837274375,5800.674075819144,6272.819228873598,7179.269656568964,8248.660211802331,9100.514028840926,10882.578994122463,12590.482557314808,15245.563193660268,19211.706359816824,46619.93856136383,7255.75113087961
2025-11-02 12:30:00+00:00,333,5010,781.561088463901,1322.2695714863632,1677.1243404045472,2006.1232963849025,2342.5562038620806,2809.877617376529,3288.4846819861186,3847.6515801878654,4413.235776297564,4848.553141176125,5254.449797064361,5745.26214708429,6558.360315839843,7638.685220038335,8419.551968208674,10057.353202273833,12010.38028883563,14381.07185026502,18164.962376216696,44116.65043808987,6706.799466644719
2025-11-02 12:45:00+00:00,334,5025,496.44488525893456,1080.4919444918448,1367.088184387068,1765.713156760329,2057.582930503337,2420.9711563672317,2903.8891883184588,3586.254175201416,4052.4765710153956,4503.397067141556,4836.5554862401095,5363.535333081459,6130.343532421055,7087.906633953754,7868.216743386941,9266.865619912083,10861.605944425375,13165.87979634479,17835.42034137464,41155.855959227214,6193.996021111236
2025-11-02 13:00:00+00:00,335,5040,342.73330479332657,774.8253339078907,1080.3152460590734,1382.8739494073066,1693.4611483680244,2112.64331715377,2537.5165890514436,3043.2665674614473,3533.745571278002,3918.301486878158,4257.247327306847,4669.80410245757,5391.188824814858,6198.66908862188,6871.714406793318,8313.709456169101,9499.159438913925,12040.333446028962,16270.004500204332,38077.93028019209,5489.157860649527
2025-11-02 13:15:00+00:00,336,5055,317.87383878723267,716.3856141136935,990.4410737336314,1257.9554414477088,1560.2575128431588,1972.2911235432175,2331.679510234264,2736.303522219879,3179.8373633012116,3577.4258792309047,3911.701222972107,4315.0244977111,5131.3258318846465,5915.152346704277,6579.933620754105,7876.4776799505835,9485.241837246276,11464.609729907545,14818.09535892795,34700.741250584906,5129.359575921091
2025-11-02 13:30:00+00:00,337,5070,221.74932920096725,603.9908039299257,867.3322674501682,1088.5605175022342,1331.3433815624478,1650.6627652335242,1972.52169104597,2398.2129636106542,2780.7146136685487,3139.9781117328025,3425.5115229348994,3815.2237556200607,4642.725223151379,5306.062555832262,6089.136127991598,7030.42706583996,8312.784694528782,9899.426111447307,12926.394158075514,31052.25055005391,4480.779243562461
2025-11-02 13:45:00+00:00,338,5085,183.43813739818614,567.1028689352131,775.5336691571063,1004.8825051664984,1219.8864962488635,1416.5774665468596,1745.9732534061172,2076.34838577448,2428.4314572169606,2790.3405427676876,3104.10631926551,3518.2569870067573,4231.625712205261,4776.2382329759475,5499.056806240563,6330.306571792799,7511.906870419796,8937.090863738302,11308.133884614452,27167.451609553675,3990.348947987488
2025-11-02 14:00:00+00:00,339,5100,161.28339279664894,501.74315504547155,713.9022621126679,882.3007106043669,1066.6859266868948,1231.251682243546,1546.7882345774476,1820.2475571184848,2122.1258266027266,2405.0198505082963,2677.1334829225057,2991.558178093475,3575.832406545468,4045.219744365687,4539.896343167351,5316.012589703944,6306.623011760083,7332.686741994954,9377.078384871676,23091.755295366405,3372.396498768299
2025-11-02 14:15:00+00:00,340,5115,264.68825220919837,486.2584222068259,635.9370132558869,791.5036427077569,950.1642248266244,1121.5415739034686,1354.7205131325557,1618.5481476956443,1848.8126591783446,2085.835975005329,2305.8781998116015,2658.4757650953024,3120.8398353752436,3437.7940370916876,3923.258380829443,4534.545393890711,5317.630150987199,6368.135878470066,7730.603360730854,18886.94654175207,2890.585763079795
2025-11-02 14:30:00+00:00,341,5130,186.82896361141212,373.3407937631188,497.30880970553596,597.7670337727169,697.3707916223113,805.0678151477861,965.7051049327986,1180.6214406328197,1368.5398793205918,1540.4913737792006,1733.8142336325398,1957.4701524069449,2317.2975243997043,2590.816321665156,2789.6338150532397,3338.483215355317,4000.520676384753,4673.335067210982,5768.274146237911,14410.031661174016,2146.924330115515
2025-11-02 14:45:00+00:00,342,5145,90.74603258004778,231.00171128473394,324.2940451614152,401.6012071338346,473.8124084223191,544.4266149800007,626.3318295715525,795.298685606673,919.2827860527585,1067.8718284795596,1204.5018946241353,1350.670915950917,1575.6970540725076,1825.6933992619959,1979.7499187859719,2355.5074207641733,2776.8088279816566,3291.1272491195414,4056.453224843571,10214.023643511633,1491.511261707468
2025-11-02 15:00:00+00:00,343,5160,39.30825728299077,118.08385063172902,172.086884981554,216.97976022768492,265.1615935209519,310.3968758471182,363.94749852173965,439.8180116444392,520.0243421967635,615.9022551550985,683.8224269166705,763.5344623952304,878.7728280762286,1046.8609845412338,1154.5796234258821,1380.7768360957903,1622.6350116017136,1920.5434813442948,2361.427237533463,5978.858302837763,858.7464670151852
2025-11-02 15:15:00+00:00,344,5175,6.380145816551711,26.276659743111292,43.36783871577325,56.10349843461337,66.85885241370634,79.73076787912602,91.82228297322123,111.90375179034805,133.90098069299535,158.66067686609446,179.0935599701626,205.57906888898586,229.0909546090701,274.4177307169485,309.41416746470253,368.22054731859646,430.8165752634748,512.497888537777,645.3410153681705,1646.9429396200671,228.04954582777157
2025-11-02 15:30:00+00:00,345,5190,0.8475065772081725,3.042794279625656,5.068534516540749,6.412889522183578,8.110643672415312,9.597741970156134,11.090154297984572,14.669743871387505,17.01220474988039,19.88389291400272,22.728220492589383,25.779633507218097,29.929850644256643,35.27199043166262,39.634401796164255,46.79968108991123,55.82257508132865,63.72405882386755,80.24268068680836,206.16247206731182,28.7196899467695
2025-11-02 15:45:00+00:00,346,5205,0.0,0.0,0.0,0.0,0.0,0.0,0.0,0.0,0.0,0.0,0.0,0.0,0.0,0.0,0.0,0.0,0.0,0.0,0.0,0.0,0.0
2025-11-02 16:00:00+00:00,347,5220,0.0,0.0,0.0,0.0,0.0,0.0,0.0,0.0,0.0,0.0,0.0,0.0,0.0,0.0,0.0,0.0,0.0,0.0,0.0,0.0,0.0
2025-11-02 16:15:00+00:00,348,5235,0.0,0.0,0.0,0.0,0.0,0.0,0.0,0.0,0.0,0.0,0.0,0.0,0.0,0.0,0.0,0.0,0.0,0.0,0.0,0.0,0.0
2025-11-02 16:30:00+00:00,349,5250,0.0,0.0,0.0,0.0,0.0,0.0,0.0,0.0,0.0,0.0,0.0,0.0,0.0,0.0,0.0,0.0,0.0,0.0,0.0,0.0,0.0
2025-11-02 16:45:00+00:00,350,5265,0.0,0.0,0.0,0.0,0.0,0.0,0.0,0.0,0.0,0.0,0.0,0.0,0.0,0.0,0.0,0.0,0.0,0.0,0.0,0.0,0.0
2025-11-02 17:00:00+00:00,351,5280,0.0,0.0,0.0,0.0,0.0,0.0,0.0,0.0,0.0,0.0,0.0,0.0,0.0,0.0,0.0,0.0,0.0,0.0,0.0,0.0,0.0
2025-11-02 17:15:00+00:00,352,5295,0.0,0.0,0.0,0.0,0.0,0.0,0.0,0.0,0.0,0.0,0.0,0.0,0.0,0.0,0.0,0.0,0.0,0.0,0.0,0.0,0.0
2025-11-02 17:30:00+00:00,353,5310,0.0,0.0,0.0,0.0,0.0,0.0,0.0,0.0,0.0,0.0,0.0,0.0,0.0,0.0,0.0,0.0,0.0,0.0,0.0,0.0,0.0
2025-11-02 17:45:00+00:00,354,5325,0.0,0.0,0.0,0.0,0.0,0.0,0.0,0.0,0.0,0.0,0.0,0.0,0.0,0.0,0.0,0.0,0.0,0.0,0.0,0.0,0.0
2025-11-02 18:00:00+00:00,355,5340,0.0,0.0,0.0,0.0,0.0,0.0,0.0,0.0,0.0,0.0,0.0,0.0,0.0,0.0,0.0,0.0,0.0,0.0,0.0,0.0,0.0
2025-11-02 18:15:00+00:00,356,5355,0.0,0.0,0.0,0.0,0.0,0.0,0.0,0.0,0.0,0.0,0.0,0.0,0.0,0.0,0.0,0.0,0.0,0.0,0.0,0.0,0.0
2025-11-02 18:30:00+00:00,357,5370,0.0,0.0,0.0,0.0,0.0,0.0,0.0,0.0,0.0,0.0,0.0,0.0,0.0,0.0,0.0,0.0,0.0,0.0,0.0,0.0,0.0
2025-11-02 18:45:00+00:00,358,5385,0.0,0.0,0.0,0.0,0.0,0.0,0.0,0.0,0.0,0.0,0.0,0.0,0.0,0.0,0.0,0.0,0.0,0.0,0.0,0.0,0.0
2025-11-02 19:00:00+00:00,359,5400,0.0,0.0,0.0,0.0,0.0,0.0,0.0,0.0,0.0,0.0,0.0,0.0,0.0,0.0,0.0,0.0,0.0,0.0,0.0,0.0,0.0
2025-11-02 19:15:00+00:00,360,5415,0.0,0.0,0.0,0.0,0.0,0.0,0.0,0.0,0.0,0.0,0.0,0.0,0.0,0.0,0.0,0.0,0.0,0.0,0.0,0.0,0.0
2025-11-02 19:30:00+00:00,361,5430,0.0,0.0,0.0,0.0,0.0,0.0,0.0,0.0,0.0,0.0,0.0,0.0,0.0,0.0,0.0,0.0,0.0,0.0,0.0,0.0,0.0
2025-11-02 19:45:00+00:00,362,5445,0.0,0.0,0.0,0.0,0.0,0.0,0.0,0.0,0.0,0.0,0.0,0.0,0.0,0.0,0.0,0.0,0.0,0.0,0.0,0.0,0.0
2025-11-02 20:00:00+00:00,363,5460,0.0,0.0,0.0,0.0,0.0,0.0,0.0,0.0,0.0,0.0,0.0,0.0,0.0,0.0,0.0,0.0,0.0,0.0,0.0,0.0,0.0
2025-11-02 20:15:00+00:00,364,5475,0.0,0.0,0.0,0.0,0.0,0.0,0.0,0.0,0.0,0.0,0.0,0.0,0.0,0.0,0.0,0.0,0.0,0.0,0.0,0.0,0.0
2025-11-02 20:30:00+00:00,365,5490,0.0,0.0,0.0,0.0,0.0,0.0,0.0,0.0,0.0,0.0,0.0,0.0,0.0,0.0,0.0,0.0,0.0,0.0,0.0,0.0,0.0
2025-11-02 20:45:00+00:00,366,5505,0.0,0.0,0.0,0.0,0.0,0.0,0.0,0.0,0.0,0.0,0.0,0.0,0.0,0.0,0.0,0.0,0.0,0.0,0.0,0.0,0.0
2025-11-02 21:00:00+00:00,367,5520,0.0,0.0,0.0,0.0,0.0,0.0,0.0,0.0,0.0,0.0,0.0,0.0,0.0,0.0,0.0,0.0,0.0,0.0,0.0,0.0,0.0
2025-11-02 21:15:00+00:00,368,5535,0.0,0.0,0.0,0.0,0.0,0.0,0.0,0.0,0.0,0.0,0.0,0.0,0.0,0.0,0.0,0.0,0.0,0.0,0.0,0.0,0.0
2025-11-02 21:30:00+00:00,369,5550,0.0,0.0,0.0,0.0,0.0,0.0,0.0,0.0,0.0,0.0,0.0,0.0,0.0,0.0,0.0,0.0,0.0,0.0,0.0,0.0,0.0
2025-11-02 21:45:00+00:00,370,5565,0.0,0.0,0.0,0.0,0.0,0.0,0.0,0.0,0.0,0.0,0.0,0.0,0.0,0.0,0.0,0.0,0.0,0.0,0.0,0.0,0.0
2025-11-02 22:00:00+00:00,371,5580,0.0,0.0,0.0,0.0,0.0,0.0,0.0,0.0,0.0,0.0,0.0,0.0,0.0,0.0,0.0,0.0,0.0,0.0,0.0,0.0,0.0
2025-11-02 22:15:00+00:00,372,5595,0.0,0.0,0.0,0.0,0.0,0.0,0.0,0.0,0.0,0.0,0.0,0.0,0.0,0.0,0.0,0.0,0.0,0.0,0.0,0.0,0.0
2025-11-02 22:30:00+00:00,373,5610,0.0,0.0,0.0,0.0,0.0,0.0,0.0,0.0,0.0,0.0,0.0,0.0,0.0,0.0,0.0,0.0,0.0,0.0,0.0,0.0,0.0
2025-11-02 22:45:00+00:00,374,5625,0.0,0.0,0.0,0.0,0.0,0.0,0.0,0.0,0.0,0.0,0.0,0.0,0.0,0.0,0.0,0.0,0.0,0.0,0.0,0.0,0.0
2025-11-02 23:00:00+00:00,375,5640,0.0,0.0,0.0,0.0,0.0,0.0,0.0,0.0,0.0,0.0,0.0,0.0,0.0,0.0,0.0,0.0,0.0,0.0,0.0,0.0,0.0
2025-11-02 23:15:00+00:00,376,5655,0.0,0.0,0.0,0.0,0.0,0.0,0.0,0.0,0.0,0.0,0.0,0.0,0.0,0.0,0.0,0.0,0.0,0.0,0.0,0.0,0.0
2025-11-02 23:30:00+00:00,377,5670,0.0,0.0,0.0,0.0,0.0,0.0,0.0,0.0,0.0,0.0,0.0,0.0,0.0,0.0,0.0,0.0,0.0,0.0,0.0,0.0,0.0
2025-11-02 23:45:00+00:00,378,5685,0.0,0.0,0.0,0.0,0.0,0.0,0.0,0.0,0.0,0.0,0.0,0.0,0.0,0.0,0.0,0.0,0.0,0.0,0.0,0.0,0.0
2025-11-03 00:00:00+00:00,379,5700,0.0,0.0,0.0,0.0,0.0,0.0,0.0,0.0,0.0,0.0,0.0,0.0,0.0,0.0,0.0,0.0,0.0,0.0,0.0,0.0,0.0
2025-11-03 00:15:00+00:00,380,5715,0.0,0.0,0.0,0.0,0.0,0.0,0.0,0.0,0.0,0.0,0.0,0.0,0.0,0.0,0.0,0.0,0.0,0.0,0.0,0.0,0.0
2025-11-03 00:30:00+00:00,381,5730,0.0,0.0,0.0,0.0,0.0,0.0,0.0,0.0,0.0,0.0,0.0,0.0,0.0,0.0,0.0,0.0,0.0,0.0,0.0,0.0,0.0
2025-11-03 00:45:00+00:00,382,5745,0.0,0.0,0.0,0.0,0.0,0.0,0.0,0.0,0.0,0.0,0.0,0.0,0.0,0.0,0.0,0.0,0.0,0.0,0.0,0.0,0.0
2025-11-03 01:00:00+00:00,383,5760,0.0,0.0,0.0,0.0,0.0,0.0,0.0,0.0,0.0,0.0,0.0,0.0,0.0,0.0,0.0,0.0,0.0,0.0,0.0,0.0,0.0
2025-11-03 01:15:00+00:00,384,5775,0.0,0.0,0.0,0.0,0.0,0.0,0.0,0.0,0.0,0.0,0.0,0.0,0.0,0.0,0.0,0.0,0.0,0.0,0.0,0.0,0.0
2025-11-03 01:30:00+00:00,385,5790,0.0,0.0,0.0,0.0,0.0,0.0,0.0,0.0,0.0,0.0,0.0,0.0,0.0,0.0,0.0,0.0,0.0,0.0,0.0,0.0,0.0
2025-11-03 01:45:00+00:00,386,5805,0.0,0.0,0.0,0.0,0.0,0.0,0.0,0.0,0.0,0.0,0.0,0.0,0.0,0.0,0.0,0.0,0.0,0.0,0.0,0.0,0.0
2025-11-03 02:00:00+00:00,387,5820,0.0,0.0,0.0,0.0,0.0,0.0,0.0,0.0,0.0,0.0,0.0,0.0,0.0,0.0,0.0,0.0,0.0,0.0,0.0,0.0,0.0
2025-11-03 02:15:00+00:00,388,5835,0.0,0.0,0.0,0.0,0.0,0.0,0.0,0.0,0.0,0.0,0.0,0.0,0.0,0.0,0.0,0.0,0.0,0.0,0.0,0.0,0.0
2025-11-03 02:30:00+00:00,389,5850,0.0,0.0,0.0,0.0,0.0,0.0,0.0,0.0,0.0,0.0,0.0,0.0,0.0,0.0,0.0,0.0,0.0,0.0,0.0,0.0,0.0
2025-11-03 02:45:00+00:00,390,5865,0.0,0.0,0.0,0.0,0.0,0.0,0.0,0.0,0.0,0.0,0.0,0.0,0.0,0.0,0.0,0.0,0.0,0.0,0.0,0.0,0.0
2025-11-03 03:00:00+00:00,391,5880,0.0,0.0,0.0,0.0,0.0,0.0,0.0,0.0,0.0,0.0,0.0,0.0,0.0,0.0,0.0,0.0,0.0,0.0,0.0,0.0,0.0
2025-11-03 03:15:00+00:00,392,5895,0.0,0.0,0.0,0.0,0.0,0.0,0.0,0.0,0.0,0.0,0.0,0.0,0.0,0.0,0.0,0.0,0.0,0.0,0.0,0.0,0.0
2025-11-03 03:30:00+00:00,393,5910,0.0,0.0,0.0,0.0,0.0,0.0,0.0,0.0,0.0,0.0,0.0,0.0,0.0,0.0,0.0,0.0,0.0,0.0,0.0,0.0,0.0
2025-11-03 03:45:00+00:00,394,5925,0.0,0.0,0.0,0.0,0.0,0.0,0.0,0.0,0.0,0.0,0.0,0.0,0.0,0.0,0.0,0.0,0.0,0.0,0.0,0.0,0.0
2025-11-03 04:00:00+00:00,395,5940,0.0,0.0,0.0,0.0,0.0,0.0,0.0,0.0,0.0,0.0,0.0,0.0,0.0,0.0,0.0,0.0,0.0,0.0,0.0,0.0,0.0
2025-11-03 04:15:00+00:00,396,5955,0.0,0.0,0.0,0.0,0.0,0.0,0.0,0.0,0.0,0.0,0.0,0.0,0.0,0.0,0.0,0.0,0.0,0.0,0.0,0.0,0.0
2025-11-03 04:30:00+00:00,397,5970,0.0,0.0,0.0,0.0,0.0,0.0,0.0,0.0,0.0,0.0,0.0,0.0,0.0,0.0,0.0,0.0,0.0,0.0,0.0,0.0,0.0
2025-11-03 04:45:00+00:00,398,5985,0.0,0.0,0.0,0.0,0.0,0.0,0.0,0.0,0.0,0.0,0.0,0.0,0.0,0.0,0.0,0.0,0.0,0.0,0.0,0.0,0.0
2025-11-03 05:00:00+00:00,399,6000,0.0,0.0,0.0,0.0,0.0,0.0,0.0,0.0,0.0,0.0,0.0,0.0,0.0,0.0,0.0,0.0,0.0,0.0,0.0,0.0,0.0
2025-11-03 05:15:00+00:00,400,6015,0.0,0.0,0.0,0.0,0.0,0.0,0.0,0.0,0.0,0.0,0.0,0.0,0.0,0.0,0.0,0.0,0.0,0.0,0.0,0.0,0.0
2025-11-03 05:30:00+00:00,401,6030,0.0,0.0,0.0,0.0,0.0,0.0,0.0,0.0,0.0,0.0,0.0,0.0,0.0,0.0,0.0,0.0,0.0,0.0,0.0,0.0,0.0
2025-11-03 05:45:00+00:00,402,6045,0.0,0.0,0.0,0.0,0.0,0.0,0.0,0.0,0.0,0.0,0.0,0.0,0.0,0.0,0.0,0.0,0.0,0.0,0.0,0.0,0.0
2025-11-03 06:00:00+00:00,403,6060,0.0,0.0,0.0,0.0,0.0,0.0,0.0,0.0,0.0,0.0,0.0,0.0,0.0,0.0,0.0,0.0,0.0,0.0,0.0,0.0,0.0
2025-11-03 06:15:00+00:00,404,6075,0.0,0.0,0.0,0.0,0.0,0.0,0.07331844068203254,0.2075212005269222,0.34172396037181185,0.47592672021670146,0.6101294800615913,0.7443322399064811,0.8785349997513706,2.8888719087571975,6.31702193998554,13.169929092305951,20.197919310472514,26.396394565313926,31.407849462182554,86.74925948104223,7.46025977121038
2025-11-03 06:30:00+00:00,405,6090,0.0,0.0,0.0,0.0,0.0,1.3837533418626777,3.587772839984158,5.791792338105638,7.9958118362271176,10.199831334348598,12.40385083247008,43.011851614035734,92.11727694315641,121.08550321151756,169.2469070352494,275.8733186252611,368.88732369327045,433.49135813809124,501.67934859646186,1169.4473236640001,134.77818705103985
2025-11-03 06:45:00+00:00,406,6105,0.0,0.0,0.0,10.31891093103771,25.5539067867679,40.78890264249811,56.0238984982283,180.27671612602654,320.8125435625267,519.9452040695907,669.6116986405985,839.3230696634198,1226.7744362152848,1478.8167542773,1695.7074632320016,2012.0009872640912,2280.21941275267,2462.9998766323033,3194.967470958539,5485.457699755761,1009.7253739885884
2025-11-03 07:00:00+00:00,407,6120,0.0,12.289819703237233,68.13620629588883,123.9825928885404,417.2838016164347,632.6364016464584,1018.2859796929797,1345.9462861168372,1651.71285352432,1966.6949910518872,2352.237708334213,3021.1036632377854,3474.260179923403,3845.2021061148716,4310.01066011011,4775.03313551212,5063.6836286024,5635.766473476419,7036.19869884042,10522.843431263958,2654.355105373125
2025-11-03 07:15:00+00:00,408,6135,0.0,33.55604565595341,124.0995136758967,356.20542568729473,938.8761084623945,1603.700932648699,2032.773962411262,2520.8909670000244,3062.060367977953,3623.346391635829,4518.501583084024,4946.676472437792,5425.510301088027,6114.177124369588,6713.978351349712,7172.250469644331,7653.533983188515,8393.94338955057,10169.47585120441,14897.899752478343,4222.246177350371
2025-11-03 07:30:00+00:00,409,6150,0.0,96.32980410506867,229.74232040987619,914.9923696378723,1826.75657519522,2557.642826170382,3325.6959733259264,4073.904552521256,4704.892035993917,5766.296649385963,6566.751731790846,7183.670685392192,7898.246612154461,8833.157338561688,9467.915356303452,10038.088961548121,10821.803073478091,12635.91184050377,13756.885755776433,19727.318125669426,6138.09491366715
2025-11-03 07:45:00+00:00,410,6165,28.963943630487123,263.72432884601426,837.1065156933206,1710.2156325746307,2586.4823744583036,3456.9416415140076,4248.090277672378,5200.633452410867,5705.06768989705,7100.937455603908,8103.555567132818,8963.551945285522,9835.610190483108,10858.931696877138,11742.564595361504,12494.218952460653,13548.45815571634,15631.832778304897,16935.511659054227,24091.494945827453,7714.92855322515
2025-11-03 08:00:00+00:00,411,6180,75.23104318898312,640.5784030718784,1404.404903192286,2386.8885137187476,3400.1361450125605,4252.340742616833,5101.787117148181,5858.168327539258,6722.20067224038,7770.153181162041,9485.535819323912,10661.110688462466,11591.183233188316,12976.954260444267,14175.06785568591,15051.752027840374,16373.197829373477,18254.9618550405,19930.37562675904,28266.531347183212,8904.744213557515
2025-11-03 08:15:00+00:00,412,6195,163.33941075247125,1017.3522196845458,1666.833987057171,2862.471154487631,3876.8261836429037,4519.040188232031,5605.310299502233,6320.561900074,7455.337837829263,8674.459609190237,10128.269445523283,11635.133620897865,12896.822254800081,14598.654011369614,16296.884241997031,17287.442985686266,19093.710173308085,20844.722768932075,22636.569044848384,32192.520472957625,10060.166167574658
2025-11-03 08:30:00+00:00,413,6210,701.0612840144868,1635.4431425834973,2691.4082214370187,3673.383765343285,4486.053821626044,5216.570331123018,6431.413972817623,7531.112310828577,8782.887924083947,10668.474519166217,12145.480993327863,13373.127875766568,14764.975927408472,16766.265111908277,18318.492825485984,19425.632918257736,21469.91636143742,23482.46156574725,25494.535129608616,35829.051784469186,11636.47867035422
2025-11-03 08:45:00+00:00,414,6225,1145.567143701889,2039.6451510603504,3157.7573624241004,4218.757736622006,5051.22724347665,5749.749581942833,7165.88359004735,8594.515266535329,9688.24110890222,11486.71660961437,12747.550668658918,14192.128489894896,15841.239463956063,18740.331817634353,20335.769222654988,21212.0155557777,23508.91425011831,25886.37349086845,28070.963216769636,39147.14780945927,12803.171094254101
2025-11-03 09:00:00+00:00,415,6240,1527.3993604635452,2626.308888772679,4033.929325664412,4731.140249014392,5531.2957445109005,6144.641366679121,7437.004973612148,8872.476726668858,10516.211866642157,11933.70576581332,13481.97255605205,15006.060902766327,16536.45957634731,19599.68907458918,21871.67762018506,22968.634024544368,24997.31602278406,27881.80932796393,30260.66190461657,42124.97691980928,13626.075640275612
2025-11-03 09:15:00+00:00,416,6255,1803.7774064919292,2970.992011050617,3982.9205835220823,4829.7289308819145,5511.084592198598,6256.108736760631,7009.751507630496,8115.722839404063,9931.348368793026,11598.303483760412,13111.62378135301,14986.400558713534,16497.96652930612,18863.705583714123,22617.39803627229,24498.305201563995,26203.886947223953,29582.420259304665,31704.693242994737,44850.97228794512,13958.762640495055
2025-11-03 09:30:00+00:00,417,6270,2016.3316732756166,3166.7094521616496,4173.8413731708715,5141.2924008659,5677.883827393318,6583.841528213274,7158.563247824513,8140.776754896531,9626.389869318173,11955.669535235826,13643.235736625851,15577.205674294273,17231.30408525514,19007.903447355366,23132.764575575748,25953.809451740362,28071.786168140847,30933.124604655502,32705.35741978289,47269.34086101012,14505.69288186202
2025-11-03 09:45:00+00:00,418,6285,2367.7134716353235,3338.74922891737,4041.839548320198,4917.806374775307,5769.323328951493,6306.349804458458,7188.337101942915,7827.057018062617,8796.227141155881,10241.574697675393,12378.899821369845,14126.57385455273,16584.086957742624,18401.87426911001,20119.628912919277,25257.278217190855,29018.61962524275,31861.367291600618,33633.41280781828,49191.68142023376,14127.453974679884
2025-11-03 10:00:00+00:00,419,6300,2791.965023343701,3681.2081160660946,4096.40247782661,4954.4818902828365,5837.9541851604245,6327.170151300692,7101.186330530983,7994.462133808882,8978.722911395636,10157.70559025364,11374.996269649304,13859.548643159053,16244.152510934266,19125.05474862651,23322.83750182692,26042.584080628727,30815.188303149695,33202.34042864159,34714.2653679242,50711.45169984744,14566.54668440293
2025-11-03 10:15:00+00:00,420,6315,3002.619193922297,3801.402229916292,4273.956350593029,5103.949709287182,5769.694420603399,6496.007920631192,7066.507704454378,8011.904778280562,8985.581523171417,9976.824116802407,11386.484056625866,14199.422736682725,16934.227981915614,20569.99743702175,24745.265469844024,27740.07349106591,31828.22300395675,34022.44746384014,35605.37456673934,51823.72288464259,15035.010735521177
2025-11-03 10:30:00+00:00,421,6330,3034.877021936498,3847.9292729441545,4405.933963997203,5259.740006759755,6001.389086026411,6580.159427544673,7178.6009037569265,8066.099265892379,9091.815068917167,9945.822084206238,11141.246981753597,14100.894676681435,16914.203679857896,20335.722914531536,24206.50659743272,27414.61110417885,32138.44877258465,34384.081183602175,35901.47749462329,52525.38048515873,15069.657794072533
2025-11-03 10:45:00+00:00,422,6345,3098.49039411641,3858.924607776011,4428.660935723097,5283.560253682733,6086.38927963443,6599.558398954231,7261.872913430344,8112.436925007663,9122.948596026885,9970.90847427678,11113.03630859445,13819.232229989631,16392.058393751242,19248.60275548923,23728.488857780976,26750.433931237985,30606.427043897955,33872.72544592123,36156.77082698999,52815.080114852826,14852.1301372073
2025-11-03 11:00:00+00:00,423,6360,3123.408864727131,3863.843391227463,4485.3424073838205,5277.0217609625415,5936.5453103354375,6575.700933645847,7256.167503870413,8105.279512255389,9155.43255329126,10088.82008077612,11549.5096071404,14050.793874857056,16505.04150142142,19133.168078038485,23488.02951965947,26409.373925732318,29383.050573342174,33588.221370438965,35957.7077515494,52693.246870210955,14767.173608352265
2025-11-03 11:15:00+00:00,424,6375,2989.222204605657,3704.1261241111197,4174.433154754973,5042.4953746921965,5928.490282399261,6592.157453944298,7248.680634043006,8166.2530483379405,9251.284361944769,10493.141098114536,12288.603517283289,14042.226129641938,16802.108312926593,20668.697626762547,24028.193823744026,26980.638102855413,29703.68299917821,34027.64424952296,36460.09758250281,52162.09766456681,14982.205182285636
2025-11-03 11:30:00+00:00,425,6390,2913.381167346938,3609.962923117659,4041.9332772458692,4747.671375821034,5447.165526753775,6364.559355605841,6968.188632326266,8094.979276825733,9491.956069804399,11171.106619904098,13020.833468184848,15516.323386525293,17922.353525584604,20587.11797607745,23953.759008981597,26660.15201059036,30295.49044347308,33505.713282659824,35942.79495776927,51225.67830120322,15045.869012894404
2025-11-03 11:45:00+00:00,426,6405,2808.192811121882,3365.2217970732854,3871.1773097508176,4380.0499369636755,5128.759572090628,6028.571497576694,6746.827881056416,8253.350840247844,9879.409713997884,11709.042951197653,13258.079554658892,15587.504825901196,17765.65100182753,20996.310189473726,23941.306883065983,26499.08526687661,30326.016251998608,32907.27499921178,35424.51267800714,49889.91667204462,14910.71208788687
2025-11-03 12:00:00+00:00,427,6420,2629.8371349508543,3350.1027728718595,3931.025770184677,4601.043358072283,5224.33793665362,6164.201919918666,6888.319850789654,8519.166075964034,9837.04911865463,11426.316680978725,12899.828633250725,14867.180517322977,17024.64944264935,20346.5660281781,23386.643729506945,25431.00216105306,29150.234414312526,31869.321857133502,34226.35350149907,48162.70292007361,14548.402120580478
2025-11-03 12:15:00+00:00,428,6435,2114.276751206866,2661.463141460316,3345.3048275436245,3908.166189044718,4540.0812088349485,5136.442882924605,6079.449681321293,7855.52347671894,9311.176774855847,10820.386056310264,12291.19940493916,14481.877198870465,16268.544223406081,18705.96026458359,21651.985031109103,23998.163153551573,27498.77853214906,30365.855531825833,32453.58100647335,46054.01866975559,13581.537976714964
2025-11-03 12:30:00+00:00,429,6450,1838.7883323774884,2521.6881173059846,3308.832791212861,3795.1507235690024,4408.8344019158585,4879.965017405989,5600.234598304533,6597.504191244835,8395.461289607942,10253.767091349997,11463.655954028067,12985.664603784313,14534.637074499275,16246.20055049801,19425.795156238037,21794.623365657386,24293.561816107915,28813.134941893317,30782.047442830528,43500.18128835543,12471.136678493445
2025-11-03 12:45:00+00:00,430,6465,1441.313731414043,1854.4090007624948,2452.8840090569583,2961.924094167054,3583.9482822115374,3973.922032033601,4922.595341916736,6445.8853904654925,8199.646239788854,9541.28890933598,11053.394087961356,12630.440893844156,13792.488310271956,15411.560053292824,18331.693790318084,20585.887273078693,23418.29042480431,26310.790646726222,28191.11841105423,40609.293975706394,11828.130758696248
2025-11-03 13:00:00+00:00,431,6480,1164.6148973481952,1498.6667093761662,2123.2965328551304,2626.9935051186517,3206.236688552429,3791.143346945692,4499.819822355202,6182.130747051174,7694.418516214368,8675.092259176701,10084.759093252338,11413.457101347483,12727.74825774651,14884.837091773714,17543.597901522622,19379.949079259663,21783.810716338045,23896.307397849865,25699.444815843148,37531.13824676521,10658.111525767097
2025-11-03 13:15:00+00:00,432,6495,1115.6407451103064,1507.797856930586,1948.3402571502265,2621.6606109998447,3052.765343705647,3848.319549188096,4695.492949584648,5870.0259701895575,7320.706878563888,8040.691859560851,9166.70047096639,10452.551861203043,11564.37713692919,13264.189776403417,15706.515726605545,17255.20038204129,18773.876433944042,21555.90271161317,23575.990639134394,34153.86379431165,9716.270982058439
2025-11-03 13:30:00+00:00,433,6510,1133.2555399263742,1440.9322461056465,1954.5898453018772,2440.991894623527,2826.659774211061,3471.862670259992,4710.774811986811,5415.102595679102,6602.571675796045,7248.898883763167,8276.615879073051,9337.582831673975,10361.083563806942,12102.075399311418,13986.903196575548,15439.8352305718,17122.45813496423,19467.58130896492,21295.00961340389,30505.79223183438,8818.2221009632
2025-11-03 13:45:00+00:00,434,6525,1176.4060757651669,1694.7851908272658,2036.503182172777,2423.547828146311,2927.2722151036473,3462.7399905891093,4564.665088072672,5667.916364439141,6370.144338183584,7139.511362179228,8098.813415256195,9112.393732137944,9939.484152890462,11443.51479170689,12914.56401711218,14083.256066050137,15046.986773857274,17106.04352505439,18675.73183816341,26622.586264335896,8210.37370286571
2025-11-03 14:00:00+00:00,435,6540,1102.6352579815318,1722.9340038069834,2105.1811408719614,2577.9727402479994,3228.8265545682975,4278.445358522131,5243.336371383732,5800.715879870794,6632.380225466081,7247.619971482952,8056.683798789427,8996.05561759665,10216.444440297868,11350.653318113791,12090.711354034991,12600.633469213813,13324.855988084384,14636.293014971303,15824.085932763566,22550.890852085213,7882.3689960150505
2025-11-03 14:15:00+00:00,436,6555,781.1814140549837,1224.7586284467739,1522.1124268077383,1787.4926627649318,2158.6825668341603,2690.4187345158753,3620.323325785399,4424.888484263237,4987.464836333952,5614.591746514076,6305.505992248472,6939.358302917279,7903.177937222741,8915.31682196712,9579.575717339136,10108.9598582975,10579.428600840098,11570.385090183225,12541.675321132785,18354.7751798581,6120.585061390152
2025-11-03 14:30:00+00:00,437,6570,382.9322446890885,680.9774127315407,986.43892419469,1192.9462219650336,1383.3517707045478,1663.838565664662,2244.0832602052465,2958.2654467517523,3539.7468523276493,4073.788843413155,4615.921573740719,4905.9114565623495,5401.232041728484,6199.593604896849,6873.07943882008,7374.766124007435,7778.9498017664355,8419.746686959836,9284.541281696453,13831.065987110362,4345.679161601715
2025-11-03 14:45:00+00:00,438,6585,120.60511907186145,397.0388336519173,566.5513112592688,696.059865822428,858.681563706296,1047.4131796331405,1319.2529196583337,1916.6768306064182,2273.0372099941687,2728.66740812866,3123.7137272897958,3389.239308145008,3643.467841117492,4143.369492025255,4680.830306108218,5006.498578806057,5289.901814797069,5811.19413426539,6384.543572118905,9730.539645669525,2913.733045707502
2025-11-03 15:00:00+00:00,439,6600,43.56732901178589,179.26675613490244,279.32749241435863,365.38691740784327,460.7500251422167,566.9251119658175,769.014045250861,1050.8131157144937,1258.9198275075075,1487.1945838606534,1739.0771366098265,1841.8468592549082,2013.5721995430176,2280.7545550594837,2513.203548178518,2712.84321858535,2875.727232359363,3117.1118410831064,3503.996539498171,5370.01288252975,1587.751340859322
2025-11-03 15:15:00+00:00,440,6615,8.985632680013316,40.87076091745198,64.11759817947487,86.52888258131878,110.86322636644245,139.31760967764282,180.24873090638778,230.30306767218104,268.21971103035975,309.6553720897901,376.60193235637166,436.64946913687584,479.4869068761072,535.2724382532506,604.3664266174607,645.5160637930569,695.7631851086777,754.1900431640677,847.2696955540157,1323.1182802170051,372.81225607891133
2025-11-03 15:30:00+00:00,441,6630,0.9644160842819927,4.317171217786664,6.5693739204985935,9.06666047828616,11.394263754268307,14.235667348136722,17.8671673821225,21.91467766066949,25.24861141710239,28.976168596510906,36.17153583119013,43.06537371155708,46.610376007575155,52.5747734786863,58.795099636071996,63.95930132006055,70.24739580303671,75.79972502308107,88.13261075602661,130.17178880615,36.85873563568676
2025-11-03 15:45:00+00:00,442,6645,0.0,0.0,0.0,0.0,0.0,0.0,0.0,0.0,0.0,0.0,0.0,0.0,0.0,0.0,0.0,0.0,0.0,0.0,0.0,0.0,0.0
2025-11-03 16:00:00+00:00,443,6660,0.0,0.0,0.0,0.0,0.0,0.0,0.0,0.0,0.0,0.0,0.0,0.0,0.0,0.0,0.0,0.0,0.0,0.0,0.0,0.0,0.0
2025-11-03 16:15:00+00:00,444,6675,0.0,0.0,0.0,0.0,0.0,0.0,0.0,0.0,0.0,0.0,0.0,0.0,0.0,0.0,0.0,0.0,0.0,0.0,0.0,0.0,0.0
2025-11-03 16:30:00+00:00,445,6690,0.0,0.0,0.0,0.0,0.0,0.0,0.0,0.0,0.0,0.0,0.0,0.0,0.0,0.0,0.0,0.0,0.0,0.0,0.0,0.0,0.0
2025-11-03 16:45:00+00:00,446,6705,0.0,0.0,0.0,0.0,0.0,0.0,0.0,0.0,0.0,0.0,0.0,0.0,0.0,0.0,0.0,0.0,0.0,0.0,0.0,0.0,0.0
2025-11-03 17:00:00+00:00,447,6720,0.0,0.0,0.0,0.0,0.0,0.0,0.0,0.0,0.0,0.0,0.0,0.0,0.0,0.0,0.0,0.0,0.0,0.0,0.0,0.0,0.0
2025-11-03 17:15:00+00:00,448,6735,0.0,0.0,0.0,0.0,0.0,0.0,0.0,0.0,0.0,0.0,0.0,0.0,0.0,0.0,0.0,0.0,0.0,0.0,0.0,0.0,0.0
2025-11-03 17:30:00+00:00,449,6750,0.0,0.0,0.0,0.0,0.0,0.0,0.0,0.0,0.0,0.0,0.0,0.0,0.0,0.0,0.0,0.0,0.0,0.0,0.0,0.0,0.0
2025-11-03 17:45:00+00:00,450,6765,0.0,0.0,0.0,0.0,0.0,0.0,0.0,0.0,0.0,0.0,0.0,0.0,0.0,0.0,0.0,0.0,0.0,0.0,0.0,0.0,0.0
2025-11-03 18:00:00+00:00,451,6780,0.0,0.0,0.0,0.0,0.0,0.0,0.0,0.0,0.0,0.0,0.0,0.0,0.0,0.0,0.0,0.0,0.0,0.0,0.0,0.0,0.0
2025-11-03 18:15:00+00:00,452,6795,0.0,0.0,0.0,0.0,0.0,0.0,0.0,0.0,0.0,0.0,0.0,0.0,0.0,0.0,0.0,0.0,0.0,0.0,0.0,0.0,0.0
2025-11-03 18:30:00+00:00,453,6810,0.0,0.0,0.0,0.0,0.0,0.0,0.0,0.0,0.0,0.0,0.0,0.0,0.0,0.0,0.0,0.0,0.0,0.0,0.0,0.0,0.0
2025-11-03 18:45:00+00:00,454,6825,0.0,0.0,0.0,0.0,0.0,0.0,0.0,0.0,0.0,0.0,0.0,0.0,0.0,0.0,0.0,0.0,0.0,0.0,0.0,0.0,0.0
2025-11-03 19:00:00+00:00,455,6840,0.0,0.0,0.0,0.0,0.0,0.0,0.0,0.0,0.0,0.0,0.0,0.0,0.0,0.0,0.0,0.0,0.0,0.0,0.0,0.0,0.0
2025-11-03 19:15:00+00:00,456,6855,0.0,0.0,0.0,0.0,0.0,0.0,0.0,0.0,0.0,0.0,0.0,0.0,0.0,0.0,0.0,0.0,0.0,0.0,0.0,0.0,0.0
2025-11-03 19:30:00+00:00,457,6870,0.0,0.0,0.0,0.0,0.0,0.0,0.0,0.0,0.0,0.0,0.0,0.0,0.0,0.0,0.0,0.0,0.0,0.0,0.0,0.0,0.0
2025-11-03 19:45:00+00:00,458,6885,0.0,0.0,0.0,0.0,0.0,0.0,0.0,0.0,0.0,0.0,0.0,0.0,0.0,0.0,0.0,0.0,0.0,0.0,0.0,0.0,0.0
2025-11-03 20:00:00+00:00,459,6900,0.0,0.0,0.0,0.0,0.0,0.0,0.0,0.0,0.0,0.0,0.0,0.0,0.0,0.0,0.0,0.0,0.0,0.0,0.0,0.0,0.0
2025-11-03 20:15:00+00:00,460,6915,0.0,0.0,0.0,0.0,0.0,0.0,0.0,0.0,0.0,0.0,0.0,0.0,0.0,0.0,0.0,0.0,0.0,0.0,0.0,0.0,0.0
2025-11-03 20:30:00+00:00,461,6930,0.0,0.0,0.0,0.0,0.0,0.0,0.0,0.0,0.0,0.0,0.0,0.0,0.0,0.0,0.0,0.0,0.0,0.0,0.0,0.0,0.0
2025-11-03 20:45:00+00:00,462,6945,0.0,0.0,0.0,0.0,0.0,0.0,0.0,0.0,0.0,0.0,0.0,0.0,0.0,0.0,0.0,0.0,0.0,0.0,0.0,0.0,0.0
2025-11-03 21:00:00+00:00,463,6960,0.0,0.0,0.0,0.0,0.0,0.0,0.0,0.0,0.0,0.0,0.0,0.0,0.0,0.0,0.0,0.0,0.0,0.0,0.0,0.0,0.0
2025-11-03 21:15:00+00:00,464,6975,0.0,0.0,0.0,0.0,0.0,0.0,0.0,0.0,0.0,0.0,0.0,0.0,0.0,0.0,0.0,0.0,0.0,0.0,0.0,0.0,0.0
2025-11-03 21:30:00+00:00,465,6990,0.0,0.0,0.0,0.0,0.0,0.0,0.0,0.0,0.0,0.0,0.0,0.0,0.0,0.0,0.0,0.0,0.0,0.0,0.0,0.0,0.0
2025-11-03 21:45:00+00:00,466,7005,0.0,0.0,0.0,0.0,0.0,0.0,0.0,0.0,0.0,0.0,0.0,0.0,0.0,0.0,0.0,0.0,0.0,0.0,0.0,0.0,0.0
2025-11-03 22:00:00+00:00,467,7020,0.0,0.0,0.0,0.0,0.0,0.0,0.0,0.0,0.0,0.0,0.0,0.0,0.0,0.0,0.0,0.0,0.0,0.0,0.0,0.0,0.0
2025-11-03 22:15:00+00:00,468,7035,0.0,0.0,0.0,0.0,0.0,0.0,0.0,0.0,0.0,0.0,0.0,0.0,0.0,0.0,0.0,0.0,0.0,0.0,0.0,0.0,0.0
2025-11-03 22:30:00+00:00,469,7050,0.0,0.0,0.0,0.0,0.0,0.0,0.0,0.0,0.0,0.0,0.0,0.0,0.0,0.0,0.0,0.0,0.0,0.0,0.0,0.0,0.0
2025-11-03 22:45:00+00:00,470,7065,0.0,0.0,0.0,0.0,0.0,0.0,0.0,0.0,0.0,0.0,0.0,0.0,0.0,0.0,0.0,0.0,0.0,0.0,0.0,0.0,0.0
2025-11-03 23:00:00+00:00,471,7080,0.0,0.0,0.0,0.0,0.0,0.0,0.0,0.0,0.0,0.0,0.0,0.0,0.0,0.0,0.0,0.0,0.0,0.0,0.0,0.0,0.0
2025-11-03 23:15:00+00:00,472,7095,0.0,0.0,0.0,0.0,0.0,0.0,0.0,0.0,0.0,0.0,0.0,0.0,0.0,0.0,0.0,0.0,0.0,0.0,0.0,0.0,0.0
2025-11-03 23:30:00+00:00,473,7110,0.0,0.0,0.0,0.0,0.0,0.0,0.0,0.0,0.0,0.0,0.0,0.0,0.0,0.0,0.0,0.0,0.0,0.0,0.0,0.0,0.0
2025-11-03 23:45:00+00:00,474,7125,0.0,0.0,0.0,0.0,0.0,0.0,0.0,0.0,0.0,0.0,0.0,0.0,0.0,0.0,0.0,0.0,0.0,0.0,0.0,0.0,0.0
2025-11-04 00:00:00+00:00,475,7140,0.0,0.0,0.0,0.0,0.0,0.0,0.0,0.0,0.0,0.0,0.0,0.0,0.0,0.0,0.0,0.0,0.0,0.0,0.0,0.0,0.0
2025-11-04 00:15:00+00:00,476,7155,0.0,0.0,0.0,0.0,0.0,0.0,0.0,0.0,0.0,0.0,0.0,0.0,0.0,0.0,0.0,0.0,0.0,0.0,0.0,0.0,0.0
2025-11-04 00:30:00+00:00,477,7170,0.0,0.0,0.0,0.0,0.0,0.0,0.0,0.0,0.0,0.0,0.0,0.0,0.0,0.0,0.0,0.0,0.0,0.0,0.0,0.0,0.0
2025-11-04 00:45:00+00:00,478,7185,0.0,0.0,0.0,0.0,0.0,0.0,0.0,0.0,0.0,0.0,0.0,0.0,0.0,0.0,0.0,0.0,0.0,0.0,0.0,0.0,0.0
2025-11-04 01:00:00+00:00,479,7200,0.0,0.0,0.0,0.0,0.0,0.0,0.0,0.0,0.0,0.0,0.0,0.0,0.0,0.0,0.0,0.0,0.0,0.0,0.0,0.0,0.0
2025-11-04 01:15:00+00:00,480,7215,0.0,0.0,0.0,0.0,0.0,0.0,0.0,0.0,0.0,0.0,0.0,0.0,0.0,0.0,0.0,0.0,0.0,0.0,0.0,0.0,0.0
2025-11-04 01:30:00+00:00,481,7230,0.0,0.0,0.0,0.0,0.0,0.0,0.0,0.0,0.0,0.0,0.0,0.0,0.0,0.0,0.0,0.0,0.0,0.0,0.0,0.0,0.0
2025-11-04 01:45:00+00:00,482,7245,0.0,0.0,0.0,0.0,0.0,0.0,0.0,0.0,0.0,0.0,0.0,0.0,0.0,0.0,0.0,0.0,0.0,0.0,0.0,0.0,0.0
2025-11-04 02:00:00+00:00,483,7260,0.0,0.0,0.0,0.0,0.0,0.0,0.0,0.0,0.0,0.0,0.0,0.0,0.0,0.0,0.0,0.0,0.0,0.0,0.0,0.0,0.0
2025-11-04 02:15:00+00:00,484,7275,0.0,0.0,0.0,0.0,0.0,0.0,0.0,0.0,0.0,0.0,0.0,0.0,0.0,0.0,0.0,0.0,0.0,0.0,0.0,0.0,0.0
2025-11-04 02:30:00+00:00,485,7290,0.0,0.0,0.0,0.0,0.0,0.0,0.0,0.0,0.0,0.0,0.0,0.0,0.0,0.0,0.0,0.0,0.0,0.0,0.0,0.0,0.0
2025-11-04 02:45:00+00:00,486,7305,0.0,0.0,0.0,0.0,0.0,0.0,0.0,0.0,0.0,0.0,0.0,0.0,0.0,0.0,0.0,0.0,0.0,0.0,0.0,0.0,0.0
2025-11-04 03:00:00+00:00,487,7320,0.0,0.0,0.0,0.0,0.0,0.0,0.0,0.0,0.0,0.0,0.0,0.0,0.0,0.0,0.0,0.0,0.0,0.0,0.0,0.0,0.0
