horizon,horizon_num,horizon_minutes,p_05,p_10,p_15,p_20,p_25,p_30,p_35,p_40,p_45,p_50,p_55,p_60,p_65,p_70,p_75,p_80,p_85,p_90,p_95,clear_sky,deterministic
2025-08-14 15:15:00+00:00,0,15,19068.811472794267,21166.544446629414,22538.327085265206,23883.332176967393,24541.82652691746,24967.67373008085,25384.810423408566,25833.089936680197,26234.71437149501,26447.00214277237,26617.759898252152,26876.100908687735,27191.023378257563,27402.220545786746,27584.72724066673,27729.042052760047,27873.35686485337,28274.621130172738,28702.896480817122,41603.07966085045,25598.898367992224
2025-08-14 15:30:00+00:00,1,30,14700.856374259523,17524.03894354443,19103.82965067353,20374.882627076124,21531.669932060853,22043.665332752542,22432.983950758142,22854.74387255525,23300.692299970564,23561.372923428637,23763.146993387574,23948.55511126318,24277.4726490553,24543.219344446865,24708.786515303193,24853.523274472787,25108.967013776728,25424.831126748413,26026.801426752758,37085.41704856365,22420.519184162928
2025-08-14 15:45:00+00:00,2,45,10771.32806915336,14150.895388028408,16079.049483728462,16826.093821924474,17868.43031170623,18943.478644903167,19410.847078928487,19749.114004820065,20182.853740853847,20638.278142036903,20866.08311426939,21080.612371778574,21314.26406258494,21581.04146552883,21785.012431328756,21984.093310206506,22196.99670979773,22506.9845660489,23284.222119015747,32550.633304299852,19499.198092805425
2025-08-14 16:00:00+00:00,3,60,8676.59469129331,10713.40999142664,12632.425647223885,14072.435553653837,14518.462188733109,15339.948258356928,16169.294549681412,16660.05507573777,17024.27927515866,17472.749842041245,17810.772044642294,18051.53720622019,18271.01175262926,18486.94451056629,18684.494332633287,18841.622444106848,18974.663674957308,19321.68143002385,19831.915100173643,28049.063822201428,16278.130596728342
2025-08-14 16:15:00+00:00,4,75,7156.3538617008335,8293.491990970831,9945.133913296662,11111.112289345196,12006.379854332878,12443.068729536639,13108.263789547627,13781.815378898962,14155.230076815726,14353.003921825792,14632.046303730107,14915.666662236263,15116.070546802812,15483.550171256173,15694.351984437006,15852.779351658946,15999.170859201382,16299.220498549392,16682.918440447276,23638.20204402226,13437.33154738718
2025-08-14 16:30:00+00:00,5,90,5717.388922427124,6521.439883152558,7662.385456611699,8705.47086634701,9478.80628009499,9938.53865071127,10324.385275720826,10889.002935549952,11380.707948610316,11616.614064378522,11783.010835314724,11986.618121905614,12228.961690224509,12439.817104851742,12731.963818937786,12931.073458041465,13081.196099343613,13305.985253169474,13583.476204517872,19227.744617850483,10799.71533635406
2025-08-14 16:45:00+00:00,6,105,4627.69521993489,5116.188739145673,5751.17607149969,6608.119933461958,7324.584798094157,7744.053825185862,8110.465387514429,8327.891622490393,8734.969297248508,9082.83608619418,9286.556813074149,9478.739046727917,9651.911431194303,9836.757951111591,10054.393162436789,10301.055973946268,10466.593578291853,10652.782742760066,10991.38014236895,15180.216010485352,8529.873973530966
2025-08-14 17:00:00+00:00,7,120,3462.9504400122946,3805.7172465342824,4172.683736816317,4715.6216832664995,5138.3941571779405,5456.955340804471,5683.670042349291,6016.460228668054,6177.440461825587,6371.598469836959,6699.181512172269,6922.783667932662,7061.429152492781,7205.242197441524,7357.834089758874,7549.536171564138,7764.167968021812,7907.30376567644,8299.75154750086,11433.257448185239,6206.174787893194
2025-08-14 17:15:00+00:00,8,135,2287.329533805688,2516.8454991909953,2708.773425429319,3012.1574534868028,3327.279546265935,3558.958606651866,3817.5125493903215,3976.02449154681,4218.06748568605,4337.018338038741,4500.06548973008,4733.763344322037,4867.002230549411,4971.187316726074,5100.04217024229,5230.570624983611,5379.280290182021,5533.080026101583,5954.222072261087,8061.272372868701,4206.718644982285
2025-08-14 17:30:00+00:00,9,150,1395.2164419299902,1569.1913008580993,1708.8982639148792,1860.9639654444031,2081.693942179721,2271.7390555379316,2448.650850068776,2509.774399589363,2649.683851467343,2741.6439241182416,2819.731876123558,2939.8662661944813,3056.0406516412895,3130.9330454712326,3195.240234011322,3290.3777828795505,3401.1250032619155,3487.059990375958,3628.420738125989,5181.421951139825,2622.8320485148465
2025-08-14 17:45:00+00:00,10,165,960.517154606763,1069.938604293797,1165.9076244705302,1250.1001537176967,1403.8573231143291,1529.9487934497063,1662.6675569888664,1715.9604636962608,1752.1742697082077,1853.6452761087983,1908.2996293987142,1957.7973125045266,2034.7034092045685,2117.434421027449,2174.5044201847554,2228.170437425272,2306.477174413901,2380.5482358053173,2586.8587818314722,3611.8916327901597,1783.1014645765015
2025-08-14 18:00:00+00:00,11,180,613.5579104501019,689.635703138774,747.3241348252446,814.714425434697,925.507143493315,1018.3222736209191,1086.6295533107261,1144.2067641098372,1163.164095383718,1213.9896974113612,1266.5647403890755,1303.6112780114604,1335.8133878533686,1399.7760294367733,1446.9504482474042,1481.0057596777651,1533.489103282386,1596.4754072559167,1753.0456900932516,2474.0007127390013,1180.2163142502543
2025-08-14 18:15:00+00:00,12,195,301.6067121795905,351.93746077992296,390.27497022015814,426.03237274146335,461.8291430356763,526.1680362639503,565.9088643233692,595.3683772957008,626.690117031948,634.6187261150711,657.9950903435564,685.4104432167805,705.6309615450112,729.1344235427692,767.6098424157798,797.0323828281036,815.4201443987237,846.999497708885,962.4102873041883,1349.7260168510154,621.632113587287
2025-08-14 18:30:00+00:00,13,210,38.30971668538821,49.36005707119493,56.05696642715217,59.6771909693347,65.36078946404531,72.84189432479958,78.65429354553716,82.51943472161727,85.45917371748654,88.65878339301236,90.35242040664434,93.79769764795289,97.26321892639338,99.99471168693849,104.48427059988629,109.50754045644813,114.08365314185463,120.14984921529923,149.10766413846588,189.3401783962573,89.1776863132347
2025-08-14 18:45:00+00:00,14,225,0.0,0.0,0.0,0.0,0.0,0.0,0.0,0.0,0.0,0.0,0.0,0.0,0.0,0.0,0.0,0.0,0.0,0.0,0.0,0.0,0.0
2025-08-14 19:00:00+00:00,15,240,0.0,0.0,0.0,0.0,0.0,0.0,0.0,0.0,0.0,0.0,0.0,0.0,0.0,0.0,0.0,0.0,0.0,0.0,0.0,0.0,0.0
2025-08-14 19:15:00+00:00,16,255,0.0,0.0,0.0,0.0,0.0,0.0,0.0,0.0,0.0,0.0,0.0,0.0,0.0,0.0,0.0,0.0,0.0,0.0,0.0,0.0,0.0
2025-08-14 19:30:00+00:00,17,270,0.0,0.0,0.0,0.0,0.0,0.0,0.0,0.0,0.0,0.0,0.0,0.0,0.0,0.0,0.0,0.0,0.0,0.0,0.0,0.0,0.0
2025-08-14 19:45:00+00:00,18,285,0.0,0.0,0.0,0.0,0.0,0.0,0.0,0.0,0.0,0.0,0.0,0.0,0.0,0.0,0.0,0.0,0.0,0.0,0.0,0.0,0.0
2025-08-14 20:00:00+00:00,19,300,0.0,0.0,0.0,0.0,0.0,0.0,0.0,0.0,0.0,0.0,0.0,0.0,0.0,0.0,0.0,0.0,0.0,0.0,0.0,0.0,0.0
2025-08-14 20:15:00+00:00,20,315,0.0,0.0,0.0,0.0,0.0,0.0,0.0,0.0,0.0,0.0,0.0,0.0,0.0,0.0,0.0,0.0,0.0,0.0,0.0,0.0,0.0
2025-08-14 20:30:00+00:00,21,330,0.0,0.0,0.0,0.0,0.0,0.0,0.0,0.0,0.0,0.0,0.0,0.0,0.0,0.0,0.0,0.0,0.0,0.0,0.0,0.0,0.0
2025-08-14 20:45:00+00:00,22,345,0.0,0.0,0.0,0.0,0.0,0.0,0.0,0.0,0.0,0.0,0.0,0.0,0.0,0.0,0.0,0.0,0.0,0.0,0.0,0.0,0.0
2025-08-14 21:00:00+00:00,23,360,0.0,0.0,0.0,0.0,0.0,0.0,0.0,0.0,0.0,0.0,0.0,0.0,0.0,0.0,0.0,0.0,0.0,0.0,0.0,0.0,0.0
2025-08-14 21:15:00+00:00,24,375,0.0,0.0,0.0,0.0,0.0,0.0,0.0,0.0,0.0,0.0,0.0,0.0,0.0,0.0,0.0,0.0,0.0,0.0,0.0,0.0,0.0
2025-08-14 21:30:00+00:00,25,390,0.0,0.0,0.0,0.0,0.0,0.0,0.0,0.0,0.0,0.0,0.0,0.0,0.0,0.0,0.0,0.0,0.0,0.0,0.0,0.0,0.0
2025-08-14 21:45:00+00:00,26,405,0.0,0.0,0.0,0.0,0.0,0.0,0.0,0.0,0.0,0.0,0.0,0.0,0.0,0.0,0.0,0.0,0.0,0.0,0.0,0.0,0.0
2025-08-14 22:00:00+00:00,27,420,0.0,0.0,0.0,0.0,0.0,0.0,0.0,0.0,0.0,0.0,0.0,0.0,0.0,0.0,0.0,0.0,0.0,0.0,0.0,0.0,0.0
2025-08-14 22:15:00+00:00,28,435,0.0,0.0,0.0,0.0,0.0,0.0,0.0,0.0,0.0,0.0,0.0,0.0,0.0,0.0,0.0,0.0,0.0,0.0,0.0,0.0,0.0
2025-08-14 22:30:00+00:00,29,450,0.0,0.0,0.0,0.0,0.0,0.0,0.0,0.0,0.0,0.0,0.0,0.0,0.0,0.0,0.0,0.0,0.0,0.0,0.0,0.0,0.0
2025-08-14 22:45:00+00:00,30,465,0.0,0.0,0.0,0.0,0.0,0.0,0.0,0.0,0.0,0.0,0.0,0.0,0.0,0.0,0.0,0.0,0.0,0.0,0.0,0.0,0.0
2025-08-14 23:00:00+00:00,31,480,0.0,0.0,0.0,0.0,0.0,0.0,0.0,0.0,0.0,0.0,0.0,0.0,0.0,0.0,0.0,0.0,0.0,0.0,0.0,0.0,0.0
2025-08-14 23:15:00+00:00,32,495,0.0,0.0,0.0,0.0,0.0,0.0,0.0,0.0,0.0,0.0,0.0,0.0,0.0,0.0,0.0,0.0,0.0,0.0,0.0,0.0,0.0
2025-08-14 23:30:00+00:00,33,510,0.0,0.0,0.0,0.0,0.0,0.0,0.0,0.0,0.0,0.0,0.0,0.0,0.0,0.0,0.0,0.0,0.0,0.0,0.0,0.0,0.0
2025-08-14 23:45:00+00:00,34,525,0.0,0.0,0.0,0.0,0.0,0.0,0.0,0.0,0.0,0.0,0.0,0.0,0.0,0.0,0.0,0.0,0.0,0.0,0.0,0.0,0.0
2025-08-15 00:00:00+00:00,35,540,0.0,0.0,0.0,0.0,0.0,0.0,0.0,0.0,0.0,0.0,0.0,0.0,0.0,0.0,0.0,0.0,0.0,0.0,0.0,0.0,0.0
2025-08-15 00:15:00+00:00,36,555,0.0,0.0,0.0,0.0,0.0,0.0,0.0,0.0,0.0,0.0,0.0,0.0,0.0,0.0,0.0,0.0,0.0,0.0,0.0,0.0,0.0
2025-08-15 00:30:00+00:00,37,570,0.0,0.0,0.0,0.0,0.0,0.0,0.0,0.0,0.0,0.0,0.0,0.0,0.0,0.0,0.0,0.0,0.0,0.0,0.0,0.0,0.0
2025-08-15 00:45:00+00:00,38,585,0.0,0.0,0.0,0.0,0.0,0.0,0.0,0.0,0.0,0.0,0.0,0.0,0.0,0.0,0.0,0.0,0.0,0.0,0.0,0.0,0.0
2025-08-15 01:00:00+00:00,39,600,0.0,0.0,0.0,0.0,0.0,0.0,0.0,0.0,0.0,0.0,0.0,0.0,0.0,0.0,0.0,0.0,0.0,0.0,0.0,0.0,0.0
2025-08-15 01:15:00+00:00,40,615,0.0,0.0,0.0,0.0,0.0,0.0,0.0,0.0,0.0,0.0,0.0,0.0,0.0,0.0,0.0,0.0,0.0,0.0,0.0,0.0,0.0
2025-08-15 01:30:00+00:00,41,630,0.0,0.0,0.0,0.0,0.0,0.0,0.0,0.0,0.0,0.0,0.0,0.0,0.0,0.0,0.0,0.0,0.0,0.0,0.0,0.0,0.0
2025-08-15 01:45:00+00:00,42,645,0.0,0.0,0.0,0.0,0.0,0.0,0.0,0.0,0.0,0.0,0.0,0.0,0.0,0.0,0.0,0.0,0.0,0.0,0.0,0.0,0.0
2025-08-15 02:00:00+00:00,43,660,0.0,0.0,0.0,0.0,0.0,0.0,0.0,0.0,0.0,0.0,0.0,0.0,0.0,0.0,0.0,0.0,0.0,0.0,0.0,0.0,0.0
2025-08-15 02:15:00+00:00,44,675,0.0,0.0,0.0,0.0,0.0,0.0,0.0,0.0,0.0,0.0,0.0,0.0,0.0,0.0,0.0,0.0,0.0,0.0,0.0,0.0,0.0
2025-08-15 02:30:00+00:00,45,690,0.0,0.0,0.0,0.0,0.0,0.0,0.0,0.0,0.0,0.0,0.0,0.0,0.0,0.0,0.0,0.0,0.0,0.0,0.0,0.0,0.0
2025-08-15 02:45:00+00:00,46,705,0.0,0.0,0.0,0.0,0.0,0.0,0.0,0.0,0.0,0.0,0.0,0.0,0.0,0.0,0.0,0.0,0.0,0.0,0.0,0.0,0.0
2025-08-15 03:00:00+00:00,47,720,0.0,0.0,0.0,0.0,0.0,0.0,0.0,0.0,0.0,0.0,0.0,0.0,0.0,0.0,0.0,0.0,0.0,0.0,0.0,0.0,0.0
2025-08-15 03:15:00+00:00,48,735,0.0,0.0,0.0,0.0,0.0,0.0,0.0,0.0,0.0,0.0,0.0,0.0,0.0,0.0,0.0,0.0,0.0,0.0,0.0,0.0,0.0
2025-08-15 03:30:00+00:00,49,750,0.0,0.0,0.0,0.0,0.0,0.0,0.0,0.0,0.0,0.0,0.0,0.0,0.0,0.0,0.0,0.0,0.0,0.0,0.0,0.0,0.0
2025-08-15 03:45:00+00:00,50,765,0.0,0.0,0.0,0.0,0.0,0.0,0.0,0.0,0.0,0.0,0.0,0.0,0.0,0.0,0.0,0.0,0.0,0.0,0.0,0.0,0.0
2025-08-15 04:00:00+00:00,51,780,14.094220070309456,30.14569823514326,42.806005958997325,51.378341123173925,55.3990784318136,60.351810350007234,67.16971254581159,75.10360017045718,82.91166599622268,91.42063838475659,98.48638964290667,102.7215135968688,108.66688870046384,116.09792667292811,122.10965224133209,128.826581522383,133.6884795478773,142.3922990733079,153.94528770009663,192.73017094103878,88.51960967460148
2025-08-15 04:15:00+00:00,52,795,131.37508996759698,256.70257144891394,319.39778599545355,370.11173817555385,404.58934127430877,461.11254209916325,523.2749491648739,565.5802938275807,625.7519107496322,683.3935419774105,712.1966324549206,740.3371854730811,785.0492725538963,822.1251319151326,853.1466077047999,894.7274620751305,931.0086793012972,986.1876218552014,1032.5202024367484,1357.293000981414,637.2978574212804
2025-08-15 04:30:00+00:00,53,810,272.08217344390783,488.8137889156751,653.6712963657087,706.9303251318927,823.9084540698893,933.9952638768011,1027.485965431105,1119.0268456799856,1224.0277572689179,1304.57312434147,1389.656673491102,1454.150413744726,1516.3032722820903,1554.4087736413774,1601.3458944847189,1654.4662766363974,1712.5025065583545,1844.4053266311569,1929.1335458667816,2493.0297485484048,1231.0246304808134
2025-08-15 04:45:00+00:00,54,825,503.89759944001,1026.8804231765373,1327.820773923514,1623.9532002715735,2000.7887033724087,2171.4633364549663,2345.532484444314,2419.8520068120542,2561.627593632992,2687.871453898527,2794.365975699865,2852.345169057008,2932.7080584426653,3034.6705784072105,3105.6386812700393,3236.708781222635,3362.65143957996,3487.826442395026,3656.5766864943694,4493.0102710997835,2486.0793996681664
2025-08-15 05:00:00+00:00,55,840,852.952157270233,1675.1995125349474,2274.3125720523494,3105.183090096721,3433.7275704504946,3750.454115237901,3985.8548250139365,4213.158540956409,4436.479345743143,4572.3176625364085,4682.407757850389,4772.307826267754,4934.115384831254,5055.943175309818,5175.4776563247815,5347.537713414664,5573.4557459157095,5773.609501667087,6080.027486087471,7392.375332556154,4199.155679662082
2025-08-15 05:15:00+00:00,56,855,1290.1154134494343,2435.535004664929,3313.4082622177266,4666.281936276343,5200.121067633309,5701.853525139276,5937.582831132133,6347.467499522145,6686.313777813327,6846.674834817345,6970.879427228135,7191.613845931026,7359.249184195546,7516.4036402921565,7639.58040845594,7910.098497481143,8176.580827132132,8467.014707812004,8908.20835255158,10796.433871434467,6241.087876464708
2025-08-15 05:30:00+00:00,57,870,1700.2359997068895,3035.571390466195,5057.030585960289,6586.255763262139,7619.311909594317,8219.998519458526,8827.984916287644,9166.503000522804,9311.629564263923,9535.63209817519,9785.07169723306,9999.297004403676,10142.704735585834,10282.983544423454,10523.428099379136,10867.352854336694,11137.42144769837,11434.697523412315,11986.5832625172,14589.2881085056,8687.304906021238
2025-08-15 05:45:00+00:00,58,885,2197.361930481357,4953.15377523903,7275.188315582862,9094.77261076632,10249.887924467492,11161.157961980456,11621.587728866481,11867.07531306742,12182.365402936934,12539.096263770865,12805.379887047664,12965.363457434925,13099.150322754542,13451.889336548385,13865.74189145722,14102.83950071764,14362.18609175577,14608.007849834823,15161.918452245838,18686.767554728205,11426.393274622664
2025-08-15 06:00:00+00:00,59,900,2761.94798720245,6166.207518410288,8912.755340752834,12006.016193429183,13562.35491737605,14207.277252771626,14624.870960278304,15117.028317630213,15495.74140606325,15752.012404458732,15972.157492378516,16181.461724573608,16395.010917326017,16943.294806667374,17203.300589019582,17504.358349327424,17798.035718526247,18064.754596626633,18618.59458585431,23015.10973673286,14352.623611008436
2025-08-15 06:15:00+00:00,60,915,3685.8820002545376,3975.5803445417937,8483.6175035293,12899.71195205279,15404.465293754214,17017.888794004815,18008.27058037159,18873.909484660657,19503.7556653665,19813.342575999828,20011.38639258788,20280.3582117774,20790.12522455094,21148.600518816143,21587.61923374344,21843.534845185517,22079.86405331809,22424.056042566786,23337.809799345938,27658.827291824997,17415.04226132886
2025-08-15 06:30:00+00:00,61,930,4477.770271327373,4852.997594597925,9592.053278859637,14921.838608460434,18091.463579091498,19981.198844328745,21157.54557923707,22181.211707293074,22901.49174036472,23197.54885187214,23413.408382520443,23678.391769842274,24166.874867946117,24573.810658916602,25024.32728219278,25405.488498227154,25731.39859618105,25993.680778566253,26780.20714992378,32241.545562254192,20318.26697617406
2025-08-15 06:45:00+00:00,62,945,5160.2450784488055,5619.39440993925,11176.329846166756,18182.118462277944,21439.81200652818,23105.353016916997,24838.25449318577,25915.524423348175,26291.974936675364,26546.29718186357,26747.602072452766,26999.296251301337,27503.80257316725,28054.597934869904,28521.3598158092,28967.547629714398,29309.492577340745,29622.314908516986,30358.767412696012,36850.08699658616,23377.742514034246
2025-08-15 07:00:00+00:00,63,960,5721.700085211842,6260.018366804733,12267.877925288689,20352.450978123135,25519.319687093146,27211.72643565467,28804.152823343786,29289.46112017632,29599.92065236381,29806.53682927423,30013.153006184646,30267.80774471477,30616.27385957001,31232.062793307065,31698.729195323944,32214.90067789733,32674.22108584883,33083.9122427105,33691.822902823646,41432.523927934366,26213.575569179568
2025-08-15 07:15:00+00:00,64,975,6625.148572722893,7097.314246012405,14342.767456055537,21938.032388420044,26602.77479563588,30265.785542524533,32195.47538961977,32701.4313538361,33029.83498915993,33298.056620923206,33520.6686116973,33721.85325435568,33979.01644329095,34390.36723901555,35017.62450329192,35576.943392386886,36157.717590655884,36779.50087428115,37122.601071658624,45943.680621886226,28921.26819111013
2025-08-15 07:30:00+00:00,65,990,7568.6371555156675,7859.696834394937,15841.10417020619,24090.01895632768,29259.52466436509,32860.89419560756,34756.367988860286,35854.45856404946,36291.15186367643,36604.01081629786,36856.374548302854,37064.26415259922,37299.00342770511,37585.98971376949,38257.02121893145,38835.28685287471,39475.325704505565,40372.540770968706,40818.55804695241,50343.77259871704,31705.60596842669
2025-08-15 07:45:00+00:00,66,1005,8203.724600816622,12774.359281258223,19924.136858661306,27003.59348232398,32790.674800266046,36045.174083287995,37928.62853277653,38783.7801983137,39313.50033272751,39636.04431671997,39850.6373872389,40084.30413729597,40367.22135145488,40715.944537413714,41183.802133572564,42005.58986139286,42844.98727784076,43546.210660640216,44352.54940834328,54597.3735834883,34797.36536169559
2025-08-15 08:00:00+00:00,67,1020,8841.765108173677,14442.024682846493,22690.093909427644,30634.42839530442,36670.50810632516,39463.47342922433,40571.1256223897,41401.40617621105,41953.96974509479,42489.79661917066,42719.42448156192,42896.47601081751,43073.527540073104,43389.27957910788,43835.133779073585,44409.00381507105,45343.768853523405,46252.92868287445,47154.044277352805,58672.657439668335,37369.82279220905
2025-08-15 08:15:00+00:00,68,1035,9016.70501623206,15661.42699050528,27445.59470752748,34040.33796762604,39221.07362708434,42203.543871673,43149.93160487489,43903.066180618276,44527.05708162621,44924.09325756686,45134.11239345487,45344.13152934288,45634.15795509297,45942.75750170391,46347.79440663077,46876.27113020201,47494.3274443867,48589.8107384111,49886.19237260967,62392.24306560699,39814.12216005914
2025-08-15 08:30:00+00:00,69,1050,9495.806503619606,19942.04080071711,30012.02113028302,36181.540637517384,41092.51993531063,43937.770714285536,44825.77770629313,45767.390141885735,46378.82091405548,46911.13019612321,47339.20755337386,47578.09110595207,47817.15711935609,48250.46152451358,48763.353329309844,49385.82518229745,50052.57928730156,51192.11812291699,52450.80250563096,65938.84962048358,41996.35742254604
2025-08-15 08:45:00+00:00,70,1065,10037.182812896886,21071.82609285553,32692.03272781311,40911.844562360006,45792.15246911587,47050.47008628937,48108.63526086662,48478.81239039614,49036.74247786304,49484.55599791892,49835.23232845328,50038.91985746795,50242.60738648261,50465.8818329806,50918.57240264132,51468.65787322815,52116.92693289727,53227.41641485713,54572.75925375399,69299.87177611972,44490.0527190147
2025-08-15 09:00:00+00:00,71,1080,10376.112669398184,21451.787808645728,33898.865823753746,41616.68350481391,47179.469302218735,48754.08244530931,49761.05337388858,50397.28508735485,50852.49544377397,51380.584016187684,51728.049836153274,52045.944096972846,52247.32310848629,52448.70211999974,52669.65218068533,53181.21886433417,53883.605272474735,55078.18719215561,56466.2442694363,72382.67038614773,45966.55712337981
2025-08-15 09:15:00+00:00,72,1095,10306.970843272313,22372.788777805297,34979.732538776894,42909.15694764816,48345.39989675471,50448.97304053241,51499.09747313456,52071.008822451775,52505.493942052235,53020.44463781255,53477.348971021405,53785.367747601296,54041.02202937345,54243.97263211116,54446.92323484887,54897.5417005499,55931.97194451325,57173.59983236328,58518.36517108594,75168.35306294444,47503.57231857953
2025-08-15 09:30:00+00:00,73,1110,10679.024536746856,22969.349835188463,35759.27226308259,45360.97549524938,50997.93762000335,52223.7645034081,53181.04886334801,53624.31711990935,53997.22911265554,54403.250359264144,55008.35632652804,55345.92881910684,55633.10797974865,55835.67611392839,56038.244248108116,56391.836157224476,57477.03765353649,58917.99515467049,60208.97117453228,77640.1693101357,48990.30587880388
2025-08-15 09:45:00+00:00,74,1125,11053.857964501112,19143.50708702314,26033.724230947526,41760.98083475843,49698.879587042924,53327.48912251473,54069.351281118,55094.384253481476,55437.738122201175,55879.151545701934,56509.88718870948,56875.082186038824,57127.39499372651,57325.94701155415,57524.49902938178,57838.47070795117,58329.71820109873,59618.41348339849,61255.71089087617,79783.47410345948,49031.31247734738
2025-08-15 10:00:00+00:00,75,1140,11532.052155843603,21360.39989419617,31487.67040824892,43516.450479136554,50632.18377167459,54835.06612122424,55564.35948551617,56315.31664663365,56686.952694869775,57132.59845794088,57693.22383595078,58131.91419098226,58346.556966247685,58561.199741513105,58805.77393222864,59082.691494787774,59438.284351902555,60837.54353963271,62481.905364699574,81585.71630518926,50495.472280076516
2025-08-15 10:15:00+00:00,76,1155,11792.900945033658,24618.053267913383,36139.814837099904,45243.9897897294,51787.43058098093,56126.51596690264,57129.10745516534,57517.73026713525,57833.88280276457,58270.601578210415,58849.750111389265,59353.75755163962,59617.754371930685,59881.751192221745,60089.140045577966,60296.528898934186,60503.917752290414,61801.42973972192,63684.87845582051,83036.44404250443,51950.705504603655
2025-08-15 10:30:00+00:00,77,1170,21706.45646412035,37736.87077153477,50729.989004410454,55745.67956851642,57486.620688985546,58385.92921543164,59148.90334281995,59439.42822068999,59742.70735237757,60073.97791823514,60494.44765160927,61077.13837990493,61334.67055823664,61592.20273656835,61857.56584661279,62128.176221709284,62436.84417359721,63428.953968254325,65302.46065972211,84127.3210110498,56005.106271753146
2025-08-15 10:45:00+00:00,78,1185,19906.00743573583,32967.8228264252,48523.45253128188,55722.956598746314,57252.985889294425,58278.74554066408,58529.34467607797,58779.94381149185,59126.298210557274,59560.42826796994,60286.117978407034,60499.060416669556,60712.00285493207,60924.945293194585,61109.24028296261,61292.7220900051,61476.20389704759,62136.525820460985,64637.66154263745,84852.14844687797,55028.95801285839
2025-08-15 11:00:00+00:00,79,1200,22609.426585792513,39635.62541388325,50700.3024536522,56148.79309724256,57190.46863238699,58215.870108885254,58458.53498276629,58701.19985664733,59058.929504939115,59493.17281985541,60196.29291841489,60381.04121948184,60565.789520548795,60750.53782161575,60937.28382208429,61124.85736761762,61312.43091315093,61645.74405541324,64441.504762533106,85206.8876107173,55508.397740253764
2025-08-15 11:15:00+00:00,80,1215,28741.12505402415,42868.243248062,54528.178632726354,56165.064312465955,57120.25096256905,57964.22108766015,58209.38760113484,58454.55411460952,58850.17892455177,59395.285634284075,59936.338546583116,60127.16693574699,60317.99532491087,60508.823714074744,60706.5049970863,60904.32845423427,61102.15191138224,61641.86574854285,64155.841599945285,85189.67832447733,56018.73780372362
2025-08-15 11:30:00+00:00,81,1230,38402.479150854575,50320.260074411024,54851.93400384538,56089.02689125763,57214.31047086782,57471.70383946672,57729.097208065614,58054.43560706362,58435.585995318026,59235.32594850815,59465.82337106496,59696.320793621766,59910.77544408959,60083.30121167285,60255.82697925611,60428.35274683937,60762.064340151795,61581.77047822783,63566.017979434546,84800.84995409395,56606.1633088078
2025-08-15 11:45:00+00:00,82,1245,41083.708863763924,51194.02320754651,54060.74727419676,55229.33306608199,56307.63610392595,56562.71216611267,56817.788228299396,57152.50874385454,57575.92776205592,58338.37762628441,58552.824667311565,58767.271708338725,58973.57570267509,59147.250002304376,59320.924301933665,59494.598601562946,59836.02940214674,60617.38900923454,62481.77795109096,84042.92270666169,55964.72006812143
2025-08-15 12:00:00+00:00,83,1260,39324.8765294773,50148.75180072113,53242.715360934344,54089.7242914145,55189.02107209582,55579.6876072151,55914.71177311286,56197.162587529194,56666.23203075583,57349.77733925088,57741.17010216154,57900.518934667096,58059.86776717264,58219.216599678184,58391.63623771277,58688.42044450562,58985.20465129845,60016.90657111585,61692.25583946689,82920.59932931354,55017.40401390174
2025-08-15 12:15:00+00:00,84,1275,37068.81695531309,49147.18374014726,51662.90914392982,52772.748301658794,53845.748840694745,54113.068441653995,54380.388042613245,54781.61900341136,55514.49092837198,55937.55751865212,56267.79648155264,56424.94527939345,56582.094077234244,56739.24287507504,56905.9954241683,57312.751852221256,57957.90362835252,58616.527378614366,59844.26708720653,81440.74927155986,53565.589801718284
2025-08-15 12:30:00+00:00,85,1290,36391.90547198471,47917.39950751134,50210.09859824675,51322.67774909602,52254.24400324685,52556.98106331732,52886.292558588524,53338.11893418963,54144.451551433165,54424.07299126378,54669.45982125055,54824.84000211068,54980.2201829708,55135.60036383093,55380.9239328639,55779.893227742185,56515.267799301924,56985.30582424473,58100.683223857195,79612.38917086947,52102.28669977581
2025-08-15 12:45:00+00:00,86,1305,41310.64333534955,47191.31781044308,48596.00967502692,49586.173163234715,50501.802258305026,50855.02475728386,51252.45098272398,51880.02621770141,52416.51962525836,52662.49493672727,52871.704169000404,53026.53189951665,53181.35963003289,53336.187360549135,53626.98417454123,54031.15471379978,54731.247913461724,55146.012828277526,56155.133342420144,77446.66458833755,50570.193356265045
2025-08-15 13:00:00+00:00,87,1320,39924.869575963174,45288.436523429365,46704.92657583512,47872.98319379118,48745.23043491402,49115.09210436753,49507.69675774133,50124.47461535174,50543.1096708923,50766.00606188812,50975.65565728756,51146.846813858814,51318.037970430065,51489.22912700131,51823.113685578064,52318.27345567393,52868.912359498645,53328.422917831675,54175.32406851803,74956.83805694246,48802.4564895558
2025-08-15 13:15:00+00:00,88,1335,38703.888609259884,43414.267203038005,45054.07840161096,45996.55487621552,46917.81711145136,47254.27486749944,47618.18841287087,48021.778032942195,48697.287083855226,48910.62381724451,49123.9605506338,49329.70485654449,49527.56799056788,49725.43112459125,50088.5152367572,50612.78680794196,51114.811248843944,51588.57343577103,52458.47758950686,72158.28885363351,47176.0104834488
2025-08-15 13:30:00+00:00,89,1350,37192.22992984146,41362.7899553801,42868.71542602489,43920.87015216041,44827.74588095072,45220.90569515103,45564.77428266503,45962.318894577416,46610.791682942865,46836.32661299683,47049.85713182784,47257.45471979977,47452.07402151745,47646.69332323514,47987.6161894702,48551.34030651363,49050.30124790863,49450.10799586066,50280.47581133293,69068.5301518071,45699.26635474193
2025-08-15 13:45:00+00:00,90,1365,31086.460260196898,38261.57430257627,40229.32111221525,41396.53479552585,42256.94072934548,42840.658473759635,43133.20809165996,43459.85934859727,43825.19602774267,44373.664853963644,44600.24258762093,44826.82032127821,45032.07343182234,45232.597580343696,45475.674930353816,46033.37297321771,46595.09630647025,46988.31890894777,47782.564381678705,65707.2497911048,43019.58592540184
2025-08-15 14:00:00+00:00,91,1380,29356.176133512385,35182.990428478675,37737.75834745455,38828.72676965095,39667.764341912065,40428.365111488565,40713.36030318503,41004.33946724517,41308.0937156916,41814.612758346644,42107.90618490836,42326.16643240985,42537.801418875286,42742.01611298033,42946.23080708538,43428.95978258345,44004.15673625322,44435.174952754445,45190.204239023005,62096.383159813224,40536.895683176575
2025-08-15 14:15:00+00:00,92,1395,27271.258791180488,32550.496649836507,34652.463569845975,35760.221467637326,36624.41217889447,37502.936860578695,37993.64953548675,38295.64341323259,38524.5070173479,38876.05519503133,39323.861505648405,39619.333096505194,39823.1414864243,40020.36531416602,40300.78223926338,40678.47149221712,41139.535547860665,41677.246523849884,42388.066200853355,58318.633682139545,37785.323664688134
2025-08-15 14:30:00+00:00,93,1410,24558.57423376352,28903.966425768984,31302.50131012149,32845.21406874128,33543.6662869547,34497.16768739273,35256.25776840435,35613.036681233054,35821.68262421774,36030.328567202436,36493.10475019235,36780.241596982916,37031.3998904102,37237.26036846687,37496.0816763609,37905.72208096867,38337.001617763715,38856.286208335114,39548.84199626772,54355.934835475506,34925.94919811416
2025-08-15 14:45:00+00:00,94,1425,21816.104227841344,25100.41519109098,27193.90065058614,29479.17234279607,30528.628165948376,31183.19389674896,31919.282967702642,32631.0508998941,32999.40995625361,33263.08144081023,33485.54586657175,33739.881087895315,34047.19326512403,34321.40639082592,34598.65671758875,34906.75175165628,35450.558279122946,36044.62235484501,36644.7184003689,50130.03810391156,31874.23031224927
2025-08-15 15:00:00+00:00,95,1440,18476.19383376441,21208.929936459623,23730.519782525498,25090.40740226687,26848.05673292438,27861.582335306495,28365.039719110577,29000.96707044819,29598.656912317063,30093.194432642566,30361.624498915928,30566.55798075759,30958.854648373734,31240.32767201453,31504.29739091983,31877.98818205776,32364.277006982134,32843.14716580063,33598.57148422673,45767.8110355468,28448.55695761181
2025-08-15 15:15:00+00:00,96,1455,14908.319815495775,17473.869377443,19755.281155814708,21223.803143859277,22356.4360311984,23839.203615557515,24948.987426871823,25422.940794991,25899.625354388074,26489.777962649627,27033.605664983323,27334.542781294265,27624.182057054884,27957.29948022924,28253.937662326436,28616.818121604636,29048.95300215599,29505.280839337203,30120.522967340905,41305.21576733921,24942.108681536818
2025-08-15 15:30:00+00:00,97,1470,12406.360858502534,14823.871023405572,16501.076696750282,17937.621223909315,18952.698114567767,19770.23237784409,20737.016364101735,21793.963288526706,22500.028834093602,22898.411837086784,23401.060753688755,23929.645466780774,24272.143875501664,24594.477661627432,24954.677846959854,25353.742456191445,25834.848341228553,26278.29758458223,26872.92414360744,36782.285760119805,21625.0673319667
2025-08-15 15:45:00+00:00,98,1485,10645.767868653109,12701.010251392132,14071.63742702057,15375.162271240415,16315.76870465997,16880.510232586457,17588.95711393887,18474.378244137268,19225.243350027427,19651.617111030937,20042.459055454918,20483.6216413402,20976.738534454733,21319.184090764247,21726.598750266403,22034.509752469614,22650.77006815705,23035.344840294707,23737.782396003804,32243.97070608504,18760.077697136534
2025-08-15 16:00:00+00:00,99,1500,8918.776382565404,10739.460394367017,11443.175366827705,12561.346573420988,13451.518682070131,14141.994284502696,14653.137299819307,15248.248219325173,15921.961675339531,16403.119582307696,16787.991465234805,17248.55767939208,17666.495746214317,18068.855250783396,18439.12562056684,18777.045458929595,19245.460916385804,19714.573894716,20255.910953324586,27741.23068568375,15734.22476351607
2025-08-15 16:15:00+00:00,100,1515,7396.667877516216,8277.329315918882,9270.10021982144,9981.178359885987,10837.205761291265,11301.62626912889,11870.931145617253,12192.797050129882,12684.008022704202,13236.774293469647,13700.02268831226,14049.375553771913,14417.327126529068,14779.162431352936,15177.752911028601,15526.268179890223,15848.471799830168,16512.733562170644,17025.01359941137,23321.21257768656,12706.433205318004
2025-08-15 16:30:00+00:00,101,1530,5835.017330442735,6355.320806418647,7251.214045451224,7763.944985761013,8379.413396377695,8796.771725462182,9138.061033488017,9572.944365395699,9793.150328744701,10171.247411730432,10635.463783306397,11030.716840584162,11320.579381529724,11644.05547405978,11943.482887476308,12301.982220570593,12623.07148154212,13106.366105880204,13819.673005102106,18917.03812561399,10005.70797510028
2025-08-15 16:45:00+00:00,102,1545,4375.791948359777,4989.222188309567,5503.176316130727,5883.322420029249,6321.862197975777,6721.3994648637545,6953.013948545667,7331.8361818592275,7511.735049041246,7719.367850888367,7982.912073208685,8355.768746708769,8592.562200547196,8865.530666430697,9146.20068087276,9373.40839088893,9635.548233039068,10068.026448363893,10669.260521063743,14891.28814545591,7617.580631156556
2025-08-15 17:00:00+00:00,103,1560,3038.7567330785737,3565.619511877461,3958.22699704051,4294.594793570546,4542.46942759035,4911.110880561602,5049.349531522345,5320.989085306465,5523.940600055095,5654.869330541318,5804.209130141823,6006.639755947167,6288.672271756387,6443.082816594058,6651.792250819524,6842.600663517888,7014.2531260640335,7260.6547092880965,7878.198456182383,11161.183902388624,5543.78243691574
2025-08-15 17:15:00+00:00,104,1575,1916.3706383588612,2252.2270481952064,2599.6120407313074,2872.1712281037626,3066.7867543154666,3207.014821306119,3436.166529332484,3530.965021702904,3701.3237961433456,3843.518874478479,3941.078641437231,4051.255911603954,4187.317637802034,4392.674375555817,4510.03740235553,4693.763361152263,4874.223979444702,5055.2167988681795,5514.971813454252,7813.570291028836,3750.3493146458204
2025-08-15 17:30:00+00:00,105,1590,1201.0774711709564,1414.9232888959616,1601.5903061755355,1773.830996891727,1902.9920254274032,1997.0653300128786,2132.93543970208,2220.117744000622,2295.7076781897176,2398.85050797208,2459.9557634844946,2542.93978334806,2639.3727102732437,2778.7465318536542,2869.32308134852,2958.974713935423,3051.3941455119525,3198.828667326673,3505.691925621697,4982.491304769146,2353.339749769652
2025-08-15 17:45:00+00:00,106,1605,571.7203128348339,915.5621025302479,993.1897226462602,1122.3017964121268,1229.0686685061644,1323.5530347539063,1387.6946548871597,1485.0792273574978,1538.3484712866568,1604.3455296128868,1688.138664689287,1724.4731061309292,1781.093935118732,1856.0202258834834,1948.1338474900954,2009.5000290240482,2085.4104092101243,2197.4986254553132,2400.302039866589,3478.315140941587,1566.6055923969989
2025-08-15 18:00:00+00:00,107,1620,342.09766424803854,595.2832240320239,660.0307873017565,733.8594300304029,808.8539835309691,863.8256321959133,918.4220181930168,964.0220615718339,1016.7698028884246,1054.9243531760414,1097.6634952722463,1136.5601007904825,1166.8980164398567,1208.9548319799446,1279.2229309382717,1325.714883941243,1382.565385154079,1459.6684448330996,1664.6141956721033,2331.5202153694895,1062.4930138622933
2025-08-15 18:15:00+00:00,108,1635,103.22442514063306,208.31247698852764,291.33589338674614,328.98610159025515,363.83246659011553,403.48245449555924,431.9573149052523,461.44764456519437,483.3827942028009,512.9699762228358,532.8362225095519,567.2617767307765,579.1547118650501,599.6512994618406,630.1586088543838,668.8352679054154,701.4435260292136,753.3629370487924,828.3246780119861,1176.5388473158366,511.4389650700096
2025-08-15 18:30:00+00:00,109,1650,9.841266534110236,19.45919063999652,27.616842372105197,31.331773619134445,34.112926359494416,37.77873262823969,40.497018184072544,42.69518495719063,45.319379971518416,47.86703048222243,50.81901274265859,53.477572783081925,55.84783795522034,57.309637561210394,59.63621554659641,64.40591867713515,66.53376050283563,70.97125910389337,79.23097208333525,114.14967773916287,47.54899822525642
2025-08-15 18:45:00+00:00,110,1665,0.0,0.0,0.0,0.0,0.0,0.0,0.0,0.0,0.0,0.0,0.0,0.0,0.0,0.0,0.0,0.0,0.0,0.0,0.0,0.0,0.0
2025-08-15 19:00:00+00:00,111,1680,0.0,0.0,0.0,0.0,0.0,0.0,0.0,0.0,0.0,0.0,0.0,0.0,0.0,0.0,0.0,0.0,0.0,0.0,0.0,0.0,0.0
2025-08-15 19:15:00+00:00,112,1695,0.0,0.0,0.0,0.0,0.0,0.0,0.0,0.0,0.0,0.0,0.0,0.0,0.0,0.0,0.0,0.0,0.0,0.0,0.0,0.0,0.0
2025-08-15 19:30:00+00:00,113,1710,0.0,0.0,0.0,0.0,0.0,0.0,0.0,0.0,0.0,0.0,0.0,0.0,0.0,0.0,0.0,0.0,0.0,0.0,0.0,0.0,0.0
2025-08-15 19:45:00+00:00,114,1725,0.0,0.0,0.0,0.0,0.0,0.0,0.0,0.0,0.0,0.0,0.0,0.0,0.0,0.0,0.0,0.0,0.0,0.0,0.0,0.0,0.0
2025-08-15 20:00:00+00:00,115,1740,0.0,0.0,0.0,0.0,0.0,0.0,0.0,0.0,0.0,0.0,0.0,0.0,0.0,0.0,0.0,0.0,0.0,0.0,0.0,0.0,0.0
2025-08-15 20:15:00+00:00,116,1755,0.0,0.0,0.0,0.0,0.0,0.0,0.0,0.0,0.0,0.0,0.0,0.0,0.0,0.0,0.0,0.0,0.0,0.0,0.0,0.0,0.0
2025-08-15 20:30:00+00:00,117,1770,0.0,0.0,0.0,0.0,0.0,0.0,0.0,0.0,0.0,0.0,0.0,0.0,0.0,0.0,0.0,0.0,0.0,0.0,0.0,0.0,0.0
2025-08-15 20:45:00+00:00,118,1785,0.0,0.0,0.0,0.0,0.0,0.0,0.0,0.0,0.0,0.0,0.0,0.0,0.0,0.0,0.0,0.0,0.0,0.0,0.0,0.0,0.0
2025-08-15 21:00:00+00:00,119,1800,0.0,0.0,0.0,0.0,0.0,0.0,0.0,0.0,0.0,0.0,0.0,0.0,0.0,0.0,0.0,0.0,0.0,0.0,0.0,0.0,0.0
2025-08-15 21:15:00+00:00,120,1815,0.0,0.0,0.0,0.0,0.0,0.0,0.0,0.0,0.0,0.0,0.0,0.0,0.0,0.0,0.0,0.0,0.0,0.0,0.0,0.0,0.0
2025-08-15 21:30:00+00:00,121,1830,0.0,0.0,0.0,0.0,0.0,0.0,0.0,0.0,0.0,0.0,0.0,0.0,0.0,0.0,0.0,0.0,0.0,0.0,0.0,0.0,0.0
2025-08-15 21:45:00+00:00,122,1845,0.0,0.0,0.0,0.0,0.0,0.0,0.0,0.0,0.0,0.0,0.0,0.0,0.0,0.0,0.0,0.0,0.0,0.0,0.0,0.0,0.0
2025-08-15 22:00:00+00:00,123,1860,0.0,0.0,0.0,0.0,0.0,0.0,0.0,0.0,0.0,0.0,0.0,0.0,0.0,0.0,0.0,0.0,0.0,0.0,0.0,0.0,0.0
2025-08-15 22:15:00+00:00,124,1875,0.0,0.0,0.0,0.0,0.0,0.0,0.0,0.0,0.0,0.0,0.0,0.0,0.0,0.0,0.0,0.0,0.0,0.0,0.0,0.0,0.0
2025-08-15 22:30:00+00:00,125,1890,0.0,0.0,0.0,0.0,0.0,0.0,0.0,0.0,0.0,0.0,0.0,0.0,0.0,0.0,0.0,0.0,0.0,0.0,0.0,0.0,0.0
2025-08-15 22:45:00+00:00,126,1905,0.0,0.0,0.0,0.0,0.0,0.0,0.0,0.0,0.0,0.0,0.0,0.0,0.0,0.0,0.0,0.0,0.0,0.0,0.0,0.0,0.0
2025-08-15 23:00:00+00:00,127,1920,0.0,0.0,0.0,0.0,0.0,0.0,0.0,0.0,0.0,0.0,0.0,0.0,0.0,0.0,0.0,0.0,0.0,0.0,0.0,0.0,0.0
2025-08-15 23:15:00+00:00,128,1935,0.0,0.0,0.0,0.0,0.0,0.0,0.0,0.0,0.0,0.0,0.0,0.0,0.0,0.0,0.0,0.0,0.0,0.0,0.0,0.0,0.0
2025-08-15 23:30:00+00:00,129,1950,0.0,0.0,0.0,0.0,0.0,0.0,0.0,0.0,0.0,0.0,0.0,0.0,0.0,0.0,0.0,0.0,0.0,0.0,0.0,0.0,0.0
2025-08-15 23:45:00+00:00,130,1965,0.0,0.0,0.0,0.0,0.0,0.0,0.0,0.0,0.0,0.0,0.0,0.0,0.0,0.0,0.0,0.0,0.0,0.0,0.0,0.0,0.0
2025-08-16 00:00:00+00:00,131,1980,0.0,0.0,0.0,0.0,0.0,0.0,0.0,0.0,0.0,0.0,0.0,0.0,0.0,0.0,0.0,0.0,0.0,0.0,0.0,0.0,0.0
2025-08-16 00:15:00+00:00,132,1995,0.0,0.0,0.0,0.0,0.0,0.0,0.0,0.0,0.0,0.0,0.0,0.0,0.0,0.0,0.0,0.0,0.0,0.0,0.0,0.0,0.0
2025-08-16 00:30:00+00:00,133,2010,0.0,0.0,0.0,0.0,0.0,0.0,0.0,0.0,0.0,0.0,0.0,0.0,0.0,0.0,0.0,0.0,0.0,0.0,0.0,0.0,0.0
2025-08-16 00:45:00+00:00,134,2025,0.0,0.0,0.0,0.0,0.0,0.0,0.0,0.0,0.0,0.0,0.0,0.0,0.0,0.0,0.0,0.0,0.0,0.0,0.0,0.0,0.0
2025-08-16 01:00:00+00:00,135,2040,0.0,0.0,0.0,0.0,0.0,0.0,0.0,0.0,0.0,0.0,0.0,0.0,0.0,0.0,0.0,0.0,0.0,0.0,0.0,0.0,0.0
2025-08-16 01:15:00+00:00,136,2055,0.0,0.0,0.0,0.0,0.0,0.0,0.0,0.0,0.0,0.0,0.0,0.0,0.0,0.0,0.0,0.0,0.0,0.0,0.0,0.0,0.0
2025-08-16 01:30:00+00:00,137,2070,0.0,0.0,0.0,0.0,0.0,0.0,0.0,0.0,0.0,0.0,0.0,0.0,0.0,0.0,0.0,0.0,0.0,0.0,0.0,0.0,0.0
2025-08-16 01:45:00+00:00,138,2085,0.0,0.0,0.0,0.0,0.0,0.0,0.0,0.0,0.0,0.0,0.0,0.0,0.0,0.0,0.0,0.0,0.0,0.0,0.0,0.0,0.0
2025-08-16 02:00:00+00:00,139,2100,0.0,0.0,0.0,0.0,0.0,0.0,0.0,0.0,0.0,0.0,0.0,0.0,0.0,0.0,0.0,0.0,0.0,0.0,0.0,0.0,0.0
2025-08-16 02:15:00+00:00,140,2115,0.0,0.0,0.0,0.0,0.0,0.0,0.0,0.0,0.0,0.0,0.0,0.0,0.0,0.0,0.0,0.0,0.0,0.0,0.0,0.0,0.0
2025-08-16 02:30:00+00:00,141,2130,0.0,0.0,0.0,0.0,0.0,0.0,0.0,0.0,0.0,0.0,0.0,0.0,0.0,0.0,0.0,0.0,0.0,0.0,0.0,0.0,0.0
2025-08-16 02:45:00+00:00,142,2145,0.0,0.0,0.0,0.0,0.0,0.0,0.0,0.0,0.0,0.0,0.0,0.0,0.0,0.0,0.0,0.0,0.0,0.0,0.0,0.0,0.0
2025-08-16 03:00:00+00:00,143,2160,0.0,0.0,0.0,0.0,0.0,0.0,0.0,0.0,0.0,0.0,0.0,0.0,0.0,0.0,0.0,0.0,0.0,0.0,0.0,0.0,0.0
2025-08-16 03:15:00+00:00,144,2175,0.0,0.0,0.0,0.0,0.0,0.0,0.0,0.0,0.0,0.0,0.0,0.0,0.0,0.0,0.0,0.0,0.0,0.0,0.0,0.0,0.0
2025-08-16 03:30:00+00:00,145,2190,0.0,0.0,0.0,0.0,0.0,0.0,0.0,0.0,0.0,0.0,0.0,0.0,0.0,0.0,0.0,0.0,0.0,0.0,0.0,0.0,0.0
2025-08-16 03:45:00+00:00,146,2205,0.0,0.0,0.0,0.0,0.0,0.0,0.0,0.0,0.0,0.0,0.0,0.0,0.0,0.0,0.0,0.0,0.0,0.0,0.0,0.0,0.0
2025-08-16 04:00:00+00:00,147,2220,0.8077001447979812,2.4682034529632753,6.346868477425356,9.24045261842791,16.656978811288646,24.97974939487149,31.811441581941303,35.21141961149776,41.458302480005386,45.96614059743955,52.19065705052099,57.960612632188436,61.77833143639761,68.56674518851486,72.11582350659023,76.25791692632193,81.51527649696473,88.46129017175184,100.8965048757284,127.7790071544142,47.30638041060007
2025-08-16 04:15:00+00:00,148,2235,5.461376442036385,32.780373661672165,66.25639353238631,121.63360859162701,177.99562720821416,275.9866674451527,306.79458030106224,375.9963414927961,419.3874922354648,462.1605195302641,521.2159336374802,569.8703753339511,618.1513532517686,656.7014819866278,698.5551267985696,730.6549711443697,779.4134501156695,864.3935311278069,963.7857043866342,1222.5735516616144,466.24737443735694
2025-08-16 04:30:00+00:00,149,2250,12.920531165665373,63.88568954615015,127.43799162418556,280.08522014933624,414.73499858357064,563.853485711324,686.3163688530864,759.4194772539004,821.0635879715054,940.1206889607332,1044.8291983786446,1141.2921806286033,1232.506902419682,1322.4267018395826,1367.7608236653734,1447.7569556900085,1530.2549874134777,1689.3264327068562,1857.4003842752695,2372.9307125687587,930.4692256150448
2025-08-16 04:45:00+00:00,150,2265,261.4107161753268,369.47614468611914,609.7782631118256,817.6009472818944,1042.2051026869926,1162.8234721930228,1297.2090747202105,1552.0502404302385,1693.163133757572,1982.1453081873065,2129.3471727017322,2247.2759717514023,2381.306080649759,2521.9518850292957,2595.694478689805,2687.574154113053,2805.9401242455715,2954.9773192065945,3347.5690518911633,4321.533637980067,1864.3479946254631
2025-08-16 05:00:00+00:00,151,2280,434.9393477297418,594.7077225580018,1139.2174888888476,1436.804440139219,1856.4038328414606,2063.8301874898543,2524.7129268113963,2725.1302003457067,3190.239582920733,3505.613311750475,3689.4025086589086,3869.967278864739,4144.573841814994,4296.074081534846,4443.195107500449,4631.903755787739,4812.049686504088,5142.387569481179,5737.801965188601,7197.953528809065,3247.4435664266475
2025-08-16 05:15:00+00:00,152,2295,726.4072326156693,992.526255067174,1820.1835985240164,2177.752118122155,2771.814681937768,3062.4098167803577,3645.6719552459867,4087.9459639260585,4775.317045311071,5243.477280323588,5522.08093867831,5893.944261642299,6244.933552424404,6388.95397055478,6634.172298949438,6922.848796578725,7160.060967247134,7812.254776430383,8536.627890580927,10591.782364334473,4868.201510170403
2025-08-16 05:30:00+00:00,153,2310,985.6059341540811,1450.7861434320505,2612.342236839461,3372.6067490173637,3900.213017413332,4672.185669177823,5311.746932813284,6064.3796807307635,6693.449618540241,7283.881144719606,7735.424416407386,8126.248650222454,8557.411537882555,8871.881414409443,9165.86109238525,9490.371442356529,9929.406462190793,10795.413735926217,11647.151197401736,14377.725465815787,6804.570548610099
2025-08-16 05:45:00+00:00,154,2325,1385.5406692264955,2194.8746162864118,3443.2043320165544,4808.857593565695,5335.757872186128,6200.427506588391,6876.228530368992,7808.959798649892,8560.630598542846,9549.401543790758,9920.889847536695,10644.58822473177,11214.065961526698,11558.826493880955,12071.261280501503,12492.260840583964,13515.027919170652,14565.425896550776,15166.52867938314,18472.91208707896,8986.905528314253
2025-08-16 06:00:00+00:00,155,2340,1989.935433581108,2825.0163033112403,4182.590263694496,5450.5422730872515,6341.973800955418,7157.944852688382,8117.38457320565,8858.8576872641,9803.405893955542,10722.281851428977,12009.843509709744,12655.373600633067,13796.919740875057,14332.302278257124,15066.914447477664,15577.896015622604,16813.05304737076,18300.265559995518,19018.147992826423,22790.633054914884,10932.248789913221
2025-08-16 06:15:00+00:00,156,2355,2897.634601092779,5156.33138835278,5906.32899696362,6607.975190403116,7252.853570532508,7857.27429156949,8913.657079835393,10377.854729746065,11663.551474971768,12554.715629396556,13416.20972543586,14008.404887645207,14824.945574192483,16275.23051014608,17337.605184135617,18255.912654502583,19070.732580635973,20272.76478243395,21249.91839902623,27434.831762578364,12368.708786446388
2025-08-16 06:30:00+00:00,157,2370,4024.5937274472153,5549.521817175089,6408.687086545665,7189.894061805921,7955.16767496307,8591.77319459751,9241.259644774054,10007.878498696586,12184.77760305824,13104.770402586872,14965.050818400405,16202.427946753929,16927.05574087741,18026.46991891623,19771.363637920178,21150.01125172223,22328.316212608206,24240.48258494451,25279.33383118193,32034.299107480187,13967.839962826758
2025-08-16 06:45:00+00:00,158,2385,4044.480382634629,6228.168399466204,7268.893032722088,8204.169661701333,9174.487410719847,9838.195668613826,10687.48049503799,11659.345497175296,14390.404581493689,15982.148691625975,17584.020527054192,18910.062396448408,20019.583911848345,21161.569219932666,23144.519031206502,24780.941856749243,25976.680460299533,28033.337677189516,30336.77779406672,36648.7788884797,16292.880927771717
2025-08-16 07:00:00+00:00,159,2400,4031.8204951761945,6218.467151082341,7494.141797567434,8761.496062689892,10038.506175389079,10972.89148612679,11904.965510489574,13294.341971397385,16523.902108329694,18419.75772559176,20396.27478441531,21780.037161728993,23484.011695289173,25531.24838189283,27389.1591602334,28842.051191433115,31117.941391639568,32430.290395224627,34384.61112593916,41237.38953033797,18704.93686058787
2025-08-16 07:15:00+00:00,160,2415,4549.656986349568,6351.86209280959,7769.446820396815,9374.887261366946,10753.25081462408,12118.476916818669,13001.468767529133,14527.26419526711,18125.09098180976,21322.884722924846,23722.4119226861,25688.184742607616,27802.868104339723,30344.35518264277,31987.750375402968,33646.55034490154,35639.60484220465,37366.78219199395,38673.5258573033,45754.61678673393,21319.43659181527
2025-08-16 07:30:00+00:00,161,2430,5096.663627459847,6459.062985978954,8148.827843020213,9818.865062842902,11888.657093099178,13382.801343529347,14769.250858191988,17059.242233331595,21212.047903597453,24861.936514662786,27868.85303590774,29776.171945162954,33181.278155278575,34541.008382134736,35563.96316211124,38143.72726438194,39601.83517155086,40996.54387749084,42511.11873208973,50160.443559529675,24045.82038900615
2025-08-16 07:45:00+00:00,162,2445,5937.971249156598,6759.285854791049,9012.906793993547,11808.723638095773,13491.874679707167,15702.395142971256,18503.964722126097,24190.31535439724,28075.7087402163,31450.000453856843,34675.03402736195,36512.73515805235,37842.62844234483,38808.89515562974,41001.376793723146,42534.673620095564,43168.97214572891,44154.36832852663,45251.519604857254,54419.28422689197,27835.80031798481
2025-08-16 08:00:00+00:00,163,2460,6805.2448077170775,9796.779713522455,12840.325785452464,14957.975911081567,18849.58157452049,24425.355574197994,28975.84778341024,33237.12248629184,36396.61478267911,38139.831218076746,39455.408404643786,40401.14867847484,41275.29305859087,43417.49535371311,44380.36375085364,45522.896445498445,45998.017605399895,47091.411036230675,48152.28954805885,58499.20372438284,32509.833190864207
2025-08-16 08:15:00+00:00,164,2475,6803.461512066075,8268.326955482695,15316.551731262614,19990.482301763022,27505.15198459807,33719.50603791352,36342.74353929675,38577.89385241972,40152.32725035074,41158.74202413555,41892.528489072196,42953.646383985244,44825.68404014786,45575.359855112416,46147.66152765205,47216.27312293244,47874.466974019895,48335.71694820914,50188.63335367059,62235.68699522169,35736.50771284068
2025-08-16 08:30:00+00:00,165,2490,7083.833890734776,8026.014570527859,23242.42713425115,32126.65700307068,36470.231781863804,38549.32280113118,40865.985922355205,41855.59714311489,42621.96922611464,43407.98556303418,44189.13695090688,45458.33377600488,47032.09867307412,47643.253471037184,48254.03583042021,48645.98281881904,49474.51163943125,50255.11432213181,51023.408013781795,65770.19186784726,38968.578056448045
2025-08-16 08:45:00+00:00,166,2505,7432.4773971716595,8441.652857911271,22411.97006423493,30991.072734037727,35510.48104959172,39498.127790937855,40929.019020254185,42913.94011918522,44292.07071289654,44806.31111972704,45803.24759366141,46680.38708198617,48136.58403804177,49309.463346765544,50047.64672965606,50848.55344209813,51347.345095975565,52498.670056195275,53159.85019579097,69133.98348904749,39982.56879049697
2025-08-16 09:00:00+00:00,167,2520,8001.687083775046,9177.766996816508,27476.401494090984,32766.946742429576,37090.24045332015,41178.61939101942,43013.22944311611,44475.51693424533,46058.991706161214,46922.59895364268,48193.516901622716,49144.94548793099,49960.91005110921,51350.29036795533,52508.31581353247,53242.588978884174,53801.155872403746,54938.54805952762,55696.9387672744,72218.75356735979,41951.78095998778
2025-08-16 09:15:00+00:00,168,2535,8912.627641005407,9503.362790161304,29244.392792999985,34375.83906374335,38492.131705610176,42474.803597341255,44389.12065853082,45515.733232951985,47712.99760340656,48528.28565267218,49474.5393831455,51083.47254314425,52019.93184504913,53340.51983121414,54663.874002906414,55377.945447393744,55947.10652387702,56789.98060461999,57945.240017488504,75005.60102918431,43570.58546112416
2025-08-16 09:30:00+00:00,169,2550,9524.854315016039,10203.614118243388,30310.84378166242,34866.116955160454,39076.07765345405,43120.39633875551,45380.208091976434,46874.29590185923,48291.803275140344,49962.52525364905,50863.61715697102,52252.17086701362,53897.89896688886,55375.22475819057,56490.14277846344,57539.94781166888,57978.29060619416,58769.551669952925,59897.68208393715,77477.7737729898,44800.16468172952
2025-08-16 09:45:00+00:00,170,2565,8248.02690308667,8653.22404815901,18639.578117066725,32983.27501786897,37555.46100347853,42071.29925602453,45995.360229893486,47607.30407456211,49906.81321355521,50961.807166482766,51797.53658677827,53473.217963037976,55076.10714769641,56309.50697805101,57230.762823471974,57960.172778687695,58467.3420339198,59121.36487911926,60234.69292074299,79620.63107669033,44374.15335547739
2025-08-16 10:00:00+00:00,171,2580,9021.329313456023,9547.939114272425,20000.752220551665,31890.28822453297,39224.33462658167,45161.4414014183,47276.12421278199,48870.309846950964,51371.06358139821,52169.22861059845,53006.45774858588,54493.7688219641,55622.499463523745,57059.52708044057,58094.610550791476,58883.43903173105,59690.194375892184,60161.164065729085,61216.16651216592,81421.63130639603,45451.03821727788
2025-08-16 10:15:00+00:00,172,2595,9311.185264947353,17447.633767701052,25689.249691201112,34783.23123292126,39926.424924637744,44598.16769830601,47917.93797804074,49913.447668983004,52428.33278182605,53398.32806895826,54350.19714647568,55941.6059016531,56916.7777248976,58305.11164672029,59209.63473117749,59896.45349703967,60381.03827824387,61394.8595060781,62091.44976850929,82870.33684774837,46907.938307238706
2025-08-16 10:30:00+00:00,173,2610,9728.762584157317,20520.58865705066,34700.27685695423,41640.22058497566,45467.02341383185,48550.133540179944,50011.38716878595,52861.200000349556,53815.17737754939,54822.98694347534,56564.230627606536,57632.8750972738,58558.20676447973,59462.04778224765,60098.3150263346,60759.90952843401,61225.864154172064,62231.71115493154,62788.37391798836,83958.43008172685,49309.06395120645
2025-08-16 10:45:00+00:00,174,2625,9871.965726456165,25839.373377972523,37184.620585911165,41953.5675886839,46158.67670691553,48940.425254531765,50795.173748445755,53297.49041695107,54332.34621384518,55389.293165371506,56971.44260862145,58058.77876420894,58788.78097775372,59639.17123521614,60290.98435632739,60791.33505084028,61317.587175827946,62353.98483440222,62942.06335659972,84679.73506827488,50122.4405475044
2025-08-16 11:00:00+00:00,175,2640,15945.621583445047,27156.992632870642,37579.50214875328,42417.5512450407,47597.705873161365,49491.46235963771,51850.37291269589,54125.55376465061,55127.67391718583,56911.98853709005,57927.614410508104,58788.83321329677,59270.66685539678,60178.43705586717,60725.29043588518,61096.00299501069,61641.70035787886,62696.91048493596,63278.55020760996,85030.23976085063,51077.71499887019
2025-08-16 11:15:00+00:00,176,2655,19965.8599467654,30616.492279117396,37985.51214455503,42974.903502793546,48056.983861997964,49445.296357933694,52742.61211079823,54322.27596473691,56196.22403312414,57446.03233068976,58284.71083389915,58804.02261130532,59178.385204127,59835.39016902722,60407.225411531654,60850.51740186548,61238.85718008967,62477.91295184942,63147.160145396985,85008.11431610184,51563.014638093766
2025-08-16 11:30:00+00:00,177,2670,20323.795672565237,31895.737113191884,39470.67611655395,44599.031590861756,47899.439053853595,49451.683391639024,52824.95048180652,54224.64268535038,56371.787309592946,57535.69223072139,58335.74915381727,58707.47655494945,59175.417508154096,59806.91694418944,60356.76105176496,60697.712810252044,61187.19796531461,62246.557671861425,62993.72545214425,84613.72194637284,51761.33766600965
2025-08-16 11:45:00+00:00,178,2685,20713.0511439828,32592.052533114973,40757.95359852777,44596.39476328715,48040.23720361265,50160.408799631536,52658.794205910606,53761.08172211445,55859.14880741524,56965.0406370758,57939.61525640261,58391.64501661601,58752.450127193086,59560.88866133067,59954.41826007834,60347.0268202632,60738.61377058562,62002.30911302651,62688.55159230127,83849.62024223062,51680.18436665224
2025-08-16 12:00:00+00:00,179,2700,28105.014235634844,36629.419639092666,40858.032863682565,45083.39847537968,47988.61409240392,49798.25758457551,51834.9979449557,53275.801504208226,55579.12199745028,56729.673955647864,57497.44426310808,57825.35457641465,58190.062255635785,58831.597289110505,59435.35750128524,59788.74600504327,60229.404184803345,61167.84601498063,62186.34405053065,82720.55307146035,51908.602363482256
2025-08-16 12:15:00+00:00,180,2715,22957.988078931554,32389.718917964656,39194.86424463784,43253.88867819527,46791.72388636326,49336.39475500948,51907.45269731578,53076.360982855855,54214.05206843612,55512.8007968651,56816.31577421332,57308.2055629267,57646.33228492985,58534.786886531016,59064.98694711507,59378.0380949399,59775.21654749065,60730.163721676625,61569.42817283856,81233.4351446564,50825.616353456855
2025-08-16 12:30:00+00:00,181,2730,23697.351298462927,31512.643626096622,37581.19555378324,40249.564943710524,44773.698816107775,48941.01015120544,51015.17847330208,51893.7000574608,53143.20977615737,54367.13540066135,55276.737113304174,55962.34754319568,56463.225365649676,57289.82146283281,57700.49970388832,58075.15626455119,59110.77811269956,60046.33253472609,61469.70879367216,79397.33305580053,50139.759277851525
2025-08-16 12:45:00+00:00,182,2745,23241.71767803765,31208.51022812326,37033.60194372987,42070.0012060132,46749.13860565716,49453.724493212,50373.12949901473,51583.38444929759,52700.54051986965,53716.9535613102,54139.145339115465,54830.6090065112,55511.37090798438,55995.50165507275,56369.54081990744,57273.21676749928,58133.49705377063,59324.24509704184,60189.28181874219,77223.44772383044,49646.75464962355
2025-08-16 13:00:00+00:00,183,2760,20092.880223432683,29795.6093565029,35479.18837146613,41099.243984740584,45686.263270063275,47869.67910189768,48785.69996274025,50348.72560295495,51453.29880047084,51970.43906713543,52344.47420860972,52771.09286601103,53277.33865399821,53935.88403856689,54333.31061994579,54974.52836947746,56476.724491650326,57425.53916694442,58293.69771171254,74725.10332095888,47881.69464558709
2025-08-16 13:15:00+00:00,184,2775,20129.101942901594,29193.041446443807,34583.12720947615,39839.173603671006,44596.911431671026,46293.44169013102,47379.905463597795,48866.53003482354,49972.16843304087,50401.72356488764,50703.01344579642,51072.26866667737,51490.56291163555,52074.627973245,52576.51785899316,53179.5782914773,54713.0665259069,55608.052181721105,56445.31380426353,71917.74817510677,46436.80814985992
2025-08-16 13:30:00+00:00,185,2790,20053.60366514062,28367.99429102182,33552.291650219624,38344.49115181636,42606.166318472635,44747.25745412135,45577.756404285625,46873.0930503162,48090.13701063045,48442.086581038304,48807.04000739217,49253.52611520089,49852.86322002632,50378.62433617599,50780.106467743666,51572.69517886225,53096.88006890868,53792.681860897515,54762.14486953457,68818.97345533523,44948.4953473126
2025-08-16 13:45:00+00:00,186,2805,18447.490134919855,25705.143476078545,31639.557105883207,36459.392295507794,40295.88347949235,42379.08714399856,43256.40125808161,44639.33954690224,45713.41882198993,46084.80079061824,46477.97073517051,46900.65475991435,47424.52567660816,47875.210438651564,48274.552398216045,49159.430362955456,50475.941637501564,51183.724624306604,52104.84652169834,65448.556112042934,42623.56459809611
2025-08-16 14:00:00+00:00,187,2820,16760.117354473226,23964.90425141539,29557.521406008702,34312.69632160514,38684.40542468469,40012.04920647106,41090.31056211937,42485.52904626167,43179.0211188016,43552.81443672177,43915.446112892176,44288.39694506294,44816.23090602962,45196.62909213191,45638.641198482015,46814.1648836394,47692.75598192166,48408.84232284434,49200.12436209994,61828.53489910176,40264.200913328285
2025-08-16 14:15:00+00:00,188,2835,15217.55766365833,23484.150469542557,28518.481755315108,32775.7230576575,36670.68794225614,37849.45727276632,39176.9141768555,40310.079966016056,40740.986535571115,41115.37170728302,41468.426025032444,41925.612031047276,42326.66190050516,42654.777944189525,43311.37496738712,44638.28749308094,45238.618990832685,45933.56555193682,47170.766516296004,58063.04238350807,38158.4476059091
2025-08-16 14:30:00+00:00,189,2850,15988.875390799425,22709.94044112462,28414.03300643522,31910.482809961293,34430.349574612694,35416.4161953134,37043.65338926231,37727.76988251519,38042.389209479115,38375.951677863566,38726.26224132412,39183.401047579624,39549.686790424275,40015.04223932435,41266.82043238964,41922.75108324572,42496.64004112699,42998.92662380463,45206.28249558225,54072.389591408566,36091.22066151902
2025-08-16 14:45:00+00:00,190,2865,14282.419737285278,20659.175720862935,25789.572262490197,28925.75144395571,31515.451520341754,32617.847489207506,34057.25077850629,34770.90460667464,35090.43666471607,35421.79514910874,35776.21496747257,36178.91284924418,36563.0960837912,37077.218986266314,38324.19953168894,38879.12948818732,39394.393617397785,39857.107745880916,41618.111129184574,49838.39064525821,33249.11203499798
2025-08-16 15:00:00+00:00,191,2880,13026.27212173687,18098.594953470958,23430.140741306797,25956.88304346893,28718.101681465934,29798.736043474084,30664.744947143372,31564.349739401023,32043.7837473204,32283.64107282665,32646.74801931819,33126.43439323037,33516.7754288296,34137.25639568496,35138.162829367655,35559.174935528456,36042.64053235401,36445.03016931248,38350.08289681701,45468.72013775329,30287.545977103327
2025-08-16 15:15:00+00:00,192,2895,11573.805706818246,16783.675795211864,21162.48888083789,23373.480567116803,25666.376737755974,26506.87964901881,27303.601026507684,28162.23318958057,28864.11152932246,29100.299216446892,29445.095815008222,29897.783530817065,30298.836923420542,31135.523102447005,31828.902466289852,32278.82793564421,32687.673524833168,33210.90409226708,35193.03639867048,40999.62624568868,27359.85050965491
2025-08-16 15:30:00+00:00,193,2910,5729.898764247862,12910.9407961103,16503.59687751578,20031.78880155154,21415.463755441062,23189.546125873956,24005.53496834696,24660.33839840939,25508.228007564478,25883.87237098419,26203.40853184097,26621.379392311865,27002.423076965097,27507.972226157166,28400.31073640043,28829.160133817368,29195.684401795763,29683.8242821248,31972.99420159238,36471.51517971994,23775.424198710993
2025-08-16 15:45:00+00:00,194,2925,5080.47751108251,11775.929879414956,14604.52909335893,17551.111884327456,18339.21063478843,19963.773004258226,20892.05702102419,21283.42560092039,22140.814511917164,22618.357496189274,22898.717379157653,23315.78321870421,23713.975812368724,24132.59194867167,25019.434563838575,25378.29269029942,25721.09822297917,27021.256501068085,28328.011691591822,31929.82768460052,20879.39423394526
2025-08-16 16:00:00+00:00,195,2940,7811.849444060941,11841.138858554012,13810.922363182834,15137.291098034657,15759.989510719884,16998.06575561395,17638.635066769828,18137.4750913475,18532.356484275948,19166.051572276854,19494.542004353116,19823.487324636142,20227.07807589034,20607.348607513835,21314.341703216993,21677.65457027409,22000.222387977425,22449.416350028223,24065.95647259618,27426.173081692432,18090.655158039575
2025-08-16 16:15:00+00:00,196,2955,7969.144500522355,9734.163169684412,11375.827903477471,12529.412255046665,13111.327011214702,13711.846585984438,14485.426614249438,14945.155911155203,15275.39964174069,15650.634024967165,16179.042030850704,16466.26446823368,16810.880221393658,17243.061545961125,17633.990227460316,18126.603992941247,18432.56171882036,18775.02218566006,19864.214558251304,22986.236527576275,15062.02774310615
2025-08-16 16:30:00+00:00,197,2970,5870.379735223697,7120.923337289084,8316.794706883607,9465.449080713051,10296.100905541474,10759.16518124553,11196.044875937874,11685.090216966393,12020.180594790178,12343.357968469376,12569.904095380607,12913.677572439694,13299.577152611399,13584.383367077016,13975.58556612433,14335.410777670275,14734.08375692933,15029.269768242137,15485.205459333429,18611.32680511196,11764.304575927392
2025-08-16 16:45:00+00:00,198,2985,4068.486702189578,5294.7291060049665,6077.2617624282575,6750.679150014385,7418.174227497551,8006.522012051626,8250.222207707913,8590.066616061777,8952.269315152185,9212.124370832596,9446.244240137541,9732.047502168714,10010.793614541863,10257.89902413172,10665.692173432746,10975.560552757594,11279.838250560644,11556.58124693471,11932.914120311767,14596.914418947332,8831.563980390538
2025-08-16 17:00:00+00:00,199,3000,2879.2196774263884,3787.0979820152916,4133.377804099223,4711.383154784681,5143.868730441466,5465.027148871294,5634.823765701474,6038.186819312833,6189.36371517898,6403.067146216184,6625.845566186572,6820.476909192719,6994.535928581527,7186.017269864652,7372.0560875509445,7778.239132187846,8115.815945731401,8453.20559143465,8767.275777021812,10884.62498797878,6197.657649672151
2025-08-16 17:15:00+00:00,200,3015,2028.3848749594113,2691.7451433089846,2927.366984867558,3182.280582621764,3424.7354050370554,3667.2901365978537,3848.184711874102,3985.2416663431727,4232.942002073674,4354.5811692982315,4499.892353688747,4664.088086285612,4776.994922914863,4878.725416187041,5001.611759179629,5222.745768562972,5553.694224976645,5838.019180091036,6075.735936973188,7562.582987799627,4232.852342583486
2025-08-16 17:30:00+00:00,201,3030,895.0697586197907,1674.3224770076836,1865.3250029893159,1938.1807642651656,2123.8812931906127,2259.153512945357,2380.876231878245,2464.6575223399286,2588.541537078942,2714.7161178874967,2794.2085794270492,2911.233878721219,3006.659604974759,3065.180343952818,3116.295580420218,3227.646039687802,3447.6682308097656,3677.673131380473,3854.5254682880536,4788.391716495946,2615.7228806650583
2025-08-16 17:45:00+00:00,202,3045,396.29480064400707,686.5237687238234,1123.4534332460144,1253.1171352887682,1347.4608103232613,1403.7872150795988,1503.9716859031473,1593.5768552969987,1661.370429077407,1738.4529818070137,1823.1253955063119,1936.243382016145,2020.54856898568,2120.3201107407635,2160.551688444842,2195.8333653230707,2307.5578569945114,2474.048951342818,2660.139246289566,3339.0893454530465,1696.6107607009383
2025-08-16 18:00:00+00:00,203,3060,258.6199069725978,381.70770239664535,643.0274721520835,752.6986123937793,851.3721512807002,894.4996069309191,937.7335511038151,999.1170197963794,1058.2579652085615,1115.6986560930939,1154.7877250806011,1223.3431328114345,1290.9897712147347,1372.6993814055907,1412.50379644298,1440.2948512115167,1469.6391574708298,1577.4855170536562,1718.4904510162487,2196.4253504627145,1078.4971587807665
2025-08-16 18:15:00+00:00,204,3075,112.1806717178445,169.06461518646023,251.7341433553548,312.29340427166045,347.50594241279185,390.4267390618953,404.02387522423993,425.5645397345307,455.6617452415945,476.39737663808563,504.94686028583516,521.4655301086344,568.1595488238825,609.3116685219806,630.0382196543171,645.330933936688,657.8628958554821,706.2642782500969,778.0345215967865,989.8617558454001,471.1754578266075
2025-08-16 18:30:00+00:00,205,3090,6.586841429309509,9.887365686328298,13.858465121029122,16.131368915173542,18.76912848213401,21.07350853463692,23.427515219364185,24.0939004926177,25.278957898964624,27.097398100326238,28.59838489182709,30.764692997739353,31.60921716363573,34.027652087344826,35.77147335480346,37.60461490521551,38.925892716598874,40.167295025161486,43.219342143474826,59.896189124370174,26.713756928351515
2025-08-16 18:45:00+00:00,206,3105,0.0,0.0,0.0,0.0,0.0,0.0,0.0,0.0,0.0,0.0,0.0,0.0,0.0,0.0,0.0,0.0,0.0,0.0,0.0,0.0,0.0
2025-08-16 19:00:00+00:00,207,3120,0.0,0.0,0.0,0.0,0.0,0.0,0.0,0.0,0.0,0.0,0.0,0.0,0.0,0.0,0.0,0.0,0.0,0.0,0.0,0.0,0.0
2025-08-16 19:15:00+00:00,208,3135,0.0,0.0,0.0,0.0,0.0,0.0,0.0,0.0,0.0,0.0,0.0,0.0,0.0,0.0,0.0,0.0,0.0,0.0,0.0,0.0,0.0
2025-08-16 19:30:00+00:00,209,3150,0.0,0.0,0.0,0.0,0.0,0.0,0.0,0.0,0.0,0.0,0.0,0.0,0.0,0.0,0.0,0.0,0.0,0.0,0.0,0.0,0.0
2025-08-16 19:45:00+00:00,210,3165,0.0,0.0,0.0,0.0,0.0,0.0,0.0,0.0,0.0,0.0,0.0,0.0,0.0,0.0,0.0,0.0,0.0,0.0,0.0,0.0,0.0
2025-08-16 20:00:00+00:00,211,3180,0.0,0.0,0.0,0.0,0.0,0.0,0.0,0.0,0.0,0.0,0.0,0.0,0.0,0.0,0.0,0.0,0.0,0.0,0.0,0.0,0.0
2025-08-16 20:15:00+00:00,212,3195,0.0,0.0,0.0,0.0,0.0,0.0,0.0,0.0,0.0,0.0,0.0,0.0,0.0,0.0,0.0,0.0,0.0,0.0,0.0,0.0,0.0
2025-08-16 20:30:00+00:00,213,3210,0.0,0.0,0.0,0.0,0.0,0.0,0.0,0.0,0.0,0.0,0.0,0.0,0.0,0.0,0.0,0.0,0.0,0.0,0.0,0.0,0.0
2025-08-16 20:45:00+00:00,214,3225,0.0,0.0,0.0,0.0,0.0,0.0,0.0,0.0,0.0,0.0,0.0,0.0,0.0,0.0,0.0,0.0,0.0,0.0,0.0,0.0,0.0
2025-08-16 21:00:00+00:00,215,3240,0.0,0.0,0.0,0.0,0.0,0.0,0.0,0.0,0.0,0.0,0.0,0.0,0.0,0.0,0.0,0.0,0.0,0.0,0.0,0.0,0.0
2025-08-16 21:15:00+00:00,216,3255,0.0,0.0,0.0,0.0,0.0,0.0,0.0,0.0,0.0,0.0,0.0,0.0,0.0,0.0,0.0,0.0,0.0,0.0,0.0,0.0,0.0
2025-08-16 21:30:00+00:00,217,3270,0.0,0.0,0.0,0.0,0.0,0.0,0.0,0.0,0.0,0.0,0.0,0.0,0.0,0.0,0.0,0.0,0.0,0.0,0.0,0.0,0.0
2025-08-16 21:45:00+00:00,218,3285,0.0,0.0,0.0,0.0,0.0,0.0,0.0,0.0,0.0,0.0,0.0,0.0,0.0,0.0,0.0,0.0,0.0,0.0,0.0,0.0,0.0
2025-08-16 22:00:00+00:00,219,3300,0.0,0.0,0.0,0.0,0.0,0.0,0.0,0.0,0.0,0.0,0.0,0.0,0.0,0.0,0.0,0.0,0.0,0.0,0.0,0.0,0.0
2025-08-16 22:15:00+00:00,220,3315,0.0,0.0,0.0,0.0,0.0,0.0,0.0,0.0,0.0,0.0,0.0,0.0,0.0,0.0,0.0,0.0,0.0,0.0,0.0,0.0,0.0
2025-08-16 22:30:00+00:00,221,3330,0.0,0.0,0.0,0.0,0.0,0.0,0.0,0.0,0.0,0.0,0.0,0.0,0.0,0.0,0.0,0.0,0.0,0.0,0.0,0.0,0.0
2025-08-16 22:45:00+00:00,222,3345,0.0,0.0,0.0,0.0,0.0,0.0,0.0,0.0,0.0,0.0,0.0,0.0,0.0,0.0,0.0,0.0,0.0,0.0,0.0,0.0,0.0
2025-08-16 23:00:00+00:00,223,3360,0.0,0.0,0.0,0.0,0.0,0.0,0.0,0.0,0.0,0.0,0.0,0.0,0.0,0.0,0.0,0.0,0.0,0.0,0.0,0.0,0.0
2025-08-16 23:15:00+00:00,224,3375,0.0,0.0,0.0,0.0,0.0,0.0,0.0,0.0,0.0,0.0,0.0,0.0,0.0,0.0,0.0,0.0,0.0,0.0,0.0,0.0,0.0
2025-08-16 23:30:00+00:00,225,3390,0.0,0.0,0.0,0.0,0.0,0.0,0.0,0.0,0.0,0.0,0.0,0.0,0.0,0.0,0.0,0.0,0.0,0.0,0.0,0.0,0.0
2025-08-16 23:45:00+00:00,226,3405,0.0,0.0,0.0,0.0,0.0,0.0,0.0,0.0,0.0,0.0,0.0,0.0,0.0,0.0,0.0,0.0,0.0,0.0,0.0,0.0,0.0
2025-08-17 00:00:00+00:00,227,3420,0.0,0.0,0.0,0.0,0.0,0.0,0.0,0.0,0.0,0.0,0.0,0.0,0.0,0.0,0.0,0.0,0.0,0.0,0.0,0.0,0.0
2025-08-17 00:15:00+00:00,228,3435,0.0,0.0,0.0,0.0,0.0,0.0,0.0,0.0,0.0,0.0,0.0,0.0,0.0,0.0,0.0,0.0,0.0,0.0,0.0,0.0,0.0
2025-08-17 00:30:00+00:00,229,3450,0.0,0.0,0.0,0.0,0.0,0.0,0.0,0.0,0.0,0.0,0.0,0.0,0.0,0.0,0.0,0.0,0.0,0.0,0.0,0.0,0.0
2025-08-17 00:45:00+00:00,230,3465,0.0,0.0,0.0,0.0,0.0,0.0,0.0,0.0,0.0,0.0,0.0,0.0,0.0,0.0,0.0,0.0,0.0,0.0,0.0,0.0,0.0
2025-08-17 01:00:00+00:00,231,3480,0.0,0.0,0.0,0.0,0.0,0.0,0.0,0.0,0.0,0.0,0.0,0.0,0.0,0.0,0.0,0.0,0.0,0.0,0.0,0.0,0.0
2025-08-17 01:15:00+00:00,232,3495,0.0,0.0,0.0,0.0,0.0,0.0,0.0,0.0,0.0,0.0,0.0,0.0,0.0,0.0,0.0,0.0,0.0,0.0,0.0,0.0,0.0
2025-08-17 01:30:00+00:00,233,3510,0.0,0.0,0.0,0.0,0.0,0.0,0.0,0.0,0.0,0.0,0.0,0.0,0.0,0.0,0.0,0.0,0.0,0.0,0.0,0.0,0.0
2025-08-17 01:45:00+00:00,234,3525,0.0,0.0,0.0,0.0,0.0,0.0,0.0,0.0,0.0,0.0,0.0,0.0,0.0,0.0,0.0,0.0,0.0,0.0,0.0,0.0,0.0
2025-08-17 02:00:00+00:00,235,3540,0.0,0.0,0.0,0.0,0.0,0.0,0.0,0.0,0.0,0.0,0.0,0.0,0.0,0.0,0.0,0.0,0.0,0.0,0.0,0.0,0.0
2025-08-17 02:15:00+00:00,236,3555,0.0,0.0,0.0,0.0,0.0,0.0,0.0,0.0,0.0,0.0,0.0,0.0,0.0,0.0,0.0,0.0,0.0,0.0,0.0,0.0,0.0
2025-08-17 02:30:00+00:00,237,3570,0.0,0.0,0.0,0.0,0.0,0.0,0.0,0.0,0.0,0.0,0.0,0.0,0.0,0.0,0.0,0.0,0.0,0.0,0.0,0.0,0.0
2025-08-17 02:45:00+00:00,238,3585,0.0,0.0,0.0,0.0,0.0,0.0,0.0,0.0,0.0,0.0,0.0,0.0,0.0,0.0,0.0,0.0,0.0,0.0,0.0,0.0,0.0
2025-08-17 03:00:00+00:00,239,3600,0.0,0.0,0.0,0.0,0.0,0.0,0.0,0.0,0.0,0.0,0.0,0.0,0.0,0.0,0.0,0.0,0.0,0.0,0.0,0.0,0.0
2025-08-17 03:15:00+00:00,240,3615,0.0,0.0,0.0,0.0,0.0,0.0,0.0,0.0,0.0,0.0,0.0,0.0,0.0,0.0,0.0,0.0,0.0,0.0,0.0,0.0,0.0
2025-08-17 03:30:00+00:00,241,3630,0.0,0.0,0.0,0.0,0.0,0.0,0.0,0.0,0.0,0.0,0.0,0.0,0.0,0.0,0.0,0.0,0.0,0.0,0.0,0.0,0.0
2025-08-17 03:45:00+00:00,242,3645,0.0,0.0,0.0,0.0,0.0,0.0,0.0,0.0,0.0,0.0,0.0,0.0,0.0,0.0,0.0,0.0,0.0,0.0,0.0,0.0,0.0
2025-08-17 04:00:00+00:00,243,3660,8.824258001927095,12.488297086134335,15.013258293042998,17.022075111146496,18.28910893217743,20.21587596559475,22.259728521435086,23.874334762598615,25.370261808463663,27.33677029006817,31.454908707912065,36.73219050432647,39.66115750102559,43.01115925941555,47.094238511598,49.74448216544398,56.56313823000474,63.28864602947937,66.54606298315427,81.52297968273034,33.45987409611685
2025-08-17 04:15:00+00:00,244,3675,90.43613499871289,140.59826977240675,166.9683184601314,189.8098473614178,229.81751685075795,270.61723351649874,304.8596244918078,378.98162674144766,436.47271721617767,476.2675061378189,512.6800972380302,543.7715255398431,578.9576327819211,600.3611545703236,649.5477839723158,700.9880896361951,746.6101335317322,808.4831936077438,860.1068313351584,1074.1145206034082,461.44360140140395
2025-08-17 04:30:00+00:00,245,3690,212.33624053760232,299.04882151878996,441.07272176895185,573.1938107556019,750.5398774405891,909.755822842158,982.3005963070674,1038.042112612736,1098.0174446253989,1155.343141753367,1184.4607367132394,1257.762905689276,1336.4406597211207,1418.4446006711785,1498.4402052857652,1554.7398810857142,1658.0800068916114,1713.2688432857262,1853.9239154240527,2257.6659579388283,1100.5785362071567
2025-08-17 04:45:00+00:00,246,3705,601.3301400924747,896.7658629407748,1082.5529775184525,1291.7675332710064,1638.1393545765675,1830.1365044877396,2035.7511942916199,2227.194946771772,2388.5779579204377,2521.871651944315,2596.0306364166167,2710.9432291947996,2800.130422321534,2877.2649372446263,3038.978333538932,3115.121333529963,3195.876486690726,3314.174067670343,3511.9641263970107,4149.26750185015,2300.148151188444
2025-08-17 05:00:00+00:00,247,3720,996.842715545722,1569.0947614804227,1946.154501106962,2671.0020009698915,3054.042868771531,3366.946830084678,3726.0096972789656,3934.821163986893,4221.206319555079,4364.155083510749,4494.89843603053,4654.902966358136,4795.946738560993,4903.304144337236,5171.558010193303,5297.989300890455,5434.324737707637,5635.04583813383,5916.583672741875,7001.676807600748,4005.3759523976064
2025-08-17 05:15:00+00:00,248,3735,1529.1492045856105,2448.442216487915,3115.9299724455677,4261.176341106581,4927.521726451464,5586.48115678419,5906.593973410149,6286.682425387282,6503.755605773443,6735.099497814152,6992.5597798343,7175.897260136022,7400.44804259008,7734.829745998919,7850.368400598277,8034.7838047619725,8263.906526154678,8594.538552373297,8883.637765187726,10385.043477117464,6203.854378199876
2025-08-17 05:30:00+00:00,249,3750,2089.3930179853833,3457.311702905909,4771.832276029089,5916.8841914526,7403.388425107917,8021.833614251505,8632.602041147386,8928.0842712403,9254.512000907955,9558.661000755936,9775.905671215127,10119.596722703041,10577.078209984993,10727.699560143157,10932.936036059007,11129.671054592955,11404.499808124066,11957.786523128729,12259.403780200693,14163.79492958616,8745.733857132142
2025-08-17 05:45:00+00:00,250,3765,2691.39567617942,4696.9768540768955,6777.264321986406,8207.954794787925,9947.475140582961,10780.081705417444,11468.755371985922,11904.024555738137,12252.900281916136,12513.982950423087,12911.60666306593,13479.261344167371,13739.092112692118,13934.879832639506,14171.122726238136,14522.84376802752,14821.470091886984,15450.885641931136,15838.263598884101,18256.52769307713,11509.873743110113
2025-08-17 06:00:00+00:00,251,3780,3268.835752027306,5849.103907289411,8404.222916055973,10193.079627830251,12752.088710343785,14011.432205208568,14496.524652782804,15019.804932497464,15389.333486865482,15607.725658983798,16139.453788894916,16822.26563637203,17072.345493173896,17317.869379456013,17647.166473237336,18008.360279411834,18470.113564206702,19178.474037477477,19593.540317593914,22575.11845611351,14385.584460541028
2025-08-17 06:15:00+00:00,252,3795,3727.5873328978846,3871.921969172264,7499.277980979762,8945.532192358334,9952.370042105507,11570.739263378106,14447.793871942207,16105.50534763537,16917.922560536736,17597.81598805154,18130.857795053264,18662.45741652866,19429.219074090775,20416.167353657398,20881.199858072898,21117.95613641715,21470.535906838853,22038.575820131944,23461.85101579244,27208.213359734935,15494.38010198231
2025-08-17 06:30:00+00:00,253,3810,4311.612826574707,4493.08640275025,8772.581816514437,11028.357770484978,11831.919852398109,15393.72707550171,18523.113754989932,19741.54094560536,20642.052152472483,21271.89053170049,21817.424680016164,23412.333199247027,24155.836123512527,24520.67778384175,24844.719689292262,25189.312674045923,25807.055765963552,26746.813114019176,27402.03882406332,31824.163716555482,18789.889530387158
2025-08-17 06:45:00+00:00,254,3825,4849.238170372162,5392.3185143102755,11050.504837807199,13075.812806024112,16301.884909709815,20148.95202546284,22237.574014648955,23447.63368454057,24030.152460404413,24787.52471427973,26214.212955653973,27443.427567122842,27970.939439494538,28431.21833544983,28689.78412652082,29023.42070352916,29732.18924778906,30784.590570056458,31235.973127319896,36444.58001778882,22381.271289749006
2025-08-17 07:00:00+00:00,255,3840,5366.515939817709,5710.293269737008,12618.267228925963,14747.318101430867,20353.634683433556,22898.950186758895,25186.646660849714,26743.626009865322,27305.460955218445,29203.233717387986,30649.11139800094,31347.000502977055,31779.12716026769,32103.760850891373,32377.036825128896,32814.90884937806,33685.089566018774,34530.168321047466,35080.22263678151,41039.34853483432,25471.749204332416
2025-08-17 07:15:00+00:00,256,3855,6196.337522104543,11511.15219138036,14567.576391652423,19184.65900983158,23529.967505636167,26638.981222940358,29283.613179547323,30192.36116029164,31008.66508784816,33642.69938434242,34434.95607689874,35125.15353268344,35477.78140071514,35727.05967226731,36189.00813252769,36490.88319670858,37153.607677163156,38253.001357691806,39073.673573590706,45562.61062716331,28785.570447240683
2025-08-17 07:30:00+00:00,257,3870,7014.928307260818,12923.838961255055,15887.980553153255,21256.906732162835,26340.787009920456,29416.557276118278,32079.93144537667,33138.52129297113,34220.59165505111,37134.84831949445,37986.15286448372,38697.91835372466,39074.21141943815,39372.994597822086,39740.36254482495,40242.79746177535,40802.322963011145,41909.40761117639,42993.92493416829,49974.114087073765,31730.382894294034
2025-08-17 07:45:00+00:00,258,3885,7645.629001782576,15152.49212942939,17457.950257634802,26757.16917255381,29532.05631937649,31738.400063477668,34022.19613602808,35473.73306564449,36504.910800937614,39878.37455488965,40622.14549967682,41573.75158000341,42194.97346721945,42568.74415426832,42897.855883638294,43255.73745778311,43821.887359406566,44696.720919994754,46757.28477548221,54238.113517532925,34454.39022770463
2025-08-17 08:00:00+00:00,259,3900,8253.435116396677,17056.529231602428,19798.617015870033,28970.447693832142,31447.750492312374,34370.05505708171,36610.57703449618,38127.89564861482,39055.30505706053,40084.9831575739,42862.593295301376,43859.77679011097,44993.462058897305,45526.53365542522,46005.42922831483,46382.32806330942,46786.38171702197,47625.87102335752,49435.4904615053,58322.5657119995,36794.324374269156
2025-08-17 08:15:00+00:00,260,3915,8838.049740551685,18187.604891384348,22203.43078414492,30687.319509359546,32824.42126325801,35329.83334367587,38589.90446993429,40328.134923766556,41116.98916220705,42141.89659887787,44871.66650278803,46530.826228439604,47676.92613531008,48234.79680158119,48675.837544003225,49082.41249175397,49549.22921177073,50227.06065262857,52514.77913170363,62091.25661850969,38901.032542432666
2025-08-17 08:30:00+00:00,261,3930,9218.399475889875,17313.184800078157,22490.31426034601,30069.947127433697,33527.03704923196,35928.39653658382,37344.221313585505,40895.297868062364,42577.3629069272,43419.820616560275,44566.152412824995,47526.90548604531,49333.369041367376,50428.306900636926,50958.43052204879,51431.00740014282,51912.906175664786,52653.89547691099,54068.339021388216,65598.00297119925,39912.0750845644
2025-08-17 08:45:00+00:00,262,3945,9591.752122748934,17916.232761596977,23461.771304647715,31298.104060757254,34904.49710457174,37473.922559490864,38674.38853162238,42270.82400367543,44320.63072912535,45241.39493124861,46373.2919758002,48757.44932034539,51254.73486062832,52515.914745632545,53196.30025782941,53696.528355039045,54206.55613594009,54887.00133424939,56021.20574825134,68964.41356509732,41493.62258635308
2025-08-17 09:00:00+00:00,263,3960,9793.004331708957,19211.450022947018,24447.35288999498,33648.37724991475,36323.0567379604,38840.74699669089,40057.771975590265,42581.55963086751,46148.465043757446,46816.36868318413,47660.29915881703,49323.0346344611,52102.78752504019,54332.559578248314,55001.884882952014,55586.96934259056,56104.36145115854,56863.667972559444,57941.59724709321,72050.98903082249,42894.10091997385
2025-08-17 09:15:00+00:00,264,3975,10518.724848377813,18211.252029821364,24826.745664083955,32051.672648815933,36514.6618235654,39061.881554329186,41452.434234278495,43944.26663622933,47555.83461370538,48220.59679754894,49037.36660586199,50434.34678138639,52544.38079779184,55748.5125198714,56789.884436314416,57305.33069565354,57921.04523319112,58621.90440233012,59933.85357679662,74838.82179446008,43848.84570240486
2025-08-17 09:30:00+00:00,265,3990,15445.692811260908,19960.39836119768,25968.616316753836,32191.128213389227,35091.490346333565,38734.88564932611,42244.14433007168,43841.59034053605,46093.410326006924,49210.69074279762,50037.25566143054,50970.20710560557,52152.13418010845,53718.834995612604,57196.99071719969,58661.11234803555,59275.545052526475,60074.57440953741,61230.63523858899,77311.16027359935,44362.177386888994
2025-08-17 09:45:00+00:00,266,4005,16007.855816067371,19887.75934046298,26181.899933759178,32899.03427085612,35121.88322215234,38335.21539128427,41293.7042924692,43470.0334665021,45871.680671583425,48739.850279680024,50395.97262207923,50947.17893266804,51574.838294873545,52465.976746705426,53490.54119306455,54489.20761128388,55672.472929667754,59335.88838092197,60782.621978034724,79453.3700956966,43407.522630174324
2025-08-17 10:00:00+00:00,267,4020,17190.708336920823,23734.111070724844,27603.36520718371,32410.64186920659,35644.74123169636,38321.7820509301,43534.89434195374,44502.00903999296,45947.02562946399,48871.362025887895,51329.276115109235,52253.890116838484,52889.17318205984,53940.763388351064,54887.10856735087,56011.97847488141,57010.72873006773,61400.74687777877,62347.84039739318,81252.92109632937,44579.321728495575
2025-08-17 10:15:00+00:00,268,4035,19184.344952740732,24901.834938132437,28819.74310470232,32264.056572677437,36676.70926786212,39663.07657632665,44844.66446828043,45989.39172489962,48079.867719043876,51798.150326739145,52893.783723144144,53497.19096971687,54347.656402811925,55599.777190662564,56344.72806768231,57327.84253278212,58572.08112093491,62753.23879365679,63596.58058735693,82699.39180124545,45978.492309575384
2025-08-17 10:30:00+00:00,269,4050,20299.636570499624,27939.57840524735,29887.327682337065,36384.49590687005,40227.44057509981,44218.26399695253,46538.95653731792,48495.02955172764,52227.07078007022,53481.26112156261,54216.37472377587,54880.289454436046,55818.81296596809,56997.22359779336,57839.45310754028,58821.28870966475,60723.69707221036,64273.49137020983,64828.04491892755,83784.48507444427,48071.07452670331
2025-08-17 10:45:00+00:00,270,4065,18738.02302412522,27517.385595051957,32551.142350858503,37842.885431772105,40759.15678716545,46028.815754929754,47422.63673570144,50368.90987551827,53019.22830103012,53859.97495145367,54490.56873752227,55079.77848579536,55957.012579910006,57267.83838699651,58428.09391127144,59088.014095223116,61295.16386726019,64654.212053274,65166.1859232666,84502.04951468576,48650.56452536918
2025-08-17 11:00:00+00:00,271,4080,17565.42518501273,25100.242784848426,28841.511009617054,32755.22563034356,37476.380451928824,40961.43761937604,46001.892974149574,48360.63326100391,51498.817230430155,53131.66903002288,54032.651995661596,54815.83759247149,55613.4758333975,56825.61132020078,58441.37810358623,59179.123454891465,62120.801754399625,64792.76397541384,65314.67755318738,84848.1014015255,47526.984076104345
2025-08-17 11:15:00+00:00,272,4095,16598.572323759192,25108.238337611518,29122.646709129727,32494.270157320414,38176.83648220369,40269.76513978345,44965.788340717525,46679.783404265865,49301.97685226565,52348.238644468845,53410.21414727744,54057.46894519028,54810.82767038481,55967.13771658512,57836.76190897147,58704.53160065336,61270.62986219035,64245.16344006387,64784.40502677026,84820.8427795421,46642.48216920485
2025-08-17 11:30:00+00:00,273,4110,11109.434142978731,18127.404155962766,25741.25858839609,30560.700501432137,35643.796438678226,39693.29793438286,40907.504388169255,45925.925575834466,47980.36056437316,50678.19307964966,52758.84014527807,53737.648907912146,54323.51781540408,56038.28093842087,57861.79440677939,58859.861015739836,61353.11335518742,64110.406666359435,65171.26781307427,84420.67218351374,45220.85373079473
2025-08-17 11:45:00+00:00,274,4125,5143.873867783924,16533.521809611346,19868.494296053137,24752.17636533916,28592.400747812688,33138.14653387733,37721.799323173815,40179.84281529211,42686.750931873925,46925.12847107872,49047.62176271468,52359.917496106515,53627.70243540686,54868.071742798274,57505.01481504363,58745.049377830816,61472.24869124226,63532.10258932505,65300.36130380594,83650.18598474334,42354.62906162143
2025-08-17 12:00:00+00:00,275,4140,6068.272369439826,8554.579531495432,15860.24161626574,20839.145588666404,22893.684316481646,26102.79727200807,29765.39097650725,34060.486401424394,38201.136989785795,42474.92735535879,46236.8034982666,47754.57850498623,51074.03167175125,54227.32858883011,55664.20474482126,58228.74118370316,59815.201759816875,62527.66019718042,65104.67902381146,82514.1705113941,39218.72255633209
2025-08-17 12:15:00+00:00,276,4155,9668.02941641714,11609.089462007922,15469.62791002831,18779.200711495432,21169.016556572537,24333.92026757755,27145.45146691645,28862.909384407947,31911.259791367385,37089.80097920369,42523.33816920583,45371.59929175973,48429.31644319982,50226.47185314585,52221.883723930856,57430.642574424484,60704.99285678153,63838.72751507396,67257.17163482182,81019.58700525519,37755.18112728748
2025-08-17 12:30:00+00:00,277,4170,9728.787702160986,11298.124660388079,15208.145340939915,18066.104517030562,20622.773617140807,24783.184840715698,27017.88849793205,29276.912550236266,32197.19530447251,35920.46516595272,40804.498555655075,44306.64392154378,47290.37299875501,48831.024094565204,51296.37367486882,56327.49485029573,60027.92502923399,62419.56040777591,68505.8101031107,79175.55323447533,37191.29184883747
2025-08-17 12:45:00+00:00,278,4185,8617.711005151263,10634.078968563326,14220.59529017901,15422.012145961577,19072.444281522014,21158.721172302565,25520.853865328318,26766.895898467294,29536.23792354062,34841.31936729926,41310.205102485554,44261.26671396046,46008.68729771422,48389.015782744784,53028.24916574462,55595.51380956504,58875.150490049244,61324.16243103497,66193.5798698285,76993.32666524955,35901.13707137384
2025-08-17 13:00:00+00:00,279,4200,8015.3980330633985,9769.896770431613,13106.357046878302,15133.46704719188,17606.47190641526,20773.239031282894,24728.905713567518,26467.22086933073,31044.78482951527,36259.43716785688,40742.66961180637,43477.643474828736,44820.72177429158,50666.682355279154,51939.97910840982,55152.17200741056,56715.42006033845,58933.55184813699,62864.56358578182,74486.29429818125,35197.23980346694
2025-08-17 13:15:00+00:00,280,4215,7250.131387248742,9100.21389656131,10019.513484764624,13868.968667079298,16878.199878937106,20343.083989159542,23500.755825464134,26208.739903674996,31240.59568629668,35601.42795203404,38784.5291452657,41608.21800120937,43741.622635737716,48165.076663135915,49320.54265013807,50748.30206422943,53338.39527132892,56190.60882468783,60611.933362475065,71669.97474698492,33568.77483027656
2025-08-17 13:30:00+00:00,281,4230,7128.5574446792725,8580.302070938184,11411.796493173755,14104.333288256574,16036.12320023922,20999.973647845112,22504.75356195346,26083.733347371483,29700.10451876045,34906.43315292483,38375.03409425886,40160.753358718954,43343.92653135125,45946.16155889617,47144.044819303526,49386.872699454834,50806.16202064269,53598.47357183463,57395.23038567156,68562.0385244042,32515.5467783907
2025-08-17 13:45:00+00:00,282,4245,6408.174653600343,7889.111307468435,10534.049973134062,12470.711410682216,14792.13655178329,19461.297994485907,21091.76547002354,24971.932861484507,28018.094351099946,33023.534326508576,36436.12398990848,37953.69234142356,41330.29331327399,43295.18572573605,44612.308943158736,47070.497927384335,48571.43577868799,51184.98855441622,55032.51931232439,65182.35325087818,30779.550621592534
2025-08-17 14:00:00+00:00,283,4260,6354.4658554282605,7714.145443611523,9729.708428773138,10932.301242742278,13005.0036104255,15176.87964736436,19055.227504183997,20991.268244996732,24733.62752236609,28349.600538195322,32624.07487813617,35673.64901567932,38431.21531614993,40668.07469681376,42248.54295742539,44433.161350258386,46035.67540348138,48935.456222265646,52491.88871108831,61553.062960498224,28547.765144317633
2025-08-17 14:15:00+00:00,284,4275,6304.576920573617,7713.1196042490865,9367.012816964767,10383.438472241043,12288.25267965232,14871.328938084167,18045.412192049516,20253.102492837752,23945.517269686094,27853.010773706996,31556.094206634294,34363.66800938099,36411.944203208586,38677.45333591986,39932.86885534842,42262.57988538517,43570.17148292642,46309.873263306385,49709.38351731769,57811.412809914145,27265.97653028385
2025-08-17 14:30:00+00:00,285,4290,5941.131852698749,7050.639570633335,8725.68722232259,9962.585681008717,11611.10600300939,13862.366147083158,17195.500589054875,19296.250283641162,22933.95509679618,26359.53126296012,29430.429098181317,31925.90673109058,34034.65400024938,36141.383320131536,37249.1435686189,39395.674221164874,41031.49936603307,43456.1089713189,46428.459905170734,53781.1362458955,25571.92599852773
2025-08-17 14:45:00+00:00,286,4305,5446.421059540585,6618.97494532888,7987.630659260413,8914.964693774882,10857.611558989838,12896.110414633726,16561.706082469453,20089.499317651556,22822.014846624996,25398.504552438426,28146.782397729094,29851.93790096192,31859.352246982802,33520.50557210781,34545.62576599961,36379.04809549758,38217.80108660125,40439.61642560727,42745.367961004704,49538.998284630645,24018.373358312823
2025-08-17 15:00:00+00:00,287,4320,5248.801408668552,6501.484187779761,7635.401833789521,8560.357197733945,10166.26105641945,12582.619182742352,15250.140133487159,18082.68583928022,19829.550967180938,23118.706528302522,25487.9249841449,26903.404363022266,28648.77505431862,30414.91542951073,31393.27021864116,33155.62114111057,34733.92889954003,36574.44016632836,39027.35711447954,45161.8814161415,21902.750012622077
2025-08-17 15:15:00+00:00,288,4335,5006.797797568738,6187.210284064957,7065.061596997077,8192.331582676323,10057.471433405857,12894.302896127503,14572.748749344188,16446.387508057247,18388.556184542955,20850.10537850142,22987.39635601542,24276.422004154632,25751.198068279347,27223.069344713855,28076.459633920756,29307.79350159608,30799.42978262333,32754.780005575492,35187.308724894305,40686.32892275,19917.102379332486
2025-08-17 15:30:00+00:00,289,4350,4455.313009216766,5700.42457398275,6578.989950889755,7903.294550162221,10905.43138417506,12024.076786179228,13769.97437081797,14764.08743235844,16739.45346398447,18539.601564909546,20595.96718636814,21541.30001523707,22630.416451806286,23581.17017972353,24551.919637831143,25778.578202333207,26884.31908639881,28772.841241179904,31064.53561762316,36153.132706827695,17810.042142867776
2025-08-17 15:45:00+00:00,290,4365,4330.816687465984,5121.104125838468,6404.104967196737,8188.97741980254,10094.705791684517,11851.912112229376,12572.821545771121,13709.453209348725,15181.732766504494,16477.820417895357,18020.44819211096,18941.741086960425,19872.353967580988,20688.386311753293,21411.00932662746,22433.243741670118,23260.675297887534,24918.03058736962,26720.56842603611,31608.242920074354,15839.623273232617
2025-08-17 16:00:00+00:00,291,4380,3405.5618739946535,5018.045779721941,6664.253971589589,8465.685530249157,9831.081733683859,10583.299564046743,11299.825956703131,12361.842197691894,13058.756158296936,14383.27040187323,15589.71056096657,16560.35794936101,17126.10945014196,17786.883136958437,18244.449021672,19246.1350540093,19949.271099603167,21241.050681662415,22822.967478967228,27103.943687621566,13887.511595012966
2025-08-17 16:15:00+00:00,292,4395,4012.1731975211296,5611.188378324725,7264.379149489401,8295.97506606466,8835.026237899749,9412.22566347724,10007.783155421674,10661.875367961351,11441.33881468477,12500.131524889799,13118.038113794242,13830.483321546859,14210.02722848258,14727.782565740006,15046.38916620192,15822.648919375268,16486.025403064148,17583.649933724842,18658.669554886605,22644.552715218855,11962.360340269224
2025-08-17 16:30:00+00:00,293,4410,3358.474484364512,5693.795906367606,6610.656271395595,7044.112189758387,7459.64761278498,7691.8381190783275,8154.186256467673,8701.764384520453,9349.16962188231,10221.088521189871,10758.553699578786,11223.24777463381,11495.654901427835,11821.516713365785,12077.514876764975,12542.408602705984,13161.281514263606,14151.925747267915,14963.747889407532,18299.547618036613,9833.80151828997
2025-08-17 16:45:00+00:00,294,4425,1681.2768004727538,2738.1273531219967,4526.58361231007,5074.52130809204,5414.846637037549,5602.696369522183,5843.908868264665,6152.0825359016635,6419.860238975317,6960.119968135027,7413.924050067984,8008.327724748175,8392.891989272985,8716.785843313184,8949.927207274082,9166.942492945633,9462.610367228404,9838.964472928998,10935.449897123184,14297.225241709366,6935.17623193178
2025-08-17 17:00:00+00:00,295,4440,1151.4582891595132,1860.035421483765,3023.7255441938387,3455.5667771887865,3918.5530126207937,4063.388172166311,4254.484926363181,4414.229524064671,4626.644975675019,4936.703182441146,5346.945058572539,5599.685166642148,5906.283178944893,6217.77527313327,6445.274866806622,6607.068686038396,6848.920509740263,7229.737857092143,8035.64642295625,10603.745472553104,4945.099076601872
2025-08-17 17:15:00+00:00,296,4455,776.7931306770128,1056.2556109981042,1537.1621805503328,1986.0063629551585,2356.6661521753776,2506.8695863409203,2770.2120647880733,2870.369520171751,2993.347971301413,3135.3992535127586,3296.2112163886372,3581.864758932635,3780.8465201418503,4074.438612703696,4275.995816220333,4462.22498124096,4582.719344185837,4678.694070056223,5171.760321559569,7308.508048250664,3167.416281561427
2025-08-17 17:30:00+00:00,297,4470,467.43555245173275,619.9435025179491,840.4654431897094,1132.721232378235,1367.6556374873285,1541.1867541676795,1716.0072015584421,1794.5349668025344,1869.4757367774068,1961.00223932266,2062.1927025086784,2150.3171502500227,2335.8577927641372,2446.3463277951478,2622.3651017054553,2780.4573358434836,2858.738997721442,2929.5332226994456,3195.335055832746,4596.284211832393,1942.6843236962459
2025-08-17 17:45:00+00:00,298,4485,309.1400036582072,403.0408280098752,547.1001820159537,710.8848500515842,914.0206891477526,1018.7557809846423,1074.8881596580443,1182.7595426293985,1229.6033902542151,1299.2593083886782,1361.4872070905403,1437.8154712887126,1489.901824848338,1592.4631392062768,1660.022529122072,1797.118853682699,1955.1314657962312,2013.0058380418243,2114.122104385461,3194.121960219649,1279.9684286632078
2025-08-17 18:00:00+00:00,299,4500,197.60422833061966,264.3740441631061,350.12459879197996,462.1130190968806,589.9427193747151,654.8034545566846,684.6044362069996,752.023882440456,781.8207129501329,824.2278929494402,862.8286365070427,899.4040072886744,942.2720627958356,1006.9531458815667,1038.4990630013851,1101.602189295816,1237.1850949310092,1284.891302730886,1334.81287499942,2057.906592286664,811.2223759125476
2025-08-17 18:15:00+00:00,300,4515,79.59075894829238,118.95468110932028,160.702203864371,199.68272350267674,237.17936371910884,261.25681158626213,272.12964402800606,300.45636192959506,313.2884124303259,329.7094060534481,348.2630118805821,370.61602300582183,398.98232962534166,416.16211161302516,442.1327732397683,480.4329001086852,500.1230683886041,518.0846354933348,611.9730289080856,803.9841775390573,339.63371708436256
2025-08-17 18:30:00+00:00,301,4530,2.352207861885511,3.9451477709701925,5.152055795738203,6.199075785307352,7.352479202127137,8.067969643963856,8.472303384083727,9.157159080821375,9.521906516705535,10.04838824290709,10.525161835828575,11.214716048010127,12.065651202875385,12.613586542315888,12.989379923757944,14.394373200472643,15.077132825303865,15.79220463563135,18.925381461867893,24.471773473860914,10.348177841249296
2025-08-17 18:45:00+00:00,302,4545,0.0,0.0,0.0,0.0,0.0,0.0,0.0,0.0,0.0,0.0,0.0,0.0,0.0,0.0,0.0,0.0,0.0,0.0,0.0,0.0,0.0
2025-08-17 19:00:00+00:00,303,4560,0.0,0.0,0.0,0.0,0.0,0.0,0.0,0.0,0.0,0.0,0.0,0.0,0.0,0.0,0.0,0.0,0.0,0.0,0.0,0.0,0.0
2025-08-17 19:15:00+00:00,304,4575,0.0,0.0,0.0,0.0,0.0,0.0,0.0,0.0,0.0,0.0,0.0,0.0,0.0,0.0,0.0,0.0,0.0,0.0,0.0,0.0,0.0
2025-08-17 19:30:00+00:00,305,4590,0.0,0.0,0.0,0.0,0.0,0.0,0.0,0.0,0.0,0.0,0.0,0.0,0.0,0.0,0.0,0.0,0.0,0.0,0.0,0.0,0.0
2025-08-17 19:45:00+00:00,306,4605,0.0,0.0,0.0,0.0,0.0,0.0,0.0,0.0,0.0,0.0,0.0,0.0,0.0,0.0,0.0,0.0,0.0,0.0,0.0,0.0,0.0
2025-08-17 20:00:00+00:00,307,4620,0.0,0.0,0.0,0.0,0.0,0.0,0.0,0.0,0.0,0.0,0.0,0.0,0.0,0.0,0.0,0.0,0.0,0.0,0.0,0.0,0.0
2025-08-17 20:15:00+00:00,308,4635,0.0,0.0,0.0,0.0,0.0,0.0,0.0,0.0,0.0,0.0,0.0,0.0,0.0,0.0,0.0,0.0,0.0,0.0,0.0,0.0,0.0
2025-08-17 20:30:00+00:00,309,4650,0.0,0.0,0.0,0.0,0.0,0.0,0.0,0.0,0.0,0.0,0.0,0.0,0.0,0.0,0.0,0.0,0.0,0.0,0.0,0.0,0.0
2025-08-17 20:45:00+00:00,310,4665,0.0,0.0,0.0,0.0,0.0,0.0,0.0,0.0,0.0,0.0,0.0,0.0,0.0,0.0,0.0,0.0,0.0,0.0,0.0,0.0,0.0
2025-08-17 21:00:00+00:00,311,4680,0.0,0.0,0.0,0.0,0.0,0.0,0.0,0.0,0.0,0.0,0.0,0.0,0.0,0.0,0.0,0.0,0.0,0.0,0.0,0.0,0.0
2025-08-17 21:15:00+00:00,312,4695,0.0,0.0,0.0,0.0,0.0,0.0,0.0,0.0,0.0,0.0,0.0,0.0,0.0,0.0,0.0,0.0,0.0,0.0,0.0,0.0,0.0
2025-08-17 21:30:00+00:00,313,4710,0.0,0.0,0.0,0.0,0.0,0.0,0.0,0.0,0.0,0.0,0.0,0.0,0.0,0.0,0.0,0.0,0.0,0.0,0.0,0.0,0.0
2025-08-17 21:45:00+00:00,314,4725,0.0,0.0,0.0,0.0,0.0,0.0,0.0,0.0,0.0,0.0,0.0,0.0,0.0,0.0,0.0,0.0,0.0,0.0,0.0,0.0,0.0
2025-08-17 22:00:00+00:00,315,4740,0.0,0.0,0.0,0.0,0.0,0.0,0.0,0.0,0.0,0.0,0.0,0.0,0.0,0.0,0.0,0.0,0.0,0.0,0.0,0.0,0.0
2025-08-17 22:15:00+00:00,316,4755,0.0,0.0,0.0,0.0,0.0,0.0,0.0,0.0,0.0,0.0,0.0,0.0,0.0,0.0,0.0,0.0,0.0,0.0,0.0,0.0,0.0
2025-08-17 22:30:00+00:00,317,4770,0.0,0.0,0.0,0.0,0.0,0.0,0.0,0.0,0.0,0.0,0.0,0.0,0.0,0.0,0.0,0.0,0.0,0.0,0.0,0.0,0.0
2025-08-17 22:45:00+00:00,318,4785,0.0,0.0,0.0,0.0,0.0,0.0,0.0,0.0,0.0,0.0,0.0,0.0,0.0,0.0,0.0,0.0,0.0,0.0,0.0,0.0,0.0
2025-08-17 23:00:00+00:00,319,4800,0.0,0.0,0.0,0.0,0.0,0.0,0.0,0.0,0.0,0.0,0.0,0.0,0.0,0.0,0.0,0.0,0.0,0.0,0.0,0.0,0.0
2025-08-17 23:15:00+00:00,320,4815,0.0,0.0,0.0,0.0,0.0,0.0,0.0,0.0,0.0,0.0,0.0,0.0,0.0,0.0,0.0,0.0,0.0,0.0,0.0,0.0,0.0
2025-08-17 23:30:00+00:00,321,4830,0.0,0.0,0.0,0.0,0.0,0.0,0.0,0.0,0.0,0.0,0.0,0.0,0.0,0.0,0.0,0.0,0.0,0.0,0.0,0.0,0.0
2025-08-17 23:45:00+00:00,322,4845,0.0,0.0,0.0,0.0,0.0,0.0,0.0,0.0,0.0,0.0,0.0,0.0,0.0,0.0,0.0,0.0,0.0,0.0,0.0,0.0,0.0
2025-08-18 00:00:00+00:00,323,4860,0.0,0.0,0.0,0.0,0.0,0.0,0.0,0.0,0.0,0.0,0.0,0.0,0.0,0.0,0.0,0.0,0.0,0.0,0.0,0.0,0.0
2025-08-18 00:15:00+00:00,324,4875,0.0,0.0,0.0,0.0,0.0,0.0,0.0,0.0,0.0,0.0,0.0,0.0,0.0,0.0,0.0,0.0,0.0,0.0,0.0,0.0,0.0
2025-08-18 00:30:00+00:00,325,4890,0.0,0.0,0.0,0.0,0.0,0.0,0.0,0.0,0.0,0.0,0.0,0.0,0.0,0.0,0.0,0.0,0.0,0.0,0.0,0.0,0.0
2025-08-18 00:45:00+00:00,326,4905,0.0,0.0,0.0,0.0,0.0,0.0,0.0,0.0,0.0,0.0,0.0,0.0,0.0,0.0,0.0,0.0,0.0,0.0,0.0,0.0,0.0
2025-08-18 01:00:00+00:00,327,4920,0.0,0.0,0.0,0.0,0.0,0.0,0.0,0.0,0.0,0.0,0.0,0.0,0.0,0.0,0.0,0.0,0.0,0.0,0.0,0.0,0.0
2025-08-18 01:15:00+00:00,328,4935,0.0,0.0,0.0,0.0,0.0,0.0,0.0,0.0,0.0,0.0,0.0,0.0,0.0,0.0,0.0,0.0,0.0,0.0,0.0,0.0,0.0
2025-08-18 01:30:00+00:00,329,4950,0.0,0.0,0.0,0.0,0.0,0.0,0.0,0.0,0.0,0.0,0.0,0.0,0.0,0.0,0.0,0.0,0.0,0.0,0.0,0.0,0.0
2025-08-18 01:45:00+00:00,330,4965,0.0,0.0,0.0,0.0,0.0,0.0,0.0,0.0,0.0,0.0,0.0,0.0,0.0,0.0,0.0,0.0,0.0,0.0,0.0,0.0,0.0
2025-08-18 02:00:00+00:00,331,4980,0.0,0.0,0.0,0.0,0.0,0.0,0.0,0.0,0.0,0.0,0.0,0.0,0.0,0.0,0.0,0.0,0.0,0.0,0.0,0.0,0.0
2025-08-18 02:15:00+00:00,332,4995,0.0,0.0,0.0,0.0,0.0,0.0,0.0,0.0,0.0,0.0,0.0,0.0,0.0,0.0,0.0,0.0,0.0,0.0,0.0,0.0,0.0
2025-08-18 02:30:00+00:00,333,5010,0.0,0.0,0.0,0.0,0.0,0.0,0.0,0.0,0.0,0.0,0.0,0.0,0.0,0.0,0.0,0.0,0.0,0.0,0.0,0.0,0.0
2025-08-18 02:45:00+00:00,334,5025,0.0,0.0,0.0,0.0,0.0,0.0,0.0,0.0,0.0,0.0,0.0,0.0,0.0,0.0,0.0,0.0,0.0,0.0,0.0,0.0,0.0
2025-08-18 03:00:00+00:00,335,5040,0.0,0.0,0.0,0.0,0.0,0.0,0.0,0.0,0.0,0.0,0.0,0.0,0.0,0.0,0.0,0.0,0.0,0.0,0.0,0.0,0.0
2025-08-18 03:15:00+00:00,336,5055,0.0,0.0,0.0,0.0,0.0,0.0,0.0,0.0,0.0,0.0,0.0,0.0,0.0,0.0,0.0,0.0,0.0,0.0,0.0,0.0,0.0
2025-08-18 03:30:00+00:00,337,5070,0.0,0.0,0.0,0.0,0.0,0.0,0.0,0.0,0.0,0.0,0.0,0.0,0.0,0.0,0.0,0.0,0.0,0.0,0.0,0.0,0.0
2025-08-18 03:45:00+00:00,338,5085,0.0,0.0,0.0,0.0,0.0,0.0,0.0,0.0,0.0,0.0,0.0,0.0,0.0,0.0,0.0,0.0,0.0,0.0,0.0,0.0,0.0
2025-08-18 04:00:00+00:00,339,5100,1.531115742663097,2.0240055418354634,2.9774632975149955,6.022979646457127,7.980013016477342,10.365874234790006,12.034770981576267,13.767874329453008,15.736807186892182,17.832294276430844,19.475317474444413,21.407463270480793,22.811697243139186,23.960090998326788,25.511183652130427,27.017238189465957,28.28157708677016,31.466492591610766,34.61107162141813,43.80340693601855,17.236351397998153
2025-08-18 04:15:00+00:00,340,5115,55.21691725758103,115.84263411303526,167.01704581142437,223.27231576540726,250.92986822361448,297.6894301127215,318.3127792259269,344.0526468571873,386.87584252305624,418.25503231678607,446.8069276511971,471.5490236333388,505.74407719134086,550.0853397551,571.8446553931294,615.2448252811273,660.1828066002261,699.9107827565961,757.2859289354981,922.6657528402382,414.4366882793986
2025-08-18 04:30:00+00:00,341,5130,180.20450810479204,338.5523061905069,499.7165121844403,654.1008363139665,739.6075529583695,803.2256036186049,894.9493566626186,959.4247867779349,1010.571140899791,1062.1550874195273,1144.6489338289168,1214.001272810811,1257.406060764208,1290.244179172559,1354.686014086849,1416.3328475631788,1523.8408899039875,1626.272483255781,1730.616608587597,2155.7549017357787,1034.1745330838016
2025-08-18 04:45:00+00:00,342,5145,357.79295630957887,713.1004727224058,1062.67115450611,1422.2750357070454,1598.1041832652486,1754.3419913774183,1847.0444960968405,2016.9722422530122,2131.628724725769,2208.1446294785906,2265.885844502381,2303.66593387409,2389.0495783147803,2474.0883801762607,2580.854925350883,2787.644385925711,2929.5440950726334,3042.1558719836657,3215.9861312726302,3976.2487602121623,2047.1975703204894
2025-08-18 05:00:00+00:00,343,5160,647.0568169285807,1248.6448774497221,1888.848094513128,2624.693627606818,2815.753240924571,3113.345188767293,3398.9308380199127,3578.695905601109,3803.7848705403126,3920.374909526576,3989.7072446032466,4124.759870071598,4274.028708245463,4399.349604729916,4529.217911192149,4867.324227809088,5109.367425866518,5275.597253536095,5548.372310582379,6800.556513278583,3601.7161820552624
2025-08-18 05:15:00+00:00,344,5175,1022.09273473251,1207.5931759671612,2513.259030101351,3667.247705227779,4197.545637639721,4794.18275283855,5321.020627043324,5694.055620579715,5919.097837908853,6054.232674817102,6228.454089031618,6409.614652684307,6626.71941334026,6773.693167513319,7209.798610156572,7511.054505430115,7802.527569047496,8029.850138657096,8424.484686682492,10176.193099506781,5487.440231452545
2025-08-18 05:30:00+00:00,345,5190,1566.857412418495,1793.0548946965712,3639.9645293280614,5206.437542485525,6497.956044782258,7345.729892843517,7685.910056460425,8116.3619068444,8396.638791854808,8599.207131501074,8807.556990943709,9178.580581136046,9319.376379240446,9570.949262612254,10161.81018535571,10526.378072644295,10903.733238613728,11410.921457296128,11780.997075612602,13947.45554811627,7829.4781875964345
2025-08-18 05:45:00+00:00,346,5205,2168.085961570722,2344.9628113087924,4735.7339514667965,6148.544990612756,7945.862334675836,9112.7558238535,9886.654250732028,10526.169014151317,10932.160804363837,11227.327214391595,11611.02174698353,11969.476941922094,12202.992987225218,12936.478240814544,13285.618561986485,13775.501826776605,14180.571641957824,14837.249804681604,15313.801129274023,18037.563010365637,10151.661914214164
2025-08-18 06:00:00+00:00,347,5220,2850.9755044923854,3157.7283398271397,7501.387062067623,9197.985808132973,11017.293165213907,12332.502574969525,13233.779141999586,13681.558313798161,14025.332617171562,14667.388840364505,15031.41947880471,15311.14551647143,16304.074803741887,16836.795625631872,17196.118044480514,17581.22867213253,18365.74960222799,18876.31398123581,19131.689561064886,22356.930080579983,13304.504187038352
2025-08-18 06:15:00+00:00,348,5235,4077.1958185858894,7763.907367865461,9628.795904317214,10834.823943983087,12275.039430787865,14666.378336117257,16960.572053541324,17682.06285957026,18320.947687311284,18672.957867048975,19006.03764787822,19846.811168547443,20490.3177240701,20867.470368293107,21361.943954919465,21844.908860392887,22797.56311313516,23445.302625544173,23860.281996782967,26967.33213409226,17001.358491620886
2025-08-18 06:30:00+00:00,349,5250,4586.602008953634,7914.650647667466,11125.192864354623,12587.426920229662,14832.168101955585,18304.763627574524,20403.722291419104,21433.098668995455,21809.526024206934,22301.23397500621,23520.94419204203,23964.440386054433,24462.620663970407,24865.936357878625,25317.71783035529,25780.558999646055,26775.23703533272,27441.095131400238,27885.674171519502,31611.062429439557,20175.96377440984
2025-08-18 06:45:00+00:00,350,5265,5379.3989058485495,10368.899662483625,13542.622550742297,15491.82143714572,19165.95862659779,22476.07843823957,24264.237185873233,24832.248504351523,25203.689043279013,26542.47003008771,27353.92205634499,27685.63144446585,28254.88799995445,28735.78989661074,29121.569530455654,29523.537051489464,30512.40145235846,31335.278838427894,31808.652557126552,36237.41159383476,23618.367556227535
2025-08-18 07:00:00+00:00,351,5280,6084.828905391865,11875.80154166325,15743.593048592518,18152.42791622965,22219.797470248104,26787.58728503719,27686.915320988173,28155.00299876085,28698.677584216188,30512.372777638986,30999.72605195305,31381.11697178782,31878.443936696647,32514.710285841473,32912.789676438675,33290.61990010075,34247.33773587852,35086.34295039851,35552.34813379409,40838.320404358245,26873.027436443106
2025-08-18 07:15:00+00:00,352,5295,6880.432554112656,13549.350793696129,17357.21923738766,20258.990373905403,26465.647039438714,30145.311793480367,31264.508706452216,31892.051807980064,33267.29450425322,34475.56444971504,34850.88521690649,35297.24668654595,36032.66517836883,36366.244021293234,36769.94062905028,37273.811088685514,38324.523705077685,39242.73395293929,39997.49555254215,45367.57977164343,30329.23008084223
2025-08-18 07:30:00+00:00,353,5310,7582.103416519806,14959.002417611548,18891.79553943766,22348.6334311339,28813.123649098365,33476.79168705281,34567.74006572182,35350.17040113961,37021.47859549437,37990.38069866046,38495.884303767234,38951.232835115356,39664.75112791415,40019.57747002272,40478.43647422347,40983.65295768304,41746.282599820945,43047.56568108234,43967.47140551867,49784.69985671078,33390.5551552971
2025-08-18 07:45:00+00:00,354,5325,7911.399634176972,16033.624029592069,19912.496437344224,23908.04242391566,30799.916722923765,36079.36863074742,37641.511530459735,38422.39845092738,40180.167370597075,41116.640540791836,41554.269070186325,42047.091802723735,42730.92551036534,43177.69407077084,43555.151496963794,43977.47501555078,44506.33348407606,45730.545144185344,46922.16582502255,54053.77510588887,35921.960931410766
2025-08-18 08:00:00+00:00,355,5340,8356.986769233881,16156.030370415217,21474.254793728443,25828.68448280086,32902.32774822206,38406.577398127105,40061.94267121719,40913.08167069513,41995.64569955289,43611.17433635787,44192.59970209052,44698.14886226167,45246.17403563162,45907.99627149664,46443.94083613487,46843.297495494466,47308.863828621805,48049.47219001691,49784.49480159716,58142.65503403775,37883.23504170555
2025-08-18 08:15:00+00:00,356,5355,8752.605068172581,17827.722504889054,22915.82623775625,27764.988271147948,34070.806719494496,40819.776856002834,42194.17628961419,43454.63642026248,44071.38760497098,45824.682125795676,46685.901831904615,47281.24633176069,47936.94821353741,48518.8948572958,49182.85808701222,49662.49680426789,50088.36652284723,50863.22929689185,52405.41312453513,61944.42699738509,39876.18278148457
2025-08-18 08:30:00+00:00,357,5370,9206.532400453072,17009.730913332136,23896.09676655104,27885.694582692482,35083.527170502435,40588.245909000376,43514.55070933445,45563.69545670487,46212.41497108948,46907.1582895339,48399.1618308179,49212.107498824305,49910.54380708856,50482.43292474314,51194.715913739165,51825.731650219015,52384.51368148418,53240.530667928586,54722.06022389149,65422.18898619613,41365.8927889575
2025-08-18 08:45:00+00:00,358,5385,9789.83932581465,17831.680659487727,24321.133474939594,28758.012142430038,36169.06172131902,41870.45939103221,45222.671093209916,47704.923027509874,48479.75887056776,49008.556696742744,49913.65500927641,51420.26110647748,52072.990532801945,52666.75501145637,53586.549658723176,54113.869057277676,54603.424907757195,55216.80423616966,56679.2093492852,68791.06674180488,43049.87222310336
2025-08-18 09:00:00+00:00,359,5400,9683.624627117199,15642.08080145092,23658.791510950206,27814.854594769553,34537.882673535714,40472.70985184782,46539.77319613406,49459.335743177035,50176.06134681408,50725.746931141366,51374.024854656695,52611.925605427015,53699.31073214115,54356.42417722364,55092.6168699658,55825.566997670205,56446.617211690886,57106.936606471456,58603.81665855777,71879.28048518395,43821.105941791
2025-08-18 09:15:00+00:00,360,5415,9946.765942132772,16327.218915683085,23786.249397005882,29036.269619728755,36681.996327182314,42162.22050194216,48066.54803264506,51105.88716896603,51878.0408734491,52318.77140278351,52857.99848037324,53840.73257495823,55170.31744909624,55819.060336912094,56508.35470372059,57456.52450972697,58061.81235803285,58607.037108658435,59523.532959214346,74667.91839472695,45128.87586066269
2025-08-18 09:30:00+00:00,361,5430,10149.272736528395,16691.578839321133,24455.33079483117,30403.545146048054,38023.6961615588,43284.86144224711,49322.214800021386,52529.49377729491,53410.482055946006,53761.20608412954,54270.449731866196,55000.22480887482,55942.63287725882,57208.25487148953,57813.94082673851,58800.45872875429,59481.23553111249,60033.50942071291,60840.31616039671,77140.2315866306,46288.13015315805
2025-08-18 09:45:00+00:00,362,5445,17215.224604508763,24921.087046526976,31176.032395215658,38924.24000442877,42981.633811507396,46815.72195216697,50960.52929167043,53933.16939448939,54832.13048792188,55317.65880394828,55659.1612124695,56031.66937750548,56445.519912958815,57475.645657499655,58695.71817537275,59411.17342893242,60335.26337580215,61209.68748269784,62157.79281913198,79281.59413003268,49063.65460390827
2025-08-18 10:00:00+00:00,363,5460,17354.69801168241,24975.181380002607,32953.23867236878,39020.80430331523,43037.231418257914,48084.1015789857,52220.441753371975,54805.52599680846,55689.099111534735,56357.36505745026,56802.23214407263,57162.59501093899,57539.08739547608,57922.304912967265,59325.69719069707,60597.21120781062,61557.81869389464,62513.94911608183,63170.48340864014,81079.48932850962,49903.63949593771
2025-08-18 10:15:00+00:00,364,5475,17983.39463170927,28641.01892169561,34076.458274754215,40626.810647139246,45592.05187136448,49188.550432263,53149.040152773945,55924.27935525726,56501.65240258793,57395.720905759736,57731.37078239375,58153.98274814028,58679.3731586236,59423.6122029617,60703.99230202981,61688.07314061019,62625.98317751765,63534.49920714061,64377.34102134099,82523.51375244565,51068.92238357865
2025-08-18 10:30:00+00:00,365,5490,22228.293838761652,32296.133268574777,37557.816446993085,41953.319011227846,46770.34951084053,49312.68697985979,53335.63246443874,56377.08119650056,57161.25277545308,58163.651853608724,58539.92106076291,59046.266877724214,59613.4506010638,60218.35639350381,61232.867919071425,62396.50256756115,63316.546930080825,64241.903620200326,65038.43224523399,83605.39256069568,52430.34685226639
2025-08-18 10:45:00+00:00,366,5505,23271.120760592967,32564.009607918117,38169.82104391963,42529.29714476686,47563.54349435151,50280.05650640201,54116.04664776716,56725.13773564048,57611.32824336181,58675.153292552444,59089.049864910216,59491.22240824505,59889.917013334394,60773.7454372712,61392.58685856651,62817.126528688874,63727.91093656212,64641.65037929721,65413.33562187369,84319.00061064705,52944.52578915515
2025-08-18 11:00:00+00:00,367,5520,23525.622619894817,32872.73006809616,39938.901167838354,43909.16604917228,47602.87381361854,51037.15423178036,54079.36623540913,57122.304536198826,57664.23334542597,58685.52111196757,59081.80269957423,59829.04073235078,60292.2161697162,60805.39088815317,61676.162036289024,62976.61136340155,63910.256155957606,64877.43500419099,65536.72740177151,84660.38413764612,52971.490139864596
2025-08-18 11:15:00+00:00,368,5535,23222.87942098199,32931.56386377577,39860.03292692743,43617.42621057642,47428.658409958305,52156.12939203806,54676.91756824579,57281.96880152991,57804.24715838786,58804.09926498398,59189.61242259489,59910.89708018727,60383.27356506881,60876.53172119203,61754.68543852139,63198.91198939222,63921.15373513431,64814.45102240133,65398.32153005297,84627.77861691399,53062.444003552664
2025-08-18 11:30:00+00:00,369,5550,22704.798070222267,32635.277002402767,39479.843282076356,42778.54383202387,47898.042326173134,52428.68419996344,54750.394200129194,57004.829805829,57509.77865742356,58515.737673023745,58969.163014801125,59740.06442432257,60235.82360405599,60724.71077121629,61627.49490313663,62912.116345135364,63812.1998980936,64579.513247761286,65127.16762226745,84221.61936442138,52863.03689286122
2025-08-18 11:45:00+00:00,370,5565,22652.432811042057,32698.86007377338,39303.995147469825,43535.01551862261,48156.89341720341,53168.53128174163,55489.1304709843,56591.658027406425,57536.200091141,58160.12385751255,58623.30207054608,59296.35407450084,59958.045606247906,60347.167004503965,61020.304557524505,62199.39109246429,63243.47793947118,63993.615812099764,64519.26985575185,83444.54291321058,52704.20543932023
2025-08-18 12:00:00+00:00,371,5580,22509.34563707113,33827.22368516912,39737.83684217646,44655.33644881321,49548.43156469153,52655.30284229327,55108.12207154326,55884.77766580289,56854.691372884416,57317.91084345682,58078.42973329462,58609.46799443592,59028.39131489229,59395.91230266425,59901.74114225965,60938.144302560184,62044.336636180575,62801.81572302213,63512.97131036058,82301.3793515202,52269.523925992726
2025-08-18 12:15:00+00:00,372,5595,29776.87783032543,37424.44643948139,41365.75921059335,46352.18452574082,50315.1448854958,52577.313081937995,54236.65431646936,55137.05926729458,56083.523934436766,56611.7116728698,57124.60196850693,57562.79655817547,57933.30974941661,58242.59305295462,58661.19613503206,59757.27989699624,60832.754621136126,61705.018668900164,62414.49463735992,80799.1376880531,52321.6432052336
2025-08-18 12:30:00+00:00,373,5610,29232.653365308557,36831.62723213339,40762.593555522195,45746.16003669132,49807.10438122338,52485.63070659224,53244.44016063827,54301.23509043851,54786.29089455225,55491.32994476397,55939.92651121579,56321.62060056485,56675.57463843228,57051.47624836212,57541.19530163421,58416.65380820982,59674.97563629897,60352.20641383224,61156.934733422044,78946.98804648845,51374.76073010875
2025-08-18 12:45:00+00:00,374,5625,27695.047551906067,35661.47184164602,39527.28709711526,44304.11283615996,48433.8493691878,51186.437533756536,51961.3237574245,52850.389717953396,53333.43884719207,53946.535247473956,54416.42987530047,54810.743048543045,55165.43210486209,55513.262131369695,55956.685211094045,56902.023634390265,57853.35986285645,58578.58006369175,59470.85827815652,76756.24558504784,49917.75687795148
2025-08-18 13:00:00+00:00,375,5640,20076.77145339372,32080.74298855682,37842.58857192405,42571.42171018114,46919.51769781635,49524.04579075466,50251.65625215063,50994.55837215411,51417.843206903744,52021.3418621402,52517.01813538471,52909.25085537789,53245.805723074125,53589.26795036039,53984.688211526,54931.44754317069,55952.38145109046,56646.18041794646,57525.02745773273,74240.36127365044,47749.726600019305
2025-08-18 13:15:00+00:00,376,5655,8652.818593348737,29607.344214587643,36290.60989881986,40841.57203546638,44638.759811198,47779.17970589942,48424.21454106989,49023.317813322064,49528.933980701135,50134.65145459742,50671.59156808297,51064.123158672104,51381.26186398323,51706.62452156566,52035.187201246365,52899.295878368255,54049.87621580766,54784.856604764056,55675.686379526844,71414.92519560922,45442.64807559526
2025-08-18 13:30:00+00:00,377,5670,8065.427347306382,28348.95313219041,33676.817548958774,39255.80820706692,42761.353495524185,45607.704987404446,46317.6581366313,46908.16587863737,47552.70263037196,48232.31230171525,48609.833271378106,48946.73327151894,49261.630246502005,49594.03701527493,50006.1296781944,50718.360529425525,51899.90238328092,52539.14861476555,53347.238800745705,68297.68850371757,43488.20058544368
2025-08-18 13:45:00+00:00,378,5685,8089.801033425894,26789.956697310954,31803.963258723088,37388.909609966344,41201.387605638294,43366.822129724555,44261.51857928905,44950.88015457015,45605.73323718238,46145.55411831489,46453.6562055246,46763.419220428164,47093.52859958143,47423.63797873469,47969.229095456976,48715.43276034877,49773.033309565275,50467.261637482196,51300.8599612589,64908.61099791086,42043.45194987902
2025-08-18 14:00:00+00:00,379,5700,7634.0857733384955,24922.525087659942,30466.056452768,35300.0388919958,39064.69714562759,40957.53288335235,41975.299949299326,42688.52084903223,43352.64217573206,43740.186385008885,44014.74336704859,44296.969127448436,44599.131347461785,44930.577526504945,45545.5616776607,46229.57851714714,47221.675656112006,47943.43112734512,48658.72268217693,61269.943868954906,39850.08573857923
2025-08-18 14:15:00+00:00,380,5715,7363.65861486986,23163.199271563324,29245.698569799777,33319.53973007386,36578.69858533917,38140.13931307795,39473.884955554364,40158.50586228718,40827.31629411745,41186.29852178328,41470.25075323501,41768.939753062565,42076.92695198441,42578.678985325976,43188.99429205217,44111.442854531655,44587.85189794292,45329.962124000514,45922.16800299774,57542.60706254882,37600.01237236883
2025-08-18 14:30:00+00:00,381,5730,7439.374769042391,22219.86198869979,28338.800093448615,31593.41598575593,33955.346827262394,35263.22817933727,36586.7474082839,37305.98752809089,37950.11329512747,38316.69888428777,38593.74365777472,38884.1507872006,39181.89778676583,39680.14189257277,40237.9962752381,41119.28961898307,41573.988801761116,42230.594468809606,42966.869856768964,53482.1693367306,35139.54322016239
2025-08-18 14:45:00+00:00,382,5745,6785.433434251873,18801.564420229883,24129.218137716027,28109.31529854277,30799.79569606473,32163.05412377611,33071.18066707123,33965.08883499726,34765.35211375839,35253.679850081724,35543.01877231398,35826.67163400893,36107.08861616234,36610.097370003765,37153.040878889304,37903.47858853121,38371.740207969044,38980.95903745989,39821.082033810395,49231.86296452446,32064.714170051713
2025-08-18 15:00:00+00:00,383,5760,6210.785307988219,15900.970257965982,20551.809069542964,24912.122554315323,27157.676412301207,28536.20667274353,29506.893555908573,30448.038389103895,31049.965228896202,31952.739891303027,32325.414139931687,32623.961002725122,32875.97507715524,33280.93745015099,33784.46832337066,34502.099290402504,34968.23347180802,35613.41114849449,36344.20932900491,44847.30456445443,28860.75118552864
2025-08-18 15:15:00+00:00,384,5775,5551.179089630267,15167.09923922187,19926.999738078466,22360.7556056401,24135.84047123634,25451.16472896976,26277.488210004038,26999.87702727362,27857.85819089975,28681.44187143368,29048.38255000748,29342.196418169435,29629.43457660541,29914.54556842454,30574.090753100594,31234.994512031117,31677.00000397704,32222.90086229902,32932.47297151547,40365.34187290262,26052.944632225324
2025-08-18 15:30:00+00:00,385,5790,4866.619228672347,12795.867537298227,15584.110470114683,19348.457024878044,20392.763587771362,21817.203074067755,22756.734088105943,23577.73302039599,24257.04503675554,24893.30638774563,25699.176545915296,26005.08009203929,26275.018703114572,26542.52341751367,27133.446941204846,27809.235680538353,28241.202859689463,28714.800284054014,30163.736071696952,35827.16589487106,22752.824297082145
2025-08-18 15:45:00+00:00,386,5805,4250.41283837421,11131.197615405063,13260.151926934781,15858.244661041334,17109.077109756847,18454.202304289076,19342.889908848134,20139.184908637017,20760.075690099846,21297.38905604263,21953.54086729089,22545.233872567533,22805.94183524343,23072.728422181925,23455.66634606836,24228.087300512158,24632.760440243244,25060.550490305777,25703.60776582109,31279.255278770626,19544.063126408404
2025-08-18 16:00:00+00:00,387,5820,3577.0031887584187,9104.73339259589,10985.504086050832,12496.604580298193,14389.77764599894,15131.920327721231,15964.429545204606,16578.248037681875,17133.08366821138,17682.352953626687,18068.020667768218,18700.594559804445,19280.17049628014,19562.254664560598,19849.20234372423,20508.098700031896,20943.03247426178,21302.189614425795,21805.520237567605,26774.5955874479,16329.9593884685
2025-08-18 16:15:00+00:00,388,5835,2936.6283725464436,7219.690016584665,8733.062551940382,9825.015174466813,11064.260331957425,12057.488304618695,12528.662776203319,13187.299454876309,13688.017754810571,14132.552658582801,14568.746216020603,14897.382349296093,15433.21598920705,15957.637206239724,16270.01088772716,16611.01800117671,17076.087650709116,17562.19356188683,18016.18288182875,22296.280954722904,13202.711683809217
2025-08-18 16:30:00+00:00,389,5850,2178.4774719971147,5196.363801045587,6534.39696212164,7503.833615647411,7966.618692865589,8862.426690647877,9568.87064775306,9884.051979555794,10383.763495989397,10895.830212439008,11143.191016623872,11530.815180064248,11865.382201824636,12258.827861454625,12760.316349416182,13034.321181974237,13408.987704097934,13872.768869506752,14267.981641841334,17981.804402509395,10151.81076392408
2025-08-18 16:45:00+00:00,390,5865,1440.7172857711466,2870.08995370067,4773.0889504131555,5372.835449258527,5868.00089091063,6129.822762902138,6788.561001616291,6990.119846496635,7415.168149645973,7711.962320196482,7997.202313869043,8455.553620397292,8689.45700193636,9035.342170749314,9266.48854752034,9672.842395255215,10076.389240688062,10501.865011948237,10831.802053775235,13992.35398351232,7381.934574162943
2025-08-18 17:00:00+00:00,391,5880,967.1450918539799,1774.5641663359504,3224.8450626692534,3739.0455608780044,4155.445169383051,4370.174695649467,4584.551419119949,5001.963843762649,5109.206062687378,5389.38065998224,5621.349367996288,5793.675132136815,6092.399035391303,6291.406918595051,6623.175180661849,6799.131102531336,7094.827022342299,7633.324460321331,7915.595036225826,10318.714096741713,5134.787919811264
2025-08-18 17:15:00+00:00,392,5895,634.2619116958323,956.3930279799393,1929.1538051423058,2290.7611985780377,2615.7438314559713,2859.8249337499124,2984.355057179912,3145.3634337181625,3412.137515846681,3477.540626809878,3711.7517177549303,3869.5190953451406,4007.1792792783003,4234.031131012789,4327.474831546506,4551.5875537116235,4800.722024618969,5137.30982870987,5388.998310870519,7051.5466505224085,3370.2610598621786
2025-08-18 17:30:00+00:00,393,5910,374.5971935780521,470.04615809547676,839.8552010716118,1339.2128032293222,1472.759769431962,1641.9787146515823,1784.4248159200292,1875.6666477765175,2041.073061536478,2144.797156547427,2192.8215745836605,2356.5293137587514,2470.794039506368,2622.513613904639,2680.046132949136,2761.2416239021286,2946.455882068881,3194.672232678613,3364.560582645279,4406.16244112933,2024.6697612165494
2025-08-18 17:45:00+00:00,394,5925,249.60388917605252,340.33120609394064,506.97545729845456,671.2052598791928,935.8446200866706,1003.0052242065856,1132.5243934295122,1215.1801237298605,1284.163258080302,1387.463146883124,1472.5516433895862,1522.5243927197564,1654.3051979327215,1717.2233706451632,1817.578666475747,1865.078115746388,1973.9282327416304,2158.1050434111658,2291.0440584606185,3043.3510302484997,1325.216716321508
2025-08-18 18:00:00+00:00,395,5940,157.1879140433541,220.09115710814862,316.2088611443163,399.52156796955325,518.7235656660534,593.3715660919743,670.2061229094194,719.3999872992109,766.8812835911704,810.9996146723715,870.8491029887488,925.9996289825057,992.5775494086108,1058.7828683597315,1112.4152958596185,1151.2522535140367,1186.2821929740496,1283.3726704992387,1413.931408936599,1910.0580184813919,801.311172489788
2025-08-18 18:15:00+00:00,396,5955,53.141039949972395,77.66354866840874,106.26544821361222,135.0398826649376,173.36648817162555,196.33575798832834,218.86693781117344,235.76668081908159,248.7201329971596,260.9614076770979,280.0487700706304,303.6544986071331,319.1833073598817,348.1421420400235,368.7851394995427,382.9757201688211,404.6601489492745,432.99573231461966,479.30434211961017,629.0480195907096,270.79166741824037
2025-08-18 18:30:00+00:00,397,5970,0.41357512843439825,0.6295628021400611,0.8553640949286657,1.0771468908906572,1.3843052497922665,1.568354411615412,1.7189937230125094,1.8756559703199243,1.9817550953064023,2.066064631461826,2.23619554299943,2.4317978453142297,2.6122068007873676,2.7714414267093046,2.96700071656879,3.055893991065716,3.1470120808556854,3.4267276567990526,3.7666591615186853,5.008545554883835,2.1551631253896093
2025-08-18 18:45:00+00:00,398,5985,0.0,0.0,0.0,0.0,0.0,0.0,0.0,0.0,0.0,0.0,0.0,0.0,0.0,0.0,0.0,0.0,0.0,0.0,0.0,0.0,0.0
2025-08-18 19:00:00+00:00,399,6000,0.0,0.0,0.0,0.0,0.0,0.0,0.0,0.0,0.0,0.0,0.0,0.0,0.0,0.0,0.0,0.0,0.0,0.0,0.0,0.0,0.0
2025-08-18 19:15:00+00:00,400,6015,0.0,0.0,0.0,0.0,0.0,0.0,0.0,0.0,0.0,0.0,0.0,0.0,0.0,0.0,0.0,0.0,0.0,0.0,0.0,0.0,0.0
2025-08-18 19:30:00+00:00,401,6030,0.0,0.0,0.0,0.0,0.0,0.0,0.0,0.0,0.0,0.0,0.0,0.0,0.0,0.0,0.0,0.0,0.0,0.0,0.0,0.0,0.0
2025-08-18 19:45:00+00:00,402,6045,0.0,0.0,0.0,0.0,0.0,0.0,0.0,0.0,0.0,0.0,0.0,0.0,0.0,0.0,0.0,0.0,0.0,0.0,0.0,0.0,0.0
2025-08-18 20:00:00+00:00,403,6060,0.0,0.0,0.0,0.0,0.0,0.0,0.0,0.0,0.0,0.0,0.0,0.0,0.0,0.0,0.0,0.0,0.0,0.0,0.0,0.0,0.0
2025-08-18 20:15:00+00:00,404,6075,0.0,0.0,0.0,0.0,0.0,0.0,0.0,0.0,0.0,0.0,0.0,0.0,0.0,0.0,0.0,0.0,0.0,0.0,0.0,0.0,0.0
2025-08-18 20:30:00+00:00,405,6090,0.0,0.0,0.0,0.0,0.0,0.0,0.0,0.0,0.0,0.0,0.0,0.0,0.0,0.0,0.0,0.0,0.0,0.0,0.0,0.0,0.0
2025-08-18 20:45:00+00:00,406,6105,0.0,0.0,0.0,0.0,0.0,0.0,0.0,0.0,0.0,0.0,0.0,0.0,0.0,0.0,0.0,0.0,0.0,0.0,0.0,0.0,0.0
2025-08-18 21:00:00+00:00,407,6120,0.0,0.0,0.0,0.0,0.0,0.0,0.0,0.0,0.0,0.0,0.0,0.0,0.0,0.0,0.0,0.0,0.0,0.0,0.0,0.0,0.0
2025-08-18 21:15:00+00:00,408,6135,0.0,0.0,0.0,0.0,0.0,0.0,0.0,0.0,0.0,0.0,0.0,0.0,0.0,0.0,0.0,0.0,0.0,0.0,0.0,0.0,0.0
2025-08-18 21:30:00+00:00,409,6150,0.0,0.0,0.0,0.0,0.0,0.0,0.0,0.0,0.0,0.0,0.0,0.0,0.0,0.0,0.0,0.0,0.0,0.0,0.0,0.0,0.0
2025-08-18 21:45:00+00:00,410,6165,0.0,0.0,0.0,0.0,0.0,0.0,0.0,0.0,0.0,0.0,0.0,0.0,0.0,0.0,0.0,0.0,0.0,0.0,0.0,0.0,0.0
2025-08-18 22:00:00+00:00,411,6180,0.0,0.0,0.0,0.0,0.0,0.0,0.0,0.0,0.0,0.0,0.0,0.0,0.0,0.0,0.0,0.0,0.0,0.0,0.0,0.0,0.0
2025-08-18 22:15:00+00:00,412,6195,0.0,0.0,0.0,0.0,0.0,0.0,0.0,0.0,0.0,0.0,0.0,0.0,0.0,0.0,0.0,0.0,0.0,0.0,0.0,0.0,0.0
2025-08-18 22:30:00+00:00,413,6210,0.0,0.0,0.0,0.0,0.0,0.0,0.0,0.0,0.0,0.0,0.0,0.0,0.0,0.0,0.0,0.0,0.0,0.0,0.0,0.0,0.0
2025-08-18 22:45:00+00:00,414,6225,0.0,0.0,0.0,0.0,0.0,0.0,0.0,0.0,0.0,0.0,0.0,0.0,0.0,0.0,0.0,0.0,0.0,0.0,0.0,0.0,0.0
2025-08-18 23:00:00+00:00,415,6240,0.0,0.0,0.0,0.0,0.0,0.0,0.0,0.0,0.0,0.0,0.0,0.0,0.0,0.0,0.0,0.0,0.0,0.0,0.0,0.0,0.0
2025-08-18 23:15:00+00:00,416,6255,0.0,0.0,0.0,0.0,0.0,0.0,0.0,0.0,0.0,0.0,0.0,0.0,0.0,0.0,0.0,0.0,0.0,0.0,0.0,0.0,0.0
2025-08-18 23:30:00+00:00,417,6270,0.0,0.0,0.0,0.0,0.0,0.0,0.0,0.0,0.0,0.0,0.0,0.0,0.0,0.0,0.0,0.0,0.0,0.0,0.0,0.0,0.0
2025-08-18 23:45:00+00:00,418,6285,0.0,0.0,0.0,0.0,0.0,0.0,0.0,0.0,0.0,0.0,0.0,0.0,0.0,0.0,0.0,0.0,0.0,0.0,0.0,0.0,0.0
2025-08-19 00:00:00+00:00,419,6300,0.0,0.0,0.0,0.0,0.0,0.0,0.0,0.0,0.0,0.0,0.0,0.0,0.0,0.0,0.0,0.0,0.0,0.0,0.0,0.0,0.0
2025-08-19 00:15:00+00:00,420,6315,0.0,0.0,0.0,0.0,0.0,0.0,0.0,0.0,0.0,0.0,0.0,0.0,0.0,0.0,0.0,0.0,0.0,0.0,0.0,0.0,0.0
2025-08-19 00:30:00+00:00,421,6330,0.0,0.0,0.0,0.0,0.0,0.0,0.0,0.0,0.0,0.0,0.0,0.0,0.0,0.0,0.0,0.0,0.0,0.0,0.0,0.0,0.0
2025-08-19 00:45:00+00:00,422,6345,0.0,0.0,0.0,0.0,0.0,0.0,0.0,0.0,0.0,0.0,0.0,0.0,0.0,0.0,0.0,0.0,0.0,0.0,0.0,0.0,0.0
2025-08-19 01:00:00+00:00,423,6360,0.0,0.0,0.0,0.0,0.0,0.0,0.0,0.0,0.0,0.0,0.0,0.0,0.0,0.0,0.0,0.0,0.0,0.0,0.0,0.0,0.0
2025-08-19 01:15:00+00:00,424,6375,0.0,0.0,0.0,0.0,0.0,0.0,0.0,0.0,0.0,0.0,0.0,0.0,0.0,0.0,0.0,0.0,0.0,0.0,0.0,0.0,0.0
2025-08-19 01:30:00+00:00,425,6390,0.0,0.0,0.0,0.0,0.0,0.0,0.0,0.0,0.0,0.0,0.0,0.0,0.0,0.0,0.0,0.0,0.0,0.0,0.0,0.0,0.0
2025-08-19 01:45:00+00:00,426,6405,0.0,0.0,0.0,0.0,0.0,0.0,0.0,0.0,0.0,0.0,0.0,0.0,0.0,0.0,0.0,0.0,0.0,0.0,0.0,0.0,0.0
2025-08-19 02:00:00+00:00,427,6420,0.0,0.0,0.0,0.0,0.0,0.0,0.0,0.0,0.0,0.0,0.0,0.0,0.0,0.0,0.0,0.0,0.0,0.0,0.0,0.0,0.0
2025-08-19 02:15:00+00:00,428,6435,0.0,0.0,0.0,0.0,0.0,0.0,0.0,0.0,0.0,0.0,0.0,0.0,0.0,0.0,0.0,0.0,0.0,0.0,0.0,0.0,0.0
2025-08-19 02:30:00+00:00,429,6450,0.0,0.0,0.0,0.0,0.0,0.0,0.0,0.0,0.0,0.0,0.0,0.0,0.0,0.0,0.0,0.0,0.0,0.0,0.0,0.0,0.0
2025-08-19 02:45:00+00:00,430,6465,0.0,0.0,0.0,0.0,0.0,0.0,0.0,0.0,0.0,0.0,0.0,0.0,0.0,0.0,0.0,0.0,0.0,0.0,0.0,0.0,0.0
2025-08-19 03:00:00+00:00,431,6480,0.0,0.0,0.0,0.0,0.0,0.0,0.0,0.0,0.0,0.0,0.0,0.0,0.0,0.0,0.0,0.0,0.0,0.0,0.0,0.0,0.0
2025-08-19 03:15:00+00:00,432,6495,0.0,0.0,0.0,0.0,0.0,0.0,0.0,0.0,0.0,0.0,0.0,0.0,0.0,0.0,0.0,0.0,0.0,0.0,0.0,0.0,0.0
2025-08-19 03:30:00+00:00,433,6510,0.0,0.0,0.0,0.0,0.0,0.0,0.0,0.0,0.0,0.0,0.0,0.0,0.0,0.0,0.0,0.0,0.0,0.0,0.0,0.0,0.0
2025-08-19 03:45:00+00:00,434,6525,0.0,0.0,0.0,0.0,0.0,0.0,0.0,0.0,0.0,0.0,0.0,0.0,0.0,0.0,0.0,0.0,0.0,0.0,0.0,0.0,0.0
2025-08-19 04:00:00+00:00,435,6540,1.548041200818956,1.8884688126179208,2.30372525706788,2.745873955519744,3.0076246174205923,3.334040377382696,3.6218781812574363,4.3585263409955886,4.835473853269234,5.824331767105389,7.163510154643319,8.195452710246112,8.946244517543342,9.671365573644929,10.15370542153829,11.327819605146193,12.521484238095596,13.56010847972808,14.666437548743149,17.283703314222187,7.084432138721825
2025-08-19 04:15:00+00:00,436,6555,47.33269989447735,75.29153876347401,104.30929842068578,120.6669305182555,156.98334068883963,234.3990120540421,293.30316133399526,324.04468787259304,353.78115626174105,381.84946674017533,402.57157425851284,425.2951938713643,450.64440834571803,479.6984762976899,495.13408012447485,526.9425292278529,558.7830728541311,595.6956527231397,628.4954980657944,777.4362691057619,358.42073931384266
2025-08-19 04:30:00+00:00,437,6570,114.56349342016928,189.06477084278714,265.84808199611564,365.5191868311579,698.1390957660013,795.3113181629892,897.668102778546,940.5510518660842,1010.5495354850411,1075.308513132912,1122.1052675355343,1169.8294861000861,1224.7268509655262,1260.7598792038311,1291.4727573288658,1348.5141457870964,1432.2153523778818,1499.646345139148,1618.3924906234067,2042.131026085072,980.3053730124602
2025-08-19 04:45:00+00:00,438,6585,346.21259518577403,573.7760907186565,740.0880010718902,1244.3150262740317,1563.2884046991583,1746.2750587089542,1817.7791574275454,1931.6800771417354,2010.7146935131025,2145.4236435567154,2233.7606231979908,2305.2610196177206,2397.301680353189,2449.2276568077136,2536.014448588858,2643.3863686839254,2756.858976880714,2848.3116460434967,3071.6424088591552,3802.4239766330006,1995.7914100391051
2025-08-19 05:00:00+00:00,439,6600,772.3083342153424,1160.208219096509,1446.4817555594414,2561.3813113345236,2999.131619844931,3183.3105096966688,3308.091304185093,3530.922585471825,3779.0757745758883,3901.443631452634,4057.713352882178,4220.501821011744,4318.560059993323,4402.173019355406,4536.247950765192,4688.531418630531,4827.945893316443,4980.764323357289,5413.013433039531,6600.438619046233,3631.0986480396155
2025-08-19 05:15:00+00:00,440,6615,1189.904714544797,1730.1834929990353,2519.9876913792423,3785.1905061194275,4473.4805239661555,4793.6660101747275,5063.555486548261,5516.805240189332,5764.371179101707,6015.408254972716,6338.462803041353,6483.784422880322,6566.170144392921,6740.361227731309,6942.974036960491,7168.903787542507,7465.391254835212,7826.01325476956,8244.280937788695,9965.213781296537,5569.292516708374
2025-08-19 05:30:00+00:00,441,6630,1822.0558736767214,2394.6383426727957,3568.500373318625,5820.462376221181,6502.762819196583,7010.70377735561,7765.285983552211,8127.152106457447,8562.219068300868,8832.635775558943,8966.007866745815,9145.480309849963,9376.74797123352,9583.15612112236,9829.681759919558,10145.660885112498,10648.29877019908,10907.900215291478,11409.347293003411,13728.672139963923,7969.224422622279
2025-08-19 05:45:00+00:00,442,6645,2682.953730031066,3122.96886987769,6505.038522484871,7946.0126023007815,8926.296428795706,9977.541999335283,10547.966270019682,11174.802992343155,11488.154634587065,11667.218801199666,11945.208729964066,12222.042077293101,12537.645366281622,12713.530019680655,13042.786143269564,13711.656091508887,14019.244446780813,14525.045338518936,15196.766556148576,17815.972145249114,10787.079864699463
2025-08-19 06:00:00+00:00,443,6660,3482.604987935817,5459.787661037224,8363.440946088725,10373.112460158698,12466.179703535663,13157.504533167263,13824.450337132756,14178.976535253063,14416.517067118346,14880.50097666862,15270.110919552184,15520.017525658906,15723.185215497386,16123.4682986957,16872.364329458294,17247.54660483152,17624.17969642597,18087.562525583435,19284.375980981,22136.01550869474,13857.670908966393
2025-08-19 06:15:00+00:00,444,6675,4208.049686866398,7197.044428648443,8643.736203791437,9578.938246790733,11267.84967868935,14028.055271733518,15797.298804210766,17008.439062440055,17671.90088431601,18319.532706836206,18903.652269335358,19515.07531482509,20224.658634247382,20517.238790513067,20842.53347578728,21271.450916866088,21739.66610587156,22140.802993704987,23167.860597132465,26735.425202868944,16589.949349637824
2025-08-19 06:30:00+00:00,445,6690,4988.317203642721,8147.212754922828,9308.77818691451,11110.594734482047,13106.285309911538,17739.81219663822,19522.729862627904,20386.221632187157,21275.19050382975,21777.90176010623,22374.006221947657,23277.335940358582,23962.78576994091,24184.934311380628,24642.156156644553,25040.17397671488,25551.567282901477,26014.335588093032,26985.08247969511,31394.9237258542,19260.94302224923
2025-08-19 06:45:00+00:00,446,6705,5571.784032480869,9021.481252187521,10751.122403830486,12655.368773243687,15122.581635057722,20434.482301301035,22592.252776429115,23829.546146021385,24719.986242916213,25407.919952072247,25904.83051792322,27110.659261094785,27454.056761382908,27849.639506926702,28238.791177771407,28922.16443388745,29363.757023743474,29872.549168850597,30958.63346327017,36027.2003918946,22198.036941788716
2025-08-19 07:00:00+00:00,447,6720,6138.383610892714,9593.662112873524,11787.282118149858,14124.75008673357,17235.75784661284,23123.00523008515,26220.07283906426,27433.095706705182,28342.59683718983,28956.317455042572,30274.072403669285,30693.2740189278,31013.01366574064,31536.54926599003,31910.339598580627,32674.770324007633,33103.363041487326,33750.746457487214,35033.602842565604,40634.23027674964,25230.323698180342
2025-08-19 07:15:00+00:00,448,6735,5703.875602283559,6873.062056862914,11051.1335663458,15237.758455327894,18643.78069941087,25443.139412936387,29528.708009633418,30858.67487176121,31651.146963883963,32068.515325668854,33199.59095913335,33819.04080635104,34215.73573979103,34820.3931567293,35173.506591266094,36067.23234838598,36547.61343968762,37359.8647911285,38875.639468401976,45169.44760039246,27553.92776075263
2025-08-19 07:30:00+00:00,449,6750,6002.825624390382,7083.078517153474,10770.479750090703,15479.479868322045,20809.403507400413,28274.231124103248,32323.538420967623,34083.6714486737,34725.59786621449,35186.65628869567,36204.154064252,36919.93499426891,37393.11397084145,38028.456760664136,38699.03937839271,39382.04914944536,39938.08797061946,41000.35928237629,42690.90747653064,49592.122342147064,30060.61489876486
2025-08-19 07:45:00+00:00,450,6765,5984.07424323532,7380.16054481017,8816.236401667704,12789.131500787593,18439.803466893874,30147.343084433614,35897.904601704024,36924.964288387295,37488.4421664236,38013.52491039069,38861.11710912611,39622.197857141415,40074.036137459036,40598.67185323998,41265.698589002124,42004.07596515584,42616.802924984775,43306.77234084463,45149.02033166062,53866.188451652626,31679.220814313783
2025-08-19 08:00:00+00:00,451,6780,6201.92740843603,7632.204387465593,8273.987231495395,12126.466936058414,16110.829279625514,31445.97305721937,37419.647712547485,39094.83792783771,39897.12056647439,40320.08696494918,41062.77688893477,41726.449870511315,42326.7846827244,42977.472704668224,43535.376469832416,44165.7497825402,44935.887535913156,45799.602402074845,46981.08057733879,57959.38910909343,32972.108325797235
2025-08-19 08:15:00+00:00,452,6795,6447.9781087546935,7695.922115630889,8641.009868263178,12874.911491959492,21312.486627507955,38077.772644840974,40974.17096792367,41830.74777316524,42543.69284630543,42853.600622679034,43428.10959717786,44001.431625429715,44583.28934972132,45338.133611710124,45881.02492628209,46561.8724638498,47213.74549810772,47990.61331212402,49015.247962257155,61795.13254502555,35195.562617305564
2025-08-19 08:30:00+00:00,453,6810,6590.994608634336,7250.212466811967,8982.71595013613,13536.502238564733,19396.425966554383,34577.207182411934,41672.73077681384,43672.44033262434,44575.58097247742,44967.67717027425,45509.64843894894,46043.4396946223,46527.20018191393,47245.527022552335,47952.301265466,48523.654005675984,49071.80657154789,49919.27963871758,51026.62769209004,65242.66156812008,36247.19917810996
2025-08-19 08:45:00+00:00,454,6825,6849.711900215356,7442.660644302081,9225.976659314965,14044.54025080142,18643.118065605737,34506.28558944399,43556.134087816485,45690.51918293748,46564.13831739861,47151.13398283691,47557.41204616502,48127.91173845274,48693.78057329521,49256.45627321546,50121.424698282746,50795.90208354314,51455.43829014326,52216.312533301905,53248.39877200773,68613.85325685603,37735.148878123226
2025-08-19 09:00:00+00:00,455,6840,6997.506539251019,7735.024609022921,9639.818462103194,15048.581757003894,22281.621355255196,41324.50451690553,45923.631835820575,47992.597107318754,48758.986995586536,49276.89210236156,49611.73547117461,50144.833727373625,50672.60356937979,51155.17634636364,51840.37792031943,52766.889263522775,53588.65810147327,54421.940852734595,55428.39915639029,71703.53702027614,39775.67585064508
2025-08-19 09:15:00+00:00,456,6855,6753.3372721635,7956.0477678896505,9777.561751964091,15595.59842149182,20768.831399439394,36543.04558187193,47316.16884482686,49866.06824343077,50575.84885967635,51239.914524945605,51630.11400577644,52173.62470464318,52742.58279314583,53159.08465036034,53497.512912244114,54561.80727162825,55403.70831423105,56547.22822427636,57355.31574649275,74492.79911035408,40780.91907021137
2025-08-19 09:30:00+00:00,457,6870,6395.591731444947,8416.416339044637,9654.270487453243,16023.959746331422,23911.51975525853,36198.42168806929,48112.958169836544,51278.59285352978,52037.18140424212,52866.326256869965,53218.58203620409,53639.5979526155,54194.6865331415,54747.1043587248,55159.415119506244,55710.30805211434,56811.76038860692,57969.4797203627,58925.627192632885,76964.89557810871,41871.50263166558
2025-08-19 09:45:00+00:00,458,6885,6740.256003788232,8777.766027896412,9214.099354707716,16025.459240035843,22315.813913317103,34048.07614268442,48348.930214841086,51464.511196997715,53241.22817759703,54137.22737096547,54716.21034720307,55036.114887750984,55443.05552981621,56139.744548002745,56579.190397023034,56917.153975680376,57563.97150174161,58816.18335363314,59954.56271526939,79105.21107148424,42328.62560899049
2025-08-19 10:00:00+00:00,459,6900,6379.016955094222,8743.760653942554,9498.549712214533,17127.562156561293,25893.6085464917,40270.443202774426,50964.01140157727,53994.17980046868,54546.383991235154,55409.599242184275,55785.974225200436,56121.69019211851,56442.989404983964,57219.52585890213,57614.61064006759,57999.352294480916,58375.866461705016,59952.710686909275,61231.62505025861,80901.24439558393,43776.56846526003
2025-08-19 10:15:00+00:00,460,6915,4964.097156761777,8691.404439771557,9713.309126606546,17555.805409199816,25977.41983775467,44995.35536314667,52913.35920344162,54773.90282199902,55642.50877161315,56471.993131519004,56787.59279935102,57036.56919575166,57347.41650041058,57843.381657464575,58453.520115444975,58834.23377230116,59206.48006544108,60655.09398491952,62143.97236444174,82342.612095705,44639.48781131733
2025-08-19 10:30:00+00:00,461,6930,4332.462288610489,8741.026128515621,13245.226461778992,22458.16701791576,37886.839815920524,52456.41921417103,54178.28402464258,55797.02964904202,56446.567671428966,57127.33144745533,57355.18394307913,57583.03643870294,57876.98825514999,58229.69502343994,58801.11214913754,59260.167919793515,59627.247430874355,61285.895644831726,63087.443935319825,83421.06345186678,46440.21904774622
2025-08-19 10:45:00+00:00,462,6945,3709.038778525003,8956.061054815811,14284.719685565538,24140.763484312596,46332.38717351493,53227.862440796634,55482.59999803121,56295.08012495347,56961.210730190585,57512.22696562178,57740.809084489396,57969.39120335701,58239.72611372865,58536.34981875097,59020.19470382327,59612.71310507475,60078.46411063484,61679.149208862924,63273.96300219543,84130.50130576552,47302.67727976865
2025-08-19 11:00:00+00:00,463,6960,2921.2330098428774,8899.826667188443,14187.774727342123,31906.585186220753,48916.87254138108,53496.737646953734,55807.77243348646,56439.229002882705,57206.110159905795,57682.397756938306,57895.85237978567,58109.30700263303,58367.66788613589,58658.22571124078,59109.978465866225,59732.40825016313,60157.80863316676,61896.03073106241,63372.79819774145,84467.00347601209,47887.48354618152
2025-08-19 11:15:00+00:00,464,6975,2631.3315447103414,8790.36072352603,13538.327362204029,34474.62880093842,49813.54258768323,54373.69553706466,55869.14410715288,56497.14355559012,57433.7759585612,57690.92187599484,57892.1089490087,58093.29602202257,58359.089895211204,58658.22921365134,59204.92368677158,59790.19343801642,60467.383015809224,62049.65285423105,63582.64569264038,84428.84040142121,48108.44445574341
2025-08-19 11:30:00+00:00,465,6990,3476.6369021482824,9079.492375257663,17856.10856869184,44023.30845884273,49945.588345346776,53945.10975349159,55422.986749539006,55961.82865863699,56577.08814739811,57243.80302296535,57469.928759965995,57696.05449696662,57943.40079004248,58217.2627868341,58509.89354043708,59201.1329455958,60022.12553729048,61706.40387058758,63233.74613597089,84016.48562141205,48513.31771414708
2025-08-19 11:45:00+00:00,466,7005,3780.7800746645435,8897.457964601925,14836.594869484894,43948.00609426506,49694.0676893007,53745.05469197802,54960.459121115346,55466.82573131586,55970.97305723568,56691.973810947595,56924.58702111762,57157.20023128765,57407.65144540434,57677.28529828255,57990.1805186721,58836.81890408547,59842.13799678086,61475.92857998849,62766.07578573993,83232.61718658498,48024.46169549172
2025-08-19 12:00:00+00:00,467,7020,5103.278293245306,10056.482318260443,26012.196897966336,46852.303197096924,51604.46518411652,53511.130536167875,54168.682040042826,54523.85646204567,55367.949296869054,55916.27425026629,56117.38423681431,56318.49422336234,56519.60420991036,56806.89238875367,57095.435589814886,57901.53086388663,58883.13497648228,60490.77383777524,61734.74121971587,82082.11022403554,48341.194575595415
2025-08-19 12:15:00+00:00,468,7035,5203.040604277308,10166.236651003446,17064.390817612853,43541.8273031859,50396.537166392554,52512.60681858706,53275.4647421911,53744.02338271698,54325.33027720956,54888.858353380005,55134.47384312849,55378.14921185623,55605.18898298032,55832.22875410441,56227.25266250093,57110.628985561096,57790.88976371047,59403.1430174735,60617.301251422025,80572.02270389456,46989.43200240886
2025-08-19 12:30:00+00:00,469,7050,5199.139715501421,10358.37810125438,17747.97676452526,36882.901091670195,46916.592839087476,50403.57424022296,51883.10827003359,52404.34147003825,52842.00486870958,53593.308689416976,53872.49850487494,54136.393114581355,54355.20680668585,54574.02049879034,54945.36048454036,55750.60748697929,56467.21160100739,57975.09578290064,59270.54772639797,78711.57824940192,45521.2806992351
2025-08-19 12:45:00+00:00,470,7065,5557.289891296472,11629.906868336715,21097.527297698085,35619.39830010502,45033.89922000739,49169.441210485056,50468.073009406304,50867.86548651343,51661.25167699712,52133.11363956208,52415.162806901164,52606.83052742028,52798.49824793939,53066.514794071685,53405.056950304286,54095.507740753244,54807.814331970294,56200.43155916338,57601.00128138146,76512.15081170821,44527.147479915184
2025-08-19 13:00:00+00:00,471,7080,6402.049224411384,16251.3249555021,28163.73509591379,40128.69621004412,45429.778858425416,48253.41655831323,48904.274239748105,49234.341007039635,49922.55979720094,50428.21787851474,50652.3843991836,50863.927979913205,51091.1314987524,51387.78207521804,51807.51564021604,52498.60184313776,53388.77544176671,54526.32787746325,56043.4081589257,73987.2564229485,44249.81610817279
2025-08-19 13:15:00+00:00,472,7095,8081.48340519397,15946.673377545058,33456.58006037868,40181.31651409191,44114.34346810188,46522.07306554976,47048.75335817874,47459.652208609215,48113.560412241604,48526.40610292981,48813.506195725866,49037.1683274371,49239.684472120076,49442.20061680306,49977.73075211623,50783.17802504513,51760.91397334446,53114.987056154685,54150.61796872534,71152.55776860398,43291.55746441018
2025-08-19 13:30:00+00:00,473,7110,7766.015759832454,18303.680287725354,33123.64045751865,39987.97014346776,42673.51988754847,44279.64660564619,44916.982704193455,45354.905659337215,46012.32310138795,46406.18385379023,46688.631457783544,46902.41381814074,47101.72262224131,47301.03142634188,47966.18391317663,48747.57159838714,49658.36506909679,51023.16254694715,51979.43094374155,68025.8878857943,41746.679805507076
2025-08-19 13:45:00+00:00,474,7125,7527.80903065381,18993.988746512205,32479.487296978652,37623.32547675079,40246.25616812492,41604.08206491522,42549.29456073178,43014.80402596041,43521.32720299536,44025.6477421077,44288.198453664605,44521.20427378494,44728.01281814721,44934.82136250948,45545.93969432787,46312.02880286231,47190.51503846732,48512.0469327378,49517.71666506065,64627.30021739705,39765.132952756074
2025-08-19 14:00:00+00:00,475,7140,6514.323490167327,19913.845244914777,30041.046522587912,34754.4835851223,37431.96206729152,38647.04400136321,39900.91649632662,40456.763337861164,40887.90286243625,41440.82638758999,41710.5983298009,41957.30006431991,42156.488156806794,42355.676249293676,42933.78498076346,43785.11622453211,44677.27054350401,45903.51674295729,46850.0506669476,60979.15495052004,37484.01301139722
2025-08-19 14:15:00+00:00,476,7155,6256.14534132888,18937.390552423778,28160.46976161156,31916.435413502408,34383.59480993351,35986.02592726377,37291.37227024551,37852.9238233619,38200.024220795465,38809.383459407225,39126.14442235862,39362.80510018898,39586.53555383106,39878.41895461479,40323.52656087494,41063.022801428226,41974.94839230317,43315.99022540897,44053.43023751986,57267.03739658436,35053.6396045971
2025-08-19 14:30:00+00:00,477,7170,6825.791907343231,17635.649692095838,26284.105442942375,29672.25969500287,31723.652228069437,33155.167948542825,34231.235892599645,35044.600916283525,35431.93028575379,35984.43739682452,36278.78280039583,36539.553521019305,36783.738187960436,37118.86034319143,37795.45566226719,38659.37108825664,39554.16545665174,40345.800722548796,41010.75188335084,53175.48381100129,32642.662898465576
2025-08-19 14:45:00+00:00,478,7185,7891.103547578158,16356.315420756213,24043.867722700215,26626.2584776763,28520.195419297583,29782.125117720872,30860.067638445293,31886.625491966617,32409.806514228636,32916.22809968719,33314.942346023185,33609.39359961568,33878.55741009933,34295.78113104596,34931.87889653351,35768.57339060449,36734.68799303877,37267.27688197332,37901.74520549994,48916.98680945493,30001.94733820114
2025-08-19 15:00:00+00:00,479,7200,7583.983344469784,14603.793751096633,21313.622511553465,23873.754110328606,25076.131599062042,26717.035008785144,27773.62325789954,28519.480093293067,29250.670374532456,29731.37981106021,30221.27277365993,30501.302907755507,30812.365622315527,31306.218470186144,31984.671077277606,32759.720431833914,33606.009359062125,34122.77092080689,34673.593178544834,44524.9992660545,27178.208937914125
2025-08-19 15:15:00+00:00,480,7215,6471.605784428503,10566.097737254358,17278.272426130134,19985.682299604814,21665.808158594464,22874.258203325153,24088.415829572004,24815.710003801938,25545.62780310835,26254.44658527641,26720.504171058168,27125.526920771215,27391.219432864586,27831.4569980675,28693.0967847399,29398.637871063864,30224.761361433484,30867.099352408684,31242.933449421074,40036.683021545825,23811.660928806858
2025-08-19 15:30:00+00:00,481,7230,5248.582080673771,8637.35863026341,14555.797066348865,17720.03589120503,18980.862175146754,19790.810681692557,20830.620543844416,21591.145439254287,22160.290525247987,22684.850049984034,23205.30812671736,23672.760690351573,24032.067372617024,24450.794253539487,25272.12937779307,25806.695130122982,26590.82959317134,27220.7665923453,27631.55006255563,35493.6420996166,20812.431214146418
2025-08-19 15:45:00+00:00,482,7245,3974.63052243022,7007.081016202937,10394.656238441243,14322.183038389165,15678.221334378704,16687.94483544636,17338.976806443457,18266.888582721996,18954.02248828389,19370.410874499885,19813.538713770053,20338.8228019388,20821.875454847974,21436.95410929141,22293.711601256113,22836.348666739672,23445.597974574655,23956.542931341723,24926.24341570063,30942.903525089878,17790.612240665705
2025-08-19 16:00:00+00:00,483,7260,3275.4123132426093,5993.590496104546,8552.751442767007,10054.277823391421,12532.930110793044,13748.226831597698,14378.061393489934,15037.135096559474,15666.195914133174,16158.009854604397,16506.12480351449,16910.80271052354,17434.111146144354,17945.399697878118,18827.186718890323,19431.01033448424,19968.887716486617,20468.067241348017,21324.930051149302,26438.182075047516,14807.458860641238
2025-08-19 16:15:00+00:00,484,7275,2756.4378349151084,4793.251102236153,6740.66787395005,7627.023640574221,9158.394457028659,10509.715997448622,11384.278215106444,11930.904300720593,12478.062220728256,13091.422540640124,13427.877820550446,13698.960416420985,14065.722573957995,14672.968408594374,15422.761860389199,16110.534636534496,16486.391718844636,16968.68690799448,17746.05014696142,21941.547030526282,11952.520815015314
2025-08-19 16:30:00+00:00,485,7290,2266.6305435156783,3447.3147315928677,5375.531242921499,5987.17835094754,6769.247819560569,8177.076289815212,8873.151530940408,9405.968783919187,9714.049681773104,10124.85460184244,10598.388831913471,10825.110459959855,11009.732268458016,11321.256714286324,11994.24288017948,12583.01698077274,13056.578032058129,13510.773354198423,13939.748239297589,17658.20301727478,9350.754653332431
2025-08-19 16:45:00+00:00,486,7305,1626.7901433034988,2554.48791970422,3653.014436046711,4609.888180872632,5167.285116683459,5820.295587290181,6420.75094066004,6866.339485403512,7231.748778206934,7516.885657305239,7831.6573151677685,8151.457001807957,8420.139501072084,8567.065883717589,8920.704934878113,9417.482693753898,9981.664850080417,10329.1348356712,10777.391957497754,13682.437256726178,6991.660095150369
2025-08-19 17:00:00+00:00,487,7320,1131.7939826479235,2092.091648684363,2767.9870560706513,3446.0726374167575,3760.815480024016,4055.952341683892,4495.130276480941,4821.284690794889,5006.406168306282,5302.386949872735,5510.335756503947,5716.853603225096,5943.3189580293965,6180.627734014093,6325.4635942240975,6747.478639051221,7220.041813974407,7577.907473135523,7958.12411589475,10029.704013297927,5046.998689239786
