horizon,horizon_num,horizon_minutes,p_05,p_10,p_15,p_20,p_25,p_30,p_35,p_40,p_45,p_50,p_55,p_60,p_65,p_70,p_75,p_80,p_85,p_90,p_95,clear_sky,deterministic
2025-08-23 17:15:00+00:00,0,15,427.4279476999917,511.0954506837258,616.7389145297906,696.3383685383685,869.0950140702059,1013.9331322712902,1133.155170588328,1235.5851057439618,1367.0068664584098,1530.6916466925018,1619.916967226041,1716.9571813971404,1839.3921130296883,2074.388547244225,2247.08857221246,2510.805408761822,2846.839884259832,3490.8119149712234,4246.47264976534,5736.5808784426235,1765.5670483067288
2025-08-23 17:30:00+00:00,1,30,350.6526675136561,392.34768639819816,469.86602395266925,567.8547427052114,666.9538753950733,748.9601630215653,852.5347532558629,943.8942150493071,1029.312233481832,1097.2167824512364,1180.6021291118816,1317.4861893307777,1401.8948246957495,1509.5582047331955,1705.7257129778027,1897.81069552009,2168.4260345491853,2321.9639669831154,2604.944050484762,3476.0733633924046,1269.1942712616233
2025-08-23 17:45:00+00:00,2,45,213.65965842115165,244.50185604967132,306.01298203120433,381.04488103066876,461.53513943185754,524.2309659994171,588.7989703725764,663.3632507094862,720.0679443033329,756.079990588022,853.4838708791914,922.1382518028653,1024.9092319572364,1101.6750292566612,1218.9587716411456,1303.2432581707624,1456.5162309353855,1580.3828161551735,1772.8859669306719,2256.840937855952,862.3400345734376
2025-08-23 18:00:00+00:00,3,60,47.50335811596987,75.66948077300778,101.23927777155005,128.48521586953822,154.3619765879127,181.44634762903664,209.21832639780712,247.63854503472018,263.56534750291974,291.36456348869757,320.42159926078295,364.176204419327,378.86041088754246,429.74374282074905,484.90242245482983,524.6490341737405,579.147060881803,649.7988626579144,727.3536336822448,1032.2756797514044,332.4282076120301
2025-08-23 18:15:00+00:00,4,75,1.648695497285683,6.126353644241281,8.721225187981101,10.618286278716841,12.478300631891777,14.556484949789018,15.716469579805144,17.454753463291855,19.26255223009659,20.564954332103067,22.661983345259326,24.909854028135417,26.51839017881852,28.312791219310306,29.938381304151218,31.156208984216228,32.59119968514809,35.30386365194045,40.01874965721801,63.175047186402175,21.42509056213295
2025-08-23 18:30:00+00:00,5,90,0.0,0.0,0.0,0.0,0.0,0.0,0.0,0.0,0.0,0.0,0.0,0.0,0.0,0.0,0.0,0.0,0.0,0.0,0.0,0.0,0.0
2025-08-23 18:45:00+00:00,6,105,0.0,0.0,0.0,0.0,0.0,0.0,0.0,0.0,0.0,0.0,0.0,0.0,0.0,0.0,0.0,0.0,0.0,0.0,0.0,0.0,0.0
2025-08-23 19:00:00+00:00,7,120,0.0,0.0,0.0,0.0,0.0,0.0,0.0,0.0,0.0,0.0,0.0,0.0,0.0,0.0,0.0,0.0,0.0,0.0,0.0,0.0,0.0
2025-08-23 19:15:00+00:00,8,135,0.0,0.0,0.0,0.0,0.0,0.0,0.0,0.0,0.0,0.0,0.0,0.0,0.0,0.0,0.0,0.0,0.0,0.0,0.0,0.0,0.0
2025-08-23 19:30:00+00:00,9,150,0.0,0.0,0.0,0.0,0.0,0.0,0.0,0.0,0.0,0.0,0.0,0.0,0.0,0.0,0.0,0.0,0.0,0.0,0.0,0.0,0.0
2025-08-23 19:45:00+00:00,10,165,0.0,0.0,0.0,0.0,0.0,0.0,0.0,0.0,0.0,0.0,0.0,0.0,0.0,0.0,0.0,0.0,0.0,0.0,0.0,0.0,0.0
2025-08-23 20:00:00+00:00,11,180,0.0,0.0,0.0,0.0,0.0,0.0,0.0,0.0,0.0,0.0,0.0,0.0,0.0,0.0,0.0,0.0,0.0,0.0,0.0,0.0,0.0
2025-08-23 20:15:00+00:00,12,195,0.0,0.0,0.0,0.0,0.0,0.0,0.0,0.0,0.0,0.0,0.0,0.0,0.0,0.0,0.0,0.0,0.0,0.0,0.0,0.0,0.0
2025-08-23 20:30:00+00:00,13,210,0.0,0.0,0.0,0.0,0.0,0.0,0.0,0.0,0.0,0.0,0.0,0.0,0.0,0.0,0.0,0.0,0.0,0.0,0.0,0.0,0.0
2025-08-23 20:45:00+00:00,14,225,0.0,0.0,0.0,0.0,0.0,0.0,0.0,0.0,0.0,0.0,0.0,0.0,0.0,0.0,0.0,0.0,0.0,0.0,0.0,0.0,0.0
2025-08-23 21:00:00+00:00,15,240,0.0,0.0,0.0,0.0,0.0,0.0,0.0,0.0,0.0,0.0,0.0,0.0,0.0,0.0,0.0,0.0,0.0,0.0,0.0,0.0,0.0
2025-08-23 21:15:00+00:00,16,255,0.0,0.0,0.0,0.0,0.0,0.0,0.0,0.0,0.0,0.0,0.0,0.0,0.0,0.0,0.0,0.0,0.0,0.0,0.0,0.0,0.0
2025-08-23 21:30:00+00:00,17,270,0.0,0.0,0.0,0.0,0.0,0.0,0.0,0.0,0.0,0.0,0.0,0.0,0.0,0.0,0.0,0.0,0.0,0.0,0.0,0.0,0.0
2025-08-23 21:45:00+00:00,18,285,0.0,0.0,0.0,0.0,0.0,0.0,0.0,0.0,0.0,0.0,0.0,0.0,0.0,0.0,0.0,0.0,0.0,0.0,0.0,0.0,0.0
2025-08-23 22:00:00+00:00,19,300,0.0,0.0,0.0,0.0,0.0,0.0,0.0,0.0,0.0,0.0,0.0,0.0,0.0,0.0,0.0,0.0,0.0,0.0,0.0,0.0,0.0
2025-08-23 22:15:00+00:00,20,315,0.0,0.0,0.0,0.0,0.0,0.0,0.0,0.0,0.0,0.0,0.0,0.0,0.0,0.0,0.0,0.0,0.0,0.0,0.0,0.0,0.0
2025-08-23 22:30:00+00:00,21,330,0.0,0.0,0.0,0.0,0.0,0.0,0.0,0.0,0.0,0.0,0.0,0.0,0.0,0.0,0.0,0.0,0.0,0.0,0.0,0.0,0.0
2025-08-23 22:45:00+00:00,22,345,0.0,0.0,0.0,0.0,0.0,0.0,0.0,0.0,0.0,0.0,0.0,0.0,0.0,0.0,0.0,0.0,0.0,0.0,0.0,0.0,0.0
2025-08-23 23:00:00+00:00,23,360,0.0,0.0,0.0,0.0,0.0,0.0,0.0,0.0,0.0,0.0,0.0,0.0,0.0,0.0,0.0,0.0,0.0,0.0,0.0,0.0,0.0
2025-08-23 23:15:00+00:00,24,375,0.0,0.0,0.0,0.0,0.0,0.0,0.0,0.0,0.0,0.0,0.0,0.0,0.0,0.0,0.0,0.0,0.0,0.0,0.0,0.0,0.0
2025-08-23 23:30:00+00:00,25,390,0.0,0.0,0.0,0.0,0.0,0.0,0.0,0.0,0.0,0.0,0.0,0.0,0.0,0.0,0.0,0.0,0.0,0.0,0.0,0.0,0.0
2025-08-23 23:45:00+00:00,26,405,0.0,0.0,0.0,0.0,0.0,0.0,0.0,0.0,0.0,0.0,0.0,0.0,0.0,0.0,0.0,0.0,0.0,0.0,0.0,0.0,0.0
2025-08-24 00:00:00+00:00,27,420,0.0,0.0,0.0,0.0,0.0,0.0,0.0,0.0,0.0,0.0,0.0,0.0,0.0,0.0,0.0,0.0,0.0,0.0,0.0,0.0,0.0
2025-08-24 00:15:00+00:00,28,435,0.0,0.0,0.0,0.0,0.0,0.0,0.0,0.0,0.0,0.0,0.0,0.0,0.0,0.0,0.0,0.0,0.0,0.0,0.0,0.0,0.0
2025-08-24 00:30:00+00:00,29,450,0.0,0.0,0.0,0.0,0.0,0.0,0.0,0.0,0.0,0.0,0.0,0.0,0.0,0.0,0.0,0.0,0.0,0.0,0.0,0.0,0.0
2025-08-24 00:45:00+00:00,30,465,0.0,0.0,0.0,0.0,0.0,0.0,0.0,0.0,0.0,0.0,0.0,0.0,0.0,0.0,0.0,0.0,0.0,0.0,0.0,0.0,0.0
2025-08-24 01:00:00+00:00,31,480,0.0,0.0,0.0,0.0,0.0,0.0,0.0,0.0,0.0,0.0,0.0,0.0,0.0,0.0,0.0,0.0,0.0,0.0,0.0,0.0,0.0
2025-08-24 01:15:00+00:00,32,495,0.0,0.0,0.0,0.0,0.0,0.0,0.0,0.0,0.0,0.0,0.0,0.0,0.0,0.0,0.0,0.0,0.0,0.0,0.0,0.0,0.0
2025-08-24 01:30:00+00:00,33,510,0.0,0.0,0.0,0.0,0.0,0.0,0.0,0.0,0.0,0.0,0.0,0.0,0.0,0.0,0.0,0.0,0.0,0.0,0.0,0.0,0.0
2025-08-24 01:45:00+00:00,34,525,0.0,0.0,0.0,0.0,0.0,0.0,0.0,0.0,0.0,0.0,0.0,0.0,0.0,0.0,0.0,0.0,0.0,0.0,0.0,0.0,0.0
2025-08-24 02:00:00+00:00,35,540,0.0,0.0,0.0,0.0,0.0,0.0,0.0,0.0,0.0,0.0,0.0,0.0,0.0,0.0,0.0,0.0,0.0,0.0,0.0,0.0,0.0
2025-08-24 02:15:00+00:00,36,555,0.0,0.0,0.0,0.0,0.0,0.0,0.0,0.0,0.0,0.0,0.0,0.0,0.0,0.0,0.0,0.0,0.0,0.0,0.0,0.0,0.0
2025-08-24 02:30:00+00:00,37,570,0.0,0.0,0.0,0.0,0.0,0.0,0.0,0.0,0.0,0.0,0.0,0.0,0.0,0.0,0.0,0.0,0.0,0.0,0.0,0.0,0.0
2025-08-24 02:45:00+00:00,38,585,0.0,0.0,0.0,0.0,0.0,0.0,0.0,0.0,0.0,0.0,0.0,0.0,0.0,0.0,0.0,0.0,0.0,0.0,0.0,0.0,0.0
2025-08-24 03:00:00+00:00,39,600,0.0,0.0,0.0,0.0,0.0,0.0,0.0,0.0,0.0,0.0,0.0,0.0,0.0,0.0,0.0,0.0,0.0,0.0,0.0,0.0,0.0
2025-08-24 03:15:00+00:00,40,615,0.0,0.0,0.0,0.0,0.0,0.0,0.0,0.0,0.0,0.0,0.0,0.0,0.0,0.0,0.0,0.0,0.0,0.0,0.0,0.0,0.0
2025-08-24 03:30:00+00:00,41,630,0.0,0.0,0.0,0.0,0.0,0.0,0.0,0.0,0.0,0.0,0.0,0.0,0.0,0.0,0.0,0.0,0.0,0.0,0.0,0.0,0.0
2025-08-24 03:45:00+00:00,42,645,0.0,0.0,0.0,0.0,0.0,0.0,0.0,0.0,0.0,0.0,0.0,0.0,0.0,0.0,0.0,0.0,0.0,0.0,0.0,0.0,0.0
2025-08-24 04:00:00+00:00,43,660,0.0,0.0,0.0,0.0,0.0,0.0,0.0,0.0,0.0,0.0,0.0,0.0,0.0,0.0,0.0,0.0,0.0,0.0,0.0,0.0,0.0
2025-08-24 04:15:00+00:00,44,675,0.0,0.46125547715973875,1.326109496834249,2.190963516508759,4.013689402901033,6.444875121714563,8.852150035449954,10.62004854672734,12.921409035367581,15.25533816600172,17.352247248247217,19.81277729347643,24.29444728777977,31.02348716851106,37.96790614053283,52.0065880201451,73.93861610843814,97.17212226485077,120.03957016500235,205.1555659162416,32.38104112695023
2025-08-24 04:30:00+00:00,45,690,0.7978182970526774,10.212074202274264,26.00385132417588,54.5918306351055,83.10283904000316,103.51187440042663,123.83663338228574,186.1646179602475,284.21519238628724,485.69836321656237,598.5358218838251,669.2733419050832,729.4247035201229,795.9112400928275,837.8406234744933,853.5046238221494,880.5076759742944,901.7933767913751,988.8320584060124,1420.174258628678,469.15330083816445
2025-08-24 04:45:00+00:00,46,705,350.90255444725017,536.0974573114091,695.604865858933,906.433855162377,1020.8179944073208,1178.5657557687296,1256.5475550375816,1381.7143685770316,1491.8754009558272,1580.0326149016678,1646.1147225286575,1721.2988438129933,1804.0699188755295,1881.720307116088,1933.3476566529744,1993.0022344210347,2034.3216996261087,2149.8836300938056,2351.2797547013156,2934.439986599444,1475.8532336424837
2025-08-24 05:00:00+00:00,47,720,1114.6162536673762,1712.8408090688959,2087.538727800451,2489.3524170100272,2698.086936448756,2851.3951487135455,3010.58891178856,3112.004467884165,3235.771425812816,3323.121925757533,3397.756095834338,3534.270375024582,3653.0418806977045,3752.929017258445,3819.1425808394533,3916.994275500937,4047.1304046731357,4225.033805513067,4463.1536066404315,5574.225654881867,3180.0293295460942
2025-08-24 05:15:00+00:00,48,735,1873.4187250731154,3108.426513164441,4012.7335425104898,4428.263821358589,4762.801509431141,4940.367828336732,5103.247072435658,5299.404327248353,5452.611009355634,5607.78260760384,5791.929784565862,5929.840865110204,6068.965110482805,6165.2374130029075,6294.414690163098,6443.558036555509,6654.245039563767,6927.407215387717,7247.677488432173,8864.556192754268,5359.534776744567
2025-08-24 05:30:00+00:00,49,750,2764.8198103421114,4470.189496501156,5848.447456868723,6537.460516498243,6969.526383870056,7180.866441704266,7550.032950349614,7799.317619308988,8042.80138050826,8281.312365779097,8474.929977304893,8647.03305918548,8789.954745793477,8929.019250798012,9154.856165092486,9407.036030574876,9732.023987536362,10092.752724625521,10472.953313076952,12597.06667745327,7844.460739525423
2025-08-24 05:45:00+00:00,50,765,3820.8935509470225,6282.012484050126,7915.669329454082,9081.327495994323,9476.697777604571,9944.485398339211,10316.856939993162,10585.668155904084,11012.93215528463,11267.791742439076,11477.673868573904,11692.983701846062,11855.260488176502,12038.666494262254,12323.327089535063,12809.427484478963,13152.071112999869,13631.400167727003,14097.470610450317,16667.16515473765,10656.981311889496
2025-08-24 06:00:00+00:00,51,780,4977.695457966796,8226.125149957259,11100.623667054631,11985.766612313515,12718.347718505656,13237.607063290601,13696.622170041916,14059.336812149,14356.66228774083,14595.156809283786,14851.56382532718,15063.17094034695,15322.529253989042,15609.84288075303,16074.33996843153,16576.383188544893,17192.69661872857,17698.088800838883,18191.196211345385,20988.837749935858,13840.129481690896
2025-08-24 06:15:00+00:00,52,795,5738.700970870264,8206.003224258458,13242.711000907679,15789.702988789646,16715.445332697564,17215.054835380197,17579.69299101877,18109.92698506453,18575.136666682458,18967.588694451853,19394.08959143868,19805.662412556656,20289.37570958463,20641.700060069088,21010.25498664391,21328.348986865825,21547.697205890934,21784.673401570133,22094.184827725257,25500.306658246165,17733.097284902695
2025-08-24 06:30:00+00:00,53,810,6785.774818336552,9728.621344554138,16734.791673876283,19665.100300559214,20430.87685766258,20901.43022215818,21589.332694735014,22211.977218486983,22665.80719860242,23141.69037477234,23654.492192014328,24126.992176583775,24477.40983141133,24834.36145425056,25191.563570994953,25459.08112495843,25667.147418335073,25993.651940209427,26335.774664391385,30266.260424252414,21465.73684861796
2025-08-24 06:45:00+00:00,54,825,7868.940284339843,13703.528895151043,21724.729196615586,23329.444641505732,23834.40593636359,24616.65062421474,25403.72421441209,26123.608610777363,26574.77525607446,27122.369615825486,27801.272670691556,28102.92564027824,28470.059865958305,28861.322067952122,29226.731510486246,29542.79480597844,29776.5630895088,30082.018143892587,30509.988302609752,34928.039597750445,25094.679279954635
2025-08-24 07:00:00+00:00,55,840,9133.356684381502,15034.223433556155,24606.188998361573,26563.48079184351,27109.057503769105,27911.447889063646,28751.433921693853,29625.38018885212,30184.091347153317,30927.050266164715,31518.204318130694,31867.996408925148,32319.86289546961,32763.767315254303,33168.17124971514,33505.281795559946,33751.016288931976,34236.19870493572,34785.726352462,39565.33724107947,28403.414858125092
2025-08-24 07:15:00+00:00,56,855,10515.981127829446,16871.162511923103,26934.0498618389,29540.90029957804,30359.520790648876,31154.870920130106,32014.885567619793,33413.863032128196,33869.80059868978,34456.341752590284,35297.940898176836,35653.81430241904,36048.00322313353,36509.543454874205,37023.97039537675,37499.94273218364,37890.463640548485,38393.19930458537,38871.71318597605,44129.701852912774,31756.75304097247
2025-08-24 07:30:00+00:00,57,870,12293.389601668156,19017.0676688861,28885.840967818487,32299.105773980995,33783.93861480167,34573.08213735395,35473.00093605545,36966.38169073349,37640.94016794231,38323.37279576111,39116.05860634059,39479.031551254986,39753.00643779835,40324.02828870485,40901.04880860088,41475.39597799784,41985.09365051644,42558.7826685519,43184.60856845994,48579.16207263445,35101.67554036844
2025-08-24 07:45:00+00:00,58,885,8683.229098863874,18174.997957426443,30715.84452576569,35143.46874962479,36386.31134089808,37458.0377457948,38403.40896364033,39992.91328526139,40823.29855477373,41460.269271847705,42258.90362742884,42631.488251006325,42951.56257130457,43353.78636627271,43903.14104790152,44603.991474109,45246.444737961116,46011.80468732493,46656.32112535218,52876.8454759039,37470.15153592031
2025-08-24 08:00:00+00:00,59,900,9128.346405547634,19929.59167542664,32434.85773865173,36053.479985345504,38548.589384185965,39692.261928134154,40833.711417507824,42048.01300936189,43547.91342719141,44329.60899906184,45067.84938855731,45554.805786461366,45900.135008533325,46260.94600956839,46765.92430718965,47454.99860242149,48445.42700783312,49190.283520456775,50114.77174650174,56989.98040585153,39881.450333985886
2025-08-24 08:15:00+00:00,60,915,9329.70528850217,20476.136142172036,33232.795637657495,38095.87145854999,40745.2789517126,42024.057318577215,43431.829405957404,44798.00857948444,46043.89823154906,47128.160193343094,47623.66710726888,48340.56641800698,48657.742682008226,49033.97238231987,49530.56804858986,50242.35828335665,51349.45439375981,52261.59400410207,53230.76438849986,60889.191699872325,42177.90873038439
2025-08-24 08:30:00+00:00,61,930,9804.341464418763,24038.33439742197,34789.70762498406,39378.00961007839,42859.0093394708,44156.84600149999,45834.99231626902,47151.73393269593,48327.85363862027,49390.19284659703,49963.44829899945,50426.24519906773,51102.867170238795,51435.45852480727,51883.31353533673,52640.49224851571,53742.84683948874,55003.8146324975,56029.35414044394,64406.73890401408,44371.04378631673
2025-08-24 08:45:00+00:00,62,945,10101.526813552546,25424.413575762974,36257.08178686269,39870.53772465147,44576.73439201097,46130.07443864407,48279.98479878125,49206.40455429393,50337.35601693897,51366.86993373355,52020.08188266884,52587.158797130396,53198.3431670308,53647.91568431384,54125.507164865914,54797.47052332288,55561.32961130372,57233.83724656866,58447.165723403574,67666.79303216253,46209.09957112782
2025-08-24 09:00:00+00:00,63,960,10581.714082582006,26706.921667788123,37205.92922837264,40865.35342828172,45566.49483819048,48122.88357440704,50497.439201128545,51566.93943714062,52639.85941335954,53558.35220166127,54200.8453347424,54769.49191465235,55390.58886643686,55851.24851940184,56305.94703336185,56832.91143404849,57733.6597326572,58977.78404957722,60369.06485276579,70761.26698207435,48005.381968653644
2025-08-24 09:15:00+00:00,64,975,11102.956431672785,30050.436925353268,39206.87472072472,42747.45714171,46407.30908368927,49612.28638006633,52063.020518357516,53418.71927088092,54298.06590743472,55078.42559087361,55985.81643002215,56675.94403206281,57142.3340721945,57938.13723868076,58337.19428916165,58788.08990090662,59478.35196801711,60527.78596794659,61849.20630371553,73550.91052870083,49756.68064761439
2025-08-24 09:30:00+00:00,65,990,11220.270576002362,32656.483265159397,40390.39857745971,43993.48190040357,47249.7972535068,50940.59071675586,53560.18654149432,55028.65943192149,55790.15666300797,56572.34023124412,57460.46255633605,58135.14620105426,58830.173903698415,59392.2389204586,59961.82622884216,60459.746052328446,61041.63599146767,62123.473502551686,63454.20142191287,76019.03996960848,51159.54379993607
2025-08-24 09:45:00+00:00,66,1005,11494.038088614267,30274.14654173972,39627.58138608614,44166.17090296328,47188.54098724769,51658.43702843434,53939.84621425965,56249.04541461265,57042.077851979964,57733.32095264332,58458.614549879276,59453.566782062844,60104.97419891173,60563.86345683414,61374.10839640129,61798.36920920437,62421.583977875256,63493.56410474898,64511.62866643557,78151.12653234643,51876.88084021381
2025-08-24 10:00:00+00:00,67,1020,11440.17453862106,32844.74284052479,42221.30962647012,45317.63049961063,49099.07810840485,52658.3427574536,55341.321027898295,57498.97488132173,58072.3015451559,58645.62820899004,59607.04528771849,60318.46612199988,60890.84364801056,61696.75971305299,62248.889599589864,62860.94322294736,63452.7162808453,64478.67994607527,65392.87657128899,79934.77827276771,53011.199131300156
2025-08-24 10:15:00+00:00,68,1035,10348.488064654786,28945.761276478202,41634.53575811835,45633.64154700425,49135.13333283569,52579.17107098695,55115.11100005047,57982.12436731143,58815.89414303432,59368.712772182174,59968.23323726806,60854.38365999025,61460.50115656847,62185.60521681832,62938.99694992896,63668.88417095786,64246.49757382694,65130.0862848513,66236.04825315953,81359.74142214107,53094.46394383749
2025-08-24 10:30:00+00:00,69,1050,11177.240232776412,29253.45152250817,40636.55143747186,45983.17274843417,49642.29769160998,51963.598068183426,54733.524508686576,56882.35101972137,59142.04562215578,59892.36060927931,60498.56107522645,61230.31877253824,62009.78606324326,62708.468538845154,63433.1472527871,64198.757359837306,64881.042986004424,65873.18785419018,67092.93522466382,82417.9137921881,53354.54413331653
2025-08-24 10:45:00+00:00,70,1065,9878.686206277915,26382.766071029164,38323.222932298246,45293.04656514736,49275.342162270244,51687.08319955493,54410.73185012071,56498.95576319196,58821.90880932097,59595.78655643976,60171.71952740982,60838.68266774913,61631.719685604054,62254.6125068243,63127.139578950475,64203.86059226836,64739.87730828366,65746.23391478947,67167.88909901293,83103.36423950462,52775.58280120198
2025-08-24 11:00:00+00:00,71,1080,9606.52500139367,23072.238845633,32627.25389241342,39729.04987434998,46084.40908999126,49559.065161429404,52911.36620469058,55602.13013186196,57983.23862970452,59031.33181136399,59603.80234943889,60167.1543834525,60935.24365537921,61656.53053102604,62589.99204037855,63477.238828201036,64409.262657153784,65591.03439920797,67023.16609380943,83412.3528282284,51343.23158483416
2025-08-24 11:15:00+00:00,72,1095,9102.142108312837,19865.80691446996,29466.155738256544,37974.62897671238,44202.66739169069,47242.12183635663,50482.522122793285,53335.65867084787,55488.68777652659,57777.594414706495,58539.8401689931,59114.77515758465,59665.549411040134,60712.81592406317,61479.77183486723,62608.12872971781,63554.28175649719,64485.96566358314,66056.01289400483,83343.34745669176,49793.488749371645
2025-08-24 11:30:00+00:00,73,1110,9380.302962306358,17511.148355737223,24694.343073644246,31594.137036728538,37679.88019562232,41857.50530774575,45534.82483178845,48406.04370176373,51394.62270194503,53439.65146983843,55390.23446884416,57800.857831594694,58598.51585459101,59366.17658317149,60413.31922935437,61416.12667587378,62865.970994723735,63886.79049464987,65264.44015791147,82897.03381971623,47059.82423324163
2025-08-24 11:45:00+00:00,74,1125,11118.961403062653,12534.902764229524,14740.375940722328,17512.954821162486,20751.247121934302,23192.637284366956,24835.634598944034,27598.47892345395,32121.030050953388,33700.250209043494,38404.23186125225,40758.420756957865,42881.00033613168,46044.25591569351,50477.14898128802,53454.50513867436,55665.44397881224,58466.06619459975,61817.31469055675,82076.31707633722,35128.436641493114
2025-08-24 12:00:00+00:00,75,1140,8159.616752203033,11794.310586520587,12813.839850456627,14959.941754958503,18993.02950080939,20591.155471048613,22472.112673555694,24627.941268948955,26634.329015744883,31241.813750352034,32857.387463158186,38276.76413213129,40771.02839857909,43336.640143596254,46832.30841820497,51911.0302388027,54797.058443703674,58285.25100542943,61126.02888133254,80886.31562321805,32867.58474412803
2025-08-24 12:15:00+00:00,76,1155,7812.226136246024,11387.77047744083,12566.314413386592,14472.614929320078,19099.791940827403,20747.59661939567,22890.43835719916,24921.794333934362,26672.066153760472,30966.111407405286,36041.78634789825,38921.17135220649,41361.13501103793,44604.3045324712,49579.40003801605,53279.50284098384,55775.11112245241,57604.21596749004,60276.7380438357,79334.34908101616,33238.682670738315
2025-08-24 12:30:00+00:00,77,1170,7227.691409513422,10950.860201752927,12744.586574134131,16184.697023144745,19105.99125166768,21530.46359469744,22809.344852007915,24454.592422530266,26172.672726908968,30245.239001360467,35711.041885034014,38139.68598405638,40773.39876838385,43766.58618577193,48098.36820983322,51039.097457895565,52979.21018574117,54967.01822094579,58294.00420829662,77429.92425683809,32482.730571466338
2025-08-24 12:45:00+00:00,78,1185,6067.804861746059,9327.077144081899,10553.413579105785,12313.564683798368,16725.523224830973,18302.413289292108,20945.947901505537,22884.196800877693,24859.322733344423,28525.66354298902,33844.477217407846,35940.960393825364,38505.86428970195,41590.264589457795,45515.78053060227,48822.647835950695,51180.290391281844,53851.195406633014,56874.53133890024,75184.72399413929,30463.65109393202
2025-08-24 13:00:00+00:00,79,1200,5699.518336130389,9051.098171389376,11002.549364775909,14259.329292146625,16934.258202107078,18935.08975573137,20774.960349684,22793.45133966643,26406.527478234926,27986.026324236933,32898.49148647108,35077.62431209725,37237.977477190616,40634.00684696596,44367.735389837595,46668.535560313474,49280.25838000632,52324.24448013485,56685.96224642883,72612.60429445312,30032.257951501313
2025-08-24 13:15:00+00:00,80,1215,5510.835720037292,7442.606469441278,12295.496633198976,15122.307827278712,17326.878406861168,20855.932190094452,26088.94795004344,29455.941876991863,33250.895596133305,36840.88177701605,40709.76509228135,42425.94813923636,44256.87918395388,45871.249150843534,47659.63048357886,49155.83011306987,51583.49824674323,52645.44264634779,53349.27957858874,69729.60602786794,33022.334485125095
2025-08-24 13:30:00+00:00,81,1230,3401.9551226465082,8893.930466044225,15046.39828948756,19594.12787321167,24112.599429242757,29336.672405318855,34165.045014954485,36496.93428404981,38937.285080689006,41087.389360914494,42302.657327379064,43131.931888000785,44080.628540998754,45115.10765070926,46583.667957702,47235.86842202063,47935.16408579784,48376.73028433904,50729.65098581574,66553.98851549698,34620.33506681476
2025-08-24 13:45:00+00:00,82,1245,4075.922661063952,7193.046053471947,12326.745544691643,14774.436960900133,19377.661265029103,23562.44470732731,27396.289540675778,33371.08115566632,36652.61063035053,38302.68824924403,39480.62311524018,40673.53771701208,41831.78309666553,42807.30741810012,44063.494580300816,45568.37821297762,46288.2741774696,46805.08279771677,47810.39937596234,63106.29373133123,31879.012138104597
2025-08-24 14:00:00+00:00,83,1260,5522.1055262330565,7367.266363286585,12264.46181419773,14607.700785702593,17225.184789738643,20529.177699351625,24051.69291686874,27163.360545435953,30464.52817673998,35232.599418343096,36602.37806183983,37851.37227991363,39336.97497233102,40309.587631222945,41781.30219332575,42993.03381491832,44771.34547485454,45482.89823884433,46256.70501967976,59575.332981119245,29742.928462499418
2025-08-24 14:15:00+00:00,84,1275,5898.614992777084,7130.747836320993,9426.30121770938,13293.762835583913,15059.76129487633,18078.0767438285,20227.127272843703,23111.188349194952,25378.437536087098,27374.815737967216,30516.46000278643,33146.62591193989,34587.12411021612,35833.96099649836,37136.61826971604,38868.88429437828,40790.96875682672,43009.46362710001,43780.30784320952,55661.79404362569,26310.7500337067
2025-08-24 14:30:00+00:00,85,1290,4413.026266128553,6160.937139850689,7600.5625221411165,11119.327582171338,13435.452935951482,15444.382171853755,17028.47091949593,19291.82258195956,22282.660105288076,24101.96992711113,25800.059291385038,28259.52964021827,30875.696684749524,32373.832178451587,33454.05547933227,35706.342707581585,37973.50003525472,39845.92397111594,41271.685943482604,51526.17374580331,23534.477879912953
2025-08-24 14:45:00+00:00,86,1305,4155.935519493889,6190.196625886826,7898.769367806776,11477.785284070647,13301.121857039767,14599.76903269712,15685.336740907349,17455.473047865777,19305.050642366008,21636.08010362604,23227.74141222777,25089.15963504204,27322.16026266162,28921.614379706723,30277.949179086867,32639.772929145405,34738.790754392234,36404.24981955438,38092.8635021318,47226.63140518872,21693.902167503114
2025-08-24 15:00:00+00:00,87,1320,3985.5709286362667,5829.415443841223,7373.107285782615,9353.128839400633,11682.851753038374,13135.261373723177,13951.146010098057,15724.863585708115,16874.064325734238,19181.709686348077,20392.81069759154,21720.270495915436,23394.724154826457,25367.505753610705,26463.792439986133,27733.481371858008,31118.12986497958,32768.53779760166,34641.59784065623,42797.94010498941,19124.613953331456
2025-08-24 15:15:00+00:00,88,1335,3289.156150203717,5040.170097467507,6223.176097507963,8195.730121858396,9825.737230781808,11192.206335753457,11877.408168527109,13460.65701280056,14455.744769789726,16356.305269714934,17410.01752227036,18666.15082479781,19953.510904173585,21689.179120700654,22971.75901303255,24097.312192568475,26309.484755885274,28482.97267612592,30276.40442331098,38278.98942293722,16442.256025801456
2025-08-24 15:30:00+00:00,89,1350,2825.0711221642878,4395.372036299138,5482.100034184481,7018.13071965495,8240.340440466434,9317.534171889054,10245.523552654588,11157.982139900454,12434.795342495385,14312.975711879462,15778.058242606281,16851.525787822568,18341.335886962966,19625.900806437614,20241.468663147174,21324.926025182416,22930.81983629825,24750.831810770444,26075.6531055701,33713.677797729884,14401.42231714936
2025-08-24 15:45:00+00:00,90,1365,2234.0638237485873,3896.5046507112575,4797.854731919048,6038.704219001498,7087.713869073996,7863.586563526256,8662.66128420816,9800.45170639622,10501.75887564512,11756.692382451009,12969.752399232491,13927.197857519533,15165.549370925875,16502.464664092724,17152.67471301273,17910.937318166238,19316.973716757264,21293.722860779333,23336.674936618976,29152.10422872162,12216.780182001883
2025-08-24 16:00:00+00:00,91,1380,1760.6548854192179,3210.7725142016016,4030.851287800187,5293.441249680655,6090.3227307263205,6577.459559001734,7183.289895019665,8016.370887979639,8649.471699217773,9407.439300951057,10546.106706919825,11427.831266650122,12249.480554152728,13598.198303474845,14392.643173967544,15115.82275044823,16308.743387888158,17781.268766865214,19224.3544452274,24607.0077510493,10131.2486710854
2025-08-24 16:15:00+00:00,92,1395,1799.207342511802,2822.362066066586,3930.2495635981027,4669.737635700268,5174.035528860371,5643.319339586762,6246.797435520298,6802.478419243101,7389.182417521475,8340.606261035018,8944.725627665739,9491.885664175832,10324.14458961138,11057.689544952256,11560.963423901128,12073.137218844044,12989.071411145196,14690.702457453845,16033.729447636668,20120.953983202584,8476.173847534643
2025-08-24 16:30:00+00:00,93,1410,1303.4449592597427,2236.3979081744455,3337.1124148625945,3781.7897657152726,4181.064919169077,4626.927992610104,5101.53452907425,5468.865672864899,6102.575439006004,6502.039624387466,7004.326492679445,7601.509067620448,8038.559479396939,8529.385966997757,8948.030586414845,9294.03724537538,10154.539579119664,11288.289933180868,12308.952459505528,15956.266086295293,6664.195592122997
2025-08-24 16:45:00+00:00,94,1425,1183.2012876714743,1849.804446640031,2573.4091419570873,2994.172298269587,3327.7532315148833,3639.625694696546,3998.319309578463,4298.089454696918,4718.422805735243,5096.108501856235,5439.472507596688,5699.740453498488,6191.305293976153,6521.711481786603,6849.694289859529,7112.55858058528,7460.448498276188,8576.152863583202,9531.352563865938,12062.285335419972,5140.406005916165
2025-08-24 17:00:00+00:00,95,1440,1185.127332754159,1731.5177016848152,2090.903075356852,2319.820998985259,2511.7769286689804,2724.154815320667,3008.2881954563004,3219.550343620521,3539.3174456534284,3785.4211339827502,4018.843085870369,4260.503128666682,4617.127170005351,4837.577964223716,5081.36507848662,5236.610665310039,5546.417452382188,6246.1719346278305,6742.201005503146,8531.450204383986,3837.302184159878
2025-08-24 17:15:00+00:00,96,1455,776.6112607264623,1171.30923408181,1439.0737771034765,1586.0195322173865,1705.7843213878298,1846.4073255596027,2025.579367401129,2126.598976854398,2329.554887784394,2487.703251538945,2630.9415107353548,2771.98028647471,2986.517604818454,3129.868902000366,3299.5948017222695,3413.4528559185437,3613.0935426512588,4077.964081245195,4358.35809990338,5467.105778983385,2524.1749980669697
2025-08-24 17:30:00+00:00,97,1470,516.0168501084536,746.3983534805867,894.1567269475262,1004.5882088996733,1065.3877125909298,1154.4838343959057,1279.0304232238573,1324.014498993908,1439.63469578217,1538.8509887222951,1627.9645584271973,1717.0460966035907,1863.4978394653594,1949.966483818523,2036.788945300783,2112.671995079827,2222.177106537168,2508.7278123686297,2682.569079568853,3294.8984925912473,1566.2389404210494
2025-08-24 17:45:00+00:00,98,1485,381.1782671110451,535.4510616653794,635.502629025905,685.6047361053647,739.0506958197102,782.2453887356252,854.9890713873274,891.1882448480984,967.2404610332402,1027.2440487231243,1093.5212138847592,1140.8370481679283,1232.1200041224365,1275.4929107041223,1337.7259173300881,1384.8958786770859,1453.5821232715962,1621.3135250451664,1737.3329449665878,2105.856882793771,1042.6684808067464
2025-08-24 18:00:00+00:00,99,1500,170.4281639570904,224.5231138267359,261.4139823400167,283.3024032679678,302.5481181112552,324.9512783897212,348.9614130294098,366.49106106397414,395.7445531913233,417.33624170903767,440.77353613724057,458.9598702139045,496.87806104050964,514.4104039503006,538.8114080081073,552.5105950078288,580.2703941186554,641.4591553883623,690.0348497044041,828.3729885510752,422.51022825603087
2025-08-24 18:15:00+00:00,100,1515,5.553341031788232,7.184000859556833,8.311017861658417,8.896820561240856,9.511803026482275,10.10869191601807,10.887991971258742,11.339895813105503,12.223891602906404,13.026508305898723,13.79403514663743,14.410241440633833,15.377970279084856,15.949878640325258,16.656700756438276,17.08405505135638,17.882074212174448,19.757374135332753,21.218587858450903,24.738902363898543,13.117527132233276
2025-08-24 18:30:00+00:00,101,1530,0.0,0.0,0.0,0.0,0.0,0.0,0.0,0.0,0.0,0.0,0.0,0.0,0.0,0.0,0.0,0.0,0.0,0.0,0.0,0.0,0.0
2025-08-24 18:45:00+00:00,102,1545,0.0,0.0,0.0,0.0,0.0,0.0,0.0,0.0,0.0,0.0,0.0,0.0,0.0,0.0,0.0,0.0,0.0,0.0,0.0,0.0,0.0
2025-08-24 19:00:00+00:00,103,1560,0.0,0.0,0.0,0.0,0.0,0.0,0.0,0.0,0.0,0.0,0.0,0.0,0.0,0.0,0.0,0.0,0.0,0.0,0.0,0.0,0.0
2025-08-24 19:15:00+00:00,104,1575,0.0,0.0,0.0,0.0,0.0,0.0,0.0,0.0,0.0,0.0,0.0,0.0,0.0,0.0,0.0,0.0,0.0,0.0,0.0,0.0,0.0
2025-08-24 19:30:00+00:00,105,1590,0.0,0.0,0.0,0.0,0.0,0.0,0.0,0.0,0.0,0.0,0.0,0.0,0.0,0.0,0.0,0.0,0.0,0.0,0.0,0.0,0.0
2025-08-24 19:45:00+00:00,106,1605,0.0,0.0,0.0,0.0,0.0,0.0,0.0,0.0,0.0,0.0,0.0,0.0,0.0,0.0,0.0,0.0,0.0,0.0,0.0,0.0,0.0
2025-08-24 20:00:00+00:00,107,1620,0.0,0.0,0.0,0.0,0.0,0.0,0.0,0.0,0.0,0.0,0.0,0.0,0.0,0.0,0.0,0.0,0.0,0.0,0.0,0.0,0.0
2025-08-24 20:15:00+00:00,108,1635,0.0,0.0,0.0,0.0,0.0,0.0,0.0,0.0,0.0,0.0,0.0,0.0,0.0,0.0,0.0,0.0,0.0,0.0,0.0,0.0,0.0
2025-08-24 20:30:00+00:00,109,1650,0.0,0.0,0.0,0.0,0.0,0.0,0.0,0.0,0.0,0.0,0.0,0.0,0.0,0.0,0.0,0.0,0.0,0.0,0.0,0.0,0.0
2025-08-24 20:45:00+00:00,110,1665,0.0,0.0,0.0,0.0,0.0,0.0,0.0,0.0,0.0,0.0,0.0,0.0,0.0,0.0,0.0,0.0,0.0,0.0,0.0,0.0,0.0
2025-08-24 21:00:00+00:00,111,1680,0.0,0.0,0.0,0.0,0.0,0.0,0.0,0.0,0.0,0.0,0.0,0.0,0.0,0.0,0.0,0.0,0.0,0.0,0.0,0.0,0.0
2025-08-24 21:15:00+00:00,112,1695,0.0,0.0,0.0,0.0,0.0,0.0,0.0,0.0,0.0,0.0,0.0,0.0,0.0,0.0,0.0,0.0,0.0,0.0,0.0,0.0,0.0
2025-08-24 21:30:00+00:00,113,1710,0.0,0.0,0.0,0.0,0.0,0.0,0.0,0.0,0.0,0.0,0.0,0.0,0.0,0.0,0.0,0.0,0.0,0.0,0.0,0.0,0.0
2025-08-24 21:45:00+00:00,114,1725,0.0,0.0,0.0,0.0,0.0,0.0,0.0,0.0,0.0,0.0,0.0,0.0,0.0,0.0,0.0,0.0,0.0,0.0,0.0,0.0,0.0
2025-08-24 22:00:00+00:00,115,1740,0.0,0.0,0.0,0.0,0.0,0.0,0.0,0.0,0.0,0.0,0.0,0.0,0.0,0.0,0.0,0.0,0.0,0.0,0.0,0.0,0.0
2025-08-24 22:15:00+00:00,116,1755,0.0,0.0,0.0,0.0,0.0,0.0,0.0,0.0,0.0,0.0,0.0,0.0,0.0,0.0,0.0,0.0,0.0,0.0,0.0,0.0,0.0
2025-08-24 22:30:00+00:00,117,1770,0.0,0.0,0.0,0.0,0.0,0.0,0.0,0.0,0.0,0.0,0.0,0.0,0.0,0.0,0.0,0.0,0.0,0.0,0.0,0.0,0.0
2025-08-24 22:45:00+00:00,118,1785,0.0,0.0,0.0,0.0,0.0,0.0,0.0,0.0,0.0,0.0,0.0,0.0,0.0,0.0,0.0,0.0,0.0,0.0,0.0,0.0,0.0
2025-08-24 23:00:00+00:00,119,1800,0.0,0.0,0.0,0.0,0.0,0.0,0.0,0.0,0.0,0.0,0.0,0.0,0.0,0.0,0.0,0.0,0.0,0.0,0.0,0.0,0.0
2025-08-24 23:15:00+00:00,120,1815,0.0,0.0,0.0,0.0,0.0,0.0,0.0,0.0,0.0,0.0,0.0,0.0,0.0,0.0,0.0,0.0,0.0,0.0,0.0,0.0,0.0
2025-08-24 23:30:00+00:00,121,1830,0.0,0.0,0.0,0.0,0.0,0.0,0.0,0.0,0.0,0.0,0.0,0.0,0.0,0.0,0.0,0.0,0.0,0.0,0.0,0.0,0.0
2025-08-24 23:45:00+00:00,122,1845,0.0,0.0,0.0,0.0,0.0,0.0,0.0,0.0,0.0,0.0,0.0,0.0,0.0,0.0,0.0,0.0,0.0,0.0,0.0,0.0,0.0
2025-08-25 00:00:00+00:00,123,1860,0.0,0.0,0.0,0.0,0.0,0.0,0.0,0.0,0.0,0.0,0.0,0.0,0.0,0.0,0.0,0.0,0.0,0.0,0.0,0.0,0.0
2025-08-25 00:15:00+00:00,124,1875,0.0,0.0,0.0,0.0,0.0,0.0,0.0,0.0,0.0,0.0,0.0,0.0,0.0,0.0,0.0,0.0,0.0,0.0,0.0,0.0,0.0
2025-08-25 00:30:00+00:00,125,1890,0.0,0.0,0.0,0.0,0.0,0.0,0.0,0.0,0.0,0.0,0.0,0.0,0.0,0.0,0.0,0.0,0.0,0.0,0.0,0.0,0.0
2025-08-25 00:45:00+00:00,126,1905,0.0,0.0,0.0,0.0,0.0,0.0,0.0,0.0,0.0,0.0,0.0,0.0,0.0,0.0,0.0,0.0,0.0,0.0,0.0,0.0,0.0
2025-08-25 01:00:00+00:00,127,1920,0.0,0.0,0.0,0.0,0.0,0.0,0.0,0.0,0.0,0.0,0.0,0.0,0.0,0.0,0.0,0.0,0.0,0.0,0.0,0.0,0.0
2025-08-25 01:15:00+00:00,128,1935,0.0,0.0,0.0,0.0,0.0,0.0,0.0,0.0,0.0,0.0,0.0,0.0,0.0,0.0,0.0,0.0,0.0,0.0,0.0,0.0,0.0
2025-08-25 01:30:00+00:00,129,1950,0.0,0.0,0.0,0.0,0.0,0.0,0.0,0.0,0.0,0.0,0.0,0.0,0.0,0.0,0.0,0.0,0.0,0.0,0.0,0.0,0.0
2025-08-25 01:45:00+00:00,130,1965,0.0,0.0,0.0,0.0,0.0,0.0,0.0,0.0,0.0,0.0,0.0,0.0,0.0,0.0,0.0,0.0,0.0,0.0,0.0,0.0,0.0
2025-08-25 02:00:00+00:00,131,1980,0.0,0.0,0.0,0.0,0.0,0.0,0.0,0.0,0.0,0.0,0.0,0.0,0.0,0.0,0.0,0.0,0.0,0.0,0.0,0.0,0.0
2025-08-25 02:15:00+00:00,132,1995,0.0,0.0,0.0,0.0,0.0,0.0,0.0,0.0,0.0,0.0,0.0,0.0,0.0,0.0,0.0,0.0,0.0,0.0,0.0,0.0,0.0
2025-08-25 02:30:00+00:00,133,2010,0.0,0.0,0.0,0.0,0.0,0.0,0.0,0.0,0.0,0.0,0.0,0.0,0.0,0.0,0.0,0.0,0.0,0.0,0.0,0.0,0.0
2025-08-25 02:45:00+00:00,134,2025,0.0,0.0,0.0,0.0,0.0,0.0,0.0,0.0,0.0,0.0,0.0,0.0,0.0,0.0,0.0,0.0,0.0,0.0,0.0,0.0,0.0
2025-08-25 03:00:00+00:00,135,2040,0.0,0.0,0.0,0.0,0.0,0.0,0.0,0.0,0.0,0.0,0.0,0.0,0.0,0.0,0.0,0.0,0.0,0.0,0.0,0.0,0.0
2025-08-25 03:15:00+00:00,136,2055,0.0,0.0,0.0,0.0,0.0,0.0,0.0,0.0,0.0,0.0,0.0,0.0,0.0,0.0,0.0,0.0,0.0,0.0,0.0,0.0,0.0
2025-08-25 03:30:00+00:00,137,2070,0.0,0.0,0.0,0.0,0.0,0.0,0.0,0.0,0.0,0.0,0.0,0.0,0.0,0.0,0.0,0.0,0.0,0.0,0.0,0.0,0.0
2025-08-25 03:45:00+00:00,138,2085,0.0,0.0,0.0,0.0,0.0,0.0,0.0,0.0,0.0,0.0,0.0,0.0,0.0,0.0,0.0,0.0,0.0,0.0,0.0,0.0,0.0
2025-08-25 04:00:00+00:00,139,2100,0.0,0.0,0.0,0.0,0.0,0.0,0.0,0.0,0.0,0.0,0.0,0.0,0.0,0.0,0.0,0.0,0.0,0.0,0.0,0.0,0.0
2025-08-25 04:15:00+00:00,140,2115,0.0,0.0,0.0,0.0,0.07630095703521027,0.3375195275910489,0.5987380981468874,0.8599566687027257,1.121175239258564,3.054307816181112,7.8092021222782,12.104895988162234,18.50731779837849,25.086427395953326,33.69580621746314,41.858367500766185,46.28420606872639,50.74078205144538,67.39236795853108,135.60555411484688,18.65340577262946
2025-08-25 04:30:00+00:00,141,2130,0.0,0.0,0.8281868824840369,4.769214116373585,8.710241350263134,12.651268584152687,29.945429818794956,81.11328108207924,120.58182199620937,191.20490723523412,262.8662908597368,304.8455524573649,383.41821218745497,451.70660866700314,495.0778376023058,521.4456665168321,607.1897279513076,688.6269907263494,761.5748267908596,1273.207821879969,277.87661293505397
2025-08-25 04:45:00+00:00,142,2145,189.60122645124324,333.5367519864731,448.83612608600606,607.1338664914173,722.2126177741911,843.6410047081291,932.9275834710422,1033.8502413494218,1198.0774965430633,1407.3446918469376,1516.1194118569483,1579.0919718055893,1690.6870708863512,1745.8855648637875,1811.3978947967169,1894.2576634532218,1986.0534849865658,2081.0887205684676,2221.604307005742,2773.2408229981415,1292.309055223433
2025-08-25 05:00:00+00:00,143,2160,753.3027968692235,1177.8763718890752,1587.4770983668104,1818.388558840916,2270.7329872542655,2637.350433147869,2889.488209613602,2968.807713189302,3057.849007671006,3200.906021651983,3294.2084402228493,3382.670790680949,3476.3637037573635,3580.539123583314,3686.73335286016,3795.855975443473,3947.6026705570607,4146.822137487901,4417.073659776488,5368.574501446196,2960.6153455169124
2025-08-25 05:15:00+00:00,144,2175,1382.8030636074964,1986.1668710493498,2696.221995990289,3117.195618517721,3867.726113480993,4334.00866264907,4695.131352546467,4840.5452811340565,5113.786967744184,5295.25126671564,5437.022840033845,5582.78357000497,5762.342707391312,5900.548503779019,6053.323311822882,6307.218807580552,6524.927431849697,6786.699817349255,7148.2334804905495,8630.67719581847,4906.217912854197
2025-08-25 05:30:00+00:00,145,2190,1959.1015557383953,3060.282491834451,4000.3055895272337,4765.307275185334,5877.049866432998,6663.682460627186,6870.149845107964,7307.380153409258,7599.23671972904,7817.996937920204,8040.754744891357,8331.0001639347,8507.096502372813,8697.136721377941,8939.43449698825,9208.801963761895,9445.120040958484,9890.543107830335,10245.341916228721,12363.004855259436,7240.621933754925
2025-08-25 05:45:00+00:00,146,2205,2723.177861935912,3807.8104401801615,5412.689023782355,6548.817054399958,8514.983015859987,9034.148668952685,9431.690826983018,10052.125100469995,10395.809536445251,10699.30058832739,11054.484280019935,11302.432499497405,11560.092309124058,11897.315421608955,12220.319025524153,12531.572009210488,12939.69847652714,13320.308276758698,13772.867511932362,16428.92575429184,9851.101500314102
2025-08-25 06:00:00+00:00,147,2220,3737.931403104288,4844.019275047533,6843.453901419834,8603.783613066964,11137.840946776614,11620.264317266527,12593.613249113263,13000.90063763781,13527.551375913306,13930.920792087047,14293.984912025746,14524.541069072966,14936.573646033845,15304.01496812786,15585.958626809486,15985.565104602994,16638.71226049077,17066.62144329341,17424.808125641357,20750.514739487495,12705.263337892242
2025-08-25 06:15:00+00:00,148,2235,3934.4219230489953,6009.008385300505,8322.899032888954,10244.04114560564,11930.347462248763,13630.801463785092,14678.443536334902,15690.890494798716,16305.773486941998,16801.987846614964,17066.51851336946,17466.11816235066,17775.107457593145,18312.506677591122,18770.799366861458,19334.63792001259,20221.654353272745,20775.759306134187,21169.541018242464,25252.189796061903,15163.207361677143
2025-08-25 06:30:00+00:00,149,2250,5506.442803969262,7237.395599332213,8973.565960573333,11699.670189974351,13709.315821296945,16411.60448720086,18232.245915755917,19208.283113020247,19865.24086105351,20267.043850101658,20774.478065201463,21190.232113970025,21804.59214661267,22328.882298300072,22902.717652493015,23715.060106572844,24358.903307111366,24826.79736528755,25143.6820383756,30030.418639449992,18313.94748793681
2025-08-25 06:45:00+00:00,150,2265,7141.500435752634,8658.768916793779,10561.915333432882,14014.565326899894,17594.05294001459,20117.971249738624,21867.859996099178,22598.966222409268,23168.830370886022,23688.694329721297,24223.079501768992,25011.16333802521,25623.11164564091,26192.73541199107,27023.966621081876,27675.861184882422,28278.653000222275,28685.6137729481,29065.42768502629,34698.06126524984,21655.2000920036
2025-08-25 07:00:00+00:00,151,2280,8120.001491259835,9903.71225142172,12549.50361657929,17875.15417219779,22231.4416429044,23583.04713906504,24838.632133416613,25560.943778770517,26061.41030353517,26652.12695435092,27534.90426760963,28586.01807469148,29139.359817208402,30299.69560277286,30845.106967352884,31409.35276920682,32043.21736049661,32430.088337023073,32802.228064421004,39341.337245452705,24618.07696795518
2025-08-25 07:15:00+00:00,152,2295,9021.546016282291,11009.352033452338,13394.454957859161,19557.021547227134,24088.202285839892,26304.029196414405,27685.175138455394,28391.33457862599,29040.909092307214,29873.631843100182,31442.325690978945,32174.729746290635,33013.985113685485,33952.495619528774,34690.02978452011,35374.62118515885,35766.17817321744,36209.848521234,36617.80844955428,43911.39515529159,27446.36256969594
2025-08-25 07:30:00+00:00,153,2310,10577.032973174108,13315.00219142863,16765.565858377497,25232.995147842044,27710.434528338687,29277.861028175506,30596.212124532867,31615.177062443243,32299.74346138699,33800.97140443747,35174.51628083628,35788.050280958036,36832.835229235214,37387.60381985426,38037.34978355013,38737.63442491852,39393.933238648286,39828.50609933683,40283.093825362506,48366.00653225862,30739.89407190735
2025-08-25 07:45:00+00:00,154,2325,11961.010426919858,15251.488110371794,18287.88759915983,27375.62645670118,29799.299425211597,31386.209281318937,32886.38103334384,33863.06821690263,34584.19496381119,36035.89498828979,37978.027243380944,38725.99686516003,39717.134258595244,40468.539388825055,41056.3233360207,41725.18865196191,42599.884206020055,43138.06978309148,43737.13757884524,52668.13696726005,33171.68889627506
2025-08-25 08:00:00+00:00,155,2340,12504.793318826805,16413.96449688388,19442.838622175652,28775.75648600713,31174.20993785495,33484.36322540003,34876.63213069728,35897.79362060182,36661.63226500184,38323.13488392733,40454.02996954436,41471.04257602989,42194.39247085822,43333.987243363335,43834.701082180225,44614.25061261328,45685.68656780782,46273.71750345576,47020.04335081425,56784.91563741505,35349.19478226971
2025-08-25 08:15:00+00:00,156,2355,13428.139428858123,17709.95670159667,22769.306416707786,31090.609680617796,33166.244120509626,35501.50641587763,36825.927394943465,37765.67729573669,38814.787178351144,40810.139393169055,43100.822491534396,44040.722760651566,44688.31279636613,45932.32503144937,46464.68364531343,46972.79720399006,48212.26265237597,49107.1719113967,49949.774662375974,60686.909703705125,37624.941666294624
2025-08-25 08:30:00+00:00,157,2370,13550.015895285329,18449.79118909,23958.087341070604,31601.60221242827,33956.30635649551,36880.230578517156,38242.20608313582,39510.74232645904,40752.65359686915,42280.27547140273,45270.706116405345,46302.39660264736,46916.388387198465,48024.71905528615,48675.84605048296,49246.12075681273,50233.2060405051,51485.65414958125,52633.97988346239,64257.836634550826,39276.281785514584
2025-08-25 08:45:00+00:00,158,2385,13239.223946149086,18958.923866634705,22525.515282640885,30065.666988612084,35023.84341874912,38318.37419465797,39920.03410798142,41364.90554156951,42788.126994115606,44716.55022896428,47361.8972352976,48404.22713394108,48952.85334962553,49761.85019646718,50561.62459660352,51208.99935714441,51945.10351240441,53584.269313510085,55132.11420709876,67464.57614710127,40636.415115393494
2025-08-25 09:00:00+00:00,159,2400,16020.070374968845,20218.600214419337,26061.910996268845,32688.865873571143,36881.88387597998,40296.144396889,42493.73580736233,43513.534818565,45099.682199252464,47326.548654471386,49363.715167363815,50568.946901226445,51282.674374186994,51837.209367547504,52433.88448507298,53098.577403385854,53778.27749139156,55384.457303708725,57264.05208304053,70559.49276549982,42799.916251018636
2025-08-25 09:15:00+00:00,160,2415,15055.264320005155,21529.435330230528,27750.784800126996,34236.794617811676,38620.74703688349,42020.17828768541,44698.296362079236,45428.723309841924,46627.62651767314,48946.43972047046,50917.0910176298,52584.469967482175,53241.03406919138,53799.235084033025,54261.12642463386,55039.28885386127,55870.02306174405,57168.095761361415,59081.97236755742,73348.6635131565,44425.51937269177
2025-08-25 09:30:00+00:00,161,2430,14145.597200248707,21377.60932791543,28947.067693173103,34910.13265074218,39406.917566420685,42084.763519870736,45274.2667373907,46596.5570926825,47981.124656597465,49529.61749720008,52041.49426509679,53335.48626772632,54545.77185259146,55305.515331563554,55820.95530797425,56446.73750061747,57602.246791972204,58822.69583491057,60653.989728084925,75815.4242421255,45370.181935646244
2025-08-25 09:45:00+00:00,162,2445,14141.9067096685,21699.82344978454,28522.667405651224,35290.75093279034,40245.364220679585,42857.08620310108,46137.10244435041,47770.55891190104,49122.08204106438,50874.30566595815,53498.908544527876,54479.1795114248,55702.83253179126,56558.797758959314,57276.44746829049,57821.44098890589,58769.209111334785,59960.04033818122,61489.011903971805,77945.27054255031,46263.01759445196
2025-08-25 10:00:00+00:00,163,2460,15527.718382478295,22090.415738517033,30154.500348539255,36416.590926584155,41344.585180684415,43650.83676991918,45812.72347192746,48529.78788509361,49668.061439109166,51101.283700044485,54077.15285232814,55339.423149706316,56296.63817000852,57313.07159136406,58283.71096643451,58907.20782599277,59744.18823612718,60991.87376106889,62234.483787139296,79725.83890066326,47175.540121381266
2025-08-25 10:15:00+00:00,164,2475,15940.467825496833,23413.474651135355,32155.790205554687,37441.53167923234,42182.072529421224,43813.83967295966,46769.63109676141,48897.92691546633,50181.84762043112,52008.27249277914,54986.03363308883,56160.782037566845,57065.87305848238,58056.76640240135,59018.59469995228,59714.24885886587,60410.93036136996,61922.31824765106,63278.67275532287,81146.90760409426,47945.99969611317
2025-08-25 10:30:00+00:00,165,2490,15745.74947387745,23298.43091922235,30955.6337889819,37982.02054567143,42783.52760543488,45063.70450058078,47975.589677256736,50373.124765744935,51112.633086843256,53225.27840529875,55913.67792801804,56959.29773970701,57671.07075860474,58472.07203006905,59504.87341595776,60329.35162384771,61320.62956958935,62618.449447305764,64380.60968843317,82200.40984262922,48446.44956699194
2025-08-25 10:45:00+00:00,166,2505,14466.88876765259,23248.08659308111,29886.55364231295,37567.595575898566,42234.647877413816,44809.88567047069,47970.970654013436,50329.10795754378,51501.55131138465,53397.61309383286,56131.18435062792,57310.84149442969,58058.01885636933,58665.299463467105,59673.759173611186,60744.82571320493,61767.76337270275,63247.11597103836,65184.069148574876,82880.45291681043,48492.09217449941
2025-08-25 11:00:00+00:00,167,2520,14059.131759383137,23199.816979902924,29893.215510608534,37670.52174070271,43060.69155016482,45032.20798140992,48486.47666688452,50859.27808846386,51793.95531860426,54053.138821405766,56318.581468902245,57449.69770777094,58192.88043581736,58852.23402587406,59564.505056928996,60468.755007157546,61740.19305901004,63520.99999885999,65458.464822432674,83183.33816866988,48671.27140382063
2025-08-25 11:15:00+00:00,168,2535,11655.145573167874,19794.51882447607,26502.329250184997,35644.38112116655,41823.67969793206,45423.93703007892,48580.40807601294,51135.89464586401,52246.30953465583,54437.09256073488,56861.580931522025,57781.21852750564,58387.07982622645,58944.77121510176,59725.650019316425,60608.41398197902,61939.75975011737,64038.47504232387,65707.76099970032,83107.57742567064,48270.89356016418
2025-08-25 11:30:00+00:00,169,2550,11366.275109542721,18911.563965477366,25156.803599664618,33549.420664036144,38632.492716379034,44421.88261077008,47693.612809431026,50018.855174862634,51446.325498877646,53806.904452086055,56500.66563889715,57465.98567996726,58014.23733921192,58482.19280945704,59286.186051175486,60353.037281276185,61613.819796882955,63661.54928526503,65460.69759962443,82653.90288062846,47518.561982310515
2025-08-25 11:45:00+00:00,170,2565,11414.356215670447,16780.711541481352,20362.33962927204,27720.548828592127,36151.79112072038,37276.21094124121,42605.812553736476,46339.16410921007,49691.488554723896,52467.915763896766,54815.40576910699,55652.1255836284,56203.12827299411,56663.35235617531,57092.6932584374,57756.28001708385,59088.89119326462,59986.52592300882,62441.13791823258,81825.26883189607,44721.79057684097
2025-08-25 12:00:00+00:00,171,2580,11633.839328176338,17320.2568305242,21457.78694291248,27437.250787254696,35667.30926849283,38952.509325173065,43628.754849461395,46280.50244367626,48389.765790809666,50553.13617095956,52547.61356096333,54819.676114127804,55377.738094109496,55855.37022158201,56336.6119068673,56904.39563460236,57891.58480808184,59110.02131807289,60527.310472925536,80626.84572054577,44240.48811917087
2025-08-25 12:15:00+00:00,172,2595,7545.6845353790595,16113.101015097409,20324.01425144686,26699.35154388263,34486.43353719876,38418.87022688865,42369.26088987174,45136.78042247891,47314.32363082696,49754.993825737954,51660.79920845915,53570.280543313485,54182.27755087662,54677.63326612166,55164.49134055231,55641.80901584691,56344.829921302786,57789.5255290513,59214.55101444067,79066.00858859454,42990.590820309204
2025-08-25 12:30:00+00:00,173,2610,7321.332907486302,15678.18397504128,19515.93965510751,26628.588832694502,33187.4846601081,37742.835363267724,41391.079698200556,44374.69531644823,46220.17252808788,48430.360482294614,50291.53737306105,52341.43570571849,52657.94087289472,53062.84315845589,53666.07609266268,54300.003298636606,55189.38366641849,56616.67290113184,58508.94296383691,77152.32370971338,41992.46869888501
2025-08-25 12:45:00+00:00,174,2625,9882.078947769518,15810.410646162149,19598.0280020063,26723.059978537636,30340.28229156876,36482.51187511167,40381.78078847116,43359.42259981134,44991.41156086528,47150.20829333987,49175.03630019194,50468.03052426675,51106.4384541537,51654.98311005855,52180.56649469295,52766.76248191475,54005.56961028089,55071.76074429174,57567.35308324263,74897.53834746752,41027.844039659234
2025-08-25 13:00:00+00:00,175,2640,9552.022970425875,15254.818348537994,19193.22852804982,24018.067430751707,27132.97832031464,33259.41240966407,37913.50803848569,41703.44089171262,43057.46127239066,45219.623252515965,46850.094897734794,48539.74861322781,49036.50040237063,49918.18013831852,50312.67320804632,50878.6295332876,52182.3270244898,53331.9724876061,55383.10020891426,72315.57905958591,39193.741722913684
2025-08-25 13:15:00+00:00,176,2655,7645.289158689479,14627.521736768045,18489.36494393248,23226.719270704532,27158.303792297476,32050.2910254932,36757.91714998789,40023.28485000954,41769.71504309651,43972.58860277877,45892.574280283996,46849.614576097025,47340.22079806088,48111.02286538542,48527.564089942134,49067.91681827675,50449.26917459364,51493.83489552057,53345.66180658235,69422.56500059068,37840.47162407548
2025-08-25 13:30:00+00:00,177,2670,8430.31953993811,14755.342959230047,18023.300799039553,22587.2549115054,26461.97600034835,31317.62872510948,36588.623775633365,39042.770103492956,41345.43230541289,43026.28801179585,44256.419843292606,45277.85498230053,45744.02218362162,46205.4831302844,46652.340073045,47308.70095492627,48595.71810027552,49661.0799353972,51250.0904493552,66236.84374059214,36765.72593541292
2025-08-25 13:45:00+00:00,178,2685,9920.539208025906,14626.083472345044,20170.008508367595,23369.214013340017,27898.42642169395,32386.540010259057,36773.06995590298,38427.44067061591,39801.57721213708,41333.523600010274,42316.88634323282,42852.55057950775,43504.1681878619,43833.74712266047,44354.173470009475,45283.38147490279,46140.91646930741,47082.358186097634,48059.45971540049,62792.76599470972,35767.15929649572
2025-08-25 14:00:00+00:00,179,2700,9321.650559983933,15713.571750182504,19823.540671316532,23766.18579674401,29786.80941137654,33690.86958765266,35623.71361439389,36992.67178140548,38125.879370251176,39281.37399656141,40065.6712969472,40642.538568340955,41093.868828636274,41463.476527670195,41946.48522930305,42508.086885720026,43291.045433513886,44345.58016265897,45261.650752866655,59267.381316687366,34619.994081365454
2025-08-25 14:15:00+00:00,180,2715,10518.871683512127,17187.415759425425,20313.067242623092,25563.06896549861,29236.2064188573,32547.940631090118,33810.51086862648,34823.57112287956,36103.27249211774,37029.436685144305,37769.85665491879,38279.93602819516,38599.77020473885,39133.561655171594,39514.5421140382,40047.58718343866,40991.8622972712,41659.50393482364,42916.350364230275,55317.648587295545,33195.71474278415
2025-08-25 14:30:00+00:00,181,2730,6514.970952959725,16250.292562791952,19465.738618787393,24363.715788781665,26345.83588574472,29092.571938474506,30395.536538938068,31576.876978921307,33000.32266303804,34061.028535498415,34981.9774920369,35382.53273292727,35879.53329252069,36479.28191854277,36842.96394674431,37723.97596049663,38281.5682762425,38929.634809843905,41252.97763200017,51173.156812220026,30598.066475391417
2025-08-25 14:45:00+00:00,182,2745,10611.711112812482,15443.617357143514,18767.90001915616,23458.25787845511,25021.973164797742,27182.098039589884,28303.301896849753,29291.415790688377,30577.21136115212,31350.06961265092,32124.024972912106,32574.878264014267,33172.74766066795,33588.36282020763,34023.397421290676,34804.31378901863,35258.390154485176,35901.67540119008,37843.57861801861,46865.434118042926,28608.775275508924
2025-08-25 15:00:00+00:00,183,2760,10985.040003452787,15223.611168924726,18300.733974515166,21467.453315354236,22682.480149817187,24080.390672031892,25308.029303834013,26314.54554993986,27217.612512690896,28002.32971239936,28854.06352513086,29439.738003118608,29945.4024260608,30416.172484876955,30783.339704867845,31535.591024618283,32114.225722317697,32657.733352557883,34410.55973819053,42429.5407136993,26085.237168029704
2025-08-25 15:15:00+00:00,184,2775,9285.401976516358,12813.33424690078,15624.744315455504,17989.895357124064,19451.99043223508,20674.732901997708,21915.78444439356,22909.10437034554,23808.561742031347,24743.259960731273,25298.042323061443,26127.467350627685,26649.152254006432,27111.332286628807,27605.62060044346,28161.518294839945,28674.03074118437,29190.24584849393,30810.034267671574,37904.746048645335,22926.03998305777
2025-08-25 15:30:00+00:00,185,2790,7861.144548735403,11643.704865948708,13880.618102133049,15902.098679501361,17126.780467598222,18277.696409970264,19367.54298789027,20180.347149602618,20937.542777498806,21506.28437197911,22088.191734119107,22648.367835602403,23373.044160119458,23778.62174981287,24336.861909427957,24748.54702636165,25209.33658064644,25698.225477032654,27091.66536308197,33335.45805050412,20117.566310463102
2025-08-25 15:45:00+00:00,186,2805,7056.804200176771,10136.651053712609,11557.395637746367,13084.616303758165,14243.00757394795,15417.539161710278,16270.683666588,16989.727052619462,17717.152518968942,18290.735486179048,18933.08343223302,19375.369612066905,20060.486011473284,20398.589432750305,20818.262080207016,21268.55551178492,21681.339857131326,22110.38983143075,22985.178635478504,28772.463458283913,17162.951878449887
2025-08-25 16:00:00+00:00,187,2820,5482.444829341765,8649.42421894983,9448.576284620169,10891.28005487801,11733.875152074199,12657.113715586946,13299.879069797033,13849.386008741609,14408.479256061004,14962.106260622364,15439.64892014062,15959.225134759687,16390.10971253812,17005.10120299702,17261.604879814004,17696.515553376365,18063.008252607255,18450.407206087377,18848.025431734543,24207.394056403064,14151.725696216625
2025-08-25 16:15:00+00:00,188,2835,4104.851631906683,6583.675324116986,7613.80730239736,8405.493864150378,9455.53985731823,9841.732080868236,10552.005434943587,11031.76680456131,11370.18898082082,11829.754233521648,12265.436941740472,12694.05953880553,13153.826309099886,13584.308689077305,14010.990395881718,14274.243442911413,14673.362830388915,15129.845108559837,15471.817205043346,19752.57204951084,11317.051148418117
2025-08-25 16:30:00+00:00,189,2850,2549.423431647834,4580.882785316514,5501.225976147614,6082.427948024207,6647.743841198482,7216.169979626311,7700.951455037206,8217.749148446892,8455.074901180336,8816.619790050807,9156.285940012556,9544.101184839932,9992.860240353502,10407.360531359174,10736.851528735757,11100.615596350346,11423.872284520347,11776.095050905857,12159.152331968438,15599.95884385904,8513.111110674261
2025-08-25 16:45:00+00:00,190,2865,1786.0353535215081,2976.9652566336654,3475.083179922568,4066.3720255896,4381.166103809278,4760.82383212155,5166.491937002225,5427.050209113899,5736.460604641869,6073.716737971475,6309.700002425837,6540.830915833501,6823.931960774975,7068.077838483946,7334.049249373691,7782.634734084146,8206.823001764018,8582.335471918834,9125.757627677349,11725.260471377638,5867.194715942287
2025-08-25 17:00:00+00:00,191,2880,633.5020872264072,1488.3733803834539,2153.8401552155797,2432.619001103762,2644.429104691557,2916.1796190893674,3099.350077363431,3385.3931158993123,3598.6096734053954,3801.9092062051805,4004.6474860516814,4255.186732981428,4460.964517835219,4665.988086617662,4845.62384915624,5001.516405955233,5233.273453926222,5563.004883964745,6218.1025097825495,8222.564437343806,3707.962462537984
2025-08-25 17:15:00+00:00,192,2895,354.9515660930453,954.3175030806059,1347.737755373649,1473.2472934586108,1601.5544669270678,1769.4792090773415,1876.7024717557833,2014.5587685815478,2214.047547636536,2365.563947834633,2480.145335480856,2569.6300752431957,2693.092914526406,2869.747310795221,3009.2175575743336,3118.60148713364,3196.573651039999,3450.538566173721,3943.8689296987095,5195.879654664422,2316.43320979815
2025-08-25 17:30:00+00:00,193,2910,236.63465739243318,543.7929448585489,697.7581112787615,810.7063191877916,872.7601220719903,936.9496934575395,1029.0253020412881,1075.9758897833638,1159.0111936311712,1280.3736390825134,1349.3622437581373,1451.3717909894112,1547.6355572983343,1603.1275572799493,1738.0263331511503,1838.6601798415759,1897.650103054763,2045.8823065124,2329.8990279474788,3114.91390272799,1311.0475025124363
2025-08-25 17:45:00+00:00,194,2925,109.20275766207813,238.46316469066042,341.9181412844169,431.7616607470973,501.3144157445633,542.2701344556248,576.1094740647076,625.6531156992163,656.3878400572194,690.8745892906984,747.9519974136998,814.5329541948046,880.5523068968802,940.0615805923055,985.6579824642976,1056.198184885387,1146.9806095263207,1238.788440232975,1428.8396688331861,1944.4928578731208,752.8344866946934
2025-08-25 18:00:00+00:00,195,2940,9.979031166650376,44.21078897206273,61.12163440045251,90.11604251821115,117.9394413339808,152.21055146732095,166.00051122579902,177.76380023457892,195.11995900336692,208.09539866385342,224.5418226963619,240.46193887795863,262.15660588734715,280.6640251837869,304.0308945030131,319.34517323447255,339.51178270671426,368.7278654779864,451.5584721145322,637.8885364455377,218.58035968159982
2025-08-25 18:15:00+00:00,196,2955,0.04149779389496023,0.2673325620533292,0.37268242535584983,0.47048708991242183,0.6338379986863343,0.8222892436685134,0.9451853973360814,1.1316551429523587,1.2688773873227077,1.364493922508611,1.5194350004085786,1.6695470513170683,1.8108369141411318,1.9342532280317168,2.096869998337526,2.293349993441775,2.463592176750514,2.6912327974484405,3.355628888848039,4.7019444884812085,1.489808877716686
2025-08-25 18:30:00+00:00,197,2970,0.0,0.0,0.0,0.0,0.0,0.0,0.0,0.0,0.0,0.0,0.0,0.0,0.0,0.0,0.0,0.0,0.0,0.0,0.0,0.0,0.0
2025-08-25 18:45:00+00:00,198,2985,0.0,0.0,0.0,0.0,0.0,0.0,0.0,0.0,0.0,0.0,0.0,0.0,0.0,0.0,0.0,0.0,0.0,0.0,0.0,0.0,0.0
2025-08-25 19:00:00+00:00,199,3000,0.0,0.0,0.0,0.0,0.0,0.0,0.0,0.0,0.0,0.0,0.0,0.0,0.0,0.0,0.0,0.0,0.0,0.0,0.0,0.0,0.0
2025-08-25 19:15:00+00:00,200,3015,0.0,0.0,0.0,0.0,0.0,0.0,0.0,0.0,0.0,0.0,0.0,0.0,0.0,0.0,0.0,0.0,0.0,0.0,0.0,0.0,0.0
2025-08-25 19:30:00+00:00,201,3030,0.0,0.0,0.0,0.0,0.0,0.0,0.0,0.0,0.0,0.0,0.0,0.0,0.0,0.0,0.0,0.0,0.0,0.0,0.0,0.0,0.0
2025-08-25 19:45:00+00:00,202,3045,0.0,0.0,0.0,0.0,0.0,0.0,0.0,0.0,0.0,0.0,0.0,0.0,0.0,0.0,0.0,0.0,0.0,0.0,0.0,0.0,0.0
2025-08-25 20:00:00+00:00,203,3060,0.0,0.0,0.0,0.0,0.0,0.0,0.0,0.0,0.0,0.0,0.0,0.0,0.0,0.0,0.0,0.0,0.0,0.0,0.0,0.0,0.0
2025-08-25 20:15:00+00:00,204,3075,0.0,0.0,0.0,0.0,0.0,0.0,0.0,0.0,0.0,0.0,0.0,0.0,0.0,0.0,0.0,0.0,0.0,0.0,0.0,0.0,0.0
2025-08-25 20:30:00+00:00,205,3090,0.0,0.0,0.0,0.0,0.0,0.0,0.0,0.0,0.0,0.0,0.0,0.0,0.0,0.0,0.0,0.0,0.0,0.0,0.0,0.0,0.0
2025-08-25 20:45:00+00:00,206,3105,0.0,0.0,0.0,0.0,0.0,0.0,0.0,0.0,0.0,0.0,0.0,0.0,0.0,0.0,0.0,0.0,0.0,0.0,0.0,0.0,0.0
2025-08-25 21:00:00+00:00,207,3120,0.0,0.0,0.0,0.0,0.0,0.0,0.0,0.0,0.0,0.0,0.0,0.0,0.0,0.0,0.0,0.0,0.0,0.0,0.0,0.0,0.0
2025-08-25 21:15:00+00:00,208,3135,0.0,0.0,0.0,0.0,0.0,0.0,0.0,0.0,0.0,0.0,0.0,0.0,0.0,0.0,0.0,0.0,0.0,0.0,0.0,0.0,0.0
2025-08-25 21:30:00+00:00,209,3150,0.0,0.0,0.0,0.0,0.0,0.0,0.0,0.0,0.0,0.0,0.0,0.0,0.0,0.0,0.0,0.0,0.0,0.0,0.0,0.0,0.0
2025-08-25 21:45:00+00:00,210,3165,0.0,0.0,0.0,0.0,0.0,0.0,0.0,0.0,0.0,0.0,0.0,0.0,0.0,0.0,0.0,0.0,0.0,0.0,0.0,0.0,0.0
2025-08-25 22:00:00+00:00,211,3180,0.0,0.0,0.0,0.0,0.0,0.0,0.0,0.0,0.0,0.0,0.0,0.0,0.0,0.0,0.0,0.0,0.0,0.0,0.0,0.0,0.0
2025-08-25 22:15:00+00:00,212,3195,0.0,0.0,0.0,0.0,0.0,0.0,0.0,0.0,0.0,0.0,0.0,0.0,0.0,0.0,0.0,0.0,0.0,0.0,0.0,0.0,0.0
2025-08-25 22:30:00+00:00,213,3210,0.0,0.0,0.0,0.0,0.0,0.0,0.0,0.0,0.0,0.0,0.0,0.0,0.0,0.0,0.0,0.0,0.0,0.0,0.0,0.0,0.0
2025-08-25 22:45:00+00:00,214,3225,0.0,0.0,0.0,0.0,0.0,0.0,0.0,0.0,0.0,0.0,0.0,0.0,0.0,0.0,0.0,0.0,0.0,0.0,0.0,0.0,0.0
2025-08-25 23:00:00+00:00,215,3240,0.0,0.0,0.0,0.0,0.0,0.0,0.0,0.0,0.0,0.0,0.0,0.0,0.0,0.0,0.0,0.0,0.0,0.0,0.0,0.0,0.0
2025-08-25 23:15:00+00:00,216,3255,0.0,0.0,0.0,0.0,0.0,0.0,0.0,0.0,0.0,0.0,0.0,0.0,0.0,0.0,0.0,0.0,0.0,0.0,0.0,0.0,0.0
2025-08-25 23:30:00+00:00,217,3270,0.0,0.0,0.0,0.0,0.0,0.0,0.0,0.0,0.0,0.0,0.0,0.0,0.0,0.0,0.0,0.0,0.0,0.0,0.0,0.0,0.0
2025-08-25 23:45:00+00:00,218,3285,0.0,0.0,0.0,0.0,0.0,0.0,0.0,0.0,0.0,0.0,0.0,0.0,0.0,0.0,0.0,0.0,0.0,0.0,0.0,0.0,0.0
2025-08-26 00:00:00+00:00,219,3300,0.0,0.0,0.0,0.0,0.0,0.0,0.0,0.0,0.0,0.0,0.0,0.0,0.0,0.0,0.0,0.0,0.0,0.0,0.0,0.0,0.0
2025-08-26 00:15:00+00:00,220,3315,0.0,0.0,0.0,0.0,0.0,0.0,0.0,0.0,0.0,0.0,0.0,0.0,0.0,0.0,0.0,0.0,0.0,0.0,0.0,0.0,0.0
2025-08-26 00:30:00+00:00,221,3330,0.0,0.0,0.0,0.0,0.0,0.0,0.0,0.0,0.0,0.0,0.0,0.0,0.0,0.0,0.0,0.0,0.0,0.0,0.0,0.0,0.0
2025-08-26 00:45:00+00:00,222,3345,0.0,0.0,0.0,0.0,0.0,0.0,0.0,0.0,0.0,0.0,0.0,0.0,0.0,0.0,0.0,0.0,0.0,0.0,0.0,0.0,0.0
2025-08-26 01:00:00+00:00,223,3360,0.0,0.0,0.0,0.0,0.0,0.0,0.0,0.0,0.0,0.0,0.0,0.0,0.0,0.0,0.0,0.0,0.0,0.0,0.0,0.0,0.0
2025-08-26 01:15:00+00:00,224,3375,0.0,0.0,0.0,0.0,0.0,0.0,0.0,0.0,0.0,0.0,0.0,0.0,0.0,0.0,0.0,0.0,0.0,0.0,0.0,0.0,0.0
2025-08-26 01:30:00+00:00,225,3390,0.0,0.0,0.0,0.0,0.0,0.0,0.0,0.0,0.0,0.0,0.0,0.0,0.0,0.0,0.0,0.0,0.0,0.0,0.0,0.0,0.0
2025-08-26 01:45:00+00:00,226,3405,0.0,0.0,0.0,0.0,0.0,0.0,0.0,0.0,0.0,0.0,0.0,0.0,0.0,0.0,0.0,0.0,0.0,0.0,0.0,0.0,0.0
2025-08-26 02:00:00+00:00,227,3420,0.0,0.0,0.0,0.0,0.0,0.0,0.0,0.0,0.0,0.0,0.0,0.0,0.0,0.0,0.0,0.0,0.0,0.0,0.0,0.0,0.0
2025-08-26 02:15:00+00:00,228,3435,0.0,0.0,0.0,0.0,0.0,0.0,0.0,0.0,0.0,0.0,0.0,0.0,0.0,0.0,0.0,0.0,0.0,0.0,0.0,0.0,0.0
2025-08-26 02:30:00+00:00,229,3450,0.0,0.0,0.0,0.0,0.0,0.0,0.0,0.0,0.0,0.0,0.0,0.0,0.0,0.0,0.0,0.0,0.0,0.0,0.0,0.0,0.0
2025-08-26 02:45:00+00:00,230,3465,0.0,0.0,0.0,0.0,0.0,0.0,0.0,0.0,0.0,0.0,0.0,0.0,0.0,0.0,0.0,0.0,0.0,0.0,0.0,0.0,0.0
2025-08-26 03:00:00+00:00,231,3480,0.0,0.0,0.0,0.0,0.0,0.0,0.0,0.0,0.0,0.0,0.0,0.0,0.0,0.0,0.0,0.0,0.0,0.0,0.0,0.0,0.0
2025-08-26 03:15:00+00:00,232,3495,0.0,0.0,0.0,0.0,0.0,0.0,0.0,0.0,0.0,0.0,0.0,0.0,0.0,0.0,0.0,0.0,0.0,0.0,0.0,0.0,0.0
2025-08-26 03:30:00+00:00,233,3510,0.0,0.0,0.0,0.0,0.0,0.0,0.0,0.0,0.0,0.0,0.0,0.0,0.0,0.0,0.0,0.0,0.0,0.0,0.0,0.0,0.0
2025-08-26 03:45:00+00:00,234,3525,0.0,0.0,0.0,0.0,0.0,0.0,0.0,0.0,0.0,0.0,0.0,0.0,0.0,0.0,0.0,0.0,0.0,0.0,0.0,0.0,0.0
2025-08-26 04:00:00+00:00,235,3540,0.0,0.0,0.0,0.0,0.0,0.0,0.0,0.0,0.0,0.0,0.0,0.0,0.0,0.0,0.0,0.0,0.0,0.0,0.0,0.0,0.0
2025-08-26 04:15:00+00:00,236,3555,0.0,0.0,0.0,0.21670300811832122,0.4643635888249739,0.7120241695316268,0.9596847502382796,1.552148903709936,2.2619245439402884,3.0250054719122015,4.080822968992292,5.218593972882154,6.6087124299254825,8.554955691444992,10.696020453989794,14.540891666680274,22.000852773587358,31.17915933835065,40.131179175898524,86.24639368170234,10.115893605321636
2025-08-26 04:30:00+00:00,237,3570,0.0,1.5961691125096933,6.747442157427339,12.008201545858332,28.491771205834677,46.434067921754675,60.37983284095316,72.90839492948349,92.67469823616936,105.85803819869997,137.4418467581498,165.77035720508147,186.77224417230912,283.8286086116398,358.43809435297106,440.0627877298768,529.6054280679327,613.0484236301711,730.0571448253451,1127.4368161994987,222.92996805537982
2025-08-26 04:45:00+00:00,238,3585,106.51473893622594,214.13621442196862,287.2816708397201,332.1424915530982,386.23435252154104,451.17030961804727,555.6328241540646,635.0752614841773,694.5410301925807,810.1244383929431,906.2101712573491,1015.7981172392751,1139.6222667428865,1292.018695428689,1380.5158502974914,1488.9654570534306,1555.7719076313813,1722.0899274405278,1860.4144901117252,2613.388551067657,912.0299399403451
2025-08-26 05:00:00+00:00,239,3600,118.79949296368846,320.2004252417198,484.54701734441346,602.5424704096499,777.8445293261005,1056.537414426103,1240.9219832317942,1450.7071296339363,1661.250924243224,1851.847800478889,2129.6415067355824,2489.8785458265243,2794.6151979511924,2892.6365319373167,2990.8110288993535,3156.63179557106,3357.654691673299,3518.4711093639485,3869.7195154166316,5161.674093105778,1974.3862814298905
2025-08-26 05:15:00+00:00,240,3615,385.7354924163157,797.4187954724871,956.9945057461405,1487.4879437422978,1837.5290194509694,2084.3936360426806,2461.7885366313158,2804.5314490129317,3133.723977908099,3774.427754074375,4101.427770997744,4453.074530314141,4622.44276998176,4791.719725381985,5052.373777724514,5344.471749139199,5521.379988264142,5889.811665684669,6543.261780623822,8399.340988348795,3519.7584207186296
2025-08-26 05:30:00+00:00,241,3630,618.8235608592009,1273.4681696100256,1636.9260164765226,2426.3493547972203,2729.8141303434745,3182.669530923538,3710.4540912946995,4144.588873998388,4797.89803468395,5663.107125059379,6294.077846117798,6587.972392423061,6852.472053386707,7134.052090807592,7503.707144346245,7844.58377766848,8139.023306903771,8593.18745278862,9505.556538702942,12126.289286955705,5244.996580905844
2025-08-26 05:45:00+00:00,242,3645,924.3364889272947,1782.850198108626,2527.6728243877583,3240.551008042215,3714.4176450391906,4409.689745109811,5001.444175589843,6007.417759003492,6900.920937297947,7784.5049802081885,8494.9345260059,8859.379791421285,9320.675275552281,9626.053795016838,10101.033559421232,10457.75146984353,10905.041097518479,11730.336963557087,12622.297065268926,16187.744235360251,7136.546626871065
2025-08-26 06:00:00+00:00,243,3660,1865.461308307939,2847.173236387584,3765.681362357231,4389.562648930489,4980.3385697837975,5926.692055961558,7099.465037230755,8158.4361954688475,9574.758765017834,10497.382454537383,11020.138920092204,11607.461088212809,12044.786303435461,12525.916439378454,12956.567880356668,13431.186118797998,14082.970948359005,14769.620297080091,16044.884581802908,20509.089683991835,9405.48600014226
2025-08-26 06:15:00+00:00,244,3675,2507.863606168373,3090.8769776174877,4792.126383094775,5934.168142254616,6846.960026204652,7854.919159628185,8511.88153769283,9568.249072406956,10862.873112671987,12422.873762821282,13817.074359423174,14590.970493824532,15180.517173675906,15695.433383468282,16421.132553124025,17044.073715340972,17595.44461690123,18838.184715742253,20181.920253913788,25001.27480758313,11782.585588004054
2025-08-26 06:30:00+00:00,245,3690,2452.2020685267203,3573.267692974451,5485.894438439769,7134.339104998263,7749.7738694451755,8411.066342426779,9217.544205114378,10116.398934211218,11123.185375799398,12533.591441226712,14646.754991464366,16631.322417793654,17780.642789613965,18515.142727562656,19391.4906565463,20129.0114755888,21055.1092285354,21645.297305205353,23372.05186929778,29779.210857215727,13460.92324620324
2025-08-26 06:45:00+00:00,246,3705,1466.7261050974832,3575.352402759934,6141.244406751141,7273.953226744762,8514.106319154029,9249.493295969341,10296.72219665736,11216.458495392886,12393.943465239396,13137.280192532102,15389.356149633666,18241.680761531086,19568.695390571465,20653.96851438704,21552.786259571854,22376.33684215863,23810.57519975485,24845.326938509985,26221.81768023823,34464.50509423718,14604.201659198778
2025-08-26 07:00:00+00:00,247,3720,1567.497515614448,3628.8664239426203,5685.748085437716,7278.058809476848,8416.98053507368,9671.131691794517,10613.262669895212,11893.826080446897,12728.927920972557,14285.445287653616,15529.213265852624,18369.4822633385,19704.355872778877,21352.28520592694,23371.47724715319,24980.29069686271,26265.46689995229,28204.955224511705,30210.9544501995,39113.732758137325,15583.08034888625
2025-08-26 07:15:00+00:00,248,3735,1742.476409476926,2880.8441262259876,4212.484936366292,5581.746685018796,6279.529593176192,7978.63781021883,9452.848882513546,10462.740658130735,12195.220458125656,13242.247348629317,14367.148772682607,16177.19438632639,18797.37919198021,20994.326212911546,23375.20782129027,25487.923886700995,27566.457578556932,29235.69483048877,32083.430806910124,43689.43737708184,15086.729034084172
2025-08-26 07:30:00+00:00,249,3750,533.1867228202407,2110.5344248156534,3604.4005188137103,5079.707227219474,6131.128533962751,6895.244786705822,8788.01843495375,10831.055517294233,11916.57038416887,13521.589761315852,15451.788954430112,17459.145387966568,19227.70877376815,21101.7182658786,23802.714750935425,26941.986284752304,29492.676937764347,31868.728767408385,35165.222887922326,48149.130057891096,15569.184518252696
2025-08-26 07:45:00+00:00,250,3765,397.6167367534893,2182.6564899073715,3431.5016906043816,5501.049392837698,6741.754841277903,7456.646284886357,9288.864897920286,11113.814396578256,12577.690781534813,14144.879026696128,15916.491746009406,18421.217467303846,20066.485913768236,22015.218095493412,24437.161097735254,26987.40058874241,30264.70909045806,33703.71799574083,37468.690399812505,52455.61410337279,16272.733145099717
2025-08-26 08:00:00+00:00,251,3780,507.35171623861567,2518.6275804311686,4549.436138828254,6255.678737534552,7513.880532701035,8085.127325305344,9811.941540425181,11487.759030614012,13431.561226956068,15028.194265666272,16977.88628075999,19403.904368016043,21110.45712233902,22638.0276931,24716.209342164944,27210.390639170444,31227.32564518554,34120.84316333898,38996.33808232067,56575.920896283555,17040.321319017625
2025-08-26 08:15:00+00:00,252,3795,404.64863709704014,2489.525984330796,5096.921692086292,7118.795215116197,8167.507119295414,9237.434477500246,10677.414394602347,12222.37388305187,14184.578945503989,15263.428072329101,17364.401543168147,19295.98350317291,21774.256727448945,23612.003668292255,25170.07019310368,27964.194599263126,31318.813302385708,35143.50216169936,39646.67305887044,60480.56214699874,17628.29278988096
2025-08-26 08:30:00+00:00,253,3810,212.82920324100945,2108.864641739311,4729.283714601664,7057.51008939022,8108.1423329847075,9375.527546368337,10771.935224680408,12266.28640857087,14314.565251220649,15173.088579803842,17105.62936492692,19068.72047879126,22474.77457164618,24196.224499529766,26319.39269672308,28636.93140246292,32126.35291972304,36118.23258854074,40557.20295050332,64088.332438015444,17920.356773827974
2025-08-26 08:45:00+00:00,254,3825,237.42226747071877,2293.047609159047,3786.716944238373,6289.271345001303,8677.711238743708,10681.285572623116,12867.149811572555,14558.599142763842,15429.576845099176,17756.997990289125,20193.514603290587,23471.908455724304,25125.842902420885,26425.102444233242,29209.179011365737,32960.694941818285,36671.91468003226,40854.104027377034,46741.629873618585,67257.8810291711,20186.976803220892
2025-08-26 09:00:00+00:00,255,3840,562.8591841506343,4261.685959273509,6612.403546266236,9047.45226454712,10853.45991177803,12131.702673959124,14360.64213405273,15789.276440974636,17397.34896438942,20270.631693516538,22468.310845009935,25908.87360479239,27461.128076034078,29713.453511912212,33313.36191766185,38145.66498052475,41878.9070604033,45374.93178086256,50907.12261365658,70353.06946893962,22878.632004343228
2025-08-26 09:15:00+00:00,256,3855,3145.6815326834544,7311.604539646618,9974.546577984001,12604.525969365348,14523.449778123022,15904.371622098315,16873.66179328253,20300.444280634496,22216.873175929006,23912.497136699367,26253.50143898021,27798.827125258333,30745.506928627245,36080.169969639166,39717.85741623557,44954.205864240976,46549.264919660774,49262.71068564949,51173.35802567267,73141.58607414327,26577.49576933011
2025-08-26 09:30:00+00:00,257,3870,7964.361680638977,11229.32905023672,14904.982535466279,16432.39437703302,17823.13957496281,18822.85748667297,20747.833582027153,23066.208287219182,24367.681931842828,26419.43241280954,28087.209694417343,29594.950266904638,32631.281715776142,35755.63846063509,41484.08819598074,46097.316604936976,49088.91457620612,50888.00444951252,53221.33801476125,75606.78887339706,29344.486922463948
2025-08-26 09:45:00+00:00,258,3885,7317.038490750967,12208.816730945216,15986.69718797599,17388.224180734418,18534.85231129662,19613.327444540268,21418.725019631544,23462.288605743786,25017.84611776847,26616.508412247065,28935.085512605718,30813.816425377714,33957.475930623215,36258.75069619668,41378.19865653949,46744.59496424355,50132.367943520614,51806.547374316964,54834.64694876191,77734.20026156845,29979.604348985424
2025-08-26 10:00:00+00:00,259,3900,7642.691100878767,12022.733032778455,16379.2377232897,18030.366728977457,19418.990442752463,20260.56792397738,22204.38091988897,24208.863752418845,25927.04174387196,27512.906133787044,29252.496614834225,31360.786798844376,33972.25215288396,36497.808601255165,40612.825045062105,46352.82389367684,51039.540315263104,53072.74921463081,56652.35882415523,79511.48741484116,30538.56324895593
2025-08-26 10:15:00+00:00,260,3915,8188.262993855028,12339.125878935847,16793.844223376145,18426.840347365916,19800.25418768313,20924.76699138855,23082.95470863865,25071.712416288556,26609.386269202234,28549.731330854243,30730.222651087097,32651.38045003883,35937.698097003245,38362.4085999796,43425.443732577885,49771.23314886129,53322.590319984665,55488.910972458936,58496.837362738646,80928.46275850685,31832.030178296514
2025-08-26 10:30:00+00:00,261,3930,8621.758958451011,12733.68823634353,14921.980194140378,18733.043881138765,21370.124225514523,22784.02931632216,25594.933937899343,27680.472815461762,29967.26766579348,31884.456655604066,33773.33324203928,37007.145970218065,39288.71724212151,42847.15060590549,46249.3295014984,51412.462260510256,55853.26024907244,57920.728496191245,60513.14125828275,81977.09676951866,33940.476104879366
2025-08-26 10:45:00+00:00,262,3945,8984.859474538982,13745.308130838,17931.013473955365,19918.298332020127,21808.23276021452,25444.195321188356,27364.454107188496,29106.92175033994,31908.92501413378,33609.7061937887,35882.69486702748,38549.906394318605,42802.49691106247,45649.69796142558,51178.712487509874,54203.203975566525,56055.28942662645,57968.56439937077,60258.43572214064,82651.53693532078,35591.61654567065
2025-08-26 11:00:00+00:00,263,3960,8543.848829328974,13160.412362179117,17752.029092921926,20180.768887641785,21875.534431911226,26535.672253961337,28832.056113129584,31604.931633353557,33245.749986668685,35601.61521333903,38540.69947351374,42169.261173289255,44874.762129089766,49524.334862677184,52435.30020225899,55034.25181189046,56499.984472762066,58666.645520063976,60324.51836712808,82948.12746132925,36634.876354763954
2025-08-26 11:15:00+00:00,264,3975,7919.156992142547,10369.04853566041,17737.780290517196,20446.705757989108,25307.42975781177,28413.58587841157,31361.51077655953,33128.57439736609,36439.77520167205,38795.93982060171,42372.06852356428,44733.352892117306,47891.123446276484,50682.23957172096,52986.208622559694,55087.768079229456,57147.00546656515,59088.07946370844,60492.49793631746,82865.4255407965,37790.52520322502
2025-08-26 11:30:00+00:00,265,3990,7172.390737612379,11751.477225108652,19255.59646968395,23076.784795428423,27696.467468715447,30513.949617736656,32455.617299975365,35877.35689402306,38199.97186985035,41492.60064552081,44032.98145953846,47017.8623595221,49658.602916956224,51950.44475247999,54567.507098451235,55681.86774310036,57843.88815858304,59105.00566606672,60904.61461054611,82404.21116093968,39150.54212452707
2025-08-26 11:45:00+00:00,266,4005,4101.664313058748,10291.49664721281,19808.910324555927,26793.046045544223,31329.553862881065,32798.83079471194,36932.84690691364,39526.55655665113,42076.134105169534,44180.40526101941,45741.65550624167,48213.591842444424,51351.68663511674,53343.055388335655,55044.00367941124,56128.28329763552,57519.74931957303,58904.112538586276,60352.06779822974,81567.48892350584,40505.504279689514
2025-08-26 12:00:00+00:00,267,4020,4124.719004912922,12002.29284070887,19966.52584180629,27492.223856035267,31098.546240501862,32542.456234988425,36573.21949268562,39799.122651531405,41517.69960821597,43999.7406427961,46905.88729817831,47831.60970955846,51126.58829308711,53511.79957014421,54908.71734801844,55549.531606112316,56493.597135468124,57972.84284325278,59869.12319037068,80360.48235444858,40422.87849422273
2025-08-26 12:15:00+00:00,268,4035,4092.782412933845,13280.929682418506,20416.857239471974,26581.238722919006,31400.595524670935,32642.342028517898,36933.603314626474,39695.63131726815,41140.89083210659,43196.13604476853,45610.70683829586,47275.90894197059,49582.03248578204,51531.67785848207,53564.7423018418,54808.95605668079,55624.875584128924,56987.2498068292,59143.97433017267,78790.6228386956,39916.50100597684
2025-08-26 12:30:00+00:00,269,4050,4621.4490654182855,12816.45049998507,17547.82318643509,21075.380734287082,26222.00515161819,30404.574087744673,32100.86291645193,36353.69036644892,39131.73831699268,41589.76136782379,43456.09650862871,45544.14813875068,46569.568677884534,48895.69728392341,50767.872601014154,53315.51680289201,54152.18037066477,55136.38611615543,57293.917774462854,76867.53695030224,37569.70248193596
2025-08-26 12:45:00+00:00,270,4065,4652.827666888969,6051.573038024044,12482.502834730318,16669.533959784636,19738.938203335438,22404.94780594447,26853.64120752438,30074.495998412986,31687.0438733683,35265.40820208563,39882.43890799045,42084.86501754034,44559.454568072986,45421.693075586685,47806.455031316436,49861.501858232456,52574.49873241913,54172.894329918476,58071.25066943679,74603.03712666476,33725.8025377504
2025-08-26 13:00:00+00:00,271,4080,5145.038345441534,6077.694757653956,8698.832391471135,12047.542350892361,14156.640359718183,18380.584359143802,19995.80647986265,21345.564325353254,23719.081611441365,26644.21112545477,29770.513262657576,32265.732514339772,35952.97555785777,40938.14365163898,43862.98183104291,47768.66963326903,49629.43421208131,52795.77951007642,57105.072358798585,72011.12119419221,29039.081944153626
2025-08-26 13:15:00+00:00,272,4095,5041.418002372737,6381.471532783773,9102.625552108922,14712.58797227205,17922.32565018335,19197.685680531573,20345.45665585046,22448.675749882652,25180.12546013777,28164.065755394033,30396.015943562405,34088.95069949174,39209.556434387676,40729.90570833939,42866.74495434969,46590.059165444276,49397.516319691764,52123.48959625443,55013.80844220301,69107.98733258025,29600.571648905177
2025-08-26 13:30:00+00:00,273,4110,5671.630490835067,7559.113334434497,11399.390169853898,14618.973200277745,17503.602347580505,19103.775870875732,20170.862506994923,22426.1638933189,24723.18337565345,27806.025312470876,29478.688533614353,32882.8158402214,37676.57878337705,39659.81151262186,41874.87435810463,46363.52481448948,48086.221789231546,52085.206302386425,53633.35640304836,65912.07221969038,29250.374789870235
2025-08-26 13:45:00+00:00,274,4125,5477.797222679864,7266.055876738968,13317.435584061337,14718.000745920184,17383.422962701592,18549.895311189328,20818.299441544732,23655.582048612945,26362.372827797302,27611.13261062568,31153.72739238519,35070.89100672222,36866.18769490312,38739.32724329145,40917.274744085356,43954.939165863,45305.34832042483,49098.19845513279,50580.91849931804,62500.085424625446,28854.041769182204
2025-08-26 14:00:00+00:00,275,4140,5036.41066962022,9541.497808045186,12086.87564620707,14573.81739219998,16782.863329168944,20133.111569432618,23256.317636065774,25090.066731020554,28207.431744436864,31128.151077335107,33097.87304844988,34311.878482242726,35951.50866873863,38654.627179349445,40757.25193956687,41662.80841118456,43260.24210748988,45527.01387839694,47101.689267010064,58924.92334972883,28692.161944272917
2025-08-26 14:15:00+00:00,276,4155,4136.661104726522,8607.83628776659,10618.927875673968,13086.34254521521,16718.82293899307,20521.85100646996,22567.95300744397,25543.1925493858,28251.807108503974,29826.584127585807,31522.77082187157,32720.323540263234,35101.054368744546,36420.663528202225,37836.402623001544,38691.74741436295,40109.66469552567,41696.496958144635,43521.84717272169,54965.821111616984,27137.28280720315
2025-08-26 14:30:00+00:00,277,4170,4811.368711544422,9006.79357257277,10179.604346289629,13441.886860523258,16825.913781655196,19633.041464460366,21112.2577342378,24223.841101314905,25951.373897353384,27224.821274351114,28540.474459003926,30011.984359021884,32187.71296782879,34069.582837464084,34775.480736742444,35663.91870122516,36696.72756209093,38266.41549963735,39946.17412472479,50812.45361025305,25287.897565581818
2025-08-26 14:45:00+00:00,278,4185,7171.506123510887,8534.061333886055,10371.214085710166,13072.267845927043,16435.438405705063,18734.603390884127,21274.02636580051,23390.060068855237,24330.58996709339,25882.85405733277,26766.734435465703,28008.24962914216,30322.977186004242,31360.193922318194,32084.94125248552,32963.2879938547,33809.89198807435,35171.75170478168,36537.4945173818,46496.57562257159,23903.963111458776
2025-08-26 15:00:00+00:00,279,4200,6510.032169286727,7848.514526685361,10505.368448596497,13315.570360849892,16134.015690112923,17675.296605660547,20000.391081557453,21391.34382205231,22049.567050333244,23334.54036006142,24182.839136393093,25071.650767417315,26886.239050457392,28184.059227470196,28842.325984245126,29844.290438567823,30817.01916737403,31736.57643709147,32796.85787264539,42053.542797434704,21841.817329032
2025-08-26 15:15:00+00:00,280,4215,5822.890070029291,7105.376445597005,9428.255701299127,12154.436672880096,14634.067818202371,15654.431980824018,17654.883427179764,18940.785845274768,19564.542589237182,20789.944766581422,21522.003896370356,22527.32413086041,23940.093642023585,25073.10452093098,25778.695281119202,26596.96975692842,27650.496207360517,28420.532616272136,29264.37612891815,37523.01699383278,19635.128571833302
2025-08-26 15:30:00+00:00,281,4230,5268.553754052608,6450.694778917286,8824.599313688497,11518.859202280408,13242.976136820516,13947.907955818826,15725.512781796711,16687.40854341601,17350.502406964202,18229.669960395542,18948.065469624747,19467.52043561029,20489.452001016012,21609.35198634086,22534.37999705382,23355.360654445205,24402.43524276449,24978.580362821045,26160.995874526125,32949.93429912905,17668.952294576917
2025-08-26 15:45:00+00:00,282,4245,4294.2643692516285,5508.216325467364,7515.045616878174,9576.421490206536,11047.982600124686,11730.188162297312,12866.073143609998,14007.90340424708,14745.386014586173,15666.286039760995,16199.300434981007,16702.83041932721,17434.17526438449,18299.99015727618,19313.666769199765,19906.72140974716,20993.10749597973,21554.15725787904,22382.302897874597,28385.796421253453,15032.758984175247
2025-08-26 16:00:00+00:00,283,4260,3648.41617910183,4691.204424561933,6209.361029432235,8112.256761224438,8993.985606563052,9940.541469308451,10377.684252974796,11655.878748263189,12207.765442811049,12927.196657732098,13476.84414892026,13856.804668326926,14341.62095830155,15033.431953736424,15688.608305816506,16607.44027491922,17288.14751833145,18092.61863041059,18946.93622450219,23801.613150102636,12479.238503179113
2025-08-26 16:15:00+00:00,284,4275,3562.2326334811887,4266.085180185749,5954.339218837842,6816.757217765213,7567.274383140219,8071.3614607495065,8545.205179309783,9401.069215551568,10045.76518195587,10584.849585096235,10871.32099605455,11189.560515123645,11740.627031016264,12191.44910435348,12637.460951923013,13473.247484069889,14065.73681099138,14691.619033199133,15440.49420414558,19378.41541357642,10261.279745949883
2025-08-26 16:30:00+00:00,285,4290,2849.384899087739,3791.7713724715086,4656.090290944305,5295.0074653332085,5895.253175238645,6392.218065777945,6928.95768421402,7427.144150338725,7885.457388781394,8290.19589467989,8514.90849194452,8864.394901925709,9050.340666964428,9388.580767296642,9729.625074319805,10153.448685668433,10714.087510177747,11316.281595016357,12133.394350562097,15238.66940427675,7977.789586397056
2025-08-26 16:45:00+00:00,286,4305,1361.8347233167237,2214.3182755016887,2890.060539633667,3634.900885205927,4169.123994198693,4723.502808655129,5096.6508072546185,5583.096105679232,5825.629197661873,6034.692861193836,6268.630397873667,6457.62827242636,6601.307844727672,6827.633298357482,7102.157993306168,7305.2415509742705,7657.915663506009,8054.997107964109,8845.276871271799,11384.318712446058,5739.566599632863
2025-08-26 17:00:00+00:00,287,4320,899.9231035888047,1519.4441781338328,2004.1097128845076,2523.1810883671487,2794.9749791816353,3180.04116204236,3388.1721141294315,3736.1427377503724,3959.202541381916,4088.782184915656,4257.962428208124,4385.622665052438,4581.919258062289,4701.332433002769,4922.381760261571,5081.595462841632,5313.630873716925,5620.1910686048095,6194.0087860504445,7911.113424685817,3921.244758553576
2025-08-26 17:15:00+00:00,288,4335,516.5365062422545,967.5982637301196,1239.3301505622132,1561.0054395794461,1741.9798384680485,1942.0261524344112,2100.11008208502,2275.9947706959724,2429.006025016828,2536.2944221564503,2626.1666186733846,2718.5854105884127,2835.9336436814865,2920.2726954372006,3061.972148172075,3159.330259095553,3293.412061008106,3441.249649668639,3841.7846465515277,4923.271559470846,2422.662306961682
2025-08-26 17:30:00+00:00,289,4350,298.2673274812147,589.1834938034802,726.5589741005527,849.9935017253458,983.3487171502426,1075.4485054950485,1202.8210086260983,1280.689841637532,1393.8434475271142,1482.9400020454862,1527.3515328861665,1591.754171072738,1636.5293590060048,1707.8349762753123,1782.3841143580594,1846.2780213112055,1921.4901998869038,2022.1959225035225,2203.139983218294,2935.72945540006,1402.5446083609766
2025-08-26 17:45:00+00:00,290,4365,173.12272331922833,329.52143219708023,440.1167062033751,531.9985641190478,601.3676920788334,649.9647151082306,728.5036892064213,785.5857075985251,850.9954030629033,893.5407731269167,927.5448234079953,968.2467880329373,1004.7757293426351,1038.1772955540027,1085.550415969214,1126.4311422493424,1169.962062301178,1234.456619904437,1382.9986030183913,1777.513700024953,854.38195766993
2025-08-26 18:00:00+00:00,291,4380,44.31966476604985,84.93473085618163,111.81541571188866,137.0498429411757,155.66561647575685,166.66091427063364,188.25131051681936,205.12365652096213,220.39475949918898,232.0516341170335,240.39718822762708,250.6731035115711,259.08220921622586,269.18143419638227,280.3151693499451,291.3466114423989,302.0986578069349,319.3087953887526,358.6134533390885,459.7638871360525,220.9554967549688
2025-08-26 18:15:00+00:00,292,4395,0.0010115651270132292,0.0025305439413358293,0.0036832902531106814,0.004758251601541344,0.005218794404515215,0.005738468941998662,0.006496794925823278,0.007152020443400661,0.00769180368196563,0.008103372748796278,0.00840250179627342,0.00880122980754066,0.009183452836540764,0.009503536037705703,0.009911499799447773,0.010329579278946212,0.01068422196445262,0.011462761324220224,0.013012561561958031,0.017991365432719442,0.007735070096944665
2025-08-26 18:30:00+00:00,293,4410,0.0,0.0,0.0,0.0,0.0,0.0,0.0,0.0,0.0,0.0,0.0,0.0,0.0,0.0,0.0,0.0,0.0,0.0,0.0,0.0,0.0
2025-08-26 18:45:00+00:00,294,4425,0.0,0.0,0.0,0.0,0.0,0.0,0.0,0.0,0.0,0.0,0.0,0.0,0.0,0.0,0.0,0.0,0.0,0.0,0.0,0.0,0.0
2025-08-26 19:00:00+00:00,295,4440,0.0,0.0,0.0,0.0,0.0,0.0,0.0,0.0,0.0,0.0,0.0,0.0,0.0,0.0,0.0,0.0,0.0,0.0,0.0,0.0,0.0
2025-08-26 19:15:00+00:00,296,4455,0.0,0.0,0.0,0.0,0.0,0.0,0.0,0.0,0.0,0.0,0.0,0.0,0.0,0.0,0.0,0.0,0.0,0.0,0.0,0.0,0.0
2025-08-26 19:30:00+00:00,297,4470,0.0,0.0,0.0,0.0,0.0,0.0,0.0,0.0,0.0,0.0,0.0,0.0,0.0,0.0,0.0,0.0,0.0,0.0,0.0,0.0,0.0
2025-08-26 19:45:00+00:00,298,4485,0.0,0.0,0.0,0.0,0.0,0.0,0.0,0.0,0.0,0.0,0.0,0.0,0.0,0.0,0.0,0.0,0.0,0.0,0.0,0.0,0.0
2025-08-26 20:00:00+00:00,299,4500,0.0,0.0,0.0,0.0,0.0,0.0,0.0,0.0,0.0,0.0,0.0,0.0,0.0,0.0,0.0,0.0,0.0,0.0,0.0,0.0,0.0
2025-08-26 20:15:00+00:00,300,4515,0.0,0.0,0.0,0.0,0.0,0.0,0.0,0.0,0.0,0.0,0.0,0.0,0.0,0.0,0.0,0.0,0.0,0.0,0.0,0.0,0.0
2025-08-26 20:30:00+00:00,301,4530,0.0,0.0,0.0,0.0,0.0,0.0,0.0,0.0,0.0,0.0,0.0,0.0,0.0,0.0,0.0,0.0,0.0,0.0,0.0,0.0,0.0
2025-08-26 20:45:00+00:00,302,4545,0.0,0.0,0.0,0.0,0.0,0.0,0.0,0.0,0.0,0.0,0.0,0.0,0.0,0.0,0.0,0.0,0.0,0.0,0.0,0.0,0.0
2025-08-26 21:00:00+00:00,303,4560,0.0,0.0,0.0,0.0,0.0,0.0,0.0,0.0,0.0,0.0,0.0,0.0,0.0,0.0,0.0,0.0,0.0,0.0,0.0,0.0,0.0
2025-08-26 21:15:00+00:00,304,4575,0.0,0.0,0.0,0.0,0.0,0.0,0.0,0.0,0.0,0.0,0.0,0.0,0.0,0.0,0.0,0.0,0.0,0.0,0.0,0.0,0.0
2025-08-26 21:30:00+00:00,305,4590,0.0,0.0,0.0,0.0,0.0,0.0,0.0,0.0,0.0,0.0,0.0,0.0,0.0,0.0,0.0,0.0,0.0,0.0,0.0,0.0,0.0
2025-08-26 21:45:00+00:00,306,4605,0.0,0.0,0.0,0.0,0.0,0.0,0.0,0.0,0.0,0.0,0.0,0.0,0.0,0.0,0.0,0.0,0.0,0.0,0.0,0.0,0.0
2025-08-26 22:00:00+00:00,307,4620,0.0,0.0,0.0,0.0,0.0,0.0,0.0,0.0,0.0,0.0,0.0,0.0,0.0,0.0,0.0,0.0,0.0,0.0,0.0,0.0,0.0
2025-08-26 22:15:00+00:00,308,4635,0.0,0.0,0.0,0.0,0.0,0.0,0.0,0.0,0.0,0.0,0.0,0.0,0.0,0.0,0.0,0.0,0.0,0.0,0.0,0.0,0.0
2025-08-26 22:30:00+00:00,309,4650,0.0,0.0,0.0,0.0,0.0,0.0,0.0,0.0,0.0,0.0,0.0,0.0,0.0,0.0,0.0,0.0,0.0,0.0,0.0,0.0,0.0
2025-08-26 22:45:00+00:00,310,4665,0.0,0.0,0.0,0.0,0.0,0.0,0.0,0.0,0.0,0.0,0.0,0.0,0.0,0.0,0.0,0.0,0.0,0.0,0.0,0.0,0.0
2025-08-26 23:00:00+00:00,311,4680,0.0,0.0,0.0,0.0,0.0,0.0,0.0,0.0,0.0,0.0,0.0,0.0,0.0,0.0,0.0,0.0,0.0,0.0,0.0,0.0,0.0
2025-08-26 23:15:00+00:00,312,4695,0.0,0.0,0.0,0.0,0.0,0.0,0.0,0.0,0.0,0.0,0.0,0.0,0.0,0.0,0.0,0.0,0.0,0.0,0.0,0.0,0.0
2025-08-26 23:30:00+00:00,313,4710,0.0,0.0,0.0,0.0,0.0,0.0,0.0,0.0,0.0,0.0,0.0,0.0,0.0,0.0,0.0,0.0,0.0,0.0,0.0,0.0,0.0
2025-08-26 23:45:00+00:00,314,4725,0.0,0.0,0.0,0.0,0.0,0.0,0.0,0.0,0.0,0.0,0.0,0.0,0.0,0.0,0.0,0.0,0.0,0.0,0.0,0.0,0.0
2025-08-27 00:00:00+00:00,315,4740,0.0,0.0,0.0,0.0,0.0,0.0,0.0,0.0,0.0,0.0,0.0,0.0,0.0,0.0,0.0,0.0,0.0,0.0,0.0,0.0,0.0
2025-08-27 00:15:00+00:00,316,4755,0.0,0.0,0.0,0.0,0.0,0.0,0.0,0.0,0.0,0.0,0.0,0.0,0.0,0.0,0.0,0.0,0.0,0.0,0.0,0.0,0.0
2025-08-27 00:30:00+00:00,317,4770,0.0,0.0,0.0,0.0,0.0,0.0,0.0,0.0,0.0,0.0,0.0,0.0,0.0,0.0,0.0,0.0,0.0,0.0,0.0,0.0,0.0
2025-08-27 00:45:00+00:00,318,4785,0.0,0.0,0.0,0.0,0.0,0.0,0.0,0.0,0.0,0.0,0.0,0.0,0.0,0.0,0.0,0.0,0.0,0.0,0.0,0.0,0.0
2025-08-27 01:00:00+00:00,319,4800,0.0,0.0,0.0,0.0,0.0,0.0,0.0,0.0,0.0,0.0,0.0,0.0,0.0,0.0,0.0,0.0,0.0,0.0,0.0,0.0,0.0
2025-08-27 01:15:00+00:00,320,4815,0.0,0.0,0.0,0.0,0.0,0.0,0.0,0.0,0.0,0.0,0.0,0.0,0.0,0.0,0.0,0.0,0.0,0.0,0.0,0.0,0.0
2025-08-27 01:30:00+00:00,321,4830,0.0,0.0,0.0,0.0,0.0,0.0,0.0,0.0,0.0,0.0,0.0,0.0,0.0,0.0,0.0,0.0,0.0,0.0,0.0,0.0,0.0
2025-08-27 01:45:00+00:00,322,4845,0.0,0.0,0.0,0.0,0.0,0.0,0.0,0.0,0.0,0.0,0.0,0.0,0.0,0.0,0.0,0.0,0.0,0.0,0.0,0.0,0.0
2025-08-27 02:00:00+00:00,323,4860,0.0,0.0,0.0,0.0,0.0,0.0,0.0,0.0,0.0,0.0,0.0,0.0,0.0,0.0,0.0,0.0,0.0,0.0,0.0,0.0,0.0
2025-08-27 02:15:00+00:00,324,4875,0.0,0.0,0.0,0.0,0.0,0.0,0.0,0.0,0.0,0.0,0.0,0.0,0.0,0.0,0.0,0.0,0.0,0.0,0.0,0.0,0.0
2025-08-27 02:30:00+00:00,325,4890,0.0,0.0,0.0,0.0,0.0,0.0,0.0,0.0,0.0,0.0,0.0,0.0,0.0,0.0,0.0,0.0,0.0,0.0,0.0,0.0,0.0
2025-08-27 02:45:00+00:00,326,4905,0.0,0.0,0.0,0.0,0.0,0.0,0.0,0.0,0.0,0.0,0.0,0.0,0.0,0.0,0.0,0.0,0.0,0.0,0.0,0.0,0.0
2025-08-27 03:00:00+00:00,327,4920,0.0,0.0,0.0,0.0,0.0,0.0,0.0,0.0,0.0,0.0,0.0,0.0,0.0,0.0,0.0,0.0,0.0,0.0,0.0,0.0,0.0
2025-08-27 03:15:00+00:00,328,4935,0.0,0.0,0.0,0.0,0.0,0.0,0.0,0.0,0.0,0.0,0.0,0.0,0.0,0.0,0.0,0.0,0.0,0.0,0.0,0.0,0.0
2025-08-27 03:30:00+00:00,329,4950,0.0,0.0,0.0,0.0,0.0,0.0,0.0,0.0,0.0,0.0,0.0,0.0,0.0,0.0,0.0,0.0,0.0,0.0,0.0,0.0,0.0
2025-08-27 03:45:00+00:00,330,4965,0.0,0.0,0.0,0.0,0.0,0.0,0.0,0.0,0.0,0.0,0.0,0.0,0.0,0.0,0.0,0.0,0.0,0.0,0.0,0.0,0.0
2025-08-27 04:00:00+00:00,331,4980,0.0,0.0,0.0,0.0,0.0,0.0,0.0,0.0,0.0,0.0,0.0,0.0,0.0,0.0,0.0,0.0,0.0,0.0,0.0,0.0,0.0
2025-08-27 04:15:00+00:00,332,4995,0.043730373131874535,1.0493649226371136,2.2214048478398274,6.697559823409858,9.369058404657608,11.168862981572243,12.716395164384917,14.579817569007522,15.95151418194826,18.509348732113807,20.763323729468258,22.661368342485105,24.01340503895969,25.104561315612674,26.67942424020044,28.646810123158154,30.255946332485316,32.87739019200921,33.79301526515532,46.18909716135085,17.78637690839048
2025-08-27 04:30:00+00:00,333,5010,18.195262129022513,76.96658550399776,97.99248758556531,162.92502561573056,255.6400614705184,291.00748685934747,322.0514405452886,356.0998448015797,383.5177558958978,437.78224963810504,472.0990582103587,520.7146088710732,553.2997372155535,579.0476935963691,615.259540216853,658.4624468063109,693.869454258739,746.0095794886789,768.5827231507612,967.6999594902293,426.03555907563685
2025-08-27 04:45:00+00:00,334,5025,283.00034856559176,317.51788139664916,405.9055569216795,487.61314494453177,547.0201799773047,583.5045383232805,641.279869459452,717.740765460225,785.8373368062001,871.5081951872834,955.9274634497012,1050.1454693157384,1168.164066512009,1244.8075461286005,1396.6472680271606,1594.1357152203889,1707.201230960645,1835.3986905670256,1985.699136888087,2461.4115658126702,992.442568708665
2025-08-27 05:00:00+00:00,335,5040,555.7654578176279,645.7114325296867,897.443754587995,1043.6605694187847,1123.6719627998273,1243.8110724253459,1388.725219779713,1527.6270165814822,1675.6246903578858,1849.7220100814702,2077.5071848103184,2268.152665651504,2412.2310541550555,2552.7294400576916,2926.7469148446294,3299.1677858620396,3527.6399504980063,3827.4357010700073,4156.841968276914,4953.588743795897,2116.0440490097794
2025-08-27 05:15:00+00:00,336,5055,877.1716198006696,1032.5654983483737,1486.8542007356907,1699.264759266852,1893.2199944572908,2114.299963952277,2313.4887594404454,2522.9223441604977,2753.9238898028775,3098.7790609508197,3426.6247724488253,3767.733770503425,4011.0270762099203,4252.106325124573,5085.852019400998,5473.91533166329,5820.824436991937,6280.153832971918,6816.649237722946,8160.0365549444,3508.430542563753
2025-08-27 05:30:00+00:00,337,5070,1193.8833612226742,1889.8201249368478,2285.05860530658,2696.010069674646,3013.57117630178,3306.108523000426,3627.683751506634,3878.7548514102473,4357.142247870087,4850.381955606428,5307.9260593252075,5683.790889714775,6220.3475029737565,7154.076763034762,7745.227852663005,8264.22946953476,8744.162399135386,9371.538223193225,10426.141022701355,11886.886110180309,5386.000033809332
2025-08-27 05:45:00+00:00,338,5085,2051.231704171891,2687.7971171358217,3374.4790219098045,3896.6175861109323,4393.509998646597,4830.906399607955,5362.910497779914,5840.181836006695,6416.111205388569,7004.323848308845,7714.63641488322,8184.060488518397,9856.351752669947,10459.305790618046,11078.880401537739,11817.485275403571,12458.136743302044,13017.053855527653,14013.2483453607,15943.564429795331,7728.304953129566
2025-08-27 06:00:00+00:00,339,5100,2393.04914902104,3289.3344681252647,4019.301326475407,4696.737223777026,5538.05663976061,6076.830292797614,6784.780470659302,7455.268502719394,8359.612990167276,8973.934308828899,9772.019135895085,10321.213877593185,12122.885878063042,12998.672920109242,13669.278908338065,14713.936510643633,15885.465511404658,16567.263339376437,17621.204474168087,20264.494440598206,9769.006865554311
2025-08-27 06:15:00+00:00,340,5115,4179.741324469353,5987.521069504069,7125.619414694826,8174.203962815858,8994.61369228114,9940.86135769312,11137.093001317999,12144.175604113276,13392.422207666867,14496.298849492367,15425.248611077104,16084.196645724147,16576.11046287135,17234.213460130708,18214.797168936264,19148.00203406359,19793.3704679719,20592.690497305357,21673.606987051942,24758.991362259734,13841.085834469955
2025-08-27 06:30:00+00:00,341,5130,5319.012409905072,7482.69614419937,8825.701409027022,10177.105200234313,10963.913564829563,12026.526887383805,13340.79583445647,14424.028028444875,16643.054992662066,17981.73605264151,19273.28894252149,20438.86044369415,21321.986690566606,22396.31385737255,23018.22669339862,23482.089914183973,24166.112905822232,24990.50759362459,25824.982063018466,29524.804498320915,17076.18554151783
2025-08-27 06:45:00+00:00,342,5145,7271.560106828237,9470.825987261129,11190.755048268706,12225.841473745602,13390.019916571371,14978.744807735085,16440.727740920727,19080.24480350067,20550.705630430362,22013.69443118189,23335.958832587294,24230.44484995381,25476.691939729382,26349.7351135128,26751.295549274135,27220.32813846055,27959.395333651453,28786.983491836916,29894.234772799577,34227.277354041806,20447.055222205174
2025-08-27 07:00:00+00:00,343,5160,6438.036366516471,9744.030694049574,11496.784338184483,13468.1723315782,14929.842602121358,16384.596829533788,18453.755253322226,21727.24600398098,23968.214400541136,25661.250672376253,27220.565176431577,28466.146629174556,29747.45255053416,30023.806035681344,30377.52679155387,31185.499859198353,31820.212117931675,32841.42502259769,33409.7535550023,38882.42985257607,23035.066618030934
2025-08-27 07:15:00+00:00,344,5175,6694.885071395614,11373.970839415559,12986.848844609533,14994.849730296253,16489.09270746612,18946.430471521533,21260.412577892846,24703.483662170525,27022.847522846885,29155.413755057616,30529.118985301095,32194.936798720544,33035.91232733522,33419.895964493335,33776.77177601374,34678.69204507299,35370.28326887458,36454.41029025903,37216.57251265132,43463.73474920782,25814.251128124764
2025-08-27 07:30:00+00:00,345,5190,7258.971751845441,10263.655354007451,13293.832523089095,15896.359160215416,17740.47680379247,19677.310007323493,22926.3843725638,26995.659409918622,29809.352508381187,32474.951909283584,33592.76403114991,35495.498382210855,36119.610485389545,36586.73208963388,36951.954229666626,37779.66209383221,38530.24492815095,39848.210544230875,40857.645765092755,47928.43915242941,28027.657507729178
2025-08-27 07:45:00+00:00,346,5205,7920.257524147298,11343.597657578575,14590.908626285776,17660.461872545144,19424.06364604045,22501.367216789997,27861.845022336107,31119.791898807223,33876.888591107396,35606.04802248657,36605.02678081208,37941.60479468259,39054.78747107805,39540.686004825795,40026.58453857354,40896.76784425866,41697.345017101834,42924.15623098145,44201.77734946068,52239.18371292113,30780.585312207102
2025-08-27 08:00:00+00:00,347,5220,8164.5279059218265,11716.770837734837,15213.604843960442,19399.523727390984,21913.421579956164,26597.99216997436,30729.061980202034,33965.44297944833,37103.00207851136,38475.89038921905,39565.760342982496,40207.39225198102,41281.53505741738,42035.77207687978,42510.07509070807,43037.266085406096,44047.57469403792,45104.88208277054,46843.77985174048,56362.90340585653,33119.50251129707
2025-08-27 08:15:00+00:00,348,5235,9008.330074452104,13244.703278062518,17058.518521359143,21961.287989152217,25070.849018123645,29185.73836783742,34232.85345715101,37935.71681504326,40727.876212639254,41419.9417210214,42403.372346965494,42955.240382915574,43647.480800046884,44500.09494035215,45146.4167087525,45727.256003606664,46267.737127174034,47579.8081414873,49035.03229412122,60270.05677722572,35221.631090655996
2025-08-27 08:30:00+00:00,349,5250,9511.820335237036,14810.81555216373,18638.29873642209,23265.253276409516,26736.457064105947,31915.39085084343,38170.65252852694,41945.602063857295,43397.78353128523,44222.0451066434,44812.783957455744,45488.71437914147,46020.39267307096,46886.13381084981,47612.99758771906,48216.55370242606,48765.54094346563,49491.686157867065,50851.406952383666,63915.59548669444,37528.46759699136
2025-08-27 08:45:00+00:00,350,5265,9301.944886951673,14374.133421152666,18609.31379975498,24338.091286187897,28160.253249954265,36704.172718743735,40089.911608812945,43455.640917409466,45211.26932615087,45988.091463290424,46705.362729641536,47213.97818624258,47542.5018247864,48153.67419860713,49047.22213616252,49866.7214102147,50444.249555224174,51048.029891498525,52450.21740356126,67046.61444481816,38928.13593885189
2025-08-27 09:00:00+00:00,351,5280,9606.296135769018,14798.473169388877,19187.570312751886,25469.273037398627,32409.87925527316,39226.975368991625,42468.392815390995,46128.3592993507,47477.33574630029,48302.51460286387,48763.60962885593,49334.600692626154,49813.41692956497,50321.56070488217,51119.91773869092,51992.500832435995,52505.40693134837,53115.13365320106,54342.60257519388,70141.90531712769,40887.51662392363
2025-08-27 09:15:00+00:00,352,5295,9401.005855003214,14347.055564943685,18749.9752313971,24338.571938629477,30720.058815254044,38477.650270789265,43630.44287854773,47017.97485161239,49261.50349155721,49859.25894776412,50563.03356319238,51072.33642131176,51715.014210999885,52136.91147563836,52922.84129887139,53709.60062245255,54428.2498888677,55026.29442034008,55909.5448096526,72929.58822440752,41770.543385632096
2025-08-27 09:30:00+00:00,353,5310,8486.014446518424,13904.229687585803,18562.710733930442,21376.392346851306,29605.097792794277,36899.87211555591,42765.54056148234,46438.87010732143,50399.93124424421,51221.593880310546,52079.75727429922,52740.90672968088,53379.32550249098,53831.53290560815,54464.64549105667,55224.113804787434,56090.61495984286,56696.414751927216,57553.27484476737,75393.0460395285,42253.44575959223
2025-08-27 09:45:00+00:00,354,5325,8328.251166209635,11617.916561316459,16659.546547367183,20886.464401959845,28844.75735914312,36880.64205307087,41387.91890112848,46100.04260498404,50100.48006615435,52527.59311345856,53056.709525324826,54017.87012065958,54571.34547288399,55079.25347306679,55672.277068154035,56406.35041557495,57334.550232003465,57972.73118931176,58868.82056877833,77517.83043796681,42411.04245085673
2025-08-27 10:00:00+00:00,355,5340,6398.889741032875,10643.511227528761,17231.22369745955,21661.01668173649,31116.532461243594,37632.31151444719,41972.28532699842,46104.59492059281,50247.080718415345,53483.63064237098,54066.12355369155,55001.473343871876,55652.77219940844,56180.55033415638,56788.86300460648,57463.489899837885,58325.83947781474,59179.520255665346,59999.79416680011,79291.64156916937,43105.68219856389
2025-08-27 10:15:00+00:00,356,5355,6509.45601316565,12971.439159312682,17892.6872818009,23577.526922434634,32811.00328995827,39112.32199652919,43812.6281539463,47120.77870115204,51389.11358342405,54463.50252597914,55112.67680577181,56012.816166578086,56665.09914575057,57175.549915903786,57763.02024925078,58449.480624877186,59283.724413206546,60114.808192138276,60908.19676869207,80704.32808969081,44237.94221057065
2025-08-27 10:30:00+00:00,357,5370,6076.126053912369,13058.484605882142,19822.999388711392,24055.582832449323,33631.4555162077,39502.250941231694,44166.13143418191,47800.330215775495,52392.59149182024,55093.925331387065,55717.153121217474,56660.28852393003,57358.12519923984,57834.30272917451,58365.9335703755,59009.20287290641,59882.44130203037,60589.46439854875,61421.68586201574,81747.89967387062,44825.40542967379
2025-08-27 10:45:00+00:00,358,5385,5408.277507585233,16233.081992413281,21435.640314526063,26799.371694218975,34463.52956428455,40425.70396946485,45349.051125323334,49629.43622791368,53483.93002914374,55789.64005530474,56500.02677701104,57497.20755320964,58040.83489208385,58546.031077210246,59087.97702092271,59680.85948194531,60415.386007363835,61095.223774272796,62072.83360059726,82416.54573157296,45819.118703047905
2025-08-27 11:00:00+00:00,359,5400,5110.401574147186,17722.747636947373,24053.626953573297,33034.72551045704,39342.00963459538,44092.21406223496,48212.99862953066,51735.84578524563,55487.99326018012,56429.1391259342,57128.53936076191,57895.23267959284,58398.79915381738,58881.91086764813,59322.299777424,59913.22929085155,60557.46793741936,61413.13762029428,62157.608834444356,82706.65490094958,47262.652633355974
2025-08-27 11:15:00+00:00,360,5415,8006.844394597101,21271.565335098425,27633.4207054395,36506.40988426862,41074.09648177682,46906.07363475774,49689.78103817114,53642.34271751383,56192.71281215551,56654.96973626899,57707.66259588193,58213.60884796419,58653.18308718299,59076.88100610835,59490.62562689143,60020.72040121612,60530.45811466209,61245.069127110364,62202.54658437625,82616.831153443,48455.18411449872
2025-08-27 11:30:00+00:00,361,5430,6654.736115641935,22060.541857692795,30875.47432024484,37569.76554313573,43195.52924931425,47571.71525228286,50563.525871460086,53619.14293427398,55939.21226927683,56398.46808424619,57503.93279411528,57948.977938661184,58323.595603062015,58692.91632476445,59060.083027875626,59542.36713192374,60039.96414145504,60717.63037510391,61815.31779010865,82147.9035351156,48610.89019402378
2025-08-27 11:45:00+00:00,362,5445,3729.6499830824073,21027.161088588553,32884.055243051684,39103.93163882101,44724.437870966125,47394.553564755144,50246.28386065473,53259.109480870706,55435.07121828817,55783.2628209176,56745.420096913935,57159.12062109756,57667.84585611688,58208.59489269595,58564.80436678853,59122.354720439296,59714.21882699214,60566.888351444846,61412.66095714752,81302.92807659898,48340.057643056854
2025-08-27 12:00:00+00:00,363,5460,3818.927455191387,29845.859298878306,34473.88483160599,41758.495313144784,45531.746376921044,47783.49599376321,51570.284863985835,54249.41368479983,54735.2276732989,55081.816302634295,56150.96755358146,56644.72409748046,57193.378555694224,57544.06409734222,57956.46985955737,58521.50807719238,58965.65769008209,59924.73578906039,60874.352083459555,80087.18238380058,48842.1725123346
2025-08-27 12:15:00+00:00,364,5475,4946.297331038753,30987.207114586883,36927.576034105565,41029.580038935885,45026.429566049,48421.375521289476,51862.648729955305,53172.99485133502,53515.23760785542,54562.19129482451,55034.60684225455,55519.290337837665,55888.08708056113,56198.711910008606,56603.523045446884,57075.10601885773,57512.195147993145,58491.87341569042,59480.12292769329,78508.15506197403,48271.039769396026
2025-08-27 12:30:00+00:00,365,5490,5007.5750832056165,30368.3290941835,35960.52183110342,39827.05017370353,44193.94095856392,47119.00456207155,51009.285006663384,51766.232384111194,52147.92257045947,53235.26837821179,53695.52840440519,54098.824678258614,54406.308369078215,54689.62027638271,55084.22017107939,55559.81402130169,56001.55017764071,56959.96263602306,58018.0578577574,76575.53375256372,47082.33402856774
2025-08-27 12:45:00+00:00,366,5505,25813.24089878826,29519.856226076663,35013.67012055295,38995.56920523826,42799.97376150109,45144.33009429435,48328.60104077923,49379.533735411474,50092.9430210259,50510.01536359279,51491.580835148925,51925.03697562485,52397.847386829366,52659.144945602755,52920.44250437614,53539.62121929577,53999.76593803083,54842.459463388754,56347.30977461874,74301.19675624467,46350.078131592745
2025-08-27 13:00:00+00:00,367,5520,24048.738070304535,28319.673655463,33784.732613798056,37491.66678857004,41107.07193815872,43677.58370974642,45708.21214259001,46598.56841914551,47271.325138252156,48126.17692063657,48578.3144848968,49553.98571456106,49973.69512638579,50394.60736478743,50689.417381652005,50974.788561603425,51491.88506103045,51991.71704214436,53187.17817071323,71699.21381981666,44451.60081040975
2025-08-27 13:15:00+00:00,368,5535,19778.175789254805,25408.37863769233,29634.091263070015,35760.06934063935,39491.4342459777,41972.26474186731,44530.08059413068,45317.89216792783,46120.115562157036,46704.21448147607,47634.106508599936,48084.679852122266,48465.07501387599,48809.54896060476,49120.44196450213,49580.75858382995,50060.38116779391,50780.752239093345,52303.607206548084,68785.86281954354,42430.97525111709
2025-08-27 13:30:00+00:00,369,5550,17554.24105547205,22110.202338213698,26045.64763204976,32251.899035275743,36219.48510724703,39253.881143797444,41701.52923024516,43250.193225562034,44077.26140625411,44708.03073187133,45312.606523230315,45803.20372526585,46262.746354523384,46728.95880481635,47089.00587954529,47473.14427442958,47903.76586565937,48688.98757765968,50269.076079889135,65579.6703347686,40001.33283605053
2025-08-27 13:45:00+00:00,370,5565,16030.517620483623,20539.765146561163,23091.79962919617,26651.291330819022,32657.580195229097,36663.70310174275,39109.36455053311,40720.122319259586,41497.28074089241,42131.3925046273,42672.69954279747,43219.82817828553,43787.86770553353,44197.97225215898,44582.22089056172,44987.139093612685,45452.51460704075,46264.2479990667,47755.27332057242,62201.425891944986,37393.81052748336
2025-08-27 14:00:00+00:00,371,5580,14985.319418232648,19151.29775074234,21418.470581758134,24274.266659325884,28557.96077567751,32767.619448974765,36403.08994032604,37997.41400312722,38757.04150499494,39627.7255337049,39967.78198076527,40696.68146789383,41181.81773225134,41587.56152995038,41935.78799384528,42480.85177367817,43037.83210015171,43888.351021571114,45276.81194694152,58574.82574991288,34910.31236992271
2025-08-27 14:15:00+00:00,372,5595,9626.15656610491,15833.809076646074,19307.862794129564,21357.013818554322,25137.001351366056,29580.307998513275,32506.5450157101,34096.14337899474,35327.55985714338,36075.20816300572,36897.089950100126,37306.260836759124,37946.05585818206,38448.57990338208,38817.31047838727,39294.5099357744,39799.159997626215,40713.09861821986,42031.64987404881,54606.33242242565,31634.052577092985
2025-08-27 14:30:00+00:00,373,5610,6461.056502432428,13373.99420654612,16383.011313606803,18713.798918000768,21182.180773599175,26474.99732867363,29010.845153490267,30714.86182540422,31819.57516958592,32650.36280049964,33245.841996851006,34012.455752211215,34371.61885550624,35003.350383709694,35589.95437570574,36070.68857130721,36624.76758007795,37412.50347005249,38668.916707392855,50444.091374608775,28430.865491829376
2025-08-27 14:45:00+00:00,374,5625,6470.59631128091,11664.182268034183,14301.815612747252,16599.24769657136,19075.86270189175,23581.022352259763,25004.65786456233,26265.99770632373,27726.31950011488,28733.194842026023,29415.11934431277,30038.856460757517,30689.24251754761,31283.8753795399,31750.323005608217,32344.620218806715,33020.00805009472,33724.27344024808,34971.0953484187,46120.0896629238,25284.649381780953
2025-08-27 15:00:00+00:00,375,5640,4871.0929409939135,7873.918639591099,11387.813937154497,13682.244212179827,15575.32097617682,19717.7905656737,21652.622053044717,22603.0153389506,23771.96682195804,25049.959496340183,25892.996909889935,26466.889199042464,27005.742703038046,27572.159830097637,28204.58122195829,28799.359238651323,29723.776901408164,30556.93249856001,31345.63893780939,41669.98699204647,21993.71228094348
2025-08-27 15:15:00+00:00,376,5655,4010.738081994042,6611.1068434065355,9308.256335704047,11385.693565716281,13025.099302449735,14840.306366140874,17270.355389397897,18687.683951014686,19657.091164815076,20504.496618237874,21584.911488123904,22519.97968437524,23144.10898171598,23646.530284966964,24178.427406070892,24841.954990815062,25668.989401965788,26833.320075781172,28046.724698809263,37133.8506984319,18589.764294831664
2025-08-27 15:30:00+00:00,377,5670,3435.2628272297693,5570.342146903391,7819.169078429584,9920.977497863478,11233.07479908514,12706.881956972451,13980.747770095004,15638.006966331175,16656.411099796158,17328.406459402744,17901.681645671124,18659.727551690394,19546.7571698851,20176.140759571776,20584.145628535858,21122.103826123715,21960.54391200269,23172.08146635832,24692.21953515488,32557.16457849491,15825.800804871138
2025-08-27 15:45:00+00:00,378,5685,2834.5998232677043,3730.458491183857,6142.994282837369,7890.4864500553085,9341.615061634726,10465.680593974752,11553.98592947474,12525.790576639505,13702.744740740063,14526.02060155145,15036.17569350014,15519.828468904663,16235.145220356102,16883.90824461853,17353.563400533025,17764.87610838529,18450.973257749767,19697.451550446807,21308.441267370312,27992.17389413959,13182.144622345617
2025-08-27 16:00:00+00:00,379,5700,2147.345366248753,3008.8570527114157,4611.205672076071,5937.511510077833,7215.612785180875,8115.320025193227,8983.791828287889,9817.775015244923,10307.01481139416,11255.46759590738,11947.439307248853,12586.534348551033,13067.416387478846,13787.43721548787,14270.749665687834,14664.217840468213,15160.934291981315,16153.38655948885,17912.223673552962,23389.841121055364,10639.2370499015
2025-08-27 16:15:00+00:00,380,5715,1711.4993749524835,2367.240477557206,3554.196463058092,4581.383793773158,5533.835762629298,6573.696215692446,7138.2466504293125,7903.136611478743,8248.252880549184,9001.65663420927,9582.230327475492,10057.034214038207,10543.532351146667,10900.086239858612,11499.9536512464,11895.99597856724,12308.429100812988,13108.587287850125,14537.706629423355,18998.609164308113,8536.682564743378
2025-08-27 16:30:00+00:00,381,5730,1464.3825346424014,2027.1731814390914,3128.138748236402,3731.6904563656485,4443.753210219151,5113.695721131865,5499.665403384907,5879.868177239941,6330.641133699173,6781.132229674517,7167.522678718156,7611.145786320607,8109.768277096305,8394.213317780677,8727.182913387765,9231.94204526131,9444.423573344922,9910.90038198065,10916.440799771966,14872.554677456828,6575.809019762102
2025-08-27 16:45:00+00:00,382,5745,1135.7356817804575,1585.2562219541055,2263.5725891525235,2740.4105418973504,3185.896431371664,3517.3570098839873,3889.0032440076607,4259.184705319322,4583.014299332089,4752.285611632574,5135.243097043422,5450.26188017489,5792.516835509062,6131.666471828517,6359.717790374063,6810.6779949103175,6998.88723236432,7302.184054521421,8040.008030678606,11039.658131782113,4771.051062892641
2025-08-27 17:00:00+00:00,383,5760,783.5853052318057,1214.3686371527544,1729.8409252179981,1992.491454252965,2278.981420599661,2506.2874236152074,2728.0164061271444,2933.67385222464,3100.5921120201983,3282.4123758724077,3461.6974223408824,3709.302025965389,3967.6894639429665,4217.979987710005,4382.343788473156,4669.286097018405,4841.090360168321,5036.826797729431,5619.923381985115,7596.654706191796,3306.1778296642237
2025-08-27 17:15:00+00:00,384,5775,474.5531095559334,859.6010590093365,1093.7941474420102,1265.631480812941,1420.055573302361,1569.6340317484705,1718.3937126463495,1835.362917569692,1904.348443604384,2020.0890797319043,2125.4706323338696,2270.429315942232,2373.8749110386398,2546.4338666085223,2660.299733217834,2812.458456251123,2947.5307732478686,3057.942537933081,3430.901233851622,4649.6747111976565,2031.8247804526093
2025-08-27 17:30:00+00:00,385,5790,243.25809929872435,504.5785271071977,648.1241766207784,745.2434313275171,836.0515014540894,890.1978090138507,970.081811099955,1032.647251857805,1072.3483499006713,1140.3702211700472,1188.7575395835586,1280.2561293865947,1363.4070639097456,1445.1020818373518,1527.1982359374722,1585.5892820726212,1697.8276644913815,1749.489061912932,1985.6115084337628,2756.947924019832,1160.102925153606
2025-08-27 17:45:00+00:00,386,5805,112.41260600016683,292.52039060515483,389.61362513001205,451.6518670313594,502.9667793097852,553.4024465455434,590.1353612025089,614.8689025483254,653.4727289399673,683.6316883418003,733.8911556689231,768.2877277816407,811.3265396452426,849.9238118300801,883.9345500652573,931.8707471295669,976.8253070431974,1032.6408267514146,1172.8810455950143,1600.1150347611679,688.7323266918114
2025-08-27 18:00:00+00:00,387,5820,19.903600654174557,59.97928244653072,77.38727547202807,91.0219146229363,100.63535086414693,107.87379115311747,114.84198482069385,119.81204044602622,126.4514127614994,132.10011379515734,141.41397357278174,148.6679395265536,157.51701139242658,164.68593415522136,171.3417327299101,180.94179189901405,189.13609468612384,199.355173121352,226.1649525836619,312.66696185218456,133.9178214248751
2025-08-27 18:15:00+00:00,388,5835,0.0,0.0,0.0,0.0,0.0,0.0,0.0,0.0,0.0,0.0,0.0,0.0,0.0,0.0,0.0,0.0,0.0,0.0,0.0,0.0,0.0
2025-08-27 18:30:00+00:00,389,5850,0.0,0.0,0.0,0.0,0.0,0.0,0.0,0.0,0.0,0.0,0.0,0.0,0.0,0.0,0.0,0.0,0.0,0.0,0.0,0.0,0.0
2025-08-27 18:45:00+00:00,390,5865,0.0,0.0,0.0,0.0,0.0,0.0,0.0,0.0,0.0,0.0,0.0,0.0,0.0,0.0,0.0,0.0,0.0,0.0,0.0,0.0,0.0
2025-08-27 19:00:00+00:00,391,5880,0.0,0.0,0.0,0.0,0.0,0.0,0.0,0.0,0.0,0.0,0.0,0.0,0.0,0.0,0.0,0.0,0.0,0.0,0.0,0.0,0.0
2025-08-27 19:15:00+00:00,392,5895,0.0,0.0,0.0,0.0,0.0,0.0,0.0,0.0,0.0,0.0,0.0,0.0,0.0,0.0,0.0,0.0,0.0,0.0,0.0,0.0,0.0
2025-08-27 19:30:00+00:00,393,5910,0.0,0.0,0.0,0.0,0.0,0.0,0.0,0.0,0.0,0.0,0.0,0.0,0.0,0.0,0.0,0.0,0.0,0.0,0.0,0.0,0.0
2025-08-27 19:45:00+00:00,394,5925,0.0,0.0,0.0,0.0,0.0,0.0,0.0,0.0,0.0,0.0,0.0,0.0,0.0,0.0,0.0,0.0,0.0,0.0,0.0,0.0,0.0
2025-08-27 20:00:00+00:00,395,5940,0.0,0.0,0.0,0.0,0.0,0.0,0.0,0.0,0.0,0.0,0.0,0.0,0.0,0.0,0.0,0.0,0.0,0.0,0.0,0.0,0.0
2025-08-27 20:15:00+00:00,396,5955,0.0,0.0,0.0,0.0,0.0,0.0,0.0,0.0,0.0,0.0,0.0,0.0,0.0,0.0,0.0,0.0,0.0,0.0,0.0,0.0,0.0
2025-08-27 20:30:00+00:00,397,5970,0.0,0.0,0.0,0.0,0.0,0.0,0.0,0.0,0.0,0.0,0.0,0.0,0.0,0.0,0.0,0.0,0.0,0.0,0.0,0.0,0.0
2025-08-27 20:45:00+00:00,398,5985,0.0,0.0,0.0,0.0,0.0,0.0,0.0,0.0,0.0,0.0,0.0,0.0,0.0,0.0,0.0,0.0,0.0,0.0,0.0,0.0,0.0
2025-08-27 21:00:00+00:00,399,6000,0.0,0.0,0.0,0.0,0.0,0.0,0.0,0.0,0.0,0.0,0.0,0.0,0.0,0.0,0.0,0.0,0.0,0.0,0.0,0.0,0.0
2025-08-27 21:15:00+00:00,400,6015,0.0,0.0,0.0,0.0,0.0,0.0,0.0,0.0,0.0,0.0,0.0,0.0,0.0,0.0,0.0,0.0,0.0,0.0,0.0,0.0,0.0
2025-08-27 21:30:00+00:00,401,6030,0.0,0.0,0.0,0.0,0.0,0.0,0.0,0.0,0.0,0.0,0.0,0.0,0.0,0.0,0.0,0.0,0.0,0.0,0.0,0.0,0.0
2025-08-27 21:45:00+00:00,402,6045,0.0,0.0,0.0,0.0,0.0,0.0,0.0,0.0,0.0,0.0,0.0,0.0,0.0,0.0,0.0,0.0,0.0,0.0,0.0,0.0,0.0
2025-08-27 22:00:00+00:00,403,6060,0.0,0.0,0.0,0.0,0.0,0.0,0.0,0.0,0.0,0.0,0.0,0.0,0.0,0.0,0.0,0.0,0.0,0.0,0.0,0.0,0.0
2025-08-27 22:15:00+00:00,404,6075,0.0,0.0,0.0,0.0,0.0,0.0,0.0,0.0,0.0,0.0,0.0,0.0,0.0,0.0,0.0,0.0,0.0,0.0,0.0,0.0,0.0
2025-08-27 22:30:00+00:00,405,6090,0.0,0.0,0.0,0.0,0.0,0.0,0.0,0.0,0.0,0.0,0.0,0.0,0.0,0.0,0.0,0.0,0.0,0.0,0.0,0.0,0.0
2025-08-27 22:45:00+00:00,406,6105,0.0,0.0,0.0,0.0,0.0,0.0,0.0,0.0,0.0,0.0,0.0,0.0,0.0,0.0,0.0,0.0,0.0,0.0,0.0,0.0,0.0
2025-08-27 23:00:00+00:00,407,6120,0.0,0.0,0.0,0.0,0.0,0.0,0.0,0.0,0.0,0.0,0.0,0.0,0.0,0.0,0.0,0.0,0.0,0.0,0.0,0.0,0.0
2025-08-27 23:15:00+00:00,408,6135,0.0,0.0,0.0,0.0,0.0,0.0,0.0,0.0,0.0,0.0,0.0,0.0,0.0,0.0,0.0,0.0,0.0,0.0,0.0,0.0,0.0
2025-08-27 23:30:00+00:00,409,6150,0.0,0.0,0.0,0.0,0.0,0.0,0.0,0.0,0.0,0.0,0.0,0.0,0.0,0.0,0.0,0.0,0.0,0.0,0.0,0.0,0.0
2025-08-27 23:45:00+00:00,410,6165,0.0,0.0,0.0,0.0,0.0,0.0,0.0,0.0,0.0,0.0,0.0,0.0,0.0,0.0,0.0,0.0,0.0,0.0,0.0,0.0,0.0
2025-08-28 00:00:00+00:00,411,6180,0.0,0.0,0.0,0.0,0.0,0.0,0.0,0.0,0.0,0.0,0.0,0.0,0.0,0.0,0.0,0.0,0.0,0.0,0.0,0.0,0.0
2025-08-28 00:15:00+00:00,412,6195,0.0,0.0,0.0,0.0,0.0,0.0,0.0,0.0,0.0,0.0,0.0,0.0,0.0,0.0,0.0,0.0,0.0,0.0,0.0,0.0,0.0
2025-08-28 00:30:00+00:00,413,6210,0.0,0.0,0.0,0.0,0.0,0.0,0.0,0.0,0.0,0.0,0.0,0.0,0.0,0.0,0.0,0.0,0.0,0.0,0.0,0.0,0.0
2025-08-28 00:45:00+00:00,414,6225,0.0,0.0,0.0,0.0,0.0,0.0,0.0,0.0,0.0,0.0,0.0,0.0,0.0,0.0,0.0,0.0,0.0,0.0,0.0,0.0,0.0
2025-08-28 01:00:00+00:00,415,6240,0.0,0.0,0.0,0.0,0.0,0.0,0.0,0.0,0.0,0.0,0.0,0.0,0.0,0.0,0.0,0.0,0.0,0.0,0.0,0.0,0.0
2025-08-28 01:15:00+00:00,416,6255,0.0,0.0,0.0,0.0,0.0,0.0,0.0,0.0,0.0,0.0,0.0,0.0,0.0,0.0,0.0,0.0,0.0,0.0,0.0,0.0,0.0
2025-08-28 01:30:00+00:00,417,6270,0.0,0.0,0.0,0.0,0.0,0.0,0.0,0.0,0.0,0.0,0.0,0.0,0.0,0.0,0.0,0.0,0.0,0.0,0.0,0.0,0.0
2025-08-28 01:45:00+00:00,418,6285,0.0,0.0,0.0,0.0,0.0,0.0,0.0,0.0,0.0,0.0,0.0,0.0,0.0,0.0,0.0,0.0,0.0,0.0,0.0,0.0,0.0
2025-08-28 02:00:00+00:00,419,6300,0.0,0.0,0.0,0.0,0.0,0.0,0.0,0.0,0.0,0.0,0.0,0.0,0.0,0.0,0.0,0.0,0.0,0.0,0.0,0.0,0.0
2025-08-28 02:15:00+00:00,420,6315,0.0,0.0,0.0,0.0,0.0,0.0,0.0,0.0,0.0,0.0,0.0,0.0,0.0,0.0,0.0,0.0,0.0,0.0,0.0,0.0,0.0
2025-08-28 02:30:00+00:00,421,6330,0.0,0.0,0.0,0.0,0.0,0.0,0.0,0.0,0.0,0.0,0.0,0.0,0.0,0.0,0.0,0.0,0.0,0.0,0.0,0.0,0.0
2025-08-28 02:45:00+00:00,422,6345,0.0,0.0,0.0,0.0,0.0,0.0,0.0,0.0,0.0,0.0,0.0,0.0,0.0,0.0,0.0,0.0,0.0,0.0,0.0,0.0,0.0
2025-08-28 03:00:00+00:00,423,6360,0.0,0.0,0.0,0.0,0.0,0.0,0.0,0.0,0.0,0.0,0.0,0.0,0.0,0.0,0.0,0.0,0.0,0.0,0.0,0.0,0.0
2025-08-28 03:15:00+00:00,424,6375,0.0,0.0,0.0,0.0,0.0,0.0,0.0,0.0,0.0,0.0,0.0,0.0,0.0,0.0,0.0,0.0,0.0,0.0,0.0,0.0,0.0
2025-08-28 03:30:00+00:00,425,6390,0.0,0.0,0.0,0.0,0.0,0.0,0.0,0.0,0.0,0.0,0.0,0.0,0.0,0.0,0.0,0.0,0.0,0.0,0.0,0.0,0.0
2025-08-28 03:45:00+00:00,426,6405,0.0,0.0,0.0,0.0,0.0,0.0,0.0,0.0,0.0,0.0,0.0,0.0,0.0,0.0,0.0,0.0,0.0,0.0,0.0,0.0,0.0
2025-08-28 04:00:00+00:00,427,6420,0.0,0.0,0.0,0.0,0.0,0.0,0.0,0.0,0.0,0.0,0.0,0.0,0.0,0.0,0.0,0.0,0.0,0.0,0.0,0.0,0.0
2025-08-28 04:15:00+00:00,428,6435,0.0,0.0,0.05667485890881295,0.14480278087696705,0.5418378458650919,1.2125525587783093,2.2855018978928765,3.1779462770334366,3.99282124072156,4.71504109708914,5.448467565657887,6.048627148301253,6.8054982441092795,7.451757164065555,8.284889504787145,9.058116082595612,9.684196611384547,10.607884024762058,11.769856791618635,18.16179727137675,5.0784031295366425
2025-08-28 04:30:00+00:00,429,6450,0.0,2.688556731053116,8.318940030142613,35.01453965823024,79.91127340477014,127.70152082911659,159.11417156184444,188.27651483167003,223.80292180730186,257.75509989770046,287.4626354121592,316.1297091204663,345.3842080218676,377.09016503672166,419.6738198597152,449.3618330513203,476.96594223927025,519.1088822055693,576.6544198693938,814.6637805378791,266.59325369344896
2025-08-28 04:45:00+00:00,430,6465,46.046552554817445,86.68438641940241,213.32269737434254,315.3154823569148,366.43947468227464,479.3924236617417,608.5452155664303,711.4666746527558,787.0767996046989,862.955451144563,947.6077184139433,1037.4299960872181,1108.7048648477648,1177.0846479330035,1263.1437324988754,1383.0636499156958,1469.344244508315,1652.3356173541465,1836.0130680694845,2312.1646349772864,888.3420127823446
2025-08-28 05:00:00+00:00,431,6480,299.38050560288303,590.6188599242196,841.8289660764078,995.9366077166115,1287.7356938708429,1451.9274416713868,1674.9167694436728,1852.2033558485184,2044.8856154640355,2211.0992017381172,2376.4710060495104,2497.7412259479875,2656.39696929168,2858.279016283099,3042.6550219780183,3222.0021775182036,3424.8681295045467,3651.9477621474957,3984.9419433381036,4743.860929671986,2207.782465743722
2025-08-28 05:15:00+00:00,432,6495,907.4241165535899,1398.7824473421658,1811.9523379752527,2255.587969114174,2512.291137932248,2800.673985428312,3053.4109586445115,3412.607428063425,3677.1260189683894,3990.5514209463454,4237.634345192508,4562.4522008949325,4961.505881370533,5144.15785884734,5377.2290061143585,5674.339476723566,6048.113258865357,6310.292324185247,6789.2335172338635,7923.898109141225,4014.946750792607
2025-08-28 05:30:00+00:00,433,6510,1616.9947354341948,2561.6948858569185,3219.581164826828,3644.1421723925255,4084.1975822212466,4456.176252543579,4865.288765877504,5355.660969756565,5856.871570799353,6268.413393009417,6777.4593807872,7322.016131108268,7625.6897693027895,7988.759999434435,8228.911725298243,8537.17013821012,9002.069148762463,9341.800511489875,9999.270227780593,11644.761386485825,6152.027151745219
2025-08-28 05:45:00+00:00,434,6525,2503.747933183656,3819.2194176445882,4351.582231227704,4841.778175264828,5400.208308269245,5725.005410146188,6323.424856158334,6796.191313250443,7359.595903005534,8024.496451348145,8663.719464567188,9747.144719868591,10286.917627528544,10848.789103532901,11148.535482183823,11510.301437181823,12140.437045344677,12615.53865462119,13507.122319567234,15696.327663446295,8212.292650799272
2025-08-28 06:00:00+00:00,435,6540,3538.997939281676,4973.106925613498,5709.816689383021,6293.699703682073,6977.935824523958,7377.637275753158,8305.44050249766,8769.676780670492,9451.821728955483,10284.762410637963,11269.658812527872,12620.906649533088,13331.923917397455,14084.797416212165,14416.266975340239,14943.870209140527,15722.511834920471,16216.375604055802,17200.25997178286,20016.657205148727,10625.828792496444
2025-08-28 06:15:00+00:00,436,6555,2275.2014791545544,3454.9850050677383,4991.809140958591,5969.147524679623,7114.820420522795,8004.357774711376,8565.174927021235,8910.582108966071,9734.83416884781,10961.170300764607,12127.341789855805,14409.52249758086,16047.914708157406,16780.547245786023,17397.04449287038,18291.63900849952,19123.872285608697,19391.677821099187,19883.148797451748,24513.359454446938,11994.34525713063
2025-08-28 06:30:00+00:00,437,6570,2776.921292871502,4607.378220395872,5721.4730662468655,7345.695566715217,8710.047998029146,9658.338535749179,10175.10603832696,11084.223643854537,11647.903953451454,13177.091921911478,14408.567972734725,16965.14723470367,19260.773726024538,20263.34583091036,20917.098237773247,22341.31287694873,22886.33129572595,23206.664446455467,24133.309232433094,29255.33079560718,14438.860968990015
2025-08-28 06:45:00+00:00,438,6585,3057.1802230236794,4787.277565479071,6403.091159188725,8359.687387549853,10056.983163645558,11346.812122539608,11934.241951653741,13007.268757890295,13999.414773412236,15497.582492024476,17753.873413327216,21730.96594434236,22813.26062268021,23623.79983446773,24652.064852433705,25911.832689478917,26499.45729529754,26882.308077145626,28136.332430366758,33986.27979481592,16947.79073974159
2025-08-28 07:00:00+00:00,439,6600,3623.758269065703,6180.491868354519,7571.439469841421,10120.66735182427,11686.446971406336,12899.235912406455,13578.62312956585,14669.649778693542,16174.137235527354,17563.493216179162,22011.87616998145,24941.320642478295,25933.243680837928,26874.703468111387,28479.21445430366,29510.059238599457,29959.729601736264,30367.26983489246,31675.762927449006,38647.330315935025,19649.83158711467
2025-08-28 07:15:00+00:00,440,6615,4358.319739294492,7422.486179652472,10590.531073460821,11964.832059304495,13463.800510275942,14427.315097333507,15564.654029015024,16721.559716069634,18395.316517594823,20388.096668661416,24579.738483121157,28014.763218823995,29326.82683242398,30681.370404757366,32470.101851095253,33245.8586551162,33752.873808506665,34176.50601381731,36233.46546617556,43234.18955449138,22413.843963646115
2025-08-28 07:30:00+00:00,441,6630,5049.516264849179,9063.144577466983,12012.44692768974,13582.411651685052,15215.521297375986,16015.58163481652,17538.62050481798,18742.396961676684,21234.747436158184,23832.744293443022,28711.647602071913,31499.144718379244,32470.46396597381,33816.20335311037,35687.21833296231,36702.14548936784,37290.08092664413,37727.52311138682,40064.520629176346,47703.83676870903,25088.916505634807
2025-08-28 07:45:00+00:00,442,6645,5077.375337786797,8556.023657880372,11927.659336210692,14153.283194065087,16119.378792299021,17574.637750971837,19199.017136342867,20792.62449172647,23211.161198375543,27361.340430192453,32468.26142615029,34577.69761764851,35790.72492613013,38044.61698737434,39301.531931817466,39998.65793754262,40589.47570723902,41825.641625778626,43513.536524785275,52018.749512210234,27419.989019262277
2025-08-28 08:00:00+00:00,443,6660,5534.491089353381,9192.726112456527,12742.525270922035,15153.12298274135,17597.6359722485,19644.701890863154,20923.95618555913,23768.921866502293,27023.8329186352,31874.32055267192,36578.156053238316,38332.95305229977,40206.07135681993,41823.50728463728,42750.41967288983,43365.21498795619,44603.426262786656,45665.68932323136,47274.34627114299,56145.76775233824,29579.914333916324
2025-08-28 08:15:00+00:00,444,6675,5809.188342302013,9066.041493244302,11365.806748231678,15912.885450979,18394.911217022574,20834.577955426892,22520.02825906534,25955.161273746104,29587.895625294736,35351.17500975693,38400.10242744795,40864.49476047518,42201.2037064628,44203.828741737765,45379.637618409506,46227.05627794105,46836.01425311291,48469.173684645466,50152.47435017156,60055.29919814917,31395.09208854625
2025-08-28 08:30:00+00:00,445,6690,4723.895032230979,8489.836221630792,10654.73685215055,14515.480283472183,18003.831596598742,20768.979426373386,23126.50903408678,26044.87419362941,30759.628189994004,38831.63966017104,41281.09416128925,43207.71899191123,44483.37921573999,46129.62069552745,47097.91172679465,48253.259052778274,49118.246611144335,50632.46768126171,52446.13273788544,63720.774631693675,32526.844271719136
2025-08-28 08:45:00+00:00,446,6705,4623.07431610309,8567.49913383637,10703.041241486882,14246.177369752066,17221.206097265465,20304.98628301236,23784.651206086466,27878.66981943801,32877.15746318107,40820.5566594805,43386.29113537548,45156.369834896155,46503.06975407403,47352.295818799845,48695.480815565956,50008.51236343189,50997.17003263278,52498.418492385004,54652.33858850845,66868.29404633927,33679.15214367382
2025-08-28 09:00:00+00:00,447,6720,3268.2139184948755,7214.738172476626,10107.60226102112,12526.147358414844,15282.075486008303,19835.063211254834,24230.701533501466,30078.6462061529,33893.865050448076,42673.556675154825,45267.73014690467,47018.849061496476,48277.289646184196,49139.30720809359,50222.18160233663,51326.09352065202,52657.67694678567,54415.135384133704,56437.691278635175,69925.90787797904,34435.646527338926
2025-08-28 09:15:00+00:00,448,6735,2812.2035888668556,7819.517759893342,10623.649586860776,13909.585217359745,16662.694439024053,21414.457380289914,26649.694777843524,31806.551218506695,37818.91921219225,45629.31783262787,48196.46281445467,49260.01764897299,50561.037990255754,51213.53057730421,52073.832398379665,53026.57508635374,54354.38304980706,55573.35168036804,58366.040390740185,72712.579854953,36203.60656470816
2025-08-28 09:30:00+00:00,449,6750,2386.0232841961024,6347.071188735272,10544.989255277662,13086.062182876598,16328.191758200332,21517.072895339872,27747.484381874077,33532.13979797362,39437.83525274969,46862.512073526115,50172.49212738396,50926.97764769094,52016.716184734454,52688.072437193776,53367.36021508836,54160.33860482716,55152.77661930739,56545.24127486123,58856.589644831925,75174.10832939055,36963.309981723236
2025-08-28 09:45:00+00:00,450,6765,2252.371149700266,6287.685658058565,11142.217420811441,15351.51021134685,19161.57811927223,26127.458981097025,31390.501508462025,36569.85180240034,45116.576520175106,49454.31218212838,51854.13168463606,52669.45096945875,53414.9746500696,53897.3181263362,54664.277755207455,55473.068993383284,56292.58818085602,57444.152146936125,59311.00247912113,77296.07676654118,38618.54983814221
2025-08-28 10:00:00+00:00,451,6780,2145.6839401386865,5964.541096229622,11093.398051902197,13916.14648533495,21230.98358772765,28054.5567960144,34260.94393759328,38788.68207409681,46309.06829382029,50957.405223996415,53048.933138667584,53878.114465598264,54590.30084211997,55181.73053238964,55844.47728433186,56609.950565252686,57324.235064246575,58235.45891415142,60448.594865072795,79066.22059175243,39664.42454228027
2025-08-28 10:15:00+00:00,452,6795,2368.1152108692595,5824.237669597159,10953.672995682418,16960.489950142946,23560.994155131622,32517.418094625566,37604.20433435555,43973.79004265506,49513.541700109796,52698.417561865645,53929.108619470164,54429.83048288478,55351.3215672225,55793.86345041044,56355.63543413739,57012.86442682812,57709.35633796233,58513.919563116644,60356.94042155344,80474.42679531242,41119.81600801327
2025-08-28 10:30:00+00:00,453,6810,2517.25799637749,6005.974056797566,11401.639900800594,14485.696231912858,24973.186975896428,32548.491772354504,38083.86753717727,45414.43393865645,50935.18238600309,53658.42499560671,54606.05924340202,55075.38799715918,55970.131430337555,56365.37699026786,56913.382277072764,57584.35975225697,58229.39379429396,59064.509773775375,60538.702569530506,81512.74615838268,41584.14059736804
2025-08-28 10:45:00+00:00,454,6825,2612.30462673731,6125.786256513713,11828.461218631528,15620.609748811541,24304.39478058951,32581.886839350555,39485.66889567685,46689.322106910935,50979.79352042722,54012.29764489008,54929.28035067224,55391.888678302625,56331.363622429766,56709.329283957704,57235.854212631864,57912.45848679123,58406.998246675656,59114.95997434546,60280.79730497957,82175.41173822408,41903.364455564464
2025-08-28 11:00:00+00:00,455,6840,3020.7500601407187,6502.9958288613725,12384.007358562347,17067.858225551863,24600.03615134479,33140.934971927294,40739.60363283038,47170.89291033345,50564.702131233345,53436.08408707724,55097.33974621694,55588.29935042582,56549.17272031816,56860.92678054242,57172.68084076668,57915.60017628521,58422.121430592466,59153.64568453295,59863.54960007099,82458.8581554534,41968.94338774201
2025-08-28 11:15:00+00:00,456,6855,3478.343704293556,7716.625756091874,13331.418453435677,18262.2305746739,28850.292915988255,36598.42315981704,42062.10018952352,47559.88721902355,50860.610606959905,53277.197824276605,55015.34799354995,55620.450997073465,56319.47408706357,56788.368774401766,57091.5309573814,57665.69361733978,58335.42710474877,58908.668425516786,59785.88285570116,82361.73754456262,42649.088509169844
2025-08-28 11:30:00+00:00,457,6870,4056.309962956715,7623.158706929091,13483.564881000739,21436.318442862164,30014.787890302025,38010.87504714201,44021.868462301056,47617.41386105311,51210.77058060521,52978.97051707875,54616.217614289504,55083.11375551984,56114.07560986394,56628.29954317371,56907.55789796428,57186.81625275486,57926.17040976907,58481.23073190635,59494.776168197975,81884.92924008591,42795.61967317616
2025-08-28 11:45:00+00:00,458,6885,2812.0813246273137,5312.258380353866,10694.920415199913,14247.088883303386,22272.58301731488,30681.659029807764,35604.1231701298,40029.439005189255,46264.590710386285,50408.86754312959,52770.67399352604,53828.07681914797,54257.020006674764,55471.926106815314,55969.13229672987,56474.712332971205,57190.22775138094,57892.8404319651,59974.23681164751,81031.54178498742,39782.06456098201
2025-08-28 12:00:00+00:00,459,6900,3070.693378293608,5112.686504755296,8495.197047581125,13077.359054736164,20531.095806532514,28885.922867660094,32163.650989959522,38491.642973289454,44578.40444677696,48311.36468036679,51810.07243278963,53341.58050345946,53766.874647603036,54549.15322616802,55345.31840395774,55929.32868552213,56324.49608604712,56802.271939897524,59235.51031738844,79806.90781148268,38641.767217858294
2025-08-28 12:15:00+00:00,460,6915,3349.3318565961536,6103.41184500003,9716.465749542303,14050.122444817232,20274.002861514284,28466.572123139686,33194.516450373434,38182.81893874654,44807.68781447949,48488.99848725966,51391.65400177383,52343.830174110495,52767.24070150443,53658.63238298928,54376.04010930106,54939.200527419845,55345.56255253839,56049.813388704904,58454.09354041294,78218.57396538791,38415.90121025063
2025-08-28 12:30:00+00:00,461,6930,3864.21083681003,6098.618463536918,9339.703507930088,15432.619645699491,19932.85599752078,28053.585150498606,33754.884145739394,39746.16860718888,44477.855346139935,48591.93089918297,50396.43715505927,51082.99070386966,51510.322806696444,52363.99991105836,53170.13913325002,53716.216399227276,54100.558169800606,54887.56617183227,57812.44275480313,76276.28966949634,38000.71755918907
2025-08-28 12:45:00+00:00,462,6945,3731.4493280237534,6921.3072899285025,10940.88467937009,16569.4298373778,25189.500211306724,29071.708234075802,36191.64044215152,41299.19722251081,44397.664777301085,47227.31490895408,48857.654120992695,49476.775060091975,49903.40390149296,50859.41534976276,51659.90648893475,52214.72655118461,52617.530418263006,53840.329862679995,56715.67122846852,73991.99970350863,38046.6725187614
2025-08-28 13:00:00+00:00,463,6960,4891.253743019387,7781.466712027728,14241.6252368236,20783.476558350376,25733.120838923984,28876.669099386472,35175.77318378271,39529.527436117234,42742.8458025068,45347.892862055836,46951.61012777708,47576.8736983931,48020.310083767064,48957.12150616099,49676.28617223039,50228.133549640115,50613.18933058259,51611.01075008226,54582.57052680137,71379.84631868415,37282.35275634691
2025-08-28 13:15:00+00:00,464,6975,4991.64550912495,8170.386215347113,14657.423990908079,21727.899703504754,25139.38828246817,29129.80942308713,34231.58990041436,37586.505356576075,40691.16979112125,43643.04293255619,45060.847339885324,45773.38433214702,46202.08829301312,46900.58797433136,47766.99741057763,48326.464925924396,48701.111681266935,49697.19986839235,52879.12318693296,68456.187689765,36123.460477845
2025-08-28 13:30:00+00:00,465,6990,5485.454325218501,8206.74655609343,13692.226574628003,19695.455683347413,23688.927250754892,26838.03647355461,32449.840335953984,35897.40389039543,38233.99029997749,41131.23375390566,42658.141951827165,43515.07345340789,43996.60680805279,44488.94109455693,45255.68229204783,45716.97708722295,46250.30647523061,47595.23432051772,50163.54285478919,65239.64102290031,34248.38392961234
2025-08-28 13:45:00+00:00,466,7005,5246.148673697184,7922.793248332791,12519.728539909725,17386.743255957295,21830.563720849066,24830.796568418948,30837.20731364781,33903.788649713235,36121.50779892774,39069.668760815664,40561.92636830145,41307.785567747575,41772.910779959864,42152.87262217959,43270.41056083545,43683.28999103806,44089.26498186482,45033.33721547507,47837.15519310543,61896.822344575674,32355.2165071474
2025-08-28 14:00:00+00:00,467,7020,5186.378948854746,7121.088346469094,10238.936557953713,14081.294627895111,19351.82923492135,21572.703286141907,25540.691849135696,30244.673314828142,33568.40720215581,36391.13256624796,37551.96917577423,38920.49633985456,39338.41564306046,39682.451742222074,40682.87744477031,41037.228331796796,41455.79990462714,42127.85735043348,44743.76698502642,58217.10963264116,29747.066696495607
2025-08-28 14:15:00+00:00,468,7035,5323.548740251967,6878.105647740589,9675.976410775147,14417.702268970983,18378.630119948546,20291.032193068986,23849.57670117358,28686.443848164876,31403.4026141524,33535.751965298274,35044.131882267066,36249.09417189762,36830.24096529977,37232.25540523694,38165.29213313733,38528.310461506626,38937.845505298465,40133.993797384996,42043.940345365736,54239.210117328555,28009.06863887876
2025-08-28 14:30:00+00:00,469,7050,4985.829247665974,6418.535403593394,9002.325407451179,12335.03041883488,15799.48310012874,18172.726937502295,20379.995478128214,25006.215594636997,27784.488133578718,29908.716503730484,31458.85959180857,32387.35087004258,33639.02088836645,34111.92441592505,34788.533211081594,35344.42378045962,35715.07580776851,36380.08599206477,38181.77142171265,50068.104068337714,25235.65682702985
2025-08-28 14:45:00+00:00,470,7065,5022.060153611084,6632.23540739712,9609.92541507551,12467.57924799867,15026.954264071814,17018.77597389915,19573.40015240801,24115.391873713004,26446.735682845254,27695.030732415165,29137.99580682699,29727.86693055903,30771.039527452132,31232.789832230712,31767.074623350178,32390.21400039016,32864.585971571985,33971.347095311176,35405.64244106404,45736.01661263643,23596.619731647108
2025-08-28 15:00:00+00:00,471,7080,4661.375086264911,6233.010117016686,9113.31858805601,11833.124960854155,14078.425282654254,15677.61153691395,17826.006262860716,21183.48733206522,23122.952455280276,24963.078962849126,26260.5418473643,26853.927781226444,27773.87129515706,28194.01118551354,28644.765428889394,29218.94864394339,29756.536127839965,30942.852770612444,32412.70946096481,41278.92044689867,21405.99597444276
2025-08-28 15:15:00+00:00,472,7095,4569.876540073534,6179.119318173469,8269.254443020931,10478.435583053135,11837.67286432744,13377.039896323431,15041.42163541272,17490.32056975455,19808.771428950924,21467.22007007796,22887.395512049414,23781.932428357453,24428.07071096958,24978.743557716916,25480.26037403193,26189.65468204842,27015.41926632032,28590.589432690518,30223.704670846564,36737.302025695484,19092.54800048551
2025-08-28 15:30:00+00:00,473,7110,4214.0166758381665,5727.299627144656,7487.008172920359,9392.910501867127,10660.22010863149,11836.366116961,13158.95011302876,14794.728702625296,17216.700731547895,18724.749263271016,20037.25350405563,20874.660182394382,21539.641265078335,22238.209144657085,22804.38020609741,23517.76739236936,24411.42656045506,25442.229771367518,26918.353885579058,32157.213343277876,16918.401555595545
2025-08-28 15:45:00+00:00,474,7125,3839.198233225644,5161.188212831254,6645.6895073090955,8104.015581102376,9125.035526374657,10198.48526177639,11154.162145884091,12852.841094911884,14735.198364298505,16040.843910356902,17054.11160181867,17696.70053625513,18264.324264396266,19070.432968711666,19587.704345632013,20073.73833196231,20776.618157651308,21744.842398874323,23053.674851020085,27591.67325071156,14500.234399924057
2025-08-28 16:00:00+00:00,475,7140,3335.035136365105,4431.666950718851,5478.431107297421,6517.330093255964,7504.402475653389,8400.040282363905,9099.960573975706,10372.440608333447,11771.864387731779,12934.125959086678,13745.599392421955,14435.947766444788,14974.227541265469,15524.718954216207,16103.890697567062,16646.91138739258,17295.09068963199,18011.45682674817,19327.028229167703,22972.267169784154,11915.116727671071
2025-08-28 16:15:00+00:00,476,7155,2691.134767825124,3650.9096958960463,4531.669009887205,5491.473738375936,6213.585291719376,6874.662105561252,7533.7781152101215,8317.297304813186,9469.89752654185,10359.344121993749,10823.38536183086,11479.744052973665,11961.955294222276,12294.966364642083,12953.625434500334,13405.271199657618,13963.807284459506,14632.941635261766,15204.454128241912,18613.286401595473,9599.050893601081
2025-08-28 16:30:00+00:00,477,7170,2177.645914989275,2979.7870888515245,3778.1864238946932,4411.628115561503,4879.2938112662905,5360.633318901537,5788.772641666837,6418.481633333412,7148.966616931058,7814.995101588595,8257.967455830296,8694.60219458746,9116.1476567907,9403.989989961034,9821.189671642995,10273.233263954704,10731.185391080331,11285.295692682945,11770.638397380184,14501.780759678371,7399.022848503323
2025-08-28 16:45:00+00:00,478,7185,1334.6013759523128,1975.0729647976468,2620.8637105182884,3093.8837912171603,3349.3321260795246,3647.069229907118,4182.246569919568,4601.02674546711,4956.762945143579,5479.097143711959,5856.886363342058,6102.956144917334,6383.083784211609,6698.580106443528,7044.28941037552,7398.282291612648,7705.442835469296,8086.834771156028,8564.501685024397,10691.487448569074,5248.093485110376
2025-08-28 17:00:00+00:00,479,7200,954.5052539171822,1515.7722766025583,1825.4488472541289,2152.3798970866223,2327.2232856123824,2641.4828345909073,2860.939753519273,3160.0252174502916,3361.467811881877,3594.3804653358648,3882.578485458813,4080.0709403487144,4270.6116709387925,4466.706149343036,4641.004442230284,4934.563383976784,5150.712522809046,5372.54259879507,5765.372600085224,7278.954977809676,3571.08196611012
2025-08-28 17:15:00+00:00,480,7215,565.8530750545452,850.2626449366023,1061.19503034648,1262.2892534973005,1357.8822689684698,1464.753419938519,1607.0788693935506,1716.3444311730889,1895.5908823871068,2008.2600499501573,2138.2570074111936,2294.821686186042,2417.374922186542,2552.366338719622,2668.857780733055,2768.6380353075933,2969.764822592757,3157.946596349865,3435.883820974057,4379.071708584978,2043.2363701096524
2025-08-28 17:30:00+00:00,481,7230,338.3065171688556,492.47262013793403,604.360401239438,705.4141690373161,777.476734379606,817.6712986335272,882.771066799597,981.8801223343356,1026.4374681789625,1117.588338139902,1183.3384747301195,1254.0282182893784,1331.9290096836198,1401.5043621461732,1481.8602680696856,1554.8319625579652,1611.6511246431967,1769.9156058647932,1971.7411890993776,2581.6798400451603,1143.8871525277339
2025-08-28 17:45:00+00:00,482,7245,180.48965493288398,261.88049881519254,322.9149970408476,380.2152116409779,416.09539666301384,441.1133120512613,478.93201881220176,535.2884954929173,562.4091048343334,606.5504175442494,642.7967380202977,676.8861319243257,721.0771788791956,756.7296938514102,801.2512832240055,834.0040993514098,872.8270407410599,943.9524907086849,1053.6431875441106,1411.513241269621,615.7976940131132
2025-08-28 18:00:00+00:00,483,7260,25.174489109174353,36.62513344076807,46.99867730395968,55.03223668345669,58.75449824860804,61.803967123738445,67.96665562600863,73.46541961153865,78.29366080696231,83.83376466658041,88.03306314833314,91.95688422155185,97.36203634052883,103.35168184493342,108.52425773763323,114.3536387170271,118.6631716400451,126.74888901393388,142.74241714308405,196.6246495506575,84.72658931342382
2025-08-28 18:15:00+00:00,484,7275,0.0,0.0,0.0,0.0,0.0,0.0,0.0,0.0,0.0,0.0,0.0,0.0,0.0,0.0,0.0,0.0,0.0,0.0,0.0,0.0,0.0
2025-08-28 18:30:00+00:00,485,7290,0.0,0.0,0.0,0.0,0.0,0.0,0.0,0.0,0.0,0.0,0.0,0.0,0.0,0.0,0.0,0.0,0.0,0.0,0.0,0.0,0.0
2025-08-28 18:45:00+00:00,486,7305,0.0,0.0,0.0,0.0,0.0,0.0,0.0,0.0,0.0,0.0,0.0,0.0,0.0,0.0,0.0,0.0,0.0,0.0,0.0,0.0,0.0
2025-08-28 19:00:00+00:00,487,7320,0.0,0.0,0.0,0.0,0.0,0.0,0.0,0.0,0.0,0.0,0.0,0.0,0.0,0.0,0.0,0.0,0.0,0.0,0.0,0.0,0.0
