horizon,horizon_num,horizon_minutes,p_05,p_10,p_15,p_20,p_25,p_30,p_35,p_40,p_45,p_50,p_55,p_60,p_65,p_70,p_75,p_80,p_85,p_90,p_95,clear_sky,deterministic
2025-08-05 23:15:00+00:00,0,15,0.0,0.0,0.0,0.0,0.0,0.0,0.0,0.0,0.0,0.0,0.0,0.0,0.0,0.0,0.0,0.0,0.0,0.0,0.0,0.0,0.0
2025-08-05 23:30:00+00:00,1,30,0.0,0.0,0.0,0.0,0.0,0.0,0.0,0.0,0.0,0.0,0.0,0.0,0.0,0.0,0.0,0.0,0.0,0.0,0.0,0.0,0.0
2025-08-05 23:45:00+00:00,2,45,0.0,0.0,0.0,0.0,0.0,0.0,0.0,0.0,0.0,0.0,0.0,0.0,0.0,0.0,0.0,0.0,0.0,0.0,0.0,0.0,0.0
2025-08-06 00:00:00+00:00,3,60,0.0,0.0,0.0,0.0,0.0,0.0,0.0,0.0,0.0,0.0,0.0,0.0,0.0,0.0,0.0,0.0,0.0,0.0,0.0,0.0,0.0
2025-08-06 00:15:00+00:00,4,75,0.0,0.0,0.0,0.0,0.0,0.0,0.0,0.0,0.0,0.0,0.0,0.0,0.0,0.0,0.0,0.0,0.0,0.0,0.0,0.0,0.0
2025-08-06 00:30:00+00:00,5,90,0.0,0.0,0.0,0.0,0.0,0.0,0.0,0.0,0.0,0.0,0.0,0.0,0.0,0.0,0.0,0.0,0.0,0.0,0.0,0.0,0.0
2025-08-06 00:45:00+00:00,6,105,0.0,0.0,0.0,0.0,0.0,0.0,0.0,0.0,0.0,0.0,0.0,0.0,0.0,0.0,0.0,0.0,0.0,0.0,0.0,0.0,0.0
2025-08-06 01:00:00+00:00,7,120,0.0,0.0,0.0,0.0,0.0,0.0,0.0,0.0,0.0,0.0,0.0,0.0,0.0,0.0,0.0,0.0,0.0,0.0,0.0,0.0,0.0
2025-08-06 01:15:00+00:00,8,135,0.0,0.0,0.0,0.0,0.0,0.0,0.0,0.0,0.0,0.0,0.0,0.0,0.0,0.0,0.0,0.0,0.0,0.0,0.0,0.0,0.0
2025-08-06 01:30:00+00:00,9,150,0.0,0.0,0.0,0.0,0.0,0.0,0.0,0.0,0.0,0.0,0.0,0.0,0.0,0.0,0.0,0.0,0.0,0.0,0.0,0.0,0.0
2025-08-06 01:45:00+00:00,10,165,0.0,0.0,0.0,0.0,0.0,0.0,0.0,0.0,0.0,0.0,0.0,0.0,0.0,0.0,0.0,0.0,0.0,0.0,0.0,0.0,0.0
2025-08-06 02:00:00+00:00,11,180,0.0,0.0,0.0,0.0,0.0,0.0,0.0,0.0,0.0,0.0,0.0,0.0,0.0,0.0,0.0,0.0,0.0,0.0,0.0,0.0,0.0
2025-08-06 02:15:00+00:00,12,195,0.0,0.0,0.0,0.0,0.0,0.0,0.0,0.0,0.0,0.0,0.0,0.0,0.0,0.0,0.0,0.0,0.0,0.0,0.0,0.0,0.0
2025-08-06 02:30:00+00:00,13,210,0.0,0.0,0.0,0.0,0.0,0.0,0.0,0.0,0.0,0.0,0.0,0.0,0.0,0.0,0.0,0.0,0.0,0.0,0.0,0.0,0.0
2025-08-06 02:45:00+00:00,14,225,0.0,0.0,0.0,0.0,0.0,0.0,0.0,0.0,0.0,0.0,0.0,0.0,0.0,0.0,0.0,0.0,0.0,0.0,0.0,0.0,0.0
2025-08-06 03:00:00+00:00,15,240,0.0,0.0,0.0,0.0,0.0,0.0,0.0,0.0,0.0,0.0,0.0,0.0,0.0,0.0,0.0,0.0,0.0,0.0,0.0,0.0,0.0
2025-08-06 03:15:00+00:00,16,255,0.0,0.0,0.0,0.0,0.0,0.0,0.0,0.0,0.0,0.0,0.0,0.0,0.0,0.0,0.0,0.0,0.0,0.0,0.0,0.0,0.0
2025-08-06 03:30:00+00:00,17,270,0.0,0.0,0.0,0.0,0.0,0.0,0.0,0.0,0.0,0.0,0.0,0.0,0.0,0.0,0.0,0.0,0.0,0.0,0.0,0.0,0.0
2025-08-06 03:45:00+00:00,18,285,4.439255576455127,8.31695187650597,12.913331467565843,16.856369530801896,19.67565089218512,23.410036765357756,26.34555284106326,31.178173327516028,37.33222623413047,43.29396581525044,50.19930902374649,58.88166426032946,71.79952861794432,80.80386612579534,86.41186762171377,93.63578653065794,101.31131692215818,113.7438606083678,131.82500242030991,170.34009663444675,55.64904921456996
2025-08-06 04:00:00+00:00,19,300,35.24041016070872,101.64321575321497,150.21823096732004,192.61451616122235,236.5951292914759,299.14057372245577,373.2296829014644,440.246588139935,523.5442188369316,580.1149936353623,619.8849699907711,642.4124294329552,690.4735219591806,715.6771556931221,754.9889186558928,797.8189390456032,850.4289900292298,927.6768101447727,994.1986842827863,1268.9267714135142,533.3914454014545
2025-08-06 04:15:00+00:00,20,315,92.1574512079381,216.6514947242477,367.550101734138,475.70330246811466,614.5071042348235,767.8192840502959,904.3303604142893,1051.1148977306564,1135.660495988852,1189.5662781961869,1269.104546352408,1323.5019489356848,1386.8786162468589,1448.383454185099,1537.8168167512981,1628.4144415674978,1693.8109612947853,1783.7004304422842,1925.3530325128738,2364.6994177987403,1110.0072860821988
2025-08-06 04:30:00+00:00,21,330,220.40436364817,495.4684797911734,794.0581078865263,1135.5053264309217,1470.236882586609,1644.278727139343,1761.4341246916229,1866.2503136540363,1993.3593097597652,2076.089655080686,2166.953832570017,2228.6926464122225,2305.1585411315987,2438.1549500772553,2512.54019943732,2576.253138345207,2704.823757800861,2803.772560105305,2996.0107927072636,3626.6161573483314,1916.5183107940113
2025-08-06 04:45:00+00:00,22,345,1278.0597047074336,2080.7974150868304,2587.4643482046863,2905.2244022626087,3115.499996358027,3268.825089977434,3416.799245778726,3580.92842366126,3658.4380717577624,3747.954844406887,3935.0817786574703,4024.323798006919,4130.845921044388,4203.826811677602,4312.307921788245,4459.550153281342,4632.479241630988,4806.7136184298315,5009.011931929727,6000.099731032151,3656.779510628545
2025-08-06 05:00:00+00:00,23,360,2115.1390325807765,3513.841326174666,4119.373980507248,4630.8463510702895,4934.478786527141,5197.281690044606,5397.500627329691,5538.780819746336,5721.069778732986,5991.321244991083,6098.527681054939,6268.934420585758,6369.045231743369,6565.800613560402,6733.026109155467,6958.2859768735,7160.072442627276,7358.840639167163,7579.81016815953,9056.293290189204,5635.367245734553
2025-08-06 05:15:00+00:00,24,375,3622.515105884517,4977.612095074726,5960.01475408298,6535.265265391124,7011.221077421447,7405.299774514575,7628.032405524987,7904.43339578933,8251.218718257269,8398.54599308211,8603.554969064066,8726.313380058313,8917.292804137724,9221.036944743475,9387.252879132968,9722.340525133002,9986.746114363492,10266.217102606386,10551.252503624026,12550.91665295232,7977.205408258406
2025-08-06 05:30:00+00:00,25,390,4951.304329137211,6804.988437025422,8040.981643660231,9091.963077340059,9676.341234863281,9971.899334479798,10336.660050147879,10792.681766407308,10999.58363730741,11252.860929467177,11425.973226879214,11705.364038772386,12049.34036126324,12254.709646087511,12623.77350888038,12940.356096548107,13224.397858431623,13602.045714191061,13878.261011134398,16395.882563344356,10704.687035839494
2025-08-06 05:45:00+00:00,26,405,6221.072974761191,8969.53134806642,10955.889011024676,11941.267750099225,12428.683171002715,12915.938769923854,13465.564428430074,13746.274718186736,14051.443589867844,14245.759943421066,14566.623638769475,15021.304034853556,15273.761797050971,15624.462734108354,15981.869398862205,16381.98664232813,16692.98913247698,17070.903045371746,17421.215490678558,20508.42849091353,13680.947456732703
2025-08-06 06:00:00+00:00,27,420,7991.603696593223,11317.645173939592,13861.886114389321,15041.317047618015,15403.067408365607,16356.574112977123,16719.868147784873,17025.66892776395,17416.079184090235,17884.403773087015,18439.843548601468,18674.021661708637,19101.32550317965,19483.561460222645,19918.508051072313,20181.989043773123,20550.81269475064,20972.634293008574,21363.52421246001,24970.682817837846,16984.58698001379
2025-08-06 06:15:00+00:00,28,435,6191.250714590557,12724.559636214235,16941.15514784929,17919.724436306205,18651.08035074936,19525.736476478993,19830.374189716484,20441.48182918779,21071.901133366555,21765.842234219854,22038.590598489624,22484.991562294308,22967.456412806743,23366.568908331144,23629.182559574296,23918.120107456652,24377.226925894483,24864.765168466776,25307.43456976207,29455.54285659029,20135.505912671186
2025-08-06 06:30:00+00:00,29,450,5125.53840785726,13983.066813686986,20584.757021624377,20891.020518825775,22021.563395280835,22608.79174199527,23024.26165422534,23701.23329044938,24503.391058341593,25296.69064278377,25718.9538089002,26300.818982519195,26686.949980308083,27032.61455703287,27310.804831743804,27720.271790914907,28284.107309274485,28686.889915835276,29148.738226895213,33991.86658750968,23214.05658412421
2025-08-06 06:45:00+00:00,30,465,4786.644375283109,14718.004283098093,23238.461997134633,23585.532861634983,24795.55057821556,25507.303321794414,25853.296856294994,26592.355690870172,28123.18578268134,28705.420316256725,29147.528887572378,29720.452542061146,30097.32434078059,30471.813218123007,30798.153021131646,31271.9449129029,31901.543611008554,32386.920390881896,32924.44878521619,38547.280645854895,26120.478273179957
2025-08-06 07:00:00+00:00,31,480,5042.6404887277085,15840.715980676403,25776.721327380033,26222.635395153222,27726.540869940247,28367.836246238614,28864.40246232951,30681.455983432847,31723.418527215144,32229.29021274857,32774.94958207018,33245.03264919105,33592.85229214417,33945.81389856277,34335.1076370938,34677.156661572684,35506.26942307062,36086.21409321789,36688.591245359225,43073.81431631388,29209.708397676237
2025-08-06 07:15:00+00:00,32,495,5846.175230477098,18341.2696232221,28613.52371489579,29164.812624886443,30659.587793764826,31371.767923767464,32048.20778208056,34119.51269447093,35232.05345894849,35783.689626131905,36447.43082423683,36927.29233940197,37290.33863570324,37642.080302671464,38037.28673252236,38411.994622206854,39347.41972463758,39997.93039091883,40656.25145954851,47529.09830395431,32479.73744189583
2025-08-06 07:30:00+00:00,33,510,13968.761903288125,21122.323142242945,31334.116572985702,32025.333112284923,33537.95047182761,34376.38099219968,35310.58727823865,37460.50025635764,38702.95458277011,39340.74682133617,40044.38245432434,40525.59885404712,40878.62745377116,41210.77869484304,41688.082892337676,42091.56371472812,42891.83896868609,43781.1350616887,44619.73240591985,51875.333738359965,35984.372473090094
2025-08-06 07:45:00+00:00,34,525,16636.57092020829,28431.79178039892,33072.60877393505,34686.51028993696,36040.02835508239,36670.51776283842,37303.29734451358,38142.64917454597,41045.38530658461,41961.49345986154,42740.97643348419,43317.43656093686,43687.26307577216,44040.92845492909,44417.52311101154,44906.72166114119,45433.36825192232,46866.994332911054,47792.820656038646,56078.50284035968,38815.72112687918
2025-08-06 08:00:00+00:00,35,540,18078.17275246674,25402.2227234121,32398.154304878768,35447.729416253154,38046.60429466548,38723.86131305359,39268.15750755434,39837.23812630659,40488.08143498547,41123.66659583642,43668.807573566955,44757.76395099813,45884.193343782434,46408.6497680931,46785.2745431703,47224.819317201116,47821.92265566434,48528.42835905425,50435.8769000625,59985.38127366854,40196.053375868105
2025-08-06 08:15:00+00:00,36,555,18128.41687046576,26169.84462689837,33081.64135004898,37242.47889674614,39985.469757189356,40731.579090601845,41193.50716299439,41971.97974610333,42550.77054662191,43471.43559385702,46542.18441784714,47615.516380112495,48594.22855555405,49030.159725364516,49402.58857319355,49761.3874166236,50413.87818354709,51330.77771086674,53315.448587191706,63735.632880481564,42103.59409465397
2025-08-06 08:30:00+00:00,37,570,18268.78717357824,29285.561567654084,34548.26394317125,39068.73327876241,41874.73591015137,42582.77260610785,43015.15558743961,43590.226167109824,44517.479976037816,45418.217217627505,48435.97957831511,49661.33378715892,50766.13801843302,51407.90107164921,51739.55347003325,52180.637171411305,52716.868010980084,53541.84197646225,56108.36605209635,67316.09908877437,44092.6421349921
2025-08-06 08:45:00+00:00,38,585,20395.8725565163,30942.75837017421,36122.21034481935,39177.53135469216,42552.27205267038,44095.225359923614,44550.286987143714,45171.67071785899,46069.741102764274,47122.858751733664,50802.11547270111,51796.09733392473,52639.868537524366,53437.88844737738,53810.259721110866,54252.70522825359,54800.84130176873,55727.666458478816,58360.72715279457,70645.62275183713,45802.69015740091
2025-08-06 09:00:00+00:00,39,600,21656.21179305585,33322.62574547285,37994.21175472072,40267.001614800574,43797.900707472145,45359.00692311568,45938.10980439781,46718.86633371859,47475.440925834264,48668.09313595355,52376.415184870486,53549.241731025686,54424.38293950858,55128.669061993314,55649.27094617382,56162.974129888215,56753.837965917024,57552.06687434876,60421.95749512329,73703.34600554341,47421.64144765577
2025-08-06 09:15:00+00:00,40,615,21975.21158383222,31935.571022033437,36739.175700067855,40024.6280558722,43323.12303580246,46432.99033801391,47075.26885541647,47775.13386268842,48681.63801908309,50033.46707050556,53856.97657799598,55140.96406384653,55984.09937328109,56612.118077549254,57242.28394974955,57830.198344130826,58484.915080599894,59247.451247548845,61921.40766078209,76470.54325373608,48323.28477654159
2025-08-06 09:30:00+00:00,41,630,22611.349673873076,33026.776702750685,38292.51773885161,41425.547620800375,44192.77227778803,47009.08516302356,48175.55928420372,48888.96907948307,49843.89998069114,51921.72100036825,55481.19761819252,56594.1410334574,57289.0309845427,57931.33204475106,58531.83036241518,59165.34130942788,59808.33571652424,60512.07304055733,63627.560250419374,78930.56593956772,49564.42830002248
2025-08-06 09:45:00+00:00,42,645,21783.437758497283,31667.505489178428,37308.88626327562,41336.7445825903,44681.358074616925,46566.21607785617,48543.40960092583,49040.628112786384,49872.50733937777,51265.178809653306,55816.00786680717,57086.765849418065,57802.47166062172,58415.733233438725,58971.80697984553,59552.53652811488,60329.82774530162,61240.29761821528,62593.96492660535,81068.81602247365,49562.31182048523
2025-08-06 10:00:00+00:00,43,660,14891.837123173538,27617.420802150078,33878.87177480196,38769.41520177839,42166.9614428493,46280.608643999025,47620.9338497917,49225.99270121317,50004.865135337226,51044.808694409556,52385.916308613385,56974.332412909804,58353.799753127496,59053.61282409368,59603.59017536936,60352.62176850647,60992.76373051551,61712.39906468316,62849.12941402089,82872.74045535836,48602.030697459464
2025-08-06 10:15:00+00:00,44,675,13111.180530668074,23615.039899502495,29235.205607608375,33763.24168781993,37154.171391510405,40428.00069176184,45503.40474337206,48273.78536142031,49880.39824275604,50651.25052484709,51591.9628558462,53157.80338806262,57913.03389189534,59428.38400444224,60264.22999775316,60795.37680680548,61547.21422287778,62326.86151998526,63444.95559244814,84331.84046241967,46956.35605681851
2025-08-06 10:30:00+00:00,45,690,12242.580793376508,18846.711053731302,25116.371683220415,30201.495016053086,33655.02598654798,35775.79000776842,40201.645665751166,44049.62286569337,49405.50817444064,50351.26539535274,51767.30689453012,52539.18251374584,53912.95665133113,56941.22126832856,59982.17556793316,61421.30805853961,62232.3559588374,63017.20628320621,63966.419430600145,85437.69072171717,45104.7391823203
2025-08-06 10:45:00+00:00,46,705,14097.774829408492,19403.283720556054,23226.960314598207,26612.074701610985,30795.21521766604,33319.95527566276,36196.706838529324,38870.93512357553,44151.66002364126,47467.84084872016,51536.65297941407,52445.829634712725,53791.38419326529,54829.25364549216,56852.04533981168,59304.53047763443,62048.839936599965,63570.147665645076,64695.75187675419,86183.96386422326,43570.976392542674
2025-08-06 11:00:00+00:00,47,720,14944.062279190312,18093.676385360166,20608.757243086624,23254.78220878634,25728.566306564815,28107.765282848515,30333.178035348523,33922.82805494274,35745.718937104626,38294.96215218641,40723.26942169205,45157.07159906563,47937.607573762005,52041.37270187104,54470.63876072953,56486.83921282118,58989.26217982389,61320.549114951056,64146.642088224085,86566.45533813603,39604.25791643161
2025-08-06 11:15:00+00:00,48,735,14186.436888932189,17493.89372764208,20252.36354661821,22798.61143622489,25431.985705998064,27241.27707972703,28917.57418916624,32442.04871376714,35155.07688752595,38169.14329477862,41656.86694580585,45151.32822064696,48319.7016007325,52613.81516246148,54717.12916361575,56659.80327784914,59796.59628383961,62191.193187167984,65289.76363982504,86583.10395648968,39826.17251804443
2025-08-06 11:30:00+00:00,49,750,13400.343088038031,16607.46849224635,19617.548347355292,22627.25461777735,25366.283115625443,27076.809310861354,28857.200682074345,33091.64008001981,34824.577093914275,38740.926780765854,42168.947545571784,46684.908377942076,49240.57509760073,53359.00657031926,54623.24905056968,57264.05354351838,60866.1796628514,63094.39566330754,68547.32367343463,86234.00404797522,40178.52305751696
2025-08-06 11:45:00+00:00,50,765,13307.200078908445,16447.042256876208,19434.10933391754,22206.863992897095,24757.641641797458,26441.49142168838,28327.042658658807,32152.421309433463,34584.95363405567,38786.351997179845,42860.85699113917,46814.42814436056,49212.274416839886,53322.51948013256,54664.92634528715,57445.881612550394,60543.43375082155,62908.840898205824,68946.4751626116,85521.4065872399,40021.21602494762
2025-08-06 12:00:00+00:00,51,780,13176.819419282918,16221.820013834164,19314.191074615883,22112.9471331841,24740.56585117048,26109.4213711898,28111.90550392526,31663.390219131452,34884.356795218075,39137.53829980513,43521.38169796729,46948.80464007908,49078.40527461745,53220.969836353965,55203.0639307362,58291.183698963876,60715.74062913725,63603.57331170158,68695.97613639127,84449.70913482716,40087.52858937099
2025-08-06 12:15:00+00:00,52,795,11623.716089266436,14018.961140800622,17293.53022045766,19872.93633786409,22463.090009585132,24749.068896945373,26476.586623410363,30050.392605944453,32129.950856292427,35346.44305411831,38899.89880259218,40633.63000310683,44475.38377875746,50293.350027025874,53858.75555694276,57516.062516446465,60401.18530332783,62819.85125935065,66152.45745759271,83025.43672549784,37654.4887239384
2025-08-06 12:30:00+00:00,53,810,11617.992971908809,13914.125737058774,17842.812649438285,20454.632827984147,22733.75364872167,24834.023816557747,26549.308832138304,30363.113537324418,32735.696029555198,35821.32044217637,38374.06037806796,40032.63951066003,43759.54780907234,49213.60621154064,52513.492461275826,56061.342293978945,58723.693893514064,61118.088079837056,64661.13077107738,81257.21784046704,37216.83824261101
2025-08-06 12:45:00+00:00,54,825,11369.394793244535,13756.971524391192,17593.21466312171,19968.727205245403,22474.784795452004,24356.959149269816,26124.474937783707,29871.398034483977,31824.724896851418,34731.04045276893,37291.54889781883,38907.23002501323,42509.28974757562,47471.00813743709,51064.73018258516,54456.76540616738,56651.355367499695,59356.98006676526,63174.09055188465,79155.760620576,36193.57243158099
2025-08-06 13:00:00+00:00,55,840,11257.608332877935,14023.940444161432,17596.70913487497,19694.566065707197,22203.504347535738,23991.513378343414,26120.22806408097,29295.401596153166,31082.417969066682,33957.55093981753,36262.08996180472,37619.18137584178,41050.80075073454,45505.639490269,49150.279857117195,52484.18854844427,54525.525585285955,57677.49863689588,61368.874070621314,76733.83429135419,35234.413954220974
2025-08-06 13:15:00+00:00,56,855,11575.810726515641,14472.690106794773,18018.252748113162,20000.68558541541,22402.72816109078,23812.60931461928,27066.03605748333,29150.084989656927,31123.25126341594,33695.97798343468,35379.299684899364,36902.72216453581,40102.069734188255,44914.16248296407,48072.305341528554,51211.65720324953,53855.843178498886,56009.63302928331,59533.360344633664,74006.2606314146,34806.33600817759
2025-08-06 13:30:00+00:00,57,870,11290.772503107604,14084.540246925768,17550.77609122349,19409.651195702896,21686.04219517575,23058.784795632382,26145.24738392718,28328.9739968163,30733.73671385188,32755.424188005127,34351.07347059634,36675.05146539244,39367.849612865524,43638.29834166424,46575.39424317105,49695.115212947574,51800.89445480908,53823.59935554762,57575.516555497255,70989.91999886303,33803.186672139
2025-08-06 13:45:00+00:00,58,885,10712.170628004655,13635.37810624425,16500.696394891707,18318.430267845506,20549.277324493447,21808.965383107265,24776.287592197546,26591.91058589201,28632.43990477496,30981.475478385364,32483.07144737866,34246.19142046606,36844.5679469832,41249.6982791806,44114.916631961205,47098.937189633,49466.005816459605,51278.37997857199,54498.096486553884,67703.77642003406,32037.81796040766
2025-08-06 14:00:00+00:00,59,900,10272.238674476625,13377.842095122674,15559.296088504105,17441.78743841114,19460.37524790457,20748.5293769892,23558.653247740058,25237.586300638057,27171.875875401278,29370.099952795354,30887.216367600115,32893.40072268876,36293.02329881827,39691.082199081284,42188.44197328646,44629.08426687583,46848.90196583631,48460.30294026889,51490.97174506737,64168.92780054916,30519.827324268088
2025-08-06 14:15:00+00:00,60,915,9514.606715331818,12892.657268079054,14907.491604458508,16761.045449961814,18327.844572488626,19730.763131048938,22132.404771575155,24400.04277320959,26518.601651019504,28163.55823438645,29406.253949289323,31901.505544873642,35203.1943164972,37682.469211115655,39449.5540946461,41649.53455138466,43636.886532878954,45076.440572628875,48095.08888852222,60408.68930949247,28891.396497829108
2025-08-06 14:30:00+00:00,61,930,7994.866115781266,10702.677556467032,13003.036609275694,14987.058374428365,16618.30528305792,17771.80373393529,20388.92075973731,22541.860082762225,24394.0322266853,26011.95589915005,27300.818663058413,29605.19175288698,32742.928615085257,34393.94550244871,36340.584218096585,38149.97881800401,39990.58749815596,41631.238704904135,44624.012356640524,56469.584465366184,26453.24811265736
2025-08-06 14:45:00+00:00,62,945,7677.624785346147,11005.121675691584,12679.70776153018,14336.178499189547,15771.322554427898,16962.656266644826,19141.062873878174,20868.897599074815,23010.057110914582,24556.597018005476,25819.100345887462,27585.604487730758,30639.12626942577,32412.10055801644,34036.36541823038,36106.789490980635,38411.91476807806,39670.637805995364,42663.0513609661,52406.847900277266,25074.284896337038
2025-08-06 15:00:00+00:00,63,960,6823.094946502439,9329.702844381954,11444.64396108857,12771.167775137998,13831.69102504541,15267.20846079603,17191.696873343248,18663.76617038542,20918.50584316118,22390.812612714886,24060.038566980704,25548.909024023276,27381.34157213123,29149.614984860902,30389.18818805369,32251.902879647558,34949.95005012905,36395.65136806248,39263.59300513771,48110.10584432713,22696.762584164222
2025-08-06 15:15:00+00:00,64,975,6352.588968105195,9645.831698363596,11177.419016408367,11964.035118126607,14010.890043872692,15981.63592293257,18308.830947102982,19575.498024365013,20832.894241691243,22222.33010242487,23349.682442525227,24650.251678361434,25996.944939609788,27097.608382680377,28821.77386202355,30480.476287816142,31600.709594580178,32907.66304878102,34889.02458695098,43706.33686971073,21621.782565680183
2025-08-06 15:30:00+00:00,65,990,6537.476514086011,9324.803065194004,10883.435852405759,12691.839813774854,15593.563590622402,16985.624324507906,18113.16264642809,19329.48488082083,20169.240878925903,21073.94258961072,22211.142729153966,22833.765897713893,23661.538947934103,24921.407231609355,26059.218092593983,27168.26089240227,27898.986071440606,28828.107062006387,30136.96787034329,39232.73708879675,20166.172504147617
2025-08-06 15:45:00+00:00,66,1005,6013.482122163747,8365.653933082544,9866.387931350706,11073.420834232707,13036.625884315774,14348.740154420533,15444.284184152391,16465.49472037294,17353.40872729415,18104.079683987613,18997.40121272816,19822.221740310408,20508.264775982127,21097.25306420397,22159.65995994446,23399.758715293257,24388.544472816408,25096.961799247638,26013.711948186574,34730.56034041798,17413.3699077598
2025-08-06 16:00:00+00:00,67,1020,5508.673638338646,7091.191439538629,7834.521009107602,9053.02434503272,10287.349934149217,11819.439404538487,12518.333453156483,13482.432837277025,14233.995629363015,14992.121914520967,15600.036219851914,16413.223133906267,17172.935415531207,17693.743442868097,18319.28282583469,19311.005207196267,20527.546950929624,21494.911312318884,22649.43010582344,30245.923525894184,14528.315877420371
2025-08-06 16:15:00+00:00,68,1035,4839.003228111848,6175.3138659748765,6792.497254327447,7524.97274382307,8343.699797187663,9411.209249093003,10352.976153265834,11192.734541319523,11887.3455783385,12564.823468721952,13028.175259252117,13452.299753960333,14082.531343205255,14756.786368755826,15215.074791033154,15677.187179563081,16937.050548018706,18196.925376320163,19397.61616969944,25830.81194301586,12148.746757583513
2025-08-06 16:30:00+00:00,69,1050,3913.3344495212095,5127.17337830045,5489.747379627717,6226.725423597479,6842.141908832474,7597.9537477966005,8587.061496786464,8979.725747414646,9486.164442168461,10011.04091634127,10572.745276402993,10860.755760767312,11337.521650271092,11858.724441059112,12289.550405384703,12857.185129157186,13590.05452514698,14711.041202199769,16118.339108480688,21533.25388467157,9852.5018886338
2025-08-06 16:45:00+00:00,70,1065,3173.869165238669,4039.726092576938,4396.019659606029,4866.9021214429995,5290.466478853586,5770.244636773459,6298.980696468351,6896.972830049672,7256.326225261053,7642.947658007483,8208.857138295607,8581.530673492343,8872.81558287909,9416.874015072995,9762.051292091053,10193.612979940732,10473.535356071663,11182.134612510084,12928.148619629084,17281.134827514452,7682.966214529767
2025-08-06 17:00:00+00:00,71,1080,2495.2241017229717,3044.1918816365605,3353.3655944798993,3656.794763583765,3907.2551705698884,4293.612117593549,4686.312518739982,5053.6822527779395,5413.047412889957,5749.845503276009,6012.897995321234,6435.077088304614,6717.249569625063,6980.2543240566065,7389.560908475303,7658.026514901997,8005.718453840626,8557.870014482094,9649.721258426704,13430.035496186774,5775.6827629216195
2025-08-06 17:15:00+00:00,72,1095,1849.065301465871,2257.6426874507856,2488.9864331700137,2709.742490434482,2895.5766585562733,3168.2067282911853,3415.220800517488,3690.5027946628343,3956.7282948777806,4154.054306475377,4381.846022980874,4660.33299076418,4927.81279478025,5140.6747162955,5489.705736249175,5664.185261968255,5940.810150725186,6368.2133682859,7118.697629257611,9902.26010037245,4252.076731144851
2025-08-06 17:30:00+00:00,73,1110,1188.2412360631315,1481.6437017924923,1680.4000795831944,1820.7261182620116,1945.4369686140594,2092.3699493023496,2246.0670107253686,2416.5213919400667,2623.9070165618755,2735.686662074809,2880.484834122988,3010.0837828756016,3207.9668504471847,3386.424713010961,3579.708950100548,3809.830174593177,4021.362490577995,4320.2840609144405,4856.640642046033,6779.181387319388,2828.0184967282366
2025-08-06 17:45:00+00:00,74,1125,692.3871906951617,878.4399872786839,1055.4803030637825,1194.8162261932823,1278.449414074144,1383.4420063554414,1463.5949336869758,1570.0441228927575,1670.6977149346405,1797.6773049770788,1879.4037106327512,2001.196188584445,2148.786328411278,2259.0600405708406,2378.506657302019,2538.7073565420624,2708.1286419641033,2907.2026148850377,3291.7989346396294,4533.125246230672,1867.4364261862058
2025-08-06 18:00:00+00:00,75,1140,448.7690256949323,659.8049503008926,803.7916579282199,918.391743201182,976.0229051892371,1075.5160029916963,1139.6513463133817,1216.000718692886,1284.7107564332546,1381.9853020177482,1448.059561964685,1523.778291425536,1643.8481418735626,1725.2285985225833,1790.9998292320115,1937.328576701713,2036.5379819804245,2233.1119378410067,2525.3337814577185,3547.5587579447924,1425.8216038121063
2025-08-06 18:15:00+00:00,76,1155,235.03374207923986,396.5397555184494,493.43934502319416,606.7890780442609,660.6905586414275,714.5070395457415,769.7063500491155,816.8612125186627,870.1140419392104,923.8981105156574,981.766435822493,1024.4068594332969,1076.3995736614693,1160.0127938027267,1215.681932238804,1325.3399308300334,1394.9010402705753,1531.337228415766,1744.9677145222154,2432.632747943108,954.2858327317733
2025-08-06 18:30:00+00:00,77,1170,105.45147413163109,185.2309566185173,255.9508467272985,317.9001177839925,360.17937043777334,383.63426402320846,426.18729965994703,443.40117908094123,473.0361475289887,500.28404994582365,536.1215151152873,569.5705467420055,595.3691199361144,645.5093659008431,684.5317872350018,746.9511093645049,783.9757193645622,855.8071592871856,955.3446810239241,1348.6696596222178,523.2049828639238
2025-08-06 18:45:00+00:00,78,1185,14.069566047672113,19.27561553209415,26.48959040689856,34.56586920666188,41.62305665921739,47.16749941897691,57.48053519070752,60.95392105869646,66.34304096132662,72.03767746117862,78.2498857323756,82.71871457463217,87.73909253313788,91.79381404585786,98.8430735602218,105.93089877783991,114.06668620430071,123.4007665512577,143.0553735746535,200.9080996573033,72.96898522788926
2025-08-06 19:00:00+00:00,79,1200,0.0,0.0,0.0,0.0,0.0,0.0,0.0,0.0,0.0,0.0,0.0,0.0,0.0,0.0,0.0,0.0,0.0,0.0,0.0,0.0,0.0
2025-08-06 19:15:00+00:00,80,1215,0.0,0.0,0.0,0.0,0.0,0.0,0.0,0.0,0.0,0.0,0.0,0.0,0.0,0.0,0.0,0.0,0.0,0.0,0.0,0.0,0.0
2025-08-06 19:30:00+00:00,81,1230,0.0,0.0,0.0,0.0,0.0,0.0,0.0,0.0,0.0,0.0,0.0,0.0,0.0,0.0,0.0,0.0,0.0,0.0,0.0,0.0,0.0
2025-08-06 19:45:00+00:00,82,1245,0.0,0.0,0.0,0.0,0.0,0.0,0.0,0.0,0.0,0.0,0.0,0.0,0.0,0.0,0.0,0.0,0.0,0.0,0.0,0.0,0.0
2025-08-06 20:00:00+00:00,83,1260,0.0,0.0,0.0,0.0,0.0,0.0,0.0,0.0,0.0,0.0,0.0,0.0,0.0,0.0,0.0,0.0,0.0,0.0,0.0,0.0,0.0
2025-08-06 20:15:00+00:00,84,1275,0.0,0.0,0.0,0.0,0.0,0.0,0.0,0.0,0.0,0.0,0.0,0.0,0.0,0.0,0.0,0.0,0.0,0.0,0.0,0.0,0.0
2025-08-06 20:30:00+00:00,85,1290,0.0,0.0,0.0,0.0,0.0,0.0,0.0,0.0,0.0,0.0,0.0,0.0,0.0,0.0,0.0,0.0,0.0,0.0,0.0,0.0,0.0
2025-08-06 20:45:00+00:00,86,1305,0.0,0.0,0.0,0.0,0.0,0.0,0.0,0.0,0.0,0.0,0.0,0.0,0.0,0.0,0.0,0.0,0.0,0.0,0.0,0.0,0.0
2025-08-06 21:00:00+00:00,87,1320,0.0,0.0,0.0,0.0,0.0,0.0,0.0,0.0,0.0,0.0,0.0,0.0,0.0,0.0,0.0,0.0,0.0,0.0,0.0,0.0,0.0
2025-08-06 21:15:00+00:00,88,1335,0.0,0.0,0.0,0.0,0.0,0.0,0.0,0.0,0.0,0.0,0.0,0.0,0.0,0.0,0.0,0.0,0.0,0.0,0.0,0.0,0.0
2025-08-06 21:30:00+00:00,89,1350,0.0,0.0,0.0,0.0,0.0,0.0,0.0,0.0,0.0,0.0,0.0,0.0,0.0,0.0,0.0,0.0,0.0,0.0,0.0,0.0,0.0
2025-08-06 21:45:00+00:00,90,1365,0.0,0.0,0.0,0.0,0.0,0.0,0.0,0.0,0.0,0.0,0.0,0.0,0.0,0.0,0.0,0.0,0.0,0.0,0.0,0.0,0.0
2025-08-06 22:00:00+00:00,91,1380,0.0,0.0,0.0,0.0,0.0,0.0,0.0,0.0,0.0,0.0,0.0,0.0,0.0,0.0,0.0,0.0,0.0,0.0,0.0,0.0,0.0
2025-08-06 22:15:00+00:00,92,1395,0.0,0.0,0.0,0.0,0.0,0.0,0.0,0.0,0.0,0.0,0.0,0.0,0.0,0.0,0.0,0.0,0.0,0.0,0.0,0.0,0.0
2025-08-06 22:30:00+00:00,93,1410,0.0,0.0,0.0,0.0,0.0,0.0,0.0,0.0,0.0,0.0,0.0,0.0,0.0,0.0,0.0,0.0,0.0,0.0,0.0,0.0,0.0
2025-08-06 22:45:00+00:00,94,1425,0.0,0.0,0.0,0.0,0.0,0.0,0.0,0.0,0.0,0.0,0.0,0.0,0.0,0.0,0.0,0.0,0.0,0.0,0.0,0.0,0.0
2025-08-06 23:00:00+00:00,95,1440,0.0,0.0,0.0,0.0,0.0,0.0,0.0,0.0,0.0,0.0,0.0,0.0,0.0,0.0,0.0,0.0,0.0,0.0,0.0,0.0,0.0
2025-08-06 23:15:00+00:00,96,1455,0.0,0.0,0.0,0.0,0.0,0.0,0.0,0.0,0.0,0.0,0.0,0.0,0.0,0.0,0.0,0.0,0.0,0.0,0.0,0.0,0.0
2025-08-06 23:30:00+00:00,97,1470,0.0,0.0,0.0,0.0,0.0,0.0,0.0,0.0,0.0,0.0,0.0,0.0,0.0,0.0,0.0,0.0,0.0,0.0,0.0,0.0,0.0
2025-08-06 23:45:00+00:00,98,1485,0.0,0.0,0.0,0.0,0.0,0.0,0.0,0.0,0.0,0.0,0.0,0.0,0.0,0.0,0.0,0.0,0.0,0.0,0.0,0.0,0.0
2025-08-07 00:00:00+00:00,99,1500,0.0,0.0,0.0,0.0,0.0,0.0,0.0,0.0,0.0,0.0,0.0,0.0,0.0,0.0,0.0,0.0,0.0,0.0,0.0,0.0,0.0
2025-08-07 00:15:00+00:00,100,1515,0.0,0.0,0.0,0.0,0.0,0.0,0.0,0.0,0.0,0.0,0.0,0.0,0.0,0.0,0.0,0.0,0.0,0.0,0.0,0.0,0.0
2025-08-07 00:30:00+00:00,101,1530,0.0,0.0,0.0,0.0,0.0,0.0,0.0,0.0,0.0,0.0,0.0,0.0,0.0,0.0,0.0,0.0,0.0,0.0,0.0,0.0,0.0
2025-08-07 00:45:00+00:00,102,1545,0.0,0.0,0.0,0.0,0.0,0.0,0.0,0.0,0.0,0.0,0.0,0.0,0.0,0.0,0.0,0.0,0.0,0.0,0.0,0.0,0.0
2025-08-07 01:00:00+00:00,103,1560,0.0,0.0,0.0,0.0,0.0,0.0,0.0,0.0,0.0,0.0,0.0,0.0,0.0,0.0,0.0,0.0,0.0,0.0,0.0,0.0,0.0
2025-08-07 01:15:00+00:00,104,1575,0.0,0.0,0.0,0.0,0.0,0.0,0.0,0.0,0.0,0.0,0.0,0.0,0.0,0.0,0.0,0.0,0.0,0.0,0.0,0.0,0.0
2025-08-07 01:30:00+00:00,105,1590,0.0,0.0,0.0,0.0,0.0,0.0,0.0,0.0,0.0,0.0,0.0,0.0,0.0,0.0,0.0,0.0,0.0,0.0,0.0,0.0,0.0
2025-08-07 01:45:00+00:00,106,1605,0.0,0.0,0.0,0.0,0.0,0.0,0.0,0.0,0.0,0.0,0.0,0.0,0.0,0.0,0.0,0.0,0.0,0.0,0.0,0.0,0.0
2025-08-07 02:00:00+00:00,107,1620,0.0,0.0,0.0,0.0,0.0,0.0,0.0,0.0,0.0,0.0,0.0,0.0,0.0,0.0,0.0,0.0,0.0,0.0,0.0,0.0,0.0
2025-08-07 02:15:00+00:00,108,1635,0.0,0.0,0.0,0.0,0.0,0.0,0.0,0.0,0.0,0.0,0.0,0.0,0.0,0.0,0.0,0.0,0.0,0.0,0.0,0.0,0.0
2025-08-07 02:30:00+00:00,109,1650,0.0,0.0,0.0,0.0,0.0,0.0,0.0,0.0,0.0,0.0,0.0,0.0,0.0,0.0,0.0,0.0,0.0,0.0,0.0,0.0,0.0
2025-08-07 02:45:00+00:00,110,1665,0.0,0.0,0.0,0.0,0.0,0.0,0.0,0.0,0.0,0.0,0.0,0.0,0.0,0.0,0.0,0.0,0.0,0.0,0.0,0.0,0.0
2025-08-07 03:00:00+00:00,111,1680,0.0,0.0,0.0,0.0,0.0,0.0,0.0,0.0,0.0,0.0,0.0,0.0,0.0,0.0,0.0,0.0,0.0,0.0,0.0,0.0,0.0
2025-08-07 03:15:00+00:00,112,1695,0.0,0.0,0.0,0.0,0.0,0.0,0.0,0.0,0.0,0.0,0.0,0.0,0.0,0.0,0.0,0.0,0.0,0.0,0.0,0.0,0.0
2025-08-07 03:30:00+00:00,113,1710,0.0,0.0,0.0,0.0,0.0,0.0,0.0,0.0,0.0,0.0,0.0,0.0,0.0,0.0,0.0,0.0,0.0,0.0,0.0,0.0,0.0
2025-08-07 03:45:00+00:00,114,1725,0.5471881427173645,4.8598872468625025,12.791232096173852,22.477359502464985,24.813243324085054,26.50156399642251,29.783343977711375,32.14225429035342,35.79083982433883,38.15820607903835,41.95386449998281,44.86151862045705,48.837973115727095,51.95443156547986,57.008845978510045,61.92504427766991,65.22583168010057,70.26168324896027,79.5912673538744,113.27748629752008,40.94356073864071
2025-08-07 04:00:00+00:00,115,1740,9.65951347856197,72.40602816131857,149.89357530958006,249.72855089845532,272.20198992231667,299.68598596759307,335.85433910104996,377.0181823039617,400.0643191451126,418.24218810203087,470.67898489353485,509.6744587765137,538.811158428178,584.64123484521,634.633274582824,664.8113053651516,700.0528278398308,751.5979132116132,834.3933352919714,1140.0276597203729,449.22005907264673
2025-08-07 04:15:00+00:00,116,1755,25.323252473738496,182.84490435529574,393.45552339709803,513.9306922056751,561.4598799163836,648.6997748009284,728.1465222403629,776.6896237230537,813.8402374173193,916.4080878026082,980.1646039473787,1043.1002751745043,1123.9998663013325,1202.9217343027788,1286.9642889184222,1337.261693338596,1414.2242497749448,1537.1471423140783,1720.274830951494,2263.494919632732,930.6711574134542
2025-08-07 04:30:00+00:00,117,1770,61.17048941445889,369.65872934112207,741.4681116273349,800.7928359278978,870.6943574143436,1016.2048988878431,1142.4872531581964,1197.3158323781502,1268.1811304151154,1415.1170732959183,1560.6263764302223,1661.4504338236923,1748.6831668196292,1910.4546934644384,1988.55986803383,2079.4420545389985,2181.6079107215114,2356.2980564514696,2638.1261040436216,3501.783494703514,1458.4200607766004
2025-08-07 04:45:00+00:00,118,1785,187.339631183742,979.845264058726,1324.5305243140363,1459.1657751078808,1669.0737795417663,1855.426311932858,1977.5196908781022,2058.989171414428,2324.8090208222607,2510.413202963791,2663.150397433033,2873.4004264386963,3119.150260447921,3270.0631341895846,3388.963464105552,3473.562224378285,3699.193769462754,3828.74710902592,4125.952423399208,5837.408866651923,2470.907436428659
2025-08-07 05:00:00+00:00,119,1800,237.83296520368884,1440.945743992481,1941.7433062882,2180.0747182712125,2548.2160823225677,2855.6311838221104,2982.13798635692,3190.442209098579,3659.844574414618,3940.5171348669382,4330.222193586421,4715.822434884485,4895.620265317388,5064.658530631029,5188.680597756195,5377.774886937983,5601.718036583193,5833.169992483292,6363.881321663198,8878.572460211199,3808.1601155171475
2025-08-07 05:15:00+00:00,120,1815,1524.8983834657806,2531.479830429785,2833.431107895491,3391.57584594575,3838.564446345328,4040.6912852533824,4350.390987152027,5082.848649960275,5422.991270508768,5878.0990414702965,6317.550618694423,6653.436883738161,6931.884938821274,7090.6029632972395,7308.5491109372915,7628.631314695386,7861.203670286281,8334.617254617186,8972.24152574794,12363.22638875359,5563.28554296946
2025-08-07 05:30:00+00:00,121,1830,2394.5656107897544,3468.723826748244,3987.760153467636,4598.326314108854,5197.217062881167,5455.953497753794,6192.65508754338,6851.507092713342,7276.493650132228,7941.464025831095,8518.330347089483,8859.358504651058,9158.302580039783,9364.657992283233,9658.152840235534,10127.903541404123,10503.008808206036,11212.457520138612,11889.045658363066,16203.133974466286,7479.911663391906
2025-08-07 05:45:00+00:00,122,1845,4071.060708618355,4571.834187606655,5418.648195676206,6223.015483684519,6789.126534047292,7240.1764821169945,8244.653793618978,9003.413977822745,9586.606776717128,10303.036803523135,10993.289731347364,11363.48777033719,11715.668144789748,11973.552592199989,12443.352471876795,12911.8280377379,13392.219985098951,14279.86733077044,14999.46972289106,20314.386501488276,9714.611128593753
2025-08-07 06:00:00+00:00,123,1860,5238.622528746792,5842.781922084804,6872.016134503722,7855.382793164163,8379.412503024098,8983.630200105912,10201.827112170475,11184.122146098834,11901.26218449043,12966.79329035353,13684.012670377297,14114.423393514677,14490.791768040333,14845.338151488864,15308.720757581297,15918.888159346585,16550.831120902683,17558.562548021033,18328.97848753734,24765.457074673803,12050.411651587106
2025-08-07 06:15:00+00:00,124,1875,6528.846183896814,7321.899656530236,8547.14265824658,9819.920684734225,10360.375247367932,11815.927776234303,13217.896407573473,13981.723711238079,15181.758662934377,16071.242291921984,16663.304748500934,17106.94123991843,17528.274166309468,18110.16099032752,18560.662852605557,19034.828945997164,19595.00305149505,21015.783132588618,22175.856991247783,29265.10226693881,14802.870086404799
2025-08-07 06:30:00+00:00,125,1890,5450.120948981877,8206.367138979951,9831.91351851827,11437.406171852683,12147.922410573814,13940.203810965297,15284.871759041862,16242.357916059947,17633.675025085904,18874.119581470135,19469.42077038554,20024.243172469458,20526.179912077212,21071.923761066653,21654.61755335752,22112.31336219067,22737.1236649936,24524.4606253338,26214.592215753855,33806.49378480223,17117.855897737307
2025-08-07 06:45:00+00:00,126,1905,3622.564952945098,9150.67958203459,11073.893588862313,13075.64475453536,14199.92733096687,15970.844410709926,17568.80611466874,19069.834660596716,20311.14588395158,21423.500669080222,22156.626076833214,22773.600221067787,23299.112109577105,23931.46878740055,24638.120398961582,25184.942009460872,25778.954467046442,28006.47704573921,29803.352863065662,38367.74784355589,19406.58045884235
2025-08-07 07:00:00+00:00,127,1920,3465.038660456646,7760.020408282174,11660.969021057212,13735.316448306923,15204.971621602765,17476.569658339125,19205.392595469184,21288.642398933098,22802.974791047527,24011.431193257806,24850.825054539862,25439.404023370724,25980.68300802808,26686.462811110407,27372.363092111467,28037.66832529248,28535.841499354447,31251.450917422488,32397.42543924081,42900.49008642834,21351.19034732987
2025-08-07 07:15:00+00:00,128,1935,3557.244183637568,4371.776489369954,11334.839587844694,14416.114065338383,16771.1093678952,19604.778021548627,22201.947582920908,24601.25883388988,26284.76273303334,27400.974048733133,28221.119824036123,28701.410061699517,29182.434190121818,30137.04010812757,30833.104264398877,31413.56598708663,32159.134658535848,34691.49529432096,35596.116609381206,47362.05937226478,23603.07888723568
2025-08-07 07:30:00+00:00,129,1950,4227.871707669433,4805.185400539936,13566.73920281025,17307.30247523784,21552.254177408216,24485.667187970717,27109.890043044525,29066.80415220122,29877.72654854543,30823.86561179888,31365.321286535298,31826.446856797473,32584.87071665849,33449.32095840214,33999.88214811246,34528.578634340956,35409.7472006622,37124.690380573455,38653.96494712372,51714.44566644298,26698.963490409285
2025-08-07 07:45:00+00:00,130,1965,4592.766496192407,5200.932252259127,14379.748880696718,17729.073084779662,23352.09726809776,26826.534972929734,29334.075901201704,31353.999607025373,32409.73084198005,33693.86912165818,34214.68536835539,34809.628233775424,35925.22355491281,36507.384334252645,37053.820552033954,37651.09600549877,38837.40018732365,41279.78277456108,42024.591898066676,55923.477480175854,29061.58909640382
2025-08-07 08:00:00+00:00,131,1980,4961.240651031485,5589.540684690705,15135.949351070221,20574.30409283966,25515.506806430913,29280.635501113014,31495.380411448405,33119.500382666374,34489.216862109955,35936.19778212876,36472.41518823753,37139.72872400614,38282.19399907274,38880.819292074906,39565.72835216003,40202.05441173218,41993.14498947871,44069.23860889063,44879.6072795093,59846.36885373014,31214.175771175516
2025-08-07 08:15:00+00:00,132,1995,5328.929484733269,6493.8738523463135,18477.246883745716,25789.243982255768,28257.39275835661,32117.570963384696,33932.6764844574,35258.62544495077,36430.29830750035,38049.41026464228,38751.735750979205,39566.867429188336,40749.744075686765,41228.807803925156,41993.427687454554,42729.3253394828,44671.08256682686,46557.649792543445,47819.27197375114,63589.063107422226,33623.26483472313
2025-08-07 08:30:00+00:00,133,2010,5719.814021680703,7050.383306404901,19783.25880511661,27317.41217579903,30439.10304468625,33992.882229640745,35833.98800309765,37222.815203415994,38427.52074540157,39938.80276040165,40984.58031920098,41832.72456290557,43047.605012601925,43545.13694743024,44363.31606098977,45222.760850705934,47200.6683293538,48869.84502394498,50593.19516066926,67174.20203140585,35561.959575412446
2025-08-07 08:45:00+00:00,134,2025,5826.757217476677,14208.769451961607,22154.636176013326,28555.74863131214,33552.81360958816,36094.46409536012,37595.078753044596,39288.544872301245,40612.02067042685,42018.536720501164,42927.47985581104,43759.66778213508,44903.66459035827,45400.16976802969,46030.6520635035,46870.67856190045,48868.87572876893,50072.549571893855,52902.46104181375,70507.79117462305,37699.3684363334
2025-08-07 09:00:00+00:00,135,2040,5934.817766730038,17068.81295089918,25209.460343932988,30518.502264950414,35640.50155661021,37719.86683346172,39327.192789291556,41093.707145972134,42578.28280331825,44002.01147903895,44864.19167158162,45835.058857836055,46733.691926573614,47261.41792071785,47890.63374530491,48594.20263440542,50424.063087318274,52006.00339757034,55128.20761882731,73568.93809330238,39572.296728173416
2025-08-07 09:15:00+00:00,136,2055,6072.491577171464,17694.91008179997,23551.950660580667,29438.864378028957,35292.06073760877,38542.48973533155,40377.845278078916,42427.41758513225,43625.54041562653,45223.62494474691,46250.09773743092,47001.345940227584,48042.151012053044,48535.12622802587,49218.47847771669,50041.218644422996,52052.63597874319,53613.440335482344,56363.96385693943,76338.89146741075,40218.16705869824
2025-08-07 09:30:00+00:00,137,2070,6112.9373405898505,18781.75531213598,25212.720049278065,30882.935717853376,36288.00951915789,39659.570658180724,41690.276233882054,43770.096785736154,45014.99753471594,46844.17134350765,47962.633196463525,49066.66348788244,49596.43343366773,50091.99002178307,50715.2930384011,51508.56453127345,53574.58655507643,55183.95595040047,58015.93348704873,78800.9842080081,41590.25767371232
2025-08-07 09:45:00+00:00,138,2085,6222.074139315534,21188.43587097847,27694.124854101665,32221.975570186143,38981.46128442017,41465.349566173674,43456.150152891336,45145.45826309824,46650.880885749124,48185.05358443897,49159.60494810062,50488.569974077625,50868.00122749685,51353.3142025456,52020.86746140379,52955.32532838561,55104.45956236504,56603.041900153235,58917.82531135014,80940.60589393997,43138.29812280134
2025-08-07 10:00:00+00:00,139,2100,6271.850477719142,17638.778154813957,27723.08209111125,32732.64857036441,38803.23168727364,41793.40001879374,44300.37434356952,46319.660285695514,48028.476734950535,49477.46163558192,50384.88685151896,51593.24852617776,51954.33095699341,52408.310309294124,53158.02185908952,54041.90606550578,55847.47630708435,57453.43207679766,59184.608922060834,82745.19660264417,43697.854934655814
2025-08-07 10:15:00+00:00,140,2115,6403.69617213077,17371.149056331153,26353.775485493094,33277.058121651404,38719.10665834439,42436.508536451794,45111.513393349254,47192.918790705626,48918.94703510577,50309.60816090682,51284.31993377526,52187.807853909806,52876.35596542982,53331.58370492514,54077.39268136496,55017.067295423665,56669.504535951295,58461.25110684178,60012.009504856585,84204.25576936775,44279.49660153576
2025-08-07 10:30:00+00:00,141,2130,6546.415337108232,19496.768758246737,28286.533408571195,34759.40032066253,41452.33552572068,44766.936145975415,47245.99513195797,48604.507075227186,50185.0902424363,51193.78275758949,52043.25817641919,53071.033404320784,53752.063464970925,54319.39366774193,55006.786595121455,55751.703150366935,57002.03677458751,58838.421588501245,60510.57953013846,85309.36106070502,45534.12015343728
2025-08-07 10:45:00+00:00,142,2145,6294.481106126898,24354.646053507102,32310.0931514306,38018.197235210886,43181.652476733216,45473.82861191382,48062.51939956371,49279.756884628245,50736.19705843528,51754.49530124081,52626.05978344295,53600.30741485012,54114.57906868056,54667.49192849482,55407.77044394628,56389.37662919745,57522.00101867491,59391.9319418712,60609.98947086798,86054.19260426128,46588.990912765206
2025-08-07 11:00:00+00:00,143,2160,6273.021425426907,25189.32736512488,32296.561090534586,39018.34054412415,43288.876910207735,45967.49802128208,48461.9925895092,50188.63297264997,51024.63962131688,52277.25098616963,53100.217559271034,53996.93908154851,54433.952265551256,55119.8882654955,55946.61326209668,57241.580079013205,58166.48339703102,59865.23680703679,60896.15457864066,86434.55760037736,47037.494893622614
2025-08-07 11:15:00+00:00,144,2175,6272.170675699044,27132.68390833926,33859.7202357605,41044.572421705336,45131.75248524108,47788.262189331166,49474.29022660545,50823.66230704387,52017.47125681649,52854.49464302231,53706.72194252818,54159.976637978645,54689.68761963033,55415.544056460414,56805.46750510996,57653.57456536674,58664.904231243694,59880.5601646175,60699.940061153146,86448.41065885015,47794.70833856442
2025-08-07 11:30:00+00:00,145,2190,13215.160616032686,29586.526207233535,34848.36029347041,40750.14755325422,45807.60107988537,48161.36845004333,50004.440771067915,51173.29367586649,52043.59602232775,52960.98817688307,53510.57077999763,53996.52136152558,54687.63938075891,55866.649012318005,56980.64372979528,57711.29112649773,59055.387099315805,59496.524664957054,60252.95105684472,86095.86582102999,48375.010564122866
2025-08-07 11:45:00+00:00,146,2205,19269.847768172574,29829.516239173412,35060.62905409503,40664.20855253446,45198.17930791812,47388.36015749835,49377.04776850992,50431.99134467897,51440.85582681227,52496.64920933749,52960.303173239794,53440.098420496826,54207.2090939569,55390.058188150135,56326.736726287774,57201.91521579172,58620.43121609485,59023.09197462393,59845.851556027825,85379.19772686147,48187.38499621185
2025-08-07 12:00:00+00:00,147,2220,23954.598394130757,31197.65966523619,35124.07700491991,39301.012641658366,43872.007483336005,46414.602435314526,47838.39332824617,49169.779807143714,50491.68540362246,51559.33897315116,52147.39871096722,52576.11872542896,53501.323260997415,54502.67754666719,55506.397492696495,56249.558709101126,57627.484886677325,58260.63707343079,58978.49666657122,84302.83173612348,47693.62113573359
2025-08-07 12:15:00+00:00,148,2235,21307.426157097456,25824.746494069892,32289.431742250836,36220.9236953851,39962.09164156448,43177.67604754682,46250.73686563628,47599.45466092242,48495.39577456716,49762.279108243514,50831.2241456876,51451.64187589629,51801.669558920956,52504.16953519999,53509.12900700497,54952.66439608809,55946.51965512024,57677.776386887905,59190.33446792438,82873.32516311565,45762.475755606974
2025-08-07 12:30:00+00:00,149,2250,21631.677346645512,27160.198592035522,31750.911593660083,35271.69556351675,39542.18814570215,42441.31513846788,45255.68090397919,46681.59133006105,47506.49710739638,48620.77754193631,49780.826524498596,50272.0451695973,50717.911816621876,51672.98495496831,52547.41083219779,53821.13078020724,55074.346385786965,56667.46221754097,58441.19891753732,81099.34370802062,44923.42983100006
2025-08-07 12:45:00+00:00,150,2265,21683.725958270003,27375.226241401182,31658.004650287316,34970.38707546963,39074.683610134765,41581.92559031589,44150.34146050072,45515.383578076464,46481.701137088894,47581.89092828562,48651.93832508307,49145.821805718035,49599.16947327017,50575.49988728401,51658.05629814426,52661.208269300674,53828.89330667584,55567.07797018752,57293.73924415599,78991.63821072801,44091.883603789
2025-08-07 13:00:00+00:00,151,2280,21696.70264168601,26709.36975163964,30929.86341915331,34172.092130371944,38236.50570438312,40468.36467704724,43080.31039861386,44388.500931213144,45537.003522509265,46661.42819050232,47362.35376972844,47856.270580936674,48408.94230007687,49283.356387692176,50547.167917562416,51213.475673830726,52479.65394861458,54121.56371461675,55776.61690162636,76563.0267041077,43312.608469353996
2025-08-07 13:15:00+00:00,152,2295,21306.130744182767,26047.777801651548,30413.02421650222,33275.54668714207,38048.6183600214,40175.857837079595,41922.01873262146,43187.61824988921,44396.30477681113,45323.15627999739,45913.6980245231,46346.65143876592,46884.96372177963,47742.257100302704,48801.46606226393,49601.65063504382,51085.46999325832,52550.82016702526,54195.70701084491,73828.38665061723,42090.21122506977
2025-08-07 13:30:00+00:00,153,2310,21243.163040448595,26447.44260658671,30548.635215044447,34785.22351092339,37410.38641594898,39715.42031899763,41134.23006964497,42127.88854705376,43269.73043272817,43983.36500734458,44451.17451201332,44809.904204061895,45566.01168260876,46361.6216645311,47401.715770559036,48086.63743661974,49420.83919522513,50655.21777684951,52162.813329363074,70804.66199010586,41182.06277799483
2025-08-07 13:45:00+00:00,154,2325,20505.318894629112,25639.182329195915,30309.7473599061,33794.88349206263,36292.03637902003,38383.47773406959,39693.81358872231,40738.886686330785,41645.60404800664,42243.41107970965,42716.38918995884,43147.63038432686,43777.350386047525,44728.85077716734,45571.25022592856,46249.42382830407,47415.83399712406,48581.95447849128,50041.894604260364,67510.88966588055,39713.54131403192
2025-08-07 14:00:00+00:00,155,2340,19260.440052479982,23838.143349365182,28999.260071876484,32659.988502200293,34519.38943668132,36691.95602399506,37965.63980845723,38734.2368075341,39704.06258656031,40428.714592622484,40807.88340577054,41179.636786503506,41727.04736214636,42789.53415604441,43568.91321417598,44247.158459286686,45246.89100612903,46386.22148288281,47777.01146000223,63968.25191860333,37928.1314875242
2025-08-07 14:15:00+00:00,156,2355,18351.095066380323,22187.027771639237,26519.051195023527,30167.830235598332,32310.89997066829,34437.69626706112,35968.351424564935,36760.583254446945,37575.630804048036,38254.81588264241,38667.08908177468,39030.55787141676,39586.982872894696,40375.70485116387,41224.271833578896,41839.37394556312,42780.56666607521,44063.61613182112,45292.36064652127,60200.16269765837,35713.8737218336
2025-08-07 14:30:00+00:00,157,2370,17464.145331826643,21257.306755691556,25956.688624094848,28981.862161182173,30642.0184399512,32517.250291768636,33911.354054417454,34554.37165103861,35350.46731364882,36025.786862865796,36456.51501447533,36835.34316766465,37363.83335623514,38022.25530696378,38829.382899171,39344.84177922269,40064.57947977634,41121.598500771666,42607.84646220363,56268.259064191356,33728.77877125818
2025-08-07 14:45:00+00:00,158,2385,16234.633954568433,19830.76176670015,24065.627343791275,26472.838064071828,28424.31596725827,30188.71129291788,31551.82286082957,32278.81744105133,32993.91169111691,33585.945972483794,33983.55680625816,34304.01317670809,34870.073756642894,35601.1515057356,36297.60978838069,36735.91510803754,37444.09204072423,38542.9892308646,39789.07329672169,52184.68842319869,31427.00618398057
2025-08-07 15:00:00+00:00,159,2400,14624.470701418153,17306.2484245101,21539.059614165737,23432.794713284984,25646.150607372354,27412.930844367555,28871.19917116152,29622.60066047916,30408.836121595872,30933.874017565104,31306.27002665333,31613.767489870876,32215.31953850652,32981.18880407471,33447.56186998296,33920.1940290533,34485.3631437767,35469.97782012318,36940.05673275417,47880.9070423819,28774.501650630627
2025-08-07 15:15:00+00:00,160,2415,13643.951912116383,16869.09223711572,19508.400995399323,21100.293724746934,23041.161036778056,24182.94698202938,25719.398691303126,26567.46057947244,27237.579710294696,27818.87712982158,28268.248305572117,28570.948170322547,29030.00300531885,29808.454307630407,30249.993303028285,30672.303819620513,31246.662823134462,32141.41728019529,33355.839369910755,43470.680711304165,26080.19812309262
2025-08-07 15:30:00+00:00,161,2430,13207.258506070724,15759.818642369179,17776.05814855599,19128.870530453627,20714.453112980787,21511.142661610662,22596.23944964363,23599.21928189498,24104.055980528014,24757.565289876766,25187.12118017181,25519.90950280846,25905.6902322127,26478.12744832124,26936.622211987116,27293.064031024518,27903.428109771896,28736.87483915159,29853.629819079677,38991.478908645244,23358.81842997372
2025-08-07 15:45:00+00:00,162,2445,11871.190916935497,14060.170708271398,15576.29712220155,16727.104535772716,18022.22960750984,18723.809713279355,19626.805022476394,20659.495249988166,21161.58931093527,21799.953595465337,22182.942911853712,22508.0577512105,22839.375462942156,23404.769979945933,23817.031802149188,24095.398387808385,24548.41308902527,25387.945197768324,26384.340653024898,34484.90827808251,20559.584963520512
2025-08-07 16:00:00+00:00,163,2460,10392.802691690325,12177.983532722013,13674.495383670737,14401.352629526558,15359.450509164626,15897.032408433004,16571.24400955249,17647.845351536238,18232.718531343446,18685.0049722266,19086.4210596845,19540.30838633544,19959.68060690457,20457.970548509933,20712.00791053048,21015.39532379491,21455.35910110675,22062.637450570423,22916.2499801429,29997.544540290888,17784.036275575872
2025-08-07 16:15:00+00:00,164,2475,9389.526373428514,10465.96940083823,11388.474102170461,12157.929781699213,12655.354797709579,13380.344729232473,13676.171048591694,14374.9548437532,15117.274076587637,15564.74590531913,15939.466606470334,16298.354779546633,16717.638581167517,17150.156531245648,17559.312354402704,17836.409692720565,18193.626533450337,18815.960032638486,19560.199149637538,25581.969699703346,14970.191876719999
2025-08-07 16:30:00+00:00,165,2490,6269.882226190278,8072.241718244931,8829.607329030829,9504.818063857474,10213.677175200923,10817.979441754127,11348.906474222553,11673.884136887493,12063.252597683582,12653.940697957856,13106.832529901922,13406.181863487434,13827.586204634292,14198.192921588525,14577.437489364202,14866.384181786394,15134.59588215355,15598.27675856326,16412.071400210043,21275.896773098855,12175.882721656602
2025-08-07 16:45:00+00:00,166,2505,4632.144002295825,6194.915620935467,6778.513386743893,7265.84155401015,7639.143580680003,8117.318058645285,8526.717688311825,8966.817039351181,9201.707500723358,9523.585333619623,9864.944892695665,10249.814463872059,10608.238652186783,10890.726364042815,11246.571796688142,11607.629652199192,11869.58638731731,12167.8928939022,13054.526575822078,17040.015385780043,9359.559616634335
2025-08-07 17:00:00+00:00,167,2520,3520.4478569538414,4280.535776099684,5018.393466770148,5430.410963711439,5668.738361647174,5904.972290545676,6186.972263930321,6422.777416663615,6741.7788580209235,7025.888726309784,7226.1043345378785,7451.2774490019,7712.185321695311,8109.39857159916,8255.774024054104,8691.562501030476,8955.99544640873,9301.129782793716,9794.555445980805,13199.23691410423,6924.112776051972
2025-08-07 17:15:00+00:00,168,2535,2532.7651449379023,2975.47666732434,3633.7998954057457,3860.1101744258476,4088.6554872644315,4200.474764236191,4365.864364276009,4550.601314823248,4694.118482443926,4936.946342759591,5133.776937347945,5251.6695403874355,5404.735220544518,5630.938803531334,5964.356477779803,6156.777039591048,6424.988158309403,6688.833589532334,7052.3725967442515,9687.438704249118,4926.204176322116
2025-08-07 17:30:00+00:00,169,2550,1688.4846733594834,1885.094522512189,2083.9633418585527,2493.903034999147,2662.7651418126625,2784.4300774914013,2858.4678290036454,2963.918049949941,3079.8178077515913,3178.279000961236,3322.2616600271235,3463.421105954401,3546.6910819611307,3657.003292446041,3826.27502341746,4044.4651022637427,4189.867073847524,4399.423596577561,4631.364895919869,6586.932559509095,3182.457966014627
2025-08-07 17:45:00+00:00,170,2565,1024.1350244437751,1247.0588142545098,1352.5593868187575,1519.2351621793935,1723.6602660521812,1857.8449153629256,1936.6632010606484,2000.4860694555605,2053.6709110273277,2115.374649384226,2189.523144282588,2284.992863353823,2395.1357260711366,2447.841594639261,2580.29316473531,2687.985828628085,2775.0860196472286,2952.129838761681,3133.4953635960946,4420.728800445305,2127.781612020924
2025-08-07 18:00:00+00:00,171,2580,729.1576606025776,917.9420294280075,1010.2735347583135,1097.10635742666,1252.3439247683766,1329.2662930710476,1436.5750006219182,1502.8717779026083,1563.2785394376142,1611.9553721352604,1652.8023235792502,1717.6582475338228,1811.296621143122,1869.1279573483214,1957.2909369198767,2048.815326836458,2132.286321943726,2284.6322390464493,2443.5528919716735,3430.289400204921,1638.7240152693191
2025-08-07 18:15:00+00:00,172,2595,351.09929591786806,560.1967220228305,667.9130950553867,705.8645301845723,787.242862710138,862.205598199883,902.3970011844136,963.8477193950857,1017.0967032394992,1053.6789229571582,1096.7129295584373,1142.2776021494587,1183.5292184286611,1244.4883260257661,1277.5805701269956,1327.9770643574789,1421.038552819378,1471.8649084857789,1644.3430435311332,2309.063325818742,1032.5375970317173
2025-08-07 18:30:00+00:00,173,2610,143.31144658576756,276.7707524113196,344.20829566734824,367.6876915346487,412.777950379504,444.4338389733399,466.11185730454025,500.3140465549918,523.2956363501637,543.1242943924198,565.4747506407307,591.6601464605397,611.3512133748068,644.4170428316768,661.575274080661,693.9182189797558,738.1400848427136,777.8088253491419,854.4239333829205,1192.3322069353985,532.3043918752691
2025-08-07 18:45:00+00:00,174,2625,13.267245207540702,30.428415550206154,38.60654233462357,42.207699829396375,45.58996140753064,50.020939612158045,54.15451868249226,57.278923465186466,60.76496208472283,63.082585514090795,65.40142126577514,69.02384303672734,70.74793027829907,73.63975217478202,76.71873044157411,80.20779924102729,85.06981315998758,88.2658608303603,96.67362966551944,133.37117053597441,60.96961084649618
2025-08-07 19:00:00+00:00,175,2640,0.0,0.0,0.0,0.0,0.0,0.0,0.0,0.0,0.0,0.0,0.0,0.0,0.0,0.0,0.0,0.0,0.0,0.0,0.0,0.0,0.0
2025-08-07 19:15:00+00:00,176,2655,0.0,0.0,0.0,0.0,0.0,0.0,0.0,0.0,0.0,0.0,0.0,0.0,0.0,0.0,0.0,0.0,0.0,0.0,0.0,0.0,0.0
2025-08-07 19:30:00+00:00,177,2670,0.0,0.0,0.0,0.0,0.0,0.0,0.0,0.0,0.0,0.0,0.0,0.0,0.0,0.0,0.0,0.0,0.0,0.0,0.0,0.0,0.0
2025-08-07 19:45:00+00:00,178,2685,0.0,0.0,0.0,0.0,0.0,0.0,0.0,0.0,0.0,0.0,0.0,0.0,0.0,0.0,0.0,0.0,0.0,0.0,0.0,0.0,0.0
2025-08-07 20:00:00+00:00,179,2700,0.0,0.0,0.0,0.0,0.0,0.0,0.0,0.0,0.0,0.0,0.0,0.0,0.0,0.0,0.0,0.0,0.0,0.0,0.0,0.0,0.0
2025-08-07 20:15:00+00:00,180,2715,0.0,0.0,0.0,0.0,0.0,0.0,0.0,0.0,0.0,0.0,0.0,0.0,0.0,0.0,0.0,0.0,0.0,0.0,0.0,0.0,0.0
2025-08-07 20:30:00+00:00,181,2730,0.0,0.0,0.0,0.0,0.0,0.0,0.0,0.0,0.0,0.0,0.0,0.0,0.0,0.0,0.0,0.0,0.0,0.0,0.0,0.0,0.0
2025-08-07 20:45:00+00:00,182,2745,0.0,0.0,0.0,0.0,0.0,0.0,0.0,0.0,0.0,0.0,0.0,0.0,0.0,0.0,0.0,0.0,0.0,0.0,0.0,0.0,0.0
2025-08-07 21:00:00+00:00,183,2760,0.0,0.0,0.0,0.0,0.0,0.0,0.0,0.0,0.0,0.0,0.0,0.0,0.0,0.0,0.0,0.0,0.0,0.0,0.0,0.0,0.0
2025-08-07 21:15:00+00:00,184,2775,0.0,0.0,0.0,0.0,0.0,0.0,0.0,0.0,0.0,0.0,0.0,0.0,0.0,0.0,0.0,0.0,0.0,0.0,0.0,0.0,0.0
2025-08-07 21:30:00+00:00,185,2790,0.0,0.0,0.0,0.0,0.0,0.0,0.0,0.0,0.0,0.0,0.0,0.0,0.0,0.0,0.0,0.0,0.0,0.0,0.0,0.0,0.0
2025-08-07 21:45:00+00:00,186,2805,0.0,0.0,0.0,0.0,0.0,0.0,0.0,0.0,0.0,0.0,0.0,0.0,0.0,0.0,0.0,0.0,0.0,0.0,0.0,0.0,0.0
2025-08-07 22:00:00+00:00,187,2820,0.0,0.0,0.0,0.0,0.0,0.0,0.0,0.0,0.0,0.0,0.0,0.0,0.0,0.0,0.0,0.0,0.0,0.0,0.0,0.0,0.0
2025-08-07 22:15:00+00:00,188,2835,0.0,0.0,0.0,0.0,0.0,0.0,0.0,0.0,0.0,0.0,0.0,0.0,0.0,0.0,0.0,0.0,0.0,0.0,0.0,0.0,0.0
2025-08-07 22:30:00+00:00,189,2850,0.0,0.0,0.0,0.0,0.0,0.0,0.0,0.0,0.0,0.0,0.0,0.0,0.0,0.0,0.0,0.0,0.0,0.0,0.0,0.0,0.0
2025-08-07 22:45:00+00:00,190,2865,0.0,0.0,0.0,0.0,0.0,0.0,0.0,0.0,0.0,0.0,0.0,0.0,0.0,0.0,0.0,0.0,0.0,0.0,0.0,0.0,0.0
2025-08-07 23:00:00+00:00,191,2880,0.0,0.0,0.0,0.0,0.0,0.0,0.0,0.0,0.0,0.0,0.0,0.0,0.0,0.0,0.0,0.0,0.0,0.0,0.0,0.0,0.0
2025-08-07 23:15:00+00:00,192,2895,0.0,0.0,0.0,0.0,0.0,0.0,0.0,0.0,0.0,0.0,0.0,0.0,0.0,0.0,0.0,0.0,0.0,0.0,0.0,0.0,0.0
2025-08-07 23:30:00+00:00,193,2910,0.0,0.0,0.0,0.0,0.0,0.0,0.0,0.0,0.0,0.0,0.0,0.0,0.0,0.0,0.0,0.0,0.0,0.0,0.0,0.0,0.0
2025-08-07 23:45:00+00:00,194,2925,0.0,0.0,0.0,0.0,0.0,0.0,0.0,0.0,0.0,0.0,0.0,0.0,0.0,0.0,0.0,0.0,0.0,0.0,0.0,0.0,0.0
2025-08-08 00:00:00+00:00,195,2940,0.0,0.0,0.0,0.0,0.0,0.0,0.0,0.0,0.0,0.0,0.0,0.0,0.0,0.0,0.0,0.0,0.0,0.0,0.0,0.0,0.0
2025-08-08 00:15:00+00:00,196,2955,0.0,0.0,0.0,0.0,0.0,0.0,0.0,0.0,0.0,0.0,0.0,0.0,0.0,0.0,0.0,0.0,0.0,0.0,0.0,0.0,0.0
2025-08-08 00:30:00+00:00,197,2970,0.0,0.0,0.0,0.0,0.0,0.0,0.0,0.0,0.0,0.0,0.0,0.0,0.0,0.0,0.0,0.0,0.0,0.0,0.0,0.0,0.0
2025-08-08 00:45:00+00:00,198,2985,0.0,0.0,0.0,0.0,0.0,0.0,0.0,0.0,0.0,0.0,0.0,0.0,0.0,0.0,0.0,0.0,0.0,0.0,0.0,0.0,0.0
2025-08-08 01:00:00+00:00,199,3000,0.0,0.0,0.0,0.0,0.0,0.0,0.0,0.0,0.0,0.0,0.0,0.0,0.0,0.0,0.0,0.0,0.0,0.0,0.0,0.0,0.0
2025-08-08 01:15:00+00:00,200,3015,0.0,0.0,0.0,0.0,0.0,0.0,0.0,0.0,0.0,0.0,0.0,0.0,0.0,0.0,0.0,0.0,0.0,0.0,0.0,0.0,0.0
2025-08-08 01:30:00+00:00,201,3030,0.0,0.0,0.0,0.0,0.0,0.0,0.0,0.0,0.0,0.0,0.0,0.0,0.0,0.0,0.0,0.0,0.0,0.0,0.0,0.0,0.0
2025-08-08 01:45:00+00:00,202,3045,0.0,0.0,0.0,0.0,0.0,0.0,0.0,0.0,0.0,0.0,0.0,0.0,0.0,0.0,0.0,0.0,0.0,0.0,0.0,0.0,0.0
2025-08-08 02:00:00+00:00,203,3060,0.0,0.0,0.0,0.0,0.0,0.0,0.0,0.0,0.0,0.0,0.0,0.0,0.0,0.0,0.0,0.0,0.0,0.0,0.0,0.0,0.0
2025-08-08 02:15:00+00:00,204,3075,0.0,0.0,0.0,0.0,0.0,0.0,0.0,0.0,0.0,0.0,0.0,0.0,0.0,0.0,0.0,0.0,0.0,0.0,0.0,0.0,0.0
2025-08-08 02:30:00+00:00,205,3090,0.0,0.0,0.0,0.0,0.0,0.0,0.0,0.0,0.0,0.0,0.0,0.0,0.0,0.0,0.0,0.0,0.0,0.0,0.0,0.0,0.0
2025-08-08 02:45:00+00:00,206,3105,0.0,0.0,0.0,0.0,0.0,0.0,0.0,0.0,0.0,0.0,0.0,0.0,0.0,0.0,0.0,0.0,0.0,0.0,0.0,0.0,0.0
2025-08-08 03:00:00+00:00,207,3120,0.0,0.0,0.0,0.0,0.0,0.0,0.0,0.0,0.0,0.0,0.0,0.0,0.0,0.0,0.0,0.0,0.0,0.0,0.0,0.0,0.0
2025-08-08 03:15:00+00:00,208,3135,0.0,0.0,0.0,0.0,0.0,0.0,0.0,0.0,0.0,0.0,0.0,0.0,0.0,0.0,0.0,0.0,0.0,0.0,0.0,0.0,0.0
2025-08-08 03:30:00+00:00,209,3150,0.0,0.0,0.0,0.0,0.0,0.0,0.0,0.0,0.0,0.0,0.0,0.0,0.0,0.0,0.0,0.0,0.0,0.0,0.0,0.0,0.0
2025-08-08 03:45:00+00:00,210,3165,4.471759038548612,5.232562303416526,6.738290961280443,8.64836106861644,11.026373481579654,12.319047357491469,14.864697265245603,17.672383013506845,22.570756197628015,27.283060955157648,30.70540982935726,33.52072550494793,36.671709199399565,39.339648911180625,42.578828014068065,46.39382882117643,49.56422740186974,53.828573245962886,55.80588813726242,68.12345611395887,27.824689889673678
2025-08-08 04:00:00+00:00,211,3180,77.14603488393365,88.91989141351972,111.93487124796958,140.23510265424457,173.6873108954742,192.84409679436737,231.82719779792762,267.7849987036588,334.5881037085188,397.03493017431356,444.7704528595579,492.6795442666694,532.9185097780505,560.1829785362411,597.3396446692594,666.9315438783884,727.4333000606168,789.0650733603896,823.5537989199745,996.3204625036528,410.3304494577984
2025-08-08 04:15:00+00:00,212,3195,135.52013404967943,170.8957889790577,224.91309327009353,291.92062987039867,368.72591925120236,417.1619230370695,482.40170817442555,563.4189902330285,708.4073144365826,830.2332973540689,904.2465518188866,1007.5726790813528,1076.561300340049,1166.0359635508594,1252.2736908031318,1376.7049043460981,1531.2235417963261,1668.699010547342,1792.3707610953154,2161.5620540678856,857.1275355218008
2025-08-08 04:30:00+00:00,213,3210,178.34109793444617,239.1522150319358,339.7950144197532,497.7621569507332,582.1970446735791,685.7073859018087,792.7900454685192,957.8295213602017,1218.9499081801162,1354.6777784475235,1463.1870738426205,1587.4462053214738,1729.7220379019343,1798.2984747963544,1932.170374764872,2134.5548107139966,2333.527223359386,2524.0195822256046,2768.1573408413224,3377.362369737438,1345.0763642533407
2025-08-08 04:45:00+00:00,214,3225,298.1263819909613,530.9085646403433,785.4429326158323,865.417264628649,948.9211976876583,1051.8192653353558,1155.269842418179,1324.8558080709927,1560.3682443164505,1704.9411474740418,2002.0756034925482,2154.6102404386097,2360.0696118655596,2553.6899384753538,2797.921778130565,3088.79447866237,3495.956414180774,3904.3438624547057,4803.623493911156,5673.427274918999,2010.8586295174996
2025-08-08 05:00:00+00:00,215,3240,300.34992033529494,809.5190458225065,1100.122186450361,1241.0494975825764,1427.3325053057454,1617.2815818725746,1929.7681642893344,2216.082832733713,2371.5033242520044,2835.429794343733,3054.4743727814853,3260.9974071370666,3577.533654411889,3891.740640733617,4327.207727593605,4628.95181378119,5375.287745539285,5944.315940188053,7231.770903243664,8699.389555182637,3065.355365630909
2025-08-08 05:15:00+00:00,216,3255,673.2181849537608,1361.6836584627765,1690.709065482248,2007.1611148073862,2271.4350852896578,2850.4512825412085,3126.70419530118,3505.0940418374394,3943.5661980449313,4236.934050721454,4569.695347556522,4956.217399478953,5366.829740438895,5882.397905369473,6344.105533669546,7080.884257963162,7834.238338628053,8994.294590396332,10019.225950541831,12173.811084331235,4621.650756718499
2025-08-08 05:30:00+00:00,217,3270,1377.9686201590712,1727.118561781721,2288.860071743482,3292.3782110833954,3768.2452400654884,4041.983531610182,4780.816506434406,5039.227905303763,5549.654308081037,5898.390014000733,6216.932737047282,6749.6345971581095,7419.574258697686,7907.915042593091,8605.859167497756,9565.627810552009,10329.119753065337,11511.15805024612,12845.817877770512,16008.505140131501,6329.382079102624
2025-08-08 05:45:00+00:00,218,3285,1747.9480214104049,2076.5672303264114,2660.2005917012048,3634.2150827654623,4709.056768089966,5009.655366914686,5961.998358024213,6355.321544797217,6955.335727195189,7465.363823337522,7799.083187767417,8585.714527292921,9552.721128361794,10151.122858544748,11380.252924817602,12144.90721089038,13055.535347982455,14685.000681887408,15850.012982757567,20118.38898334484,7963.460585825906
2025-08-08 06:00:00+00:00,219,3300,2128.06409362304,2601.874785259419,3653.2660710993273,5167.065383377742,5840.07045868712,6501.114315053436,7631.795698163889,8273.335214793668,8837.705378821634,9348.341728600693,10078.695504194227,11105.93372933421,11861.354318984793,12581.683650366082,13786.54913473694,14766.624794378666,15892.12808240908,17588.055687401615,19192.75955333104,24546.89627583594,9936.749967503094
2025-08-08 06:15:00+00:00,220,3315,2272.988328156943,3135.8204214765346,4194.843943302885,5793.618309635654,6590.234398525585,7092.892535276731,8310.21118752814,9443.950678581568,10201.838898252063,10789.620035515212,11680.044224525062,12998.936713709765,13956.646054541596,14746.583331043079,16254.030299592152,17217.751744725258,18701.358923701693,20499.42285700725,22586.128987623673,29072.548260826512,11502.976048369761
2025-08-08 06:30:00+00:00,221,3330,1720.1287412472816,3121.3556439629224,3868.681200152439,4979.9955192387,6270.363376364764,7583.840808868873,8149.19166190956,9466.591796515406,10963.951937878786,11918.805235176385,12649.726736925284,13869.048414594827,15904.483208259308,16939.244702476222,18652.01254852194,19692.592810104805,21395.671839528026,23606.80208204371,26165.406441034127,33619.03742723837,12630.311268504935
2025-08-08 06:45:00+00:00,222,3345,1784.9708530000862,3249.405557099588,4124.531009948583,4728.26230098645,5927.3263236718,7101.826864217223,8506.276629051332,9194.328131562856,10133.237222557005,11577.265232543024,12945.18349099972,14023.893650272787,15273.919765399072,17522.061265803724,19125.416612976824,21345.644534546605,22532.001983890168,24757.928672071706,29659.115443748637,38186.154695238154,13048.475326840166
2025-08-08 07:00:00+00:00,223,3360,1695.8060938268004,2647.1772977750725,3734.9783164718992,4416.636452819985,5108.836486917627,6412.5126231860395,7457.637750802837,8905.998086961497,10013.51965838274,10835.097442316352,12291.44148161424,14120.818249157246,15689.857482907133,17176.19268012969,19628.04534778921,21431.661652778505,23896.63384955842,25440.95532764597,29824.76023715657,42725.11358834789,13016.783767643094
2025-08-08 07:15:00+00:00,224,3375,2463.156514028128,3441.5227756895674,4756.074807743522,5291.630907075554,5928.205211794859,7380.830343369363,8294.206358672209,9344.899912920951,10704.310309694087,12063.99310644444,13307.137418606102,14405.577470129037,16676.79786726786,18168.51565370367,20444.107627838726,23206.285687914435,25106.753170784483,28649.81177051065,33397.29708759709,47192.95630201271,14348.105079855239
2025-08-08 07:30:00+00:00,225,3390,2966.497946725313,3909.1455035940266,5256.406193327041,6135.0919396832005,6875.325930982005,7673.551759472399,8919.131053872214,9576.786085899168,11049.350884397847,12832.248796124633,13763.945395115355,15234.058140012856,17703.291594374088,19302.29774484369,20601.272352468583,23773.37723941613,26635.749029119812,30099.811276316912,34423.10084466325,51551.459248590676,15173.94543182736
2025-08-08 07:45:00+00:00,226,3405,3382.9479118744175,4272.1243978191715,5318.3091565381255,6656.046172274755,7463.376046331123,8666.219089455824,9817.24427045028,11266.037163336872,13065.28228581834,14653.432770278418,16267.82688572549,17891.45139490468,20817.09894105082,22377.4771948695,25591.678962459027,27546.639292799096,30406.664742560984,33063.51135121252,39462.27690266001,55766.296404631605,17108.12949964498
2025-08-08 08:00:00+00:00,227,3420,2582.32535878112,3668.21841415749,5684.053180571962,7021.243492525442,8433.172376935663,9774.353055429432,12057.355020299003,14307.288076686125,15736.866070322936,18326.975644511513,22303.70946595932,26059.973620323017,28193.284269017066,31409.99660843013,33996.73784087342,37606.034362840226,39701.584653859296,42030.00634432751,43860.494995012006,59717.79605080132,21280.915136747026
2025-08-08 08:15:00+00:00,228,3435,2238.3713066038204,4050.4085192474668,6183.762320200788,7942.627321893171,9455.427233767052,12458.096257025516,14424.838557368317,16896.735606273527,20001.18647948635,23364.012156578654,27409.74744096621,29404.489012628543,32785.15489664903,35552.75748490272,38134.03739209852,40766.46152435192,43073.02123580672,44674.27373966221,45773.00530381166,63440.08041468453,23940.87218011717
2025-08-08 08:30:00+00:00,229,3450,2210.1906752652053,4319.900997155359,6571.168007487205,9371.178316805179,11835.344435324698,14129.379072824106,16260.493607524148,19251.65980300194,22741.822181335694,27615.017252042657,29737.615956604186,33363.653878997015,36170.711090190416,38655.71966041982,40753.81466142045,43054.05147246188,44948.86184888414,46525.72181843977,47630.137410647316,67029.77607627552,26017.847451585734
2025-08-08 08:45:00+00:00,230,3465,1934.625633878049,4959.945288964052,7351.300144363299,9979.552633556565,11821.001363257928,14102.626134703054,15220.788676265038,18632.586299782666,23245.17581241374,28725.184913905774,31386.988479325388,34769.477224707356,37851.75623656006,40265.87657590598,42415.82025234995,44287.84802964495,46545.04338013347,48188.29979090544,49360.713279085794,70367.29430899746,26892.22223398388
2025-08-08 09:00:00+00:00,231,3480,1414.587839297255,3216.747475911654,6247.186743576487,9256.348390847888,10624.657601516754,13209.7915277751,14964.649620477061,17722.299838161354,23664.867713505155,29297.15671180933,34139.982948067074,36166.116967443515,40573.11961104017,42308.381886209085,44413.461089665536,46173.125170651474,47866.06760283643,49468.361072319916,50920.67613713718,73431.7096945305,27418.1753870343
2025-08-08 09:15:00+00:00,232,3495,1967.766929421017,5047.7435587280215,7193.284302574362,9822.652779287595,11800.512048758284,14565.747567734674,15932.172333105937,19424.6043670357,26121.572939336776,31003.394964523693,36657.13137879892,40137.25813702191,42830.73346660968,44693.616812200686,46448.476635445026,47892.31905481199,49498.918888853535,51065.1853882031,52765.95728096974,76204.24685028264,29116.7943552003
2025-08-08 09:30:00+00:00,233,3510,3221.3916678295395,6524.082202953504,9672.7158431336,11157.111170773103,13689.767220823267,16182.071887201217,20586.902793514273,27058.176735562884,32077.467826431177,37903.02064828392,41435.37221369123,43907.30778583777,45785.198503042535,47747.75755703063,49026.096826313806,49901.552748971015,51071.652856218236,52522.43542409705,54520.77037943082,78668.22184093118,32118.21868204978
2025-08-08 09:45:00+00:00,234,3525,2635.042926000685,6335.044437692267,9637.431104847898,11168.74934302072,14623.928867356184,16729.62989709506,22551.524133777628,29330.53177986653,34722.25770841585,38891.20361416979,42835.80882633283,45903.27752859406,47718.53849401734,49528.02017134856,50603.542154788505,51363.16344345753,52743.078127279354,53977.36187367649,55411.90910351547,80809.01356070489,33276.06830399474
2025-08-08 10:00:00+00:00,235,3540,2818.9420316655196,7024.821485219343,10527.043476462013,11707.374148563587,16031.500291609951,19998.259748781544,27953.632808692593,32481.988288374338,37699.7362601972,40666.92983018665,45223.61208120533,47408.55921708409,49635.31349754725,50740.12085627285,51715.77002732368,52428.38354695688,53135.41020174973,54400.355612714295,56195.67665506206,82614.05691016231,34855.45768769673
2025-08-08 10:15:00+00:00,236,3555,2619.003763554871,6227.735283016748,10144.25970599551,11782.612776096037,16593.007423311512,24629.37388611506,30819.422487228672,33630.65313916772,39032.207808468054,43547.6510975315,46059.79675236923,48118.347242021344,50123.72970537173,51133.25034200961,52125.28998080876,53024.16696759151,53642.65628830767,54979.77452348535,56647.32025037827,84072.8512335952,35733.593886825
2025-08-08 10:30:00+00:00,237,3570,3164.0053118403334,6521.615169403592,11091.84500117037,12836.15999996776,17324.379085097313,26633.876679916386,32185.356022358443,35808.23210891494,40436.51621084697,44852.794998211255,47388.559866532494,49515.47414182672,51652.66134641211,52570.558299039556,53501.20493145626,54371.3608166065,54972.55897298411,56162.13412113181,57559.52208571225,85176.97887911856,36957.031353841165
2025-08-08 10:45:00+00:00,238,3585,3317.6919533692944,7310.7137782719365,12061.29862516978,14406.916354953742,21129.043120852115,28724.24297758169,33538.833602629835,38649.40643106115,42332.949112642746,46054.995174579955,48422.50904605132,50181.80485539277,51969.17806682109,52831.68079597485,53827.50996737504,54705.92258107991,55307.457002535004,56467.312318813674,57899.47504457929,85920.12915513845,37998.49754152341
2025-08-08 11:00:00+00:00,239,3600,3402.457249728291,7261.090786003545,12139.67774458889,14827.21249973429,24008.41783006626,30713.1756796719,34975.57488889623,40021.39673089308,44093.34325602051,47823.841712907575,49579.873494034466,51430.10607828509,52583.03271742555,53209.89944572392,54061.91531119461,54833.42929060481,55400.6343305729,56599.53646687165,57364.95391764055,86298.12268490004,38771.9776724453
2025-08-08 11:15:00+00:00,240,3615,3463.5219984325945,7940.642309475275,12634.324785550692,19299.39982965052,27959.87353688003,33085.62109915461,38021.94153434203,41787.54741961387,46022.98637953749,48736.125517308545,50515.80952207003,51965.427673762635,52674.702183499525,53319.89057466226,54047.91772580139,54760.87099203044,55232.91546877234,55993.340570161454,57099.29052679962,86308.9315255476,39787.87650745077
2025-08-08 11:30:00+00:00,241,3630,3870.7284144575824,10962.88634411055,14522.000899129322,23672.435931246204,29802.1707655481,35225.74433172593,39481.502307154595,43796.22274771834,47606.82366531627,49480.12949193789,51133.4876937568,52134.56336326665,52792.7426922408,53355.64710360978,54024.80304600935,54640.38407470835,55153.30038649991,55949.32649085287,57056.72278039209,85952.69107351144,40775.68695342273
2025-08-08 11:45:00+00:00,242,3645,4119.1569768239915,11626.718221354073,19230.693329729416,27728.959161059058,33244.36860096982,37844.23195388591,41744.13960659434,46415.86642177277,48200.12302373708,49665.71081640346,51033.41748984525,51753.68161670967,52375.057806222525,53087.04136324281,53571.431143523856,53997.40353608867,54523.24323037026,55608.3778801176,56687.34052259735,85231.70123804518,41614.78669860938
2025-08-08 12:00:00+00:00,243,3660,3467.6363543392595,11729.56992220499,22310.39057840806,30010.291153027738,34233.60680678996,38610.07360439016,43453.763208752214,45783.94916275471,47911.045053816975,49201.96919618488,50159.368540674586,50911.263868706206,51645.13677988908,52139.800281205535,52562.027496328505,53005.063928072654,53618.63358985823,54689.460260136,55889.862144774655,84150.41676330488,41525.41046512586
2025-08-08 12:15:00+00:00,244,3675,10574.226062134147,17477.945152426477,25258.572201823717,30235.495304339714,33728.10165784746,38182.5478652073,44248.7026897098,45861.86634910936,47483.532873849865,48650.43651250002,49151.131372013435,49559.69464371677,50548.98936242772,51247.09845551394,51686.336187784014,52123.38104893068,52609.373994369496,53184.2950507357,53966.41949584935,82715.4288086219,41697.95989552114
2025-08-08 12:30:00+00:00,245,3690,10682.637595589573,21234.857306434307,27948.471287208664,32354.028931786837,36540.381203428435,41599.85301123758,44457.53843347981,46115.82505695916,47104.39623082471,47576.48959425015,48025.94152752073,48862.075936470916,49388.99138618011,49773.81610176426,50183.874406001014,50595.23213761331,51104.84010311816,51712.40692350486,52648.618018836925,80935.44184875957,41794.52720681788
2025-08-08 12:45:00+00:00,246,3705,10389.977026821722,22183.956361489447,27921.69044610609,32607.911343686956,36272.62813011909,41532.074442196754,44007.25401048221,44920.93655894231,45715.81267979188,46189.51772161554,46615.25352273352,47391.128565900326,47959.99349222369,48341.00961001748,48748.90892605739,49156.64694521778,49638.78784933641,50280.81423373887,51679.91239564587,78821.25098708026,40938.01445143506
2025-08-08 13:00:00+00:00,247,3720,12061.024806254738,23409.210391167788,28668.523760376404,34136.488107538986,37446.0779701185,40771.2050641333,42937.17969374766,43832.72844805155,44434.062799118066,44868.93573614184,45270.90688337904,46098.945182056385,46577.14138051596,46941.911537947206,47328.94654872412,47729.16476263053,48272.68368656634,48818.11495336229,50443.64222948503,76385.72466187662,40320.72887437538
2025-08-08 13:15:00+00:00,248,3735,14651.441437594023,23422.23905995436,30994.382560425773,33867.231077956276,36504.53936790517,39488.67304456396,41363.49902533504,42286.600907260465,42882.719895595554,43312.95982687918,43718.26746046932,44496.19205480206,45003.74033744471,45345.84415540921,45720.267629588016,46101.91544824462,46576.02975832527,47138.810240428924,48554.99019288439,73643.79768810487,39346.6905551579
2025-08-08 13:30:00+00:00,249,3750,17332.48281183206,23342.87573990494,29673.148966113236,32898.79067348616,35652.5074377184,38142.165092142495,39489.25664420498,40639.65634514683,41260.22762092805,41742.128737295934,42145.790058082064,42960.833952639616,43467.12317368441,43823.116204898724,44209.80067012854,44594.827439361936,44973.00340357912,45709.61528920852,47553.68417013601,70612.47937564396,38390.35880758977
2025-08-08 13:45:00+00:00,250,3765,19073.14382453683,24614.32545251039,28609.650805433055,31551.057382569034,34783.08992267847,36570.23557882694,37733.37262200525,38787.81553197404,39417.31740120735,39888.79463484488,40340.51365601569,40921.564368739404,41441.1224468112,41859.32844624381,42254.63947213188,42648.471225402616,43150.04443526863,43634.903296621516,45796.21795096329,67310.88156340302,36991.1069428097
2025-08-08 14:00:00+00:00,251,3780,18781.294639927386,24313.253960671536,27700.30315641585,31590.519725442435,34350.62020896136,35156.159508527846,36476.57787538489,37327.769070818715,37801.81041590923,38194.56655536826,38609.69973431629,39257.96857690732,39736.550870031904,40050.405164866854,40419.253955091284,40842.79083491938,41297.909806597,41981.37330230961,44388.79915636375,63760.27309400969,35680.891676497224
2025-08-08 14:15:00+00:00,252,3795,18243.0062840759,24814.680597116207,28487.874470468672,31144.210855227848,32802.10124771334,33835.12204717522,35084.0461969588,35617.97965164453,36026.75702523237,36402.26065962645,36933.24916135229,37381.349847677484,37724.8706530765,38030.4806663965,38404.725505611044,38840.324210921826,39311.72498537414,40811.10019320768,42326.68603349949,59984.16939516121,34395.3181408824
2025-08-08 14:30:00+00:00,253,3810,18329.2382056445,23811.72269354501,27411.341190405587,29603.663191387204,30933.206718847374,31812.968074729568,32876.45677847621,33494.60537710276,33993.106415109876,34359.239581924805,34884.71553068441,35247.9931593825,35538.11591337316,35799.38679489059,36177.356147364764,36594.08314075145,37081.238189884905,39119.6412940573,40137.45250815607,56060.206309699024,32560.500584397083
2025-08-08 14:45:00+00:00,254,3825,17294.08834615618,22750.389575293673,25050.529590307146,27244.38462227847,28600.331775416515,29464.19972143692,30455.520379297323,31014.356081543956,31515.891232727663,31870.274074741163,32341.649016290576,32659.03142366032,32932.122904967684,33180.44411897283,33574.6581805247,34047.077060363445,35378.51657225291,36331.99061042023,37120.099196455216,51954.86000691095,30218.996522548547
2025-08-08 15:00:00+00:00,255,3840,15807.994807435292,20455.52347061163,22837.153238626965,24233.098937063263,26163.072873549518,26933.241252511143,27691.7009095365,28704.78805608388,29252.441119665928,29731.54066642765,30083.10906803095,30379.111215964404,30683.634444991705,31001.533717996816,31310.474843308253,31788.163868286763,32583.094446060815,33679.241275548426,34610.880458497435,47643.96015200475,27969.35525963646
2025-08-08 15:15:00+00:00,256,3855,15192.162081534747,19091.95929539838,21177.57306356235,22420.01999242588,23692.630358153296,24534.571119046435,25418.84214433925,26212.604342680737,26679.32216322831,27199.643564458816,27528.4076071151,27844.29314103749,28175.13449935591,28511.07934580642,28859.003026521907,29302.493460139394,30435.81588734183,31198.895275177052,31944.33982990351,43227.23560434997,25785.097221225285
2025-08-08 15:30:00+00:00,257,3870,12764.847104203713,15429.942515729943,17333.40496251022,19151.963290479962,20131.53923909958,21316.157534027334,22182.00334917129,22879.35641367685,23580.409342412724,24012.7272298541,24610.129639553474,24960.405738144145,25322.02482478536,25653.06249600612,26066.90332203171,26357.163044662688,27350.684389367023,28357.11848020398,28946.21656872107,38742.43897783304,22726.742697795806
2025-08-08 15:45:00+00:00,258,3885,8675.055309470177,12441.508337182107,14559.333125196641,15999.233051178915,17211.301650238882,18200.16381390109,19099.979687131574,19780.101656231993,20499.617864130087,21115.2448051394,21659.863782039796,21983.364674533743,22273.48378004925,22596.36479715723,22881.091718015694,23306.43132521784,23964.932904658548,25213.150178556567,25793.914907118353,34231.54306682097,19670.56946863079
2025-08-08 16:00:00+00:00,259,3900,7862.269813022617,10400.787553530126,11910.095491882346,13164.656518048183,14582.138096123444,15393.309437400607,16172.02389564695,16808.734287185904,17490.72333368599,18024.954918100248,18469.824514622273,18957.87846142417,19379.834666848994,19674.39044477699,19906.450646769386,20268.586410403495,20835.543476675044,21949.648156280065,22656.126178258117,29741.60058186291,16913.222388742084
2025-08-08 16:15:00+00:00,260,3915,5229.9788200469,7697.775425160766,9554.228633763978,10781.113072081187,11625.093092881147,12357.690685047253,13267.889488148585,13597.667014136188,14229.83651587493,14787.23844848477,15270.697903908369,15737.283608994765,16108.263765428052,16577.355554963287,16924.392148814386,17193.873548890282,17699.923376956438,18568.703828930367,19454.321012195578,25325.814545831752,13936.860562047343
2025-08-08 16:30:00+00:00,261,3930,4192.904840757206,6261.298675115538,7482.076535436853,8506.918483918716,9402.780239608188,9831.763754263824,10296.005796419633,11073.426748560205,11423.360217414427,11772.363075251009,12317.743496630446,12618.842714175005,12930.362922038581,13329.570473753596,13695.551271896958,14069.783854808606,14288.11782760024,14746.630159112816,15703.247524600085,21000.505838604655,11216.81626490101
2025-08-08 16:45:00+00:00,262,3945,3688.3834299724213,4801.614215911972,5925.069892512103,6544.372149354934,7270.416614397415,7734.146326276666,7989.001478947187,8167.141921772116,8694.619038081004,9107.50301535605,9243.464555526618,9496.132701116408,9927.478262810708,10168.643501768658,10407.900070880518,10707.769287722089,11031.067464659629,11387.731655526479,12055.02206626146,16792.551834311387,8635.085745630455
2025-08-08 17:00:00+00:00,263,3960,2737.529615214553,3551.1581468082163,4116.650883500357,4686.2249887687,5059.602810607386,5464.612156207364,5769.312152596997,6051.742273664774,6221.225235900679,6355.554465114616,6751.910532843909,6965.110938768954,7184.770172571807,7362.921688158135,7711.2148490136215,7915.927016896266,8108.194918292019,8398.275304073148,8941.198379932745,12962.80596171749,6243.956931443113
2025-08-08 17:15:00+00:00,264,3975,2051.9056263911625,2600.796167758256,2981.3216429836657,3173.1825957293604,3553.1169860688974,3763.11032122149,4045.463397863436,4331.281022639927,4487.269145717622,4576.766583255716,4695.332091171324,4954.4745713037355,5175.22156055228,5302.956369518821,5508.604607592782,5704.689765820787,5883.575826428493,6099.340417092834,6560.062910301949,9467.918145264388,4499.418975714803
2025-08-08 17:30:00+00:00,265,3990,1279.1502411131044,1576.8310536660767,1838.6302329773632,2025.1371847436026,2154.218706527082,2399.8807062508236,2514.587474692235,2697.873168367949,2849.325832437306,3002.143507826708,3073.8729293556416,3140.348722345694,3330.6451986504076,3435.3726858701853,3569.4233213794982,3709.985663092372,3873.2799880406938,4006.4684792377893,4355.07140015513,6391.124998491704,2887.163137836833
2025-08-08 17:45:00+00:00,266,4005,787.0762009749491,985.8791751931499,1167.335762633846,1317.153706342744,1383.8826314602252,1512.7878303373468,1639.5100839862623,1729.3009279913938,1847.0395728418864,1974.243130256259,2032.968183663458,2077.7479936899636,2188.6444969405757,2270.3508258049133,2368.0756425634645,2480.5834675399865,2610.3539156382753,2761.476729013473,2973.6034858399366,4311.272621872123,1916.0408632797041
2025-08-08 18:00:00+00:00,267,4020,521.9512282911016,687.4474998650436,825.6833679241754,946.4401232185666,1024.0902880399549,1095.118657152657,1241.4445872117606,1302.7349305906519,1388.984996897872,1464.767502958458,1541.2491208555682,1575.903887688047,1642.0651865419616,1706.1446769943345,1796.362227845899,1900.526588115378,2009.888514932357,2103.7390480107515,2332.356952342602,3307.8771137110525,1435.477904633066
2025-08-08 18:15:00+00:00,268,4035,279.03846162545324,412.2442842234573,524.0797966550689,598.1930370206501,666.5253742124345,698.9036451123794,764.4319185980555,840.971401598222,905.7573638429932,962.8466236864605,1005.2586438591095,1052.5767273299077,1094.076863279961,1140.384177510395,1202.5218664260678,1280.3466874206174,1357.304480951192,1433.3564300765465,1609.3425700667062,2193.517212708301,965.6441564758192
2025-08-08 18:30:00+00:00,269,4050,131.75318546707334,208.84583874392757,261.3045328239039,287.91471943815935,316.0082625229243,334.62668589644704,365.99731738402716,397.9438913900705,429.47407428629896,448.66746260003686,470.44228775212247,491.869734190638,519.7928771572277,542.1653157494238,569.8705640142415,608.4083520285744,635.6619224357923,681.5694656764307,756.6517326365463,1027.8742852457046,457.8134651107951
2025-08-08 18:45:00+00:00,270,4065,10.368125349121504,16.862752062827177,20.175155492314584,22.785960338884532,24.732246182676263,26.300467489060228,29.025163658344812,31.686721266397566,34.01283097937158,35.60201454753751,37.4403395171703,38.992944631545576,41.362861704153175,42.97340506581784,44.96118076898208,48.54345303735025,50.40402890998805,53.629375671663965,59.33112698677031,78.33385376424715,35.95268078347764
2025-08-08 19:00:00+00:00,271,4080,0.0,0.0,0.0,0.0,0.0,0.0,0.0,0.0,0.0,0.0,0.0,0.0,0.0,0.0,0.0,0.0,0.0,0.0,0.0,0.0,0.0
2025-08-08 19:15:00+00:00,272,4095,0.0,0.0,0.0,0.0,0.0,0.0,0.0,0.0,0.0,0.0,0.0,0.0,0.0,0.0,0.0,0.0,0.0,0.0,0.0,0.0,0.0
2025-08-08 19:30:00+00:00,273,4110,0.0,0.0,0.0,0.0,0.0,0.0,0.0,0.0,0.0,0.0,0.0,0.0,0.0,0.0,0.0,0.0,0.0,0.0,0.0,0.0,0.0
2025-08-08 19:45:00+00:00,274,4125,0.0,0.0,0.0,0.0,0.0,0.0,0.0,0.0,0.0,0.0,0.0,0.0,0.0,0.0,0.0,0.0,0.0,0.0,0.0,0.0,0.0
2025-08-08 20:00:00+00:00,275,4140,0.0,0.0,0.0,0.0,0.0,0.0,0.0,0.0,0.0,0.0,0.0,0.0,0.0,0.0,0.0,0.0,0.0,0.0,0.0,0.0,0.0
2025-08-08 20:15:00+00:00,276,4155,0.0,0.0,0.0,0.0,0.0,0.0,0.0,0.0,0.0,0.0,0.0,0.0,0.0,0.0,0.0,0.0,0.0,0.0,0.0,0.0,0.0
2025-08-08 20:30:00+00:00,277,4170,0.0,0.0,0.0,0.0,0.0,0.0,0.0,0.0,0.0,0.0,0.0,0.0,0.0,0.0,0.0,0.0,0.0,0.0,0.0,0.0,0.0
2025-08-08 20:45:00+00:00,278,4185,0.0,0.0,0.0,0.0,0.0,0.0,0.0,0.0,0.0,0.0,0.0,0.0,0.0,0.0,0.0,0.0,0.0,0.0,0.0,0.0,0.0
2025-08-08 21:00:00+00:00,279,4200,0.0,0.0,0.0,0.0,0.0,0.0,0.0,0.0,0.0,0.0,0.0,0.0,0.0,0.0,0.0,0.0,0.0,0.0,0.0,0.0,0.0
2025-08-08 21:15:00+00:00,280,4215,0.0,0.0,0.0,0.0,0.0,0.0,0.0,0.0,0.0,0.0,0.0,0.0,0.0,0.0,0.0,0.0,0.0,0.0,0.0,0.0,0.0
2025-08-08 21:30:00+00:00,281,4230,0.0,0.0,0.0,0.0,0.0,0.0,0.0,0.0,0.0,0.0,0.0,0.0,0.0,0.0,0.0,0.0,0.0,0.0,0.0,0.0,0.0
2025-08-08 21:45:00+00:00,282,4245,0.0,0.0,0.0,0.0,0.0,0.0,0.0,0.0,0.0,0.0,0.0,0.0,0.0,0.0,0.0,0.0,0.0,0.0,0.0,0.0,0.0
2025-08-08 22:00:00+00:00,283,4260,0.0,0.0,0.0,0.0,0.0,0.0,0.0,0.0,0.0,0.0,0.0,0.0,0.0,0.0,0.0,0.0,0.0,0.0,0.0,0.0,0.0
2025-08-08 22:15:00+00:00,284,4275,0.0,0.0,0.0,0.0,0.0,0.0,0.0,0.0,0.0,0.0,0.0,0.0,0.0,0.0,0.0,0.0,0.0,0.0,0.0,0.0,0.0
2025-08-08 22:30:00+00:00,285,4290,0.0,0.0,0.0,0.0,0.0,0.0,0.0,0.0,0.0,0.0,0.0,0.0,0.0,0.0,0.0,0.0,0.0,0.0,0.0,0.0,0.0
2025-08-08 22:45:00+00:00,286,4305,0.0,0.0,0.0,0.0,0.0,0.0,0.0,0.0,0.0,0.0,0.0,0.0,0.0,0.0,0.0,0.0,0.0,0.0,0.0,0.0,0.0
2025-08-08 23:00:00+00:00,287,4320,0.0,0.0,0.0,0.0,0.0,0.0,0.0,0.0,0.0,0.0,0.0,0.0,0.0,0.0,0.0,0.0,0.0,0.0,0.0,0.0,0.0
2025-08-08 23:15:00+00:00,288,4335,0.0,0.0,0.0,0.0,0.0,0.0,0.0,0.0,0.0,0.0,0.0,0.0,0.0,0.0,0.0,0.0,0.0,0.0,0.0,0.0,0.0
2025-08-08 23:30:00+00:00,289,4350,0.0,0.0,0.0,0.0,0.0,0.0,0.0,0.0,0.0,0.0,0.0,0.0,0.0,0.0,0.0,0.0,0.0,0.0,0.0,0.0,0.0
2025-08-08 23:45:00+00:00,290,4365,0.0,0.0,0.0,0.0,0.0,0.0,0.0,0.0,0.0,0.0,0.0,0.0,0.0,0.0,0.0,0.0,0.0,0.0,0.0,0.0,0.0
2025-08-09 00:00:00+00:00,291,4380,0.0,0.0,0.0,0.0,0.0,0.0,0.0,0.0,0.0,0.0,0.0,0.0,0.0,0.0,0.0,0.0,0.0,0.0,0.0,0.0,0.0
2025-08-09 00:15:00+00:00,292,4395,0.0,0.0,0.0,0.0,0.0,0.0,0.0,0.0,0.0,0.0,0.0,0.0,0.0,0.0,0.0,0.0,0.0,0.0,0.0,0.0,0.0
2025-08-09 00:30:00+00:00,293,4410,0.0,0.0,0.0,0.0,0.0,0.0,0.0,0.0,0.0,0.0,0.0,0.0,0.0,0.0,0.0,0.0,0.0,0.0,0.0,0.0,0.0
2025-08-09 00:45:00+00:00,294,4425,0.0,0.0,0.0,0.0,0.0,0.0,0.0,0.0,0.0,0.0,0.0,0.0,0.0,0.0,0.0,0.0,0.0,0.0,0.0,0.0,0.0
2025-08-09 01:00:00+00:00,295,4440,0.0,0.0,0.0,0.0,0.0,0.0,0.0,0.0,0.0,0.0,0.0,0.0,0.0,0.0,0.0,0.0,0.0,0.0,0.0,0.0,0.0
2025-08-09 01:15:00+00:00,296,4455,0.0,0.0,0.0,0.0,0.0,0.0,0.0,0.0,0.0,0.0,0.0,0.0,0.0,0.0,0.0,0.0,0.0,0.0,0.0,0.0,0.0
2025-08-09 01:30:00+00:00,297,4470,0.0,0.0,0.0,0.0,0.0,0.0,0.0,0.0,0.0,0.0,0.0,0.0,0.0,0.0,0.0,0.0,0.0,0.0,0.0,0.0,0.0
2025-08-09 01:45:00+00:00,298,4485,0.0,0.0,0.0,0.0,0.0,0.0,0.0,0.0,0.0,0.0,0.0,0.0,0.0,0.0,0.0,0.0,0.0,0.0,0.0,0.0,0.0
2025-08-09 02:00:00+00:00,299,4500,0.0,0.0,0.0,0.0,0.0,0.0,0.0,0.0,0.0,0.0,0.0,0.0,0.0,0.0,0.0,0.0,0.0,0.0,0.0,0.0,0.0
2025-08-09 02:15:00+00:00,300,4515,0.0,0.0,0.0,0.0,0.0,0.0,0.0,0.0,0.0,0.0,0.0,0.0,0.0,0.0,0.0,0.0,0.0,0.0,0.0,0.0,0.0
2025-08-09 02:30:00+00:00,301,4530,0.0,0.0,0.0,0.0,0.0,0.0,0.0,0.0,0.0,0.0,0.0,0.0,0.0,0.0,0.0,0.0,0.0,0.0,0.0,0.0,0.0
2025-08-09 02:45:00+00:00,302,4545,0.0,0.0,0.0,0.0,0.0,0.0,0.0,0.0,0.0,0.0,0.0,0.0,0.0,0.0,0.0,0.0,0.0,0.0,0.0,0.0,0.0
2025-08-09 03:00:00+00:00,303,4560,0.0,0.0,0.0,0.0,0.0,0.0,0.0,0.0,0.0,0.0,0.0,0.0,0.0,0.0,0.0,0.0,0.0,0.0,0.0,0.0,0.0
2025-08-09 03:15:00+00:00,304,4575,0.0,0.0,0.0,0.0,0.0,0.0,0.0,0.0,0.0,0.0,0.0,0.0,0.0,0.0,0.0,0.0,0.0,0.0,0.0,0.0,0.0
2025-08-09 03:30:00+00:00,305,4590,0.0,0.0,0.0,0.0,0.0,0.0,0.0,0.0,0.0,0.0,0.0,0.0,0.0,0.0,0.0,0.0,0.0,0.0,0.0,0.0,0.0
2025-08-09 03:45:00+00:00,306,4605,0.7103642607150178,1.7105146394699835,2.34441989904709,4.537737823570324,5.9177044470101094,8.329856605301215,9.766061071595377,10.417076740165118,11.812946124109166,12.82633665161491,14.046350013241641,15.166200057326378,16.803468979174756,18.69346590444603,20.597250992051205,23.031304984938682,24.72346245431567,26.19987258502942,29.45447307770063,38.97225637391848,14.05720782566925
2025-08-09 04:00:00+00:00,307,4620,20.10706854821412,47.76166575798964,70.82190219114713,123.41546956012297,165.3761205064929,209.73539904907904,233.65632227311465,270.9979719868078,292.7265183974681,323.59335649399316,352.28783088729205,388.70644069543374,431.0559804591014,470.9078206866235,511.4130243854522,541.282440230653,573.6666518644702,622.2550698707621,684.093721843855,856.8665431992534,340.8748806539138
2025-08-09 04:15:00+00:00,308,4635,58.74573396740053,132.89009490704768,185.39681723696143,323.3977557201895,440.08279967644205,535.9043514052779,588.750462031027,693.5933401323172,762.9517472361441,832.631265660188,907.3339324856601,1006.5711305917987,1081.1744646626373,1169.0350210144272,1244.629151035008,1310.5014959152913,1405.8522865233251,1519.185583538158,1657.873502234028,2066.695502716038,851.4666157389996
2025-08-09 04:30:00+00:00,309,4650,90.94040627531821,220.51253776599285,400.6748926585104,600.5931363156856,848.1668028953546,962.6498830653956,1114.2296077467,1218.4902855813552,1330.5275481781644,1443.9547094879642,1596.603545780056,1710.7641918851057,1817.4653919574287,1940.4094778411222,2016.0071167101519,2139.6460835116095,2283.090557889549,2414.6465194329276,2608.2910249796473,3251.390012162704,1429.9483895628714
2025-08-09 04:45:00+00:00,310,4665,437.26409538716706,748.8093240701793,1176.441308893156,1502.747779861352,1812.3784042898399,1996.2302330757434,2207.7887060558355,2436.272242794504,2699.2240836842775,2897.5645050915346,3039.80762302568,3181.2906357208117,3335.4670900091633,3461.486724775034,3585.3981942027453,3713.144666144266,3926.671108232306,4170.526018295457,4480.224799202021,5507.473644610474,2723.6987812913785
2025-08-09 05:00:00+00:00,311,4680,788.5528209704527,1222.8373471422042,1941.8876280054376,2379.8215101979076,2979.1979890941984,3357.7728062342403,3733.0958492937443,4118.78100365549,4465.379424795245,4696.801969569856,4902.938638835258,5139.788267844211,5287.112091232594,5433.509116456212,5651.915587710092,5936.3242485015735,6301.130731242974,6582.388278316637,6968.091246119637,8518.72806500846,4382.772796840048
2025-08-09 05:15:00+00:00,312,4695,1261.790508723549,2311.125301840808,2972.9815178133003,3554.206278284826,4760.14631117759,5238.085161811701,5607.91100800537,6258.8313966458445,6637.81363803273,7025.658090156628,7258.789426521234,7466.926824873374,7636.882338539758,7872.796935906792,8293.952488675084,8715.542840529295,9127.628161513478,9605.130915799155,9856.442355575813,11982.640842530314,6470.925254325804
2025-08-09 05:30:00+00:00,313,4710,1813.6085007080242,3314.728656351783,4352.824187780267,5268.477148980333,6691.109972774504,7193.6072089739055,8125.518403323863,8760.119425152705,9306.011115424646,9653.717102245437,9954.7126104639,10139.600665808122,10457.411454060879,10808.825158545818,11258.995601858072,11919.668757858448,12253.182444029202,12832.588457649354,13123.821113856651,15811.955887094453,8890.28607758489
2025-08-09 05:45:00+00:00,314,4725,2321.9288918402035,4169.976788161995,5505.961604733088,7769.25256314475,8826.038681729733,9933.11805021761,10962.080101284677,11643.481087197637,12157.603642097707,12528.786039907827,12781.616546440162,13136.350854422839,13558.434588462767,13963.984808761274,14833.72797945994,15192.277862232757,15776.223599715164,16203.628920315734,16538.284653546107,19920.388227246094,11590.08002885982
2025-08-09 06:00:00+00:00,315,4740,2860.8658938022772,5094.787023159361,6869.676653525622,9706.673517132702,11024.603723117794,12889.981997128001,13775.847717274883,14719.13602884042,15090.659601352945,15476.787644989792,15860.481373136883,16450.79290807089,16835.966136038296,17286.640832023848,18344.76050598605,18704.910787528766,19359.810639744057,19870.58980211294,20274.41498147293,24337.707177195294,14386.88014345705
2025-08-09 06:15:00+00:00,316,4755,3466.6750723560035,6007.320796014529,8257.817057082915,11361.675201385075,13261.87252406291,15424.298724215329,16612.703041205114,17556.966156883132,18232.07105179368,18622.193811488854,19016.124362376166,19722.888506572584,20134.37258969858,20576.564295701268,21908.927836053193,22326.072166578226,22926.09552227649,23634.11285502293,24073.443335551285,28877.813318050295,16905.26373485908
2025-08-09 06:30:00+00:00,317,4770,4963.056158763559,7372.5632655305435,10010.996005429211,13484.6193512615,15688.121755077855,18241.14438503319,19861.866182202946,20757.92954268996,21559.4069979979,21940.969190977095,22601.95817872346,23161.53794193798,23533.81653706107,24044.214252241924,25494.027816258502,25950.41258668407,26600.502194250195,27521.205271986502,28054.896477757065,33429.426540345856,19907.42436956357
2025-08-09 06:45:00+00:00,318,4785,6058.74837466232,8489.996099730757,11281.038754265192,13729.836637661036,17431.752880350246,20962.257896397812,22991.555517107736,23871.330232764238,24805.90528450817,25407.318099700686,26113.59123297522,26634.719883784186,27048.898233677202,27629.08981326265,28878.688198960932,29664.19875949599,30160.87774079834,31404.33617744204,32105.72687746684,38002.42687303896,22687.773604764672
2025-08-09 07:00:00+00:00,319,4800,6857.6179181029,9781.253094080257,13495.386873209975,15652.956398079179,20365.885565781675,24451.79510129633,26502.78378022675,27679.156464422074,28406.11500576192,28834.967260548012,29716.075794999582,30066.703434651747,30535.08957706098,31111.264342963936,32312.654646554827,33362.93920931998,33969.51216532674,35219.9910211828,35916.95976034571,42547.60707075841,25814.454908614356
2025-08-09 07:15:00+00:00,320,4815,7649.458609206442,12380.458621158637,16160.237348176286,19994.408931824863,24843.753954349653,28618.617756956024,29935.381594745162,31278.52923103099,31786.8958373044,32400.267323874134,33311.15241409024,33787.7481311551,34265.35905740569,35056.0593914889,36236.398157418975,37194.47130439468,37803.74476435082,39215.252878614694,40044.94518624055,47021.70780334924,29332.375908297763
2025-08-09 07:30:00+00:00,321,4830,8818.648229181912,13876.550628584071,17059.44048051511,21657.34440100755,26315.289397514054,31817.633051884488,32730.833188438017,34334.65626536049,34981.33275274853,35671.86549010835,36559.33263698765,37150.66837506714,37761.005037941126,38623.96509930226,39747.30708602425,40853.39293894697,41486.782932693226,42885.08484083602,43960.85940081677,51386.28957209296,32174.69107895199
2025-08-09 07:45:00+00:00,322,4845,8688.222418160203,14920.859006593024,18468.427575500227,22317.057710540077,26017.120414606958,32494.85264721105,34873.70854786971,36512.13263866873,37498.844407952485,38271.644051232186,39314.794317190026,39870.20112007685,40548.11480354372,41232.91174029148,42588.04949794095,43882.912621939824,44678.29874952498,45970.16753547374,47427.423132380034,55606.87106126596,34249.34162346608
2025-08-09 08:00:00+00:00,323,4860,10136.821931157192,15997.93851330496,19910.96323332877,23394.166156308136,26324.30233308619,31459.862648950406,36867.557520427006,38688.82047877226,39891.38995924114,40740.155096703485,41301.81756709302,42323.964231867416,42989.31033145129,43658.52157857043,44895.46977184769,46080.76946215571,47426.20161125626,48186.713087975906,50280.603134180965,59587.80972720858,36006.010388570656
2025-08-09 08:15:00+00:00,324,4875,10513.447637392934,16808.547926673473,20639.039083966018,25073.044770417957,28715.873433542143,33387.95785638776,38939.689601641265,40855.762388043106,42383.017598269376,43275.17017382658,44357.100542595705,44812.09519455994,45548.21173906029,46320.9972798967,47374.521145820494,48690.475610683134,49992.94473352991,50728.2994399097,52447.160940333415,63288.58784983422,38109.820238716355
2025-08-09 08:30:00+00:00,325,4890,10952.228593903437,17378.70001105515,23236.27965374827,27896.415043078865,31754.32500346261,37916.104509560995,41351.32465897409,43649.92666015349,44935.429090828104,45964.627427547595,47033.166706615295,47550.94346547298,48367.4668975989,49058.43309185769,50059.20998735605,51370.54776337958,52566.188354842634,53335.21130400166,55288.38220132872,66882.72125654142,40634.31391943121
2025-08-09 08:45:00+00:00,326,4905,12251.040533078642,20024.30231032715,27088.9014982873,31563.174569587893,36723.48589879219,42535.87486939327,44778.29288620036,46406.38310282566,47427.20528304342,48573.67024271446,49172.969212966025,50004.746316376404,50716.235101659884,51488.20764935892,52544.16871266635,53585.98031973772,54622.90521777357,55464.776579121004,57205.11185904527,70224.02944383126,43334.867344804494
2025-08-09 09:00:00+00:00,327,4920,12243.656437633657,21148.790650558767,29091.33857330176,35758.768315766094,42965.78711617572,44974.96057118055,47515.11377092313,48653.80007483982,49378.10086102412,50542.61223408752,51177.333522406916,51801.3022516989,52584.91833117177,53210.457470261266,53885.78268849483,55109.73277028037,56202.1586999934,57077.18554735436,58415.01577414231,73291.55569564625,45286.55058286755
2025-08-09 09:15:00+00:00,328,4935,15235.075850583049,22270.427615479006,31721.271374791882,38296.161266009214,43785.6382689489,46560.63646993523,48864.87836358625,50046.720304354254,51202.814460806876,51919.22186051208,52414.761835309364,53318.87798352771,53983.65493969788,54621.74803290961,55262.683299478645,56219.11129291062,57457.97407698757,58588.75180701975,59489.69948339337,76066.50228863629,46812.62569481875
2025-08-09 09:30:00+00:00,329,4950,16736.178136157472,27013.880145076055,33448.22274210273,40906.16007794129,45585.36840958902,47949.212090448724,50186.72740721493,51515.101852351094,52424.52383959658,53191.24367450644,53689.004476693975,54570.71138973327,55273.75694552234,55892.5191967825,56564.72654692385,57577.34756915896,59004.91362342065,60174.56241994426,61054.99382859255,78532.1701795103,48417.48582025963
2025-08-09 09:45:00+00:00,330,4965,19253.08377911201,29768.28565724241,38530.69156612186,42808.62379719762,46668.961856566166,49029.52621992188,51293.99574203642,52833.94358854356,53907.29944118149,54302.73920539106,54812.69512427718,55754.05114365616,56384.630729903154,57002.996281444524,57641.58290668919,59059.36471522546,60268.85372914008,61244.35540053794,62213.69536261099,80673.92931707422,49894.687877041055
2025-08-09 10:00:00+00:00,331,4980,19379.156711691096,30946.816778600813,39482.7618697659,43627.26511865224,47071.557971483126,49559.20908801324,51752.577192414974,53169.62008000776,54180.04198753266,54891.9144664206,55393.28881088152,55991.26961376157,56772.27311579485,57377.46033773908,58083.32716470409,58896.662600081436,60599.76294688959,61614.30393571814,62886.40182103787,82479.21115940671,50453.23537997936
2025-08-09 10:15:00+00:00,332,4995,19834.324721483197,31964.10827212281,41001.276737038854,45290.28456207085,48154.32850459443,50799.72816820739,52361.97068211997,53715.68180572769,54704.52041602752,55741.916965281336,56244.49231404049,56712.614150233414,57561.63037860422,58185.81670537944,58623.32792476018,59328.24968937571,60401.56166798436,62134.15147152296,63360.99583255864,83937.51668296663,51173.591334258446
2025-08-09 10:30:00+00:00,333,5010,20691.354895381948,34104.195633785836,42011.385268344,45757.36149729775,48612.7971758096,51229.60000728725,52926.12077872301,54209.4085693428,55550.86212930813,56700.8681483903,57168.51310533019,57657.49799957073,58331.782646605556,59095.47484679636,59616.51505841206,60123.27608536996,60928.99139570458,62866.72870514193,63907.31964420245,85040.43462774102,51970.84130147187
2025-08-09 10:45:00+00:00,334,5025,20559.69074675483,32300.39572478314,42587.99094150334,46266.710204988776,48842.988255175165,51199.650002742485,52743.947272153324,54237.240541958905,55823.849956859245,56510.54786010772,57361.52593397458,57797.88781105968,58451.793616127536,59143.62724311309,59736.4309785733,60328.68435936034,60998.826050680305,62391.353887373276,63958.407934012896,85781.66517677382,52030.15144793417
2025-08-09 11:00:00+00:00,335,5040,20579.796884189665,31350.33696796836,42721.377711755216,46164.25366649764,48948.91704840589,51530.98301306609,52987.42380614793,54382.98451173019,55624.999799416495,56393.99012870698,57376.56170649622,57822.48296645038,58438.29264843253,59127.470682963256,59704.68908766467,60256.803779522634,60962.41388185719,62321.75603035125,64037.54002528297,86157.04405035857,52006.19318032735
2025-08-09 11:15:00+00:00,336,5055,24654.0278542376,32607.68271990746,42908.722721354025,46622.31004711052,49289.73625394849,51768.82458045831,53041.263235335915,54443.14642513681,55714.734440172244,56438.038675330434,57363.0853442919,57935.451641840846,58510.765908161084,59184.09623838606,59877.11926254939,60564.84811600744,61284.03122510335,62840.127737660616,64369.24277610227,86164.56240441416,52452.93048785941
2025-08-09 11:30:00+00:00,337,5070,27137.67169396712,32759.741614227492,43077.91819750232,46636.10944947325,49417.483793037296,51932.17726521648,53308.79268521021,54430.5297336517,55788.69109826033,56431.033744494904,57305.46463617182,57850.43208218554,58465.80946387088,59166.943305149674,59887.40560515567,60536.36788431747,61207.08764776354,62684.93994766217,64171.084454922966,85804.37860807497,52590.4274693942
2025-08-09 11:45:00+00:00,338,5085,27318.894355408753,34156.76368228776,42978.04618770208,46568.290668477544,49067.494496236584,51520.882727485165,52844.40498562272,53997.89021065938,55582.20054422183,56211.09807736764,57127.45754385603,57585.49048563576,58183.28639907873,58957.81703148184,59719.87296451905,60381.48728345068,61019.341130908855,62652.99484023595,63960.194919152294,85078.81943562294,52468.449464423786
2025-08-09 12:00:00+00:00,339,5100,27838.244352842663,34828.96882991833,42923.76231757835,45973.03021353009,48738.71730628296,50921.25160241204,52377.15695489758,53984.18221163047,55204.342854791044,56251.608123323545,56755.58379860684,57243.42051485633,57883.94855131536,58725.80302330726,59330.59148016059,59884.69659868433,60868.66685271552,62735.49859337201,63475.224235858404,83992.3705796774,52294.84021091708
2025-08-09 12:15:00+00:00,340,5115,18049.00801520213,28716.374160267344,31936.27061016664,34584.73935179163,39488.73095506795,42491.93974775827,48109.658989082745,51666.15005912606,54160.396823057235,55504.42153911727,56861.094384114316,57587.919603358874,58314.744822603425,59231.388235266764,59689.32402989345,60204.7204957806,60859.8273630254,61747.97672566725,62725.23951464245,82551.65858445184,48957.75784853485
2025-08-09 12:30:00+00:00,341,5130,16947.176598195616,28646.964238735975,31494.970591243582,35114.51197846089,39060.9143788055,43053.146184457895,47601.93013098623,50764.69093071805,53191.661127357445,54730.444936583765,55731.49646366253,56408.79811554458,57160.718887762196,57932.26465666194,58455.21601885729,59054.318968406806,59719.473178863234,60632.94844978471,61575.31751044379,80765.42822522111,48184.00109669656
2025-08-09 12:45:00+00:00,342,5145,14747.918141425705,27936.53965901359,30640.858627909758,34726.3064449644,38029.22799460697,41896.41717985436,46642.19591137374,49705.916408262274,52394.829400259885,53854.039078688445,54517.74079360177,55018.09201532663,55698.57239967077,56447.27067230486,56988.84371105772,57582.20452220235,58278.54856480518,59238.99334729219,60231.16602557432,78644.52039865506,47006.149624442325
2025-08-09 13:00:00+00:00,343,5160,17179.309567527132,24519.845684295346,32386.100492620757,37372.49510737406,44371.32593543968,48612.49734060082,50078.613667657686,50702.00367523259,51043.19885969934,51479.91805257246,52136.719460165135,52832.24692664878,53399.55273960296,54015.52890687005,54701.91290900863,55382.0646421862,55959.28033638621,56552.412262690006,57375.50442892605,76201.85550833876,46651.019561637906
2025-08-09 13:15:00+00:00,344,5175,16051.994427989166,26264.945220233258,29733.473455879488,34135.681009808584,36441.04068351006,41278.84565772624,44249.95686456668,47628.5700089509,49357.78478862132,50614.22754926927,51085.55857953588,51637.59949680358,52209.51499314701,52783.87711701883,53373.530096547925,53956.99736655498,54740.861726140836,55844.891884331606,56892.8016830143,73452.4273492636,44585.299897685225
2025-08-09 13:30:00+00:00,345,5190,16361.898681266863,26120.466338966817,29694.122017191676,33600.27755300285,36446.53133461129,40613.77954525842,43261.403284662876,46061.571130087315,47556.02814144602,48772.241303698946,49238.528542500426,49735.634438096145,50297.7363587884,50835.541502688386,51372.40577753954,51900.13678082766,52742.48999184801,53823.561389578426,54940.35358451455,70413.31234775206,43279.16133643705
2025-08-09 13:45:00+00:00,346,5205,13236.970742211202,24299.725303072595,27917.183504587803,32578.224533541896,36342.088024429526,39463.66397543188,42174.404034465384,44278.14957172767,45708.68608579494,46805.72067935744,47314.24210042858,47868.54232082221,48478.26197776529,48886.80164536487,49343.25439282915,49861.67820692207,50549.63373873555,51685.448785212866,52640.60892149482,67103.69917585673,41561.501576604016
2025-08-09 14:00:00+00:00,347,5220,12661.353341580018,23146.01857038409,27132.32115417799,31447.597542302865,36504.08097843785,39493.69416203663,41758.90807093636,43084.87102596531,44119.09206315419,44624.3464200687,45064.39969019253,45477.63325060734,46005.56156431509,46442.43896142413,46785.819503058505,47154.68112957304,47740.83657262925,48924.775524398676,50061.50214244734,63544.94550842794,39842.02936811186
2025-08-09 14:15:00+00:00,348,5235,11932.096265833747,21623.039120280406,25426.1088462488,29502.915683931682,34280.92298976064,36849.95422381281,39216.61617766416,40425.91250134636,41563.39785154897,42069.9335333914,42483.60264276184,42905.153616088566,43383.591500516915,43707.390749923325,44026.21216085736,44392.56527789336,44966.569028423466,45986.84699546372,47373.797265421796,59760.67092511553,37478.430687790904
2025-08-09 14:30:00+00:00,349,5250,12457.389455902778,20660.120649009932,24087.959609904836,27520.77339275554,30413.410304773006,33636.73918269174,35691.94858410818,37130.69395596823,38494.01151207941,39206.796655643055,39608.83667440582,40015.372777655924,40394.657825980365,40723.01415056706,41060.58590938467,41463.82485017739,42131.23464639589,43128.60420103352,44592.399099208335,55845.40704580935,34888.40288400449
2025-08-09 14:45:00+00:00,350,5265,13389.269804699246,18484.30167728392,22259.9012585564,25260.705274690117,27578.07726555471,30012.91161738596,31926.714502026494,33806.604103486316,34741.00540467239,35772.11790356906,36340.018490311515,36845.74386420375,37263.33759399406,37630.7425990361,38001.569957048996,38459.22807656317,39060.572105754916,40049.32030078182,42249.30410890687,51717.34287514168,32129.614517253925
2025-08-09 15:00:00+00:00,351,5280,12374.242183748283,16292.773147068603,19975.859929976505,21847.54335557297,23857.219417021974,25497.402403050484,27517.255585086637,29122.96988363927,30955.65047772315,31940.188334375616,32838.36787261045,33380.71871100004,33898.688553945016,34273.390331360846,34663.47490560912,35205.95136617109,35663.67750107199,36674.135678415274,38701.59890498162,47399.253802048006,28808.238691075032
2025-08-09 15:15:00+00:00,352,5295,10898.666644252095,14570.661715259128,17353.122093483053,18989.033243247733,21104.37492857509,22624.485256407486,24080.171097648887,25035.925280958625,26455.609119854762,27933.439443792005,28784.941823738685,29649.983912760785,30214.499256100604,30743.571334939716,31225.322655685133,31811.024850156446,32243.495334415893,33419.296584400814,35286.0696818494,42975.99909653294,25592.21482190603
2025-08-09 15:30:00+00:00,353,5310,10705.816893734633,13269.29236686301,16291.993696789295,16955.572081413746,18581.850982574277,19970.941451155868,21000.710384712816,22023.45636835154,22807.25528226909,23936.520404148174,25097.769268161668,25763.4786951003,26643.370756770866,27275.54348697669,27727.716703522037,28303.73710262118,28769.153505047798,29518.048051609734,31382.626594637826,38485.62455051413,22780.415818801273
2025-08-09 15:45:00+00:00,354,5325,9680.268005153524,12137.032799769222,14473.723082570943,15133.712673382048,16220.721114771273,17407.93033347989,18296.985751200365,19251.329137433095,19771.343086948607,20511.09578210674,21553.5999936491,22319.84035243102,23093.08886256938,23787.469025265553,24266.07766311154,24722.51815490373,25345.904522638924,25723.1629972493,27707.66047453874,33970.48288609975,19935.831996689114
2025-08-09 16:00:00+00:00,355,5340,8340.93236961338,10227.638920591642,12444.097730215657,13035.242935286173,13738.773126687658,14650.407870724135,15404.2809214946,15887.657070842388,16712.41381180585,17134.842184723955,17786.02032053415,18935.663101235667,19554.669767467643,20204.196910780898,20753.729098572658,21173.081481593403,21869.10179010902,22174.684681975068,23603.275581931954,29478.122612887273,16929.882431702583
2025-08-09 16:15:00+00:00,356,5355,6891.971261292189,8524.460233071384,9975.034209519077,10782.826588883048,11227.077181565965,11877.37525778802,12517.147016490066,13088.71634836238,13572.802418595884,14211.653408081767,14525.098089134144,15196.780454419657,16261.557902610202,16739.061896246727,17207.953525392986,17823.79203548406,18335.9229755136,18723.45016196245,19915.102650212884,25062.39298313219,14038.638231324103
2025-08-09 16:30:00+00:00,357,5370,5387.2468759514195,6966.155620602691,7781.845921141479,8662.53464836588,8921.468977158771,9286.265684039627,9850.746848977344,10297.254347748434,10691.2054872134,11040.878004952054,11621.129239085316,11890.863819469956,12290.198007324352,13160.148578614635,13682.131903540008,14277.904583078402,14852.901651946479,15344.713763647158,16188.743984561761,20718.15218692409,11163.53851583393
2025-08-09 16:45:00+00:00,358,5385,4284.698201740956,5453.425173948349,5891.315168935111,6720.709431716507,7062.172457064239,7322.350270560195,7644.909636012622,8041.725757322763,8308.800413589943,8561.99514558411,8835.940615098769,9227.753296783203,9470.486967760604,9739.56144048779,10428.371324211033,10958.455814716475,11480.069392962456,12236.146641353922,12880.935363194532,16538.83836859687,8667.784880582558
2025-08-09 17:00:00+00:00,359,5400,3287.328183441174,4161.816592763554,4498.390730564366,4970.251739397024,5350.93054945121,5506.927386652553,5732.223345147017,6039.3726291445655,6266.337714207597,6443.1242199062635,6650.02613236388,6919.07324821775,7182.892293584345,7347.970067888074,7780.187300004835,8282.673612958448,8616.35898343206,9278.904504514721,9751.051526449022,12720.865082628003,6547.43696712888
2025-08-09 17:15:00+00:00,360,5415,2358.9316942984533,2970.942435494115,3188.0340277241944,3532.5882477148907,3838.593258932562,3967.1372486590644,4084.0917355217143,4313.309050373552,4465.758806933494,4615.7824251749735,4706.114505453113,4918.784572361851,5141.986542271675,5264.428594222575,5469.050668512691,5834.257508578746,6101.535302994191,6459.438240689796,7054.540374470503,9243.853050238935,4643.277518819848
2025-08-09 17:30:00+00:00,361,5430,1525.6046776698238,1926.9062209398232,2117.3022812507356,2309.864785201327,2526.1366316831286,2615.094503140348,2715.556000437447,2855.7486458189474,2963.8404814000187,3065.131680300435,3168.909227945245,3284.8461017701134,3401.901652297906,3502.5802850401165,3612.8163836811327,3828.137411466827,4026.7405472110754,4289.908640442229,4849.557083439779,6191.940936282588,3147.319408945997
2025-08-09 17:45:00+00:00,362,5445,1020.1870300832892,1287.4939042872745,1414.368451171394,1541.6741303776707,1693.1998265488078,1739.3230184435038,1812.3310079649252,1923.96107747523,1991.3691099513405,2051.824882590636,2108.659274084193,2204.759777851938,2292.2787999917937,2346.744551800429,2422.702390080831,2556.8656600775876,2704.7374433256427,2859.174287911354,3270.877170431658,4201.321227787286,2108.8677683495957
2025-08-09 18:00:00+00:00,363,5460,776.5378056609088,968.7656653819602,1073.226342110317,1154.266299422587,1262.8280473689717,1306.174762952676,1359.9563100092369,1428.7958094365129,1490.6313886658618,1533.30803713085,1571.8187128686716,1628.6372177738272,1713.618060075016,1764.1432737480752,1813.127214488219,1914.1764610113635,2003.4304199150436,2142.5852637612256,2401.4711548260084,3180.2191652875345,1576.1638734156222
2025-08-09 18:15:00+00:00,364,5475,502.05841075144,608.2246103354145,691.0092530562,735.9945230292404,804.6139476246336,848.5758675694194,886.4173612586885,926.2302006501158,968.7689680094437,999.4849081306724,1026.6456438517773,1069.7135257595403,1119.6127168483713,1154.41207347012,1186.2573347837185,1253.6882915374522,1309.452827734886,1399.9084419672884,1603.5459153460079,2075.7124007318107,1025.5850027190352
2025-08-09 18:30:00+00:00,365,5490,209.8944380403747,259.91944862627753,289.8360168237813,311.37509857307055,338.94573543672266,355.1157621477016,371.18831555879956,390.4305648087459,404.01616477218244,417.6067557127991,428.06442885203063,446.0666170397932,466.9857207771882,481.7181012196718,497.1864047193839,522.7229227585134,548.4839275683386,587.1568498650197,665.1384103106686,860.9180809456619,429.00683490453594
2025-08-09 18:45:00+00:00,366,5505,7.830996507130639,10.441023411720646,12.126506045139578,13.566219385869864,14.394909323962876,15.428497923493849,16.287556747469395,17.430726960805718,18.333939919390424,19.106907954509044,19.582793088429074,20.35881110754131,21.347890362526318,22.068934017561435,22.760431791389347,23.846745472316353,24.70745140991779,26.395163182950956,30.204389155334734,38.93809230159869,18.758590805333053
2025-08-09 19:00:00+00:00,367,5520,0.0,0.0,0.0,0.0,0.0,0.0,0.0,0.0,0.0,0.0,0.0,0.0,0.0,0.0,0.0,0.0,0.0,0.0,0.0,0.0,0.0
2025-08-09 19:15:00+00:00,368,5535,0.0,0.0,0.0,0.0,0.0,0.0,0.0,0.0,0.0,0.0,0.0,0.0,0.0,0.0,0.0,0.0,0.0,0.0,0.0,0.0,0.0
2025-08-09 19:30:00+00:00,369,5550,0.0,0.0,0.0,0.0,0.0,0.0,0.0,0.0,0.0,0.0,0.0,0.0,0.0,0.0,0.0,0.0,0.0,0.0,0.0,0.0,0.0
2025-08-09 19:45:00+00:00,370,5565,0.0,0.0,0.0,0.0,0.0,0.0,0.0,0.0,0.0,0.0,0.0,0.0,0.0,0.0,0.0,0.0,0.0,0.0,0.0,0.0,0.0
2025-08-09 20:00:00+00:00,371,5580,0.0,0.0,0.0,0.0,0.0,0.0,0.0,0.0,0.0,0.0,0.0,0.0,0.0,0.0,0.0,0.0,0.0,0.0,0.0,0.0,0.0
2025-08-09 20:15:00+00:00,372,5595,0.0,0.0,0.0,0.0,0.0,0.0,0.0,0.0,0.0,0.0,0.0,0.0,0.0,0.0,0.0,0.0,0.0,0.0,0.0,0.0,0.0
2025-08-09 20:30:00+00:00,373,5610,0.0,0.0,0.0,0.0,0.0,0.0,0.0,0.0,0.0,0.0,0.0,0.0,0.0,0.0,0.0,0.0,0.0,0.0,0.0,0.0,0.0
2025-08-09 20:45:00+00:00,374,5625,0.0,0.0,0.0,0.0,0.0,0.0,0.0,0.0,0.0,0.0,0.0,0.0,0.0,0.0,0.0,0.0,0.0,0.0,0.0,0.0,0.0
2025-08-09 21:00:00+00:00,375,5640,0.0,0.0,0.0,0.0,0.0,0.0,0.0,0.0,0.0,0.0,0.0,0.0,0.0,0.0,0.0,0.0,0.0,0.0,0.0,0.0,0.0
2025-08-09 21:15:00+00:00,376,5655,0.0,0.0,0.0,0.0,0.0,0.0,0.0,0.0,0.0,0.0,0.0,0.0,0.0,0.0,0.0,0.0,0.0,0.0,0.0,0.0,0.0
2025-08-09 21:30:00+00:00,377,5670,0.0,0.0,0.0,0.0,0.0,0.0,0.0,0.0,0.0,0.0,0.0,0.0,0.0,0.0,0.0,0.0,0.0,0.0,0.0,0.0,0.0
2025-08-09 21:45:00+00:00,378,5685,0.0,0.0,0.0,0.0,0.0,0.0,0.0,0.0,0.0,0.0,0.0,0.0,0.0,0.0,0.0,0.0,0.0,0.0,0.0,0.0,0.0
2025-08-09 22:00:00+00:00,379,5700,0.0,0.0,0.0,0.0,0.0,0.0,0.0,0.0,0.0,0.0,0.0,0.0,0.0,0.0,0.0,0.0,0.0,0.0,0.0,0.0,0.0
2025-08-09 22:15:00+00:00,380,5715,0.0,0.0,0.0,0.0,0.0,0.0,0.0,0.0,0.0,0.0,0.0,0.0,0.0,0.0,0.0,0.0,0.0,0.0,0.0,0.0,0.0
2025-08-09 22:30:00+00:00,381,5730,0.0,0.0,0.0,0.0,0.0,0.0,0.0,0.0,0.0,0.0,0.0,0.0,0.0,0.0,0.0,0.0,0.0,0.0,0.0,0.0,0.0
2025-08-09 22:45:00+00:00,382,5745,0.0,0.0,0.0,0.0,0.0,0.0,0.0,0.0,0.0,0.0,0.0,0.0,0.0,0.0,0.0,0.0,0.0,0.0,0.0,0.0,0.0
2025-08-09 23:00:00+00:00,383,5760,0.0,0.0,0.0,0.0,0.0,0.0,0.0,0.0,0.0,0.0,0.0,0.0,0.0,0.0,0.0,0.0,0.0,0.0,0.0,0.0,0.0
2025-08-09 23:15:00+00:00,384,5775,0.0,0.0,0.0,0.0,0.0,0.0,0.0,0.0,0.0,0.0,0.0,0.0,0.0,0.0,0.0,0.0,0.0,0.0,0.0,0.0,0.0
2025-08-09 23:30:00+00:00,385,5790,0.0,0.0,0.0,0.0,0.0,0.0,0.0,0.0,0.0,0.0,0.0,0.0,0.0,0.0,0.0,0.0,0.0,0.0,0.0,0.0,0.0
2025-08-09 23:45:00+00:00,386,5805,0.0,0.0,0.0,0.0,0.0,0.0,0.0,0.0,0.0,0.0,0.0,0.0,0.0,0.0,0.0,0.0,0.0,0.0,0.0,0.0,0.0
2025-08-10 00:00:00+00:00,387,5820,0.0,0.0,0.0,0.0,0.0,0.0,0.0,0.0,0.0,0.0,0.0,0.0,0.0,0.0,0.0,0.0,0.0,0.0,0.0,0.0,0.0
2025-08-10 00:15:00+00:00,388,5835,0.0,0.0,0.0,0.0,0.0,0.0,0.0,0.0,0.0,0.0,0.0,0.0,0.0,0.0,0.0,0.0,0.0,0.0,0.0,0.0,0.0
2025-08-10 00:30:00+00:00,389,5850,0.0,0.0,0.0,0.0,0.0,0.0,0.0,0.0,0.0,0.0,0.0,0.0,0.0,0.0,0.0,0.0,0.0,0.0,0.0,0.0,0.0
2025-08-10 00:45:00+00:00,390,5865,0.0,0.0,0.0,0.0,0.0,0.0,0.0,0.0,0.0,0.0,0.0,0.0,0.0,0.0,0.0,0.0,0.0,0.0,0.0,0.0,0.0
2025-08-10 01:00:00+00:00,391,5880,0.0,0.0,0.0,0.0,0.0,0.0,0.0,0.0,0.0,0.0,0.0,0.0,0.0,0.0,0.0,0.0,0.0,0.0,0.0,0.0,0.0
2025-08-10 01:15:00+00:00,392,5895,0.0,0.0,0.0,0.0,0.0,0.0,0.0,0.0,0.0,0.0,0.0,0.0,0.0,0.0,0.0,0.0,0.0,0.0,0.0,0.0,0.0
2025-08-10 01:30:00+00:00,393,5910,0.0,0.0,0.0,0.0,0.0,0.0,0.0,0.0,0.0,0.0,0.0,0.0,0.0,0.0,0.0,0.0,0.0,0.0,0.0,0.0,0.0
2025-08-10 01:45:00+00:00,394,5925,0.0,0.0,0.0,0.0,0.0,0.0,0.0,0.0,0.0,0.0,0.0,0.0,0.0,0.0,0.0,0.0,0.0,0.0,0.0,0.0,0.0
2025-08-10 02:00:00+00:00,395,5940,0.0,0.0,0.0,0.0,0.0,0.0,0.0,0.0,0.0,0.0,0.0,0.0,0.0,0.0,0.0,0.0,0.0,0.0,0.0,0.0,0.0
2025-08-10 02:15:00+00:00,396,5955,0.0,0.0,0.0,0.0,0.0,0.0,0.0,0.0,0.0,0.0,0.0,0.0,0.0,0.0,0.0,0.0,0.0,0.0,0.0,0.0,0.0
2025-08-10 02:30:00+00:00,397,5970,0.0,0.0,0.0,0.0,0.0,0.0,0.0,0.0,0.0,0.0,0.0,0.0,0.0,0.0,0.0,0.0,0.0,0.0,0.0,0.0,0.0
2025-08-10 02:45:00+00:00,398,5985,0.0,0.0,0.0,0.0,0.0,0.0,0.0,0.0,0.0,0.0,0.0,0.0,0.0,0.0,0.0,0.0,0.0,0.0,0.0,0.0,0.0
2025-08-10 03:00:00+00:00,399,6000,0.0,0.0,0.0,0.0,0.0,0.0,0.0,0.0,0.0,0.0,0.0,0.0,0.0,0.0,0.0,0.0,0.0,0.0,0.0,0.0,0.0
2025-08-10 03:15:00+00:00,400,6015,0.0,0.0,0.0,0.0,0.0,0.0,0.0,0.0,0.0,0.0,0.0,0.0,0.0,0.0,0.0,0.0,0.0,0.0,0.0,0.0,0.0
2025-08-10 03:30:00+00:00,401,6030,0.0,0.0,0.0,0.0,0.0,0.0,0.0,0.0,0.0,0.0,0.0,0.0,0.0,0.0,0.0,0.0,0.0,0.0,0.0,0.0,0.0
2025-08-10 03:45:00+00:00,402,6045,0.6991364537047825,1.434058943584837,2.230720445719767,2.8648364066369587,3.373440924982479,4.192428983948513,4.497106951838089,5.2321339483579274,5.727819672620564,6.178576968898322,6.6645511667049755,7.197420613053418,7.757325280380079,8.18958655734095,8.881561421949149,9.231742097623652,9.565599640447587,10.051012407674312,11.440121519336657,15.43359905115957,6.290643038729838
2025-08-10 04:00:00+00:00,403,6060,50.00829490004498,91.63151549041899,125.82463930960743,158.2038558992027,176.06149744168513,210.2759019755869,227.24648365440416,261.3432848837589,278.7763908286597,297.5473122847204,320.9586222456292,349.64060519564447,376.9535251982044,398.54541344112283,432.06668513693603,450.79305155336465,468.13124021042796,487.333877025914,542.6297686995982,722.8873768767718,310.41727619355146
2025-08-10 04:15:00+00:00,404,6075,122.90032511864358,227.22184687958892,323.4323703979713,410.1215118787424,465.3346334721875,562.2150094366134,599.7784307115671,670.9123912707429,737.3852443697928,786.2043127153437,840.6721253238289,924.4192762472375,1026.424521948608,1086.1598539744525,1178.7052700371064,1221.026311467647,1267.1407623753803,1330.971373036261,1471.9656491843682,1960.652618787472,830.4344255168247
2025-08-10 04:30:00+00:00,405,6090,162.33292024103483,320.0002508562818,480.2126352576119,590.4658505977666,691.5186543977269,839.8696016734523,903.7591333932734,978.3522916815112,1099.411511509148,1167.3006013882914,1274.442534780877,1397.1749338082502,1510.8676100281912,1665.6100933729908,1839.9026131056517,1916.0733237280701,1992.4192983971516,2080.8732134808806,2277.6528593029407,3125.7735034692228,1265.836399550452
2025-08-10 04:45:00+00:00,406,6105,279.4718617070343,688.2491017595099,864.5458283924388,1084.4157049925495,1212.5344526969452,1474.829240022173,1576.1937948817485,1701.3606017031022,1881.1787567877332,2007.2070454164534,2202.620358109441,2425.2926755090766,2706.6179347580837,2930.1847660808025,3180.621831866808,3322.796856767342,3430.9165114301277,3617.6420644462028,3952.065058413649,5340.78038858164,2145.0434291807364
2025-08-10 05:00:00+00:00,407,6120,559.1282506401328,1063.6756831940547,1281.1974732895605,1624.453588508599,1781.1585098173337,2175.5867962630937,2334.9387271531664,2534.223817057373,2834.929468119721,3058.3113454823674,3450.030580602149,3881.73409433756,4280.71283745583,4662.3979483424255,5040.0443425047315,5235.070906303632,5425.7865336094455,5871.4645739331,6286.034569797312,8336.566495282716,3348.4666452799443
2025-08-10 05:15:00+00:00,408,6135,967.5060696483647,1684.0520115886334,2097.2363359617048,2440.1515021398222,2828.1988959572645,3261.1765521100606,3483.033865843904,3862.4725900266226,4222.571653691926,4762.146483424677,5338.598592931895,5887.619713725529,6491.588096395055,6853.76258462061,7289.655235569893,7552.800141522572,7921.707422023863,8460.50463765513,9219.055138161368,11789.67918380921,4988.156123401993
2025-08-10 05:30:00+00:00,409,6150,1241.9708752040194,2408.097498790909,3260.638662458631,3583.7242858533577,4346.666017564709,4629.141487507023,5019.626292035419,5594.260691228513,6132.6391390339295,6964.729192805717,7510.162724033303,8230.368017176268,9003.421279280316,9608.91463138686,10010.682414155148,10404.037687575847,11005.107191427265,11786.910043086096,12760.720730070714,15613.438355539078,7026.970202830018
2025-08-10 05:45:00+00:00,410,6165,1594.693781898022,3016.8976006187672,4193.058280937074,4660.848740498932,5582.396767078879,6035.289451114366,6646.676667451035,7306.2214813075425,7945.206222566101,8950.145028115092,9638.608145714607,10365.579837724466,11381.814231099805,12415.430272344105,12914.293274048005,13689.976488111672,14485.224797494224,15180.172937954421,16282.092691016664,19720.32814401153,9061.436290626356
2025-08-10 06:00:00+00:00,411,6180,2085.0739600297916,4104.310624422124,5315.11156366698,6162.8464758669315,7108.2518732639555,7696.915260780849,8487.927892850634,9452.55630535762,10554.926002820172,11475.463899065868,12460.862123797651,13733.56235546686,15180.258737701435,15870.809067197675,16752.535322228414,17553.24848177099,18250.043078099734,18981.192100494616,20169.6406975807,24126.471412438153,11674.819755495995
2025-08-10 06:15:00+00:00,412,6195,2789.7352506183215,5918.0439904247305,6465.9751680913005,7946.626641023157,8606.945156052327,9406.38993436512,10284.221256016215,11503.370764709309,13286.828403356167,14247.968107271656,16052.472322994428,17553.18717153912,18668.285534188497,19640.85222228698,20546.682920422914,21485.061528372764,21942.27973558054,22750.707079655112,24113.94965800562,28680.82052310843,14379.15567233747
2025-08-10 06:30:00+00:00,413,6210,3380.8999929802703,6965.693433278154,7778.896459423699,9693.365206538805,10844.257858428882,11625.525448600212,12969.068668776237,13974.751828455785,16073.531271744894,17377.73301005861,19301.88905905123,21213.917061109572,22395.459013910782,23512.92171517796,24279.611199373307,25252.64916588724,25926.227985212205,26819.524141077698,28135.807237373163,33237.58072555621,17231.11566089445
2025-08-10 06:45:00+00:00,414,6225,3908.160293001148,8516.645282294336,10852.526583056291,12128.495140430387,13063.412364333128,14534.841980850368,15622.449311774335,18108.665317642677,19545.539280269928,21572.46965923095,23898.42411854021,25152.124975755316,26479.657268604355,27347.01938742504,28428.757297095115,28999.709731231727,29843.394697456948,31294.162776920402,32174.46616720347,37816.4807135913,20544.920849664268
2025-08-10 07:00:00+00:00,415,6240,7039.407003512194,10399.752861381026,12994.457010288123,14103.102514526927,15454.584771891201,17291.263530497316,19889.75163489396,21898.583293232663,25063.13824411677,26679.730804813407,28389.939288623715,29763.81909036386,30373.081196717707,31317.955207096707,32152.01946777708,32860.28750462083,33711.255977951485,35043.326899475556,36154.810181338646,42367.883617773325,24628.020823111572
2025-08-10 07:15:00+00:00,416,6255,9728.258199200183,12763.034713635105,14596.384284854512,16211.141193248175,18527.800384933904,20351.876587090803,23014.43166466621,27199.19416370032,29501.991639683794,31101.316331040387,32346.674503465827,32853.5676803492,33761.64467993185,34948.50513692438,35625.06380043882,36210.89952776962,36858.00881888453,38500.66609878397,39648.667370985364,46848.22365586877,27935.20992753868
2025-08-10 07:30:00+00:00,417,6270,10385.921069754217,13538.334804826503,16265.529246702643,18188.97201041996,20582.439035446318,24145.43383545251,29566.411370575894,32164.590835625,34345.86956448516,35311.16877552383,35759.41789668599,36361.367280917344,37546.98143411548,38451.3152781397,39006.7540152512,39517.67154702104,40140.887865504126,41816.99394271237,43688.81528635747,51218.8430770331,31237.78619209276
2025-08-10 07:45:00+00:00,418,6285,8770.244260683463,14720.538031088143,17959.093620380816,20919.58072182525,23820.981352269522,28736.684332757675,33625.367739173904,36405.72669883907,37833.7178767709,38370.15251434401,38905.83036438951,39569.78634820758,40984.70815660226,41554.923137696176,42055.3876548782,42602.214852587065,43255.22050576912,45105.40403211705,47140.36723863013,55445.1045737064,34165.655776224594
2025-08-10 08:00:00+00:00,419,6300,8451.759620908751,14733.030661270643,19101.655755405074,22546.11805283018,27338.277964440385,34192.68297469682,37667.98628507019,39621.742014234456,40547.3486608626,41007.33266733258,41475.95365441214,42082.40434357392,43191.23394172731,44059.602039794554,44634.359451510456,45208.85324993477,45830.00628416401,48223.89551195827,50078.42542492945,59443.35226457308,36686.709442751315
2025-08-10 08:15:00+00:00,420,6315,8483.05611366127,15465.526788257126,20262.69873707081,24543.794026656687,29606.384705561893,35965.13767157638,39495.57268097809,41813.13681153328,42704.93191003667,43331.96078484337,43883.54946698589,44484.51053638479,45285.17246447602,46286.280615842494,47091.92829678353,47812.37871519157,48537.57710198004,50691.08659652207,52904.79882890442,63134.480753754884,38750.40577600368
2025-08-10 08:30:00+00:00,421,6330,9332.548566648182,16599.30166442326,21578.352801370806,26491.485540912312,30777.308461705055,35585.8208045281,41066.22186275476,43572.77398407012,45218.140911510716,45666.353731508534,46204.425688580064,46754.80207837415,47191.31936411264,48406.84976465622,49288.664417614906,50028.94021389017,51085.85535501003,52564.040395658136,55463.018410010685,66732.93031545063,39843.662639401475
2025-08-10 08:45:00+00:00,422,6345,7933.332403615116,17006.434429341603,22480.64735343545,27282.615160890684,31443.663636917274,35046.45499458648,41666.452655026944,44745.92908916015,46582.34412485843,47646.43707250679,48126.54587728374,48797.30328583278,49255.65401758246,50019.46970157041,51257.27119607974,52028.802646840835,52988.58024183613,54334.34434194794,57486.94133084423,70077.88701574813,41087.22013064388
2025-08-10 09:00:00+00:00,423,6360,7951.156609627089,17818.884305778156,23465.035739596613,28302.93153891627,32860.630859711964,35552.77029572964,41537.66933744266,44538.12271162574,47144.775171025416,48975.54094467683,49802.52431592191,50380.61463761789,51043.831286978624,51547.6246371422,52687.23294603195,53825.96195385964,54528.71153581259,56358.36715604577,59240.68583300058,73148.3645856404,42232.1893471819
2025-08-10 09:15:00+00:00,424,6375,7824.566847838138,17712.444399074782,23535.365778750864,27667.64962805735,33119.12146961728,36095.90705500122,40921.71371654538,45337.066368055,47325.45913527245,49662.37199837617,51078.021716713185,51615.610179594216,52159.3939179043,52926.04039585887,53645.99297833264,54793.02430551437,55646.28868167776,56847.81290822251,58684.944175780445,75925.54474199857,42842.79686484225
2025-08-10 09:30:00+00:00,425,6390,7959.37576764945,17060.647681443585,23841.29745847113,27981.748890580213,33523.152558450514,36238.95654578994,40014.135957831895,45697.93786181388,47632.54492981926,50447.165982110964,52298.74685465782,53090.07199576712,53701.21062421975,54328.413479669034,55096.149250366616,55730.644246003634,57077.92417527809,58032.998918582554,59714.555598072424,78392.71512223873,43164.137645229646
2025-08-10 09:45:00+00:00,426,6405,8272.708410669606,17227.513913398496,22258.664357430916,28610.299209525885,33658.8515720046,37131.04517679108,41426.52618774996,46751.61963103078,48693.72471540008,51446.55545794004,52896.756208674924,54432.720272116254,55071.59661552044,55677.97597543484,56519.203759717035,57001.45977230467,58296.19193347248,59397.70275460194,61010.57756036057,80535.23851022281,44027.27598226852
2025-08-10 10:00:00+00:00,427,6420,12171.01848417262,22314.789215987697,31610.03446483825,37220.82107282487,41432.15387701722,46781.3138425822,49868.31007767111,53114.40610003559,54746.11982721973,55833.04642728441,56418.21042652819,57509.84172638291,58123.73081659336,58847.94200417498,59507.26169508622,60095.63180744368,60762.17778505586,61706.699344861976,62989.01283504332,82340.54468641053,48858.112492549146
2025-08-10 10:15:00+00:00,428,6435,12290.856370383464,20114.556280911595,25514.630568616394,30353.651317199052,37208.058203966044,40187.76765142833,44473.632687394886,48407.55852219384,50526.507734353356,53049.379202404234,55038.73092249436,56640.56698009009,57107.475680969954,57820.84748491805,58553.966083512,59000.00765433804,60119.33497983234,61193.58270765324,62250.90516343697,83798.13800615499,46215.730740520405
2025-08-10 10:30:00+00:00,429,6450,14025.827859982992,21257.847558946494,27449.242170407662,33534.04954808424,38389.94506755937,42102.33545356753,45837.39204463892,49550.95955358212,51190.48442495977,54256.19911761614,56292.38710746099,57195.34868359732,57815.74234357942,58507.34547082434,59330.406810689376,59880.52448411797,60668.33206474148,61811.702520322964,62861.65675807292,84899.61532662163,47331.17447726627
2025-08-10 10:45:00+00:00,430,6465,14361.811281386026,22768.631234904977,29622.306210390423,34784.99017807608,38941.20930247576,42798.59112963592,46568.01833269979,50197.042327092146,51800.487567374694,55090.91996730819,57039.517119599695,57771.4704358711,58179.03535061314,58868.36390728446,59720.492699697534,60150.2137691243,61096.24371215391,62162.75558188639,63223.93551376457,85638.68940622408,48011.27107740017
2025-08-10 11:00:00+00:00,431,6480,14925.244345639017,23065.0180042821,30498.612061847663,34166.66527048752,38847.330774132126,42771.395476790916,46479.29196453806,50028.24966350851,52022.71481076141,54238.59832434576,56495.17437729806,57880.72443969388,58312.15071272117,58893.50425844823,59859.574594179125,60281.99852972666,61012.76273509968,62240.09091154299,63440.28327383429,86011.21273504679,47977.38895892417
2025-08-10 11:15:00+00:00,432,6495,14519.816740194221,23056.670692042182,30887.277675180347,34754.37479978811,39431.46852925441,43047.49610418201,47054.99262310409,50164.861618440314,52112.21433471929,55095.99215938543,56990.734729709824,57650.196176027755,58089.48129016587,58680.864754454415,59664.356242164045,60114.757499550615,60885.059303165064,62187.81962656506,63357.68432006353,86015.19721062873,48088.345593651364
2025-08-10 11:30:00+00:00,433,6510,14067.268431000326,22695.916409426183,30668.35624312882,34362.09205884049,38904.96342370118,42556.18486496799,45891.92053425377,49776.180895430814,52118.64432169565,55008.81955920468,56831.086844507336,57359.829575809366,57857.583001111336,58476.16289803218,59459.69054027612,59965.819206804066,60756.44665416578,62289.890009121526,63453.507057135605,85650.82578438916,47788.43250867342
2025-08-10 11:45:00+00:00,434,6525,8407.25733713282,21919.198790208215,30265.452187321476,33890.10263017063,38859.725358348696,42036.18231981961,46165.107203147156,49863.44578958021,51934.72948111036,54730.7213895358,56397.501895493486,56913.67029239184,57396.27986680793,58242.73853014851,59171.08735905463,59691.062140075184,60391.02379585235,61879.098683558375,62814.13293494859,84920.45366581061,47185.92998352363
2025-08-10 12:00:00+00:00,435,6540,7026.709567949788,17909.269697553176,29431.314590609967,34729.15933997467,38684.712843631256,42460.152278789836,46606.04909793788,49552.20932114935,51325.86911079569,53988.695983639336,55715.691112834436,56241.64870364792,56663.849846542944,57567.78125484871,58538.54168639741,59076.3580891884,59842.232073698906,61445.90500171269,62106.36102516977,83828.59903882348,46565.773862023954
2025-08-10 12:15:00+00:00,436,6555,12165.625217677167,26800.636347626965,30517.77129553531,36464.00360150674,38840.16175734962,44487.13981464207,48145.1664280796,51274.941944990445,53166.81396352873,54739.7745148583,55307.05765486541,56383.50458505104,56951.312187133,57447.37465985049,58161.81534614779,58828.50568822284,59410.90715932296,60383.087223049966,60967.13727069789,82381.92534409423,47680.139297889575
2025-08-10 12:30:00+00:00,437,6570,12181.408844824584,27007.790873598573,31298.39918093844,36115.00198200193,41830.98046466738,44959.0293858225,48808.84036932956,50970.19864947074,52839.38174989474,53486.831071298824,54279.45162111578,55233.21414239139,55722.1800487491,56066.563934033366,56847.19443502973,57363.84411929527,58191.117974174864,58871.165499275325,59504.53538640668,80589.21915073885,47179.25695857654
2025-08-10 12:45:00+00:00,438,6585,11753.488862300772,25880.77291692834,29708.199382411254,34476.38209467606,40890.314560427076,45138.857543648475,48375.18488119423,50575.72734195787,51547.75161714875,52010.9984201142,52801.94444070914,53739.782144410216,54095.42957891844,54626.884737887995,55280.72681821456,55827.28486815351,56523.75058086196,57175.430428573956,57851.59527515554,78461.3686410587,45960.06129694342
2025-08-10 13:00:00+00:00,439,6600,14668.333409115197,25816.667984468,29670.176546091116,34330.99988023224,40699.93980170431,44666.97063650685,47093.36925962301,48685.479172419065,49747.901537982936,50228.96091932927,50871.44205602202,51910.132446106014,52249.255181845365,52833.41313701444,53438.308384544216,53998.998802653754,54656.15744828161,55481.61720494473,56206.3201234112,76011.34770334903,44870.73102291834
2025-08-10 13:15:00+00:00,440,6615,15306.7383408125,25640.008981808274,30730.49311154843,35195.398748756386,41518.21890105639,44733.39742941084,46368.158637210974,47693.1003727244,48121.71528796735,48629.61212255182,49663.27683559415,50080.31138557633,50383.630069907034,51213.538425917024,51705.2053104162,52188.59534430995,52876.191708958824,53553.947656073535,54120.00603946666,73254.21069667784,43928.52877542964
2025-08-10 13:30:00+00:00,441,6630,23046.456477350548,27935.214248618136,33368.231736336034,39493.31731020876,42370.63596560742,43569.65583024954,45109.32763164376,45698.287667319484,46146.0429285804,47134.87940774772,47662.67354760819,47965.78136256962,48539.00755320711,49068.79352578302,49463.291964651224,49912.62430754178,50479.31421313239,50986.424822590154,51590.291824687345,70207.10286578219,43335.78372550217
2025-08-10 13:45:00+00:00,442,6645,22067.36792761001,27107.51436247693,34001.33592326388,38520.78157641097,40498.06748559859,41846.110058419974,42873.08390365087,43347.09542617046,43776.4463808806,44853.95457888048,45152.87597366195,45545.95252273908,46061.19368825222,46459.570470118786,46840.47465727941,47341.32869984391,47934.80983721389,48487.06451725328,49068.8043628172,66889.29160962401,41420.827057359085
2025-08-10 14:00:00+00:00,443,6660,20805.57544814069,26201.41885099112,34834.78370413949,37873.55196786613,38804.801819009605,40252.867072577545,40798.261148872916,41146.019298762054,42187.84064156167,42592.106017038735,42866.264880381044,43208.81301763047,43704.65774478453,43980.25713435463,44317.65992639934,44840.72964005659,45376.97279459167,45895.06159321801,46505.97625884807,63322.225629649525,39556.86311917867
2025-08-10 14:15:00+00:00,444,6675,19661.101982426157,27275.139051602604,33901.950674503474,35704.75753933425,36925.38630730115,38021.39203578892,38505.65054173215,39263.22942111302,39839.07605708141,40071.82690882853,40304.57776057566,40843.55431442493,41188.75217516034,41480.46407623933,41748.47087064442,42420.123862012486,42890.99206718049,43390.2679388728,43760.85731594423,59529.631307173375,37582.19019148982
2025-08-10 14:30:00+00:00,445,6690,18271.261814952006,26048.752032064134,32191.0506101009,33273.538364321364,34440.50194007542,35414.82570809613,35940.43119563911,36706.206429282734,37109.79514366251,37358.61390816687,37629.218154667615,38141.39249354526,38479.4287223527,38777.66557452402,39166.413439777556,39674.35455034373,40293.84663655138,40556.16934877799,40988.404096999926,55623.845883244634,35159.41952582828
2025-08-10 14:45:00+00:00,446,6705,17375.26332076144,25596.820396269708,28881.014118936397,30484.31533120574,31537.716471493677,32619.930450794505,33141.406345186806,33669.45167441333,34249.068074073504,34566.15888322611,34846.23845101516,35339.72697153868,35642.085733806474,35934.102393263856,36305.66642633806,36770.124475688106,37383.69133622537,37637.44087245052,38094.70592554865,51472.12031138392,32632.38282439261
2025-08-10 15:00:00+00:00,447,6720,17861.436457908203,22104.425407268347,24702.953792437977,27608.961055764878,28300.71436435111,28941.4145262039,29662.621991806354,30187.443164112367,30632.24386030761,31139.38278649702,31681.98750800099,32029.872543684265,32563.82523747046,32886.23232916649,33137.50509577561,33606.55111617458,34312.12862512396,34626.72597660384,35076.49392399255,47146.77982557119,29713.919901659512
2025-08-10 15:15:00+00:00,448,6735,14599.962746019442,17971.026640474578,21212.218441752662,22966.372253038204,24831.921346282368,25296.383094007935,25740.707834809204,26331.152319955265,26831.056940273185,27316.199679714406,27853.27363208902,28411.48081091269,28852.88610127902,29393.529894871623,29768.413766300233,30062.005945507495,30671.89019197298,31257.826156293155,31681.243205781902,42716.97207850849,25915.503892766323
2025-08-10 15:30:00+00:00,449,6750,10221.644026998183,12659.849151123914,15674.098949010558,17482.64882774255,19894.216183358236,21139.16754391062,22159.36590997093,22747.784943764313,23094.96206150339,23556.49492235,23954.972981288465,24391.73036704416,24795.687589006895,25282.834637054206,26320.550046541633,26826.03379908491,27071.869473642164,27843.142299629464,28467.009564219494,38221.04637333121,21994.34600574317
2025-08-10 15:45:00+00:00,450,6765,9014.960201404076,10427.927230144269,11959.381836027243,14064.077152185171,15362.978742964538,16951.86843680639,17745.784329040467,18767.460522588,19690.30856259678,20093.829113822037,20371.134941851546,20822.80558074305,21259.32843753553,21646.309585605595,22169.030899942507,22917.15979111179,23592.791879674,23999.95224859073,24924.051730682422,33701.7495999723,18459.17938804792
2025-08-10 16:00:00+00:00,451,6780,7367.921034449979,8509.251267058778,9278.646504155893,10888.436448273673,12442.968837552662,13257.398763900523,13857.868168968982,15113.939830359346,15672.234990932637,16539.774173041842,17353.074493696677,17685.310749146054,17971.97194682423,18420.96158856158,18865.937307006065,19289.66481734035,20110.655138281443,20658.43481314274,21676.36610004194,29207.145573598562,15541.69343445246
2025-08-10 16:15:00+00:00,452,6795,6513.135017158653,7224.531368930791,7855.210749385525,8963.827133070321,10039.351016545645,10994.34014573588,11481.578394774033,12000.514880189938,12640.984731019464,13182.733675640253,13625.861543947762,14269.462415904922,14855.690821486773,15222.68185345242,15511.74544243817,15960.988152796705,16535.72251005564,17092.365807107733,17992.121547194147,24791.755925640235,12976.190603700392
2025-08-10 16:30:00+00:00,453,6810,4966.0687478699965,5888.075295044682,6484.6294446479815,7303.6947379294525,8188.012397940108,9029.282281959579,9377.319439539993,9793.133358880454,10036.806002049536,10507.866682432268,10893.171504093289,11180.192813072395,11640.071401872407,12094.91270544778,12446.757302125856,12755.980928480256,13095.588589079265,13707.519982525773,14341.784484608515,20439.991117825582,10416.241439430189
2025-08-10 16:45:00+00:00,454,6825,4264.110959735727,4925.2740728140425,5233.132274657371,5735.197935555763,6513.476294957523,7120.020728780676,7378.427417923727,7531.880770507203,7867.547239092391,8157.558861936125,8423.255388461452,8676.245910472633,8950.163671931134,9362.59564812471,9827.683718984827,10044.940525041437,10340.03786669492,10663.581488163123,11586.462725880812,16278.975216650078,8210.73949982239
2025-08-10 17:00:00+00:00,455,6840,2860.6829399985418,3475.156719719186,3878.9070237885153,4155.049117791363,4678.532138572986,5054.01488210738,5405.603806382301,5593.451705585107,5735.736516869415,5971.243442960906,6162.460645600404,6386.220081854957,6577.482839584427,6827.598899095373,7160.978993696181,7538.942572077913,7730.002096122733,7997.600406817802,8586.778679433231,12473.543700645658,6032.285213231433
2025-08-10 17:15:00+00:00,456,6855,1932.8847423474704,2401.196435637043,2707.7051400263435,2857.390005717025,3137.337658293503,3479.9378527096283,3723.6551489571184,3938.805410500745,4058.3712530350863,4159.490646784974,4322.982550831613,4430.562164452769,4598.574159612787,4739.122318147056,4982.935066294354,5337.662169729236,5501.383093778995,5777.319460493901,6388.864466271983,9015.40573734472,4232.136699105513
2025-08-10 17:30:00+00:00,457,6870,702.659464261722,1293.4966390981938,1585.8893086571154,1718.603880529809,1866.737995285234,1961.0070848650162,2265.905281221085,2425.067762848215,2604.3637009228028,2705.047789012211,2771.5732289992434,2898.4683231773815,2995.566178500736,3094.852041988767,3228.330418933317,3462.2892421148804,3648.8567816725017,3798.7913321268434,4262.844012617854,5989.569280374822,2669.7202893573
2025-08-10 17:45:00+00:00,458,6885,464.9011375862418,863.6810968339847,1068.448293442564,1153.4503473352356,1263.822335441624,1325.1872572733787,1491.352393000693,1600.432035850535,1713.6250204681214,1808.6761262233638,1867.6055054807257,1930.237637506332,2005.449793301952,2088.2579589869742,2171.9998394094564,2298.2862953223644,2442.5028843607647,2563.810200697309,2808.747548775221,4087.3365910670245,1787.0702284372376
2025-08-10 18:00:00+00:00,459,6900,265.3857543588333,617.6245609163698,734.5121552936156,843.4932788088233,931.1936592505747,989.3933494262411,1150.1871976259192,1204.1062954871904,1278.7101555642955,1346.2735197192803,1393.7459160866201,1457.171752192637,1506.3403987310164,1561.0814563573963,1629.8472107708672,1706.306076695379,1810.5727490339261,1925.8514151469624,2128.6019965989276,3047.23242874541,1327.3417271177907
2025-08-10 18:15:00+00:00,460,6915,194.63187158752822,391.99443747258914,504.28157189460273,535.4942439454884,588.6262549864192,620.5329326476362,699.4853046431385,742.1506682755958,793.2596113871288,839.9930308678681,871.3353718446285,898.3033749556926,935.6895884781894,968.8436948363097,1017.9000568801131,1081.8869587876995,1145.1339249253185,1200.3118228986573,1349.971530869585,1946.0871103254221,834.5126013593331
2025-08-10 18:30:00+00:00,461,6930,70.2624180336217,144.9326319165881,174.68337108978125,193.77175109265156,210.2454291755193,219.20990000996272,245.85904615081336,265.6557502401144,282.2092430073101,297.81557818780703,309.33761260685753,319.5873316455212,332.61792983390694,345.6836952558979,359.2486560377306,384.20600675300904,409.729837839254,428.7265952275089,477.91036093543755,700.6392490818885,297.0892491684028
2025-08-10 18:45:00+00:00,462,6945,1.2811285167297266,2.610312287161971,3.0414125895388207,3.4684466804840675,3.9033145351176914,4.091883737257524,4.436563881399015,4.8363923193409954,5.157727654736533,5.557157562114743,5.850846728962685,6.009974673391115,6.319332130201191,6.6519098334810405,6.9321180584988475,7.504920786162576,7.945584424862031,8.278871351747076,9.27721580247935,13.615331698206193,5.612622082184682
2025-08-10 19:00:00+00:00,463,6960,0.0,0.0,0.0,0.0,0.0,0.0,0.0,0.0,0.0,0.0,0.0,0.0,0.0,0.0,0.0,0.0,0.0,0.0,0.0,0.0,0.0
2025-08-10 19:15:00+00:00,464,6975,0.0,0.0,0.0,0.0,0.0,0.0,0.0,0.0,0.0,0.0,0.0,0.0,0.0,0.0,0.0,0.0,0.0,0.0,0.0,0.0,0.0
2025-08-10 19:30:00+00:00,465,6990,0.0,0.0,0.0,0.0,0.0,0.0,0.0,0.0,0.0,0.0,0.0,0.0,0.0,0.0,0.0,0.0,0.0,0.0,0.0,0.0,0.0
2025-08-10 19:45:00+00:00,466,7005,0.0,0.0,0.0,0.0,0.0,0.0,0.0,0.0,0.0,0.0,0.0,0.0,0.0,0.0,0.0,0.0,0.0,0.0,0.0,0.0,0.0
2025-08-10 20:00:00+00:00,467,7020,0.0,0.0,0.0,0.0,0.0,0.0,0.0,0.0,0.0,0.0,0.0,0.0,0.0,0.0,0.0,0.0,0.0,0.0,0.0,0.0,0.0
2025-08-10 20:15:00+00:00,468,7035,0.0,0.0,0.0,0.0,0.0,0.0,0.0,0.0,0.0,0.0,0.0,0.0,0.0,0.0,0.0,0.0,0.0,0.0,0.0,0.0,0.0
2025-08-10 20:30:00+00:00,469,7050,0.0,0.0,0.0,0.0,0.0,0.0,0.0,0.0,0.0,0.0,0.0,0.0,0.0,0.0,0.0,0.0,0.0,0.0,0.0,0.0,0.0
2025-08-10 20:45:00+00:00,470,7065,0.0,0.0,0.0,0.0,0.0,0.0,0.0,0.0,0.0,0.0,0.0,0.0,0.0,0.0,0.0,0.0,0.0,0.0,0.0,0.0,0.0
2025-08-10 21:00:00+00:00,471,7080,0.0,0.0,0.0,0.0,0.0,0.0,0.0,0.0,0.0,0.0,0.0,0.0,0.0,0.0,0.0,0.0,0.0,0.0,0.0,0.0,0.0
2025-08-10 21:15:00+00:00,472,7095,0.0,0.0,0.0,0.0,0.0,0.0,0.0,0.0,0.0,0.0,0.0,0.0,0.0,0.0,0.0,0.0,0.0,0.0,0.0,0.0,0.0
2025-08-10 21:30:00+00:00,473,7110,0.0,0.0,0.0,0.0,0.0,0.0,0.0,0.0,0.0,0.0,0.0,0.0,0.0,0.0,0.0,0.0,0.0,0.0,0.0,0.0,0.0
2025-08-10 21:45:00+00:00,474,7125,0.0,0.0,0.0,0.0,0.0,0.0,0.0,0.0,0.0,0.0,0.0,0.0,0.0,0.0,0.0,0.0,0.0,0.0,0.0,0.0,0.0
2025-08-10 22:00:00+00:00,475,7140,0.0,0.0,0.0,0.0,0.0,0.0,0.0,0.0,0.0,0.0,0.0,0.0,0.0,0.0,0.0,0.0,0.0,0.0,0.0,0.0,0.0
2025-08-10 22:15:00+00:00,476,7155,0.0,0.0,0.0,0.0,0.0,0.0,0.0,0.0,0.0,0.0,0.0,0.0,0.0,0.0,0.0,0.0,0.0,0.0,0.0,0.0,0.0
2025-08-10 22:30:00+00:00,477,7170,0.0,0.0,0.0,0.0,0.0,0.0,0.0,0.0,0.0,0.0,0.0,0.0,0.0,0.0,0.0,0.0,0.0,0.0,0.0,0.0,0.0
2025-08-10 22:45:00+00:00,478,7185,0.0,0.0,0.0,0.0,0.0,0.0,0.0,0.0,0.0,0.0,0.0,0.0,0.0,0.0,0.0,0.0,0.0,0.0,0.0,0.0,0.0
2025-08-10 23:00:00+00:00,479,7200,0.0,0.0,0.0,0.0,0.0,0.0,0.0,0.0,0.0,0.0,0.0,0.0,0.0,0.0,0.0,0.0,0.0,0.0,0.0,0.0,0.0
2025-08-10 23:15:00+00:00,480,7215,0.0,0.0,0.0,0.0,0.0,0.0,0.0,0.0,0.0,0.0,0.0,0.0,0.0,0.0,0.0,0.0,0.0,0.0,0.0,0.0,0.0
2025-08-10 23:30:00+00:00,481,7230,0.0,0.0,0.0,0.0,0.0,0.0,0.0,0.0,0.0,0.0,0.0,0.0,0.0,0.0,0.0,0.0,0.0,0.0,0.0,0.0,0.0
2025-08-10 23:45:00+00:00,482,7245,0.0,0.0,0.0,0.0,0.0,0.0,0.0,0.0,0.0,0.0,0.0,0.0,0.0,0.0,0.0,0.0,0.0,0.0,0.0,0.0,0.0
2025-08-11 00:00:00+00:00,483,7260,0.0,0.0,0.0,0.0,0.0,0.0,0.0,0.0,0.0,0.0,0.0,0.0,0.0,0.0,0.0,0.0,0.0,0.0,0.0,0.0,0.0
2025-08-11 00:15:00+00:00,484,7275,0.0,0.0,0.0,0.0,0.0,0.0,0.0,0.0,0.0,0.0,0.0,0.0,0.0,0.0,0.0,0.0,0.0,0.0,0.0,0.0,0.0
2025-08-11 00:30:00+00:00,485,7290,0.0,0.0,0.0,0.0,0.0,0.0,0.0,0.0,0.0,0.0,0.0,0.0,0.0,0.0,0.0,0.0,0.0,0.0,0.0,0.0,0.0
2025-08-11 00:45:00+00:00,486,7305,0.0,0.0,0.0,0.0,0.0,0.0,0.0,0.0,0.0,0.0,0.0,0.0,0.0,0.0,0.0,0.0,0.0,0.0,0.0,0.0,0.0
2025-08-11 01:00:00+00:00,487,7320,0.0,0.0,0.0,0.0,0.0,0.0,0.0,0.0,0.0,0.0,0.0,0.0,0.0,0.0,0.0,0.0,0.0,0.0,0.0,0.0,0.0
